ISO-10303-21;
HEADER;
FILE_DESCRIPTION(('Open CASCADE Model'),'2;1');
FILE_NAME('Open CASCADE Shape Model','2026-08-12T23:27:08',('Author'),(
    'Open CASCADE'),'Open CASCADE STEP processor 7.9','Open CASCADE 7.9'
  ,'Unknown');
FILE_SCHEMA(('AUTOMOTIVE_DESIGN { 1 0 10303 214 1 1 1 1 }'));
ENDSEC;
DATA;
#1 = APPLICATION_PROTOCOL_DEFINITION('international standard',
  'automotive_design',2000,#2);
#2 = APPLICATION_CONTEXT(
  'core data for automotive mechanical design processes');
#3 = SHAPE_DEFINITION_REPRESENTATION(#4,#10);
#4 = PRODUCT_DEFINITION_SHAPE('','',#5);
#5 = PRODUCT_DEFINITION('design','',#6,#9);
#6 = PRODUCT_DEFINITION_FORMATION('','',#7);
#7 = PRODUCT('Open CASCADE STEP translator 7.9 24',
  'Open CASCADE STEP translator 7.9 24','',(#8));
#8 = PRODUCT_CONTEXT('',#2,'mechanical');
#9 = PRODUCT_DEFINITION_CONTEXT('part definition',#2,'design');
#10 = ADVANCED_BREP_SHAPE_REPRESENTATION('',(#11,#15),#3724);
#11 = AXIS2_PLACEMENT_3D('',#12,#13,#14);
#12 = CARTESIAN_POINT('',(0.,0.,0.));
#13 = DIRECTION('',(0.,0.,1.));
#14 = DIRECTION('',(1.,0.,-0.));
#15 = MANIFOLD_SOLID_BREP('',#16);
#16 = CLOSED_SHELL('',(#17,#137,#213,#289,#566,#808,#835,#862,#889,#916,
    #943,#970,#997,#1024,#1031,#1803,#2166,#2338,#3030,#3057,#3222,#3662
    ,#3689,#3716));
#17 = ADVANCED_FACE('',(#18),#32,.F.);
#18 = FACE_BOUND('',#19,.F.);
#19 = EDGE_LOOP('',(#20,#55,#83,#111));
#20 = ORIENTED_EDGE('',*,*,#21,.T.);
#21 = EDGE_CURVE('',#22,#24,#26,.T.);
#22 = VERTEX_POINT('',#23);
#23 = CARTESIAN_POINT('',(9.797174393179E-16,16.,0.));
#24 = VERTEX_POINT('',#25);
#25 = CARTESIAN_POINT('',(9.797174393179E-16,16.,10.));
#26 = SURFACE_CURVE('',#27,(#31,#43),.PCURVE_S1.);
#27 = LINE('',#28,#29);
#28 = CARTESIAN_POINT('',(9.797174393179E-16,16.,0.));
#29 = VECTOR('',#30,1.);
#30 = DIRECTION('',(0.,0.,1.));
#31 = PCURVE('',#32,#37);
#32 = PLANE('',#33);
#33 = AXIS2_PLACEMENT_3D('',#34,#35,#36);
#34 = CARTESIAN_POINT('',(9.797174393179E-16,16.,0.));
#35 = DIRECTION('',(0.637733639251,-0.770256973593,0.));
#36 = DIRECTION('',(-0.770256973593,-0.637733639251,0.));
#37 = DEFINITIONAL_REPRESENTATION('',(#38),#42);
#38 = LINE('',#39,#40);
#39 = CARTESIAN_POINT('',(0.,0.));
#40 = VECTOR('',#41,1.);
#41 = DIRECTION('',(0.,-1.));
#42 = ( GEOMETRIC_REPRESENTATION_CONTEXT(2) 
PARAMETRIC_REPRESENTATION_CONTEXT() REPRESENTATION_CONTEXT('2D SPACE',''
  ) );
#43 = PCURVE('',#44,#49);
#44 = PLANE('',#45);
#45 = AXIS2_PLACEMENT_3D('',#46,#47,#48);
#46 = CARTESIAN_POINT('',(6.25,10.825317547305,0.));
#47 = DIRECTION('',(-0.637733639251,-0.770256973593,0.));
#48 = DIRECTION('',(-0.770256973593,0.637733639251,0.));
#49 = DEFINITIONAL_REPRESENTATION('',(#50),#54);
#50 = LINE('',#51,#52);
#51 = CARTESIAN_POINT('',(8.114175157477,0.));
#52 = VECTOR('',#53,1.);
#53 = DIRECTION('',(0.,-1.));
#54 = ( GEOMETRIC_REPRESENTATION_CONTEXT(2) 
PARAMETRIC_REPRESENTATION_CONTEXT() REPRESENTATION_CONTEXT('2D SPACE',''
  ) );
#55 = ORIENTED_EDGE('',*,*,#56,.T.);
#56 = EDGE_CURVE('',#24,#57,#59,.T.);
#57 = VERTEX_POINT('',#58);
#58 = CARTESIAN_POINT('',(-6.25,10.825317547305,10.));
#59 = SURFACE_CURVE('',#60,(#64,#71),.PCURVE_S1.);
#60 = LINE('',#61,#62);
#61 = CARTESIAN_POINT('',(9.797174393179E-16,16.,10.));
#62 = VECTOR('',#63,1.);
#63 = DIRECTION('',(-0.770256973593,-0.637733639251,0.));
#64 = PCURVE('',#32,#65);
#65 = DEFINITIONAL_REPRESENTATION('',(#66),#70);
#66 = LINE('',#67,#68);
#67 = CARTESIAN_POINT('',(0.,-10.));
#68 = VECTOR('',#69,1.);
#69 = DIRECTION('',(1.,0.));
#70 = ( GEOMETRIC_REPRESENTATION_CONTEXT(2) 
PARAMETRIC_REPRESENTATION_CONTEXT() REPRESENTATION_CONTEXT('2D SPACE',''
  ) );
#71 = PCURVE('',#72,#77);
#72 = PLANE('',#73);
#73 = AXIS2_PLACEMENT_3D('',#74,#75,#76);
#74 = CARTESIAN_POINT('',(-4.800229988073E-16,-4.378403978039E-16,10.));
#75 = DIRECTION('',(0.,0.,1.));
#76 = DIRECTION('',(1.,0.,-0.));
#77 = DEFINITIONAL_REPRESENTATION('',(#78),#82);
#78 = LINE('',#79,#80);
#79 = CARTESIAN_POINT('',(1.459740438125E-15,16.));
#80 = VECTOR('',#81,1.);
#81 = DIRECTION('',(-0.770256973593,-0.637733639251));
#82 = ( GEOMETRIC_REPRESENTATION_CONTEXT(2) 
PARAMETRIC_REPRESENTATION_CONTEXT() REPRESENTATION_CONTEXT('2D SPACE',''
  ) );
#83 = ORIENTED_EDGE('',*,*,#84,.F.);
#84 = EDGE_CURVE('',#85,#57,#87,.T.);
#85 = VERTEX_POINT('',#86);
#86 = CARTESIAN_POINT('',(-6.25,10.825317547305,0.));
#87 = SURFACE_CURVE('',#88,(#92,#99),.PCURVE_S1.);
#88 = LINE('',#89,#90);
#89 = CARTESIAN_POINT('',(-6.25,10.825317547305,0.));
#90 = VECTOR('',#91,1.);
#91 = DIRECTION('',(0.,0.,1.));
#92 = PCURVE('',#32,#93);
#93 = DEFINITIONAL_REPRESENTATION('',(#94),#98);
#94 = LINE('',#95,#96);
#95 = CARTESIAN_POINT('',(8.114175157477,0.));
#96 = VECTOR('',#97,1.);
#97 = DIRECTION('',(0.,-1.));
#98 = ( GEOMETRIC_REPRESENTATION_CONTEXT(2) 
PARAMETRIC_REPRESENTATION_CONTEXT() REPRESENTATION_CONTEXT('2D SPACE',''
  ) );
#99 = PCURVE('',#100,#105);
#100 = PLANE('',#101);
#101 = AXIS2_PLACEMENT_3D('',#102,#103,#104);
#102 = CARTESIAN_POINT('',(-6.25,10.825317547305,0.));
#103 = DIRECTION('',(0.348195286948,-0.937422019235,0.));
#104 = DIRECTION('',(-0.937422019235,-0.348195286948,0.));
#105 = DEFINITIONAL_REPRESENTATION('',(#106),#110);
#106 = LINE('',#107,#108);
#107 = CARTESIAN_POINT('',(0.,0.));
#108 = VECTOR('',#109,1.);
#109 = DIRECTION('',(0.,-1.));
#110 = ( GEOMETRIC_REPRESENTATION_CONTEXT(2) 
PARAMETRIC_REPRESENTATION_CONTEXT() REPRESENTATION_CONTEXT('2D SPACE',''
  ) );
#111 = ORIENTED_EDGE('',*,*,#112,.F.);
#112 = EDGE_CURVE('',#22,#85,#113,.T.);
#113 = SURFACE_CURVE('',#114,(#118,#125),.PCURVE_S1.);
#114 = LINE('',#115,#116);
#115 = CARTESIAN_POINT('',(9.797174393179E-16,16.,0.));
#116 = VECTOR('',#117,1.);
#117 = DIRECTION('',(-0.770256973593,-0.637733639251,0.));
#118 = PCURVE('',#32,#119);
#119 = DEFINITIONAL_REPRESENTATION('',(#120),#124);
#120 = LINE('',#121,#122);
#121 = CARTESIAN_POINT('',(0.,0.));
#122 = VECTOR('',#123,1.);
#123 = DIRECTION('',(1.,0.));
#124 = ( GEOMETRIC_REPRESENTATION_CONTEXT(2) 
PARAMETRIC_REPRESENTATION_CONTEXT() REPRESENTATION_CONTEXT('2D SPACE',''
  ) );
#125 = PCURVE('',#126,#131);
#126 = PLANE('',#127);
#127 = AXIS2_PLACEMENT_3D('',#128,#129,#130);
#128 = CARTESIAN_POINT('',(-4.800229988073E-16,-4.378403978039E-16,0.));
#129 = DIRECTION('',(0.,0.,1.));
#130 = DIRECTION('',(1.,0.,-0.));
#131 = DEFINITIONAL_REPRESENTATION('',(#132),#136);
#132 = LINE('',#133,#134);
#133 = CARTESIAN_POINT('',(1.459740438125E-15,16.));
#134 = VECTOR('',#135,1.);
#135 = DIRECTION('',(-0.770256973593,-0.637733639251));
#136 = ( GEOMETRIC_REPRESENTATION_CONTEXT(2) 
PARAMETRIC_REPRESENTATION_CONTEXT() REPRESENTATION_CONTEXT('2D SPACE',''
  ) );
#137 = ADVANCED_FACE('',(#138),#44,.F.);
#138 = FACE_BOUND('',#139,.F.);
#139 = EDGE_LOOP('',(#140,#170,#191,#192));
#140 = ORIENTED_EDGE('',*,*,#141,.T.);
#141 = EDGE_CURVE('',#142,#144,#146,.T.);
#142 = VERTEX_POINT('',#143);
#143 = CARTESIAN_POINT('',(6.25,10.825317547305,0.));
#144 = VERTEX_POINT('',#145);
#145 = CARTESIAN_POINT('',(6.25,10.825317547305,10.));
#146 = SURFACE_CURVE('',#147,(#151,#158),.PCURVE_S1.);
#147 = LINE('',#148,#149);
#148 = CARTESIAN_POINT('',(6.25,10.825317547305,0.));
#149 = VECTOR('',#150,1.);
#150 = DIRECTION('',(0.,0.,1.));
#151 = PCURVE('',#44,#152);
#152 = DEFINITIONAL_REPRESENTATION('',(#153),#157);
#153 = LINE('',#154,#155);
#154 = CARTESIAN_POINT('',(0.,0.));
#155 = VECTOR('',#156,1.);
#156 = DIRECTION('',(0.,-1.));
#157 = ( GEOMETRIC_REPRESENTATION_CONTEXT(2) 
PARAMETRIC_REPRESENTATION_CONTEXT() REPRESENTATION_CONTEXT('2D SPACE',''
  ) );
#158 = PCURVE('',#159,#164);
#159 = PLANE('',#160);
#160 = AXIS2_PLACEMENT_3D('',#161,#162,#163);
#161 = CARTESIAN_POINT('',(13.856406460551,8.,0.));
#162 = DIRECTION('',(-0.348195286948,-0.937422019235,0.));
#163 = DIRECTION('',(-0.937422019235,0.348195286948,0.));
#164 = DEFINITIONAL_REPRESENTATION('',(#165),#169);
#165 = LINE('',#166,#167);
#166 = CARTESIAN_POINT('',(8.114175157477,0.));
#167 = VECTOR('',#168,1.);
#168 = DIRECTION('',(0.,-1.));
#169 = ( GEOMETRIC_REPRESENTATION_CONTEXT(2) 
PARAMETRIC_REPRESENTATION_CONTEXT() REPRESENTATION_CONTEXT('2D SPACE',''
  ) );
#170 = ORIENTED_EDGE('',*,*,#171,.T.);
#171 = EDGE_CURVE('',#144,#24,#172,.T.);
#172 = SURFACE_CURVE('',#173,(#177,#184),.PCURVE_S1.);
#173 = LINE('',#174,#175);
#174 = CARTESIAN_POINT('',(6.25,10.825317547305,10.));
#175 = VECTOR('',#176,1.);
#176 = DIRECTION('',(-0.770256973593,0.637733639251,0.));
#177 = PCURVE('',#44,#178);
#178 = DEFINITIONAL_REPRESENTATION('',(#179),#183);
#179 = LINE('',#180,#181);
#180 = CARTESIAN_POINT('',(0.,-10.));
#181 = VECTOR('',#182,1.);
#182 = DIRECTION('',(1.,0.));
#183 = ( GEOMETRIC_REPRESENTATION_CONTEXT(2) 
PARAMETRIC_REPRESENTATION_CONTEXT() REPRESENTATION_CONTEXT('2D SPACE',''
  ) );
#184 = PCURVE('',#72,#185);
#185 = DEFINITIONAL_REPRESENTATION('',(#186),#190);
#186 = LINE('',#187,#188);
#187 = CARTESIAN_POINT('',(6.25,10.825317547305));
#188 = VECTOR('',#189,1.);
#189 = DIRECTION('',(-0.770256973593,0.637733639251));
#190 = ( GEOMETRIC_REPRESENTATION_CONTEXT(2) 
PARAMETRIC_REPRESENTATION_CONTEXT() REPRESENTATION_CONTEXT('2D SPACE',''
  ) );
#191 = ORIENTED_EDGE('',*,*,#21,.F.);
#192 = ORIENTED_EDGE('',*,*,#193,.F.);
#193 = EDGE_CURVE('',#142,#22,#194,.T.);
#194 = SURFACE_CURVE('',#195,(#199,#206),.PCURVE_S1.);
#195 = LINE('',#196,#197);
#196 = CARTESIAN_POINT('',(6.25,10.825317547305,0.));
#197 = VECTOR('',#198,1.);
#198 = DIRECTION('',(-0.770256973593,0.637733639251,0.));
#199 = PCURVE('',#44,#200);
#200 = DEFINITIONAL_REPRESENTATION('',(#201),#205);
#201 = LINE('',#202,#203);
#202 = CARTESIAN_POINT('',(0.,0.));
#203 = VECTOR('',#204,1.);
#204 = DIRECTION('',(1.,0.));
#205 = ( GEOMETRIC_REPRESENTATION_CONTEXT(2) 
PARAMETRIC_REPRESENTATION_CONTEXT() REPRESENTATION_CONTEXT('2D SPACE',''
  ) );
#206 = PCURVE('',#126,#207);
#207 = DEFINITIONAL_REPRESENTATION('',(#208),#212);
#208 = LINE('',#209,#210);
#209 = CARTESIAN_POINT('',(6.25,10.825317547305));
#210 = VECTOR('',#211,1.);
#211 = DIRECTION('',(-0.770256973593,0.637733639251));
#212 = ( GEOMETRIC_REPRESENTATION_CONTEXT(2) 
PARAMETRIC_REPRESENTATION_CONTEXT() REPRESENTATION_CONTEXT('2D SPACE',''
  ) );
#213 = ADVANCED_FACE('',(#214),#100,.F.);
#214 = FACE_BOUND('',#215,.F.);
#215 = EDGE_LOOP('',(#216,#217,#240,#268));
#216 = ORIENTED_EDGE('',*,*,#84,.T.);
#217 = ORIENTED_EDGE('',*,*,#218,.T.);
#218 = EDGE_CURVE('',#57,#219,#221,.T.);
#219 = VERTEX_POINT('',#220);
#220 = CARTESIAN_POINT('',(-13.85640646055,8.,10.));
#221 = SURFACE_CURVE('',#222,(#226,#233),.PCURVE_S1.);
#222 = LINE('',#223,#224);
#223 = CARTESIAN_POINT('',(-6.25,10.825317547305,10.));
#224 = VECTOR('',#225,1.);
#225 = DIRECTION('',(-0.937422019235,-0.348195286948,0.));
#226 = PCURVE('',#100,#227);
#227 = DEFINITIONAL_REPRESENTATION('',(#228),#232);
#228 = LINE('',#229,#230);
#229 = CARTESIAN_POINT('',(0.,-10.));
#230 = VECTOR('',#231,1.);
#231 = DIRECTION('',(1.,0.));
#232 = ( GEOMETRIC_REPRESENTATION_CONTEXT(2) 
PARAMETRIC_REPRESENTATION_CONTEXT() REPRESENTATION_CONTEXT('2D SPACE',''
  ) );
#233 = PCURVE('',#72,#234);
#234 = DEFINITIONAL_REPRESENTATION('',(#235),#239);
#235 = LINE('',#236,#237);
#236 = CARTESIAN_POINT('',(-6.25,10.825317547305));
#237 = VECTOR('',#238,1.);
#238 = DIRECTION('',(-0.937422019235,-0.348195286948));
#239 = ( GEOMETRIC_REPRESENTATION_CONTEXT(2) 
PARAMETRIC_REPRESENTATION_CONTEXT() REPRESENTATION_CONTEXT('2D SPACE',''
  ) );
#240 = ORIENTED_EDGE('',*,*,#241,.F.);
#241 = EDGE_CURVE('',#242,#219,#244,.T.);
#242 = VERTEX_POINT('',#243);
#243 = CARTESIAN_POINT('',(-13.85640646055,8.,0.));
#244 = SURFACE_CURVE('',#245,(#249,#256),.PCURVE_S1.);
#245 = LINE('',#246,#247);
#246 = CARTESIAN_POINT('',(-13.85640646055,8.,0.));
#247 = VECTOR('',#248,1.);
#248 = DIRECTION('',(0.,0.,1.));
#249 = PCURVE('',#100,#250);
#250 = DEFINITIONAL_REPRESENTATION('',(#251),#255);
#251 = LINE('',#252,#253);
#252 = CARTESIAN_POINT('',(8.114175157477,0.));
#253 = VECTOR('',#254,1.);
#254 = DIRECTION('',(0.,-1.));
#255 = ( GEOMETRIC_REPRESENTATION_CONTEXT(2) 
PARAMETRIC_REPRESENTATION_CONTEXT() REPRESENTATION_CONTEXT('2D SPACE',''
  ) );
#256 = PCURVE('',#257,#262);
#257 = PLANE('',#258);
#258 = AXIS2_PLACEMENT_3D('',#259,#260,#261);
#259 = CARTESIAN_POINT('',(-13.85640646055,8.,0.));
#260 = DIRECTION('',(0.985928926199,0.167165045643,-0.));
#261 = DIRECTION('',(0.167165045643,-0.985928926199,0.));
#262 = DEFINITIONAL_REPRESENTATION('',(#263),#267);
#263 = LINE('',#264,#265);
#264 = CARTESIAN_POINT('',(0.,0.));
#265 = VECTOR('',#266,1.);
#266 = DIRECTION('',(0.,-1.));
#267 = ( GEOMETRIC_REPRESENTATION_CONTEXT(2) 
PARAMETRIC_REPRESENTATION_CONTEXT() REPRESENTATION_CONTEXT('2D SPACE',''
  ) );
#268 = ORIENTED_EDGE('',*,*,#269,.F.);
#269 = EDGE_CURVE('',#85,#242,#270,.T.);
#270 = SURFACE_CURVE('',#271,(#275,#282),.PCURVE_S1.);
#271 = LINE('',#272,#273);
#272 = CARTESIAN_POINT('',(-6.25,10.825317547305,0.));
#273 = VECTOR('',#274,1.);
#274 = DIRECTION('',(-0.937422019235,-0.348195286948,0.));
#275 = PCURVE('',#100,#276);
#276 = DEFINITIONAL_REPRESENTATION('',(#277),#281);
#277 = LINE('',#278,#279);
#278 = CARTESIAN_POINT('',(0.,0.));
#279 = VECTOR('',#280,1.);
#280 = DIRECTION('',(1.,0.));
#281 = ( GEOMETRIC_REPRESENTATION_CONTEXT(2) 
PARAMETRIC_REPRESENTATION_CONTEXT() REPRESENTATION_CONTEXT('2D SPACE',''
  ) );
#282 = PCURVE('',#126,#283);
#283 = DEFINITIONAL_REPRESENTATION('',(#284),#288);
#284 = LINE('',#285,#286);
#285 = CARTESIAN_POINT('',(-6.25,10.825317547305));
#286 = VECTOR('',#287,1.);
#287 = DIRECTION('',(-0.937422019235,-0.348195286948));
#288 = ( GEOMETRIC_REPRESENTATION_CONTEXT(2) 
PARAMETRIC_REPRESENTATION_CONTEXT() REPRESENTATION_CONTEXT('2D SPACE',''
  ) );
#289 = ADVANCED_FACE('',(#290,#535),#126,.F.);
#290 = FACE_BOUND('',#291,.F.);
#291 = EDGE_LOOP('',(#292,#293,#294,#317,#345,#373,#401,#429,#457,#485,
    #513,#534));
#292 = ORIENTED_EDGE('',*,*,#112,.T.);
#293 = ORIENTED_EDGE('',*,*,#269,.T.);
#294 = ORIENTED_EDGE('',*,*,#295,.T.);
#295 = EDGE_CURVE('',#242,#296,#298,.T.);
#296 = VERTEX_POINT('',#297);
#297 = CARTESIAN_POINT('',(-12.5,1.530808498934E-15,0.));
#298 = SURFACE_CURVE('',#299,(#303,#310),.PCURVE_S1.);
#299 = LINE('',#300,#301);
#300 = CARTESIAN_POINT('',(-13.85640646055,8.,0.));
#301 = VECTOR('',#302,1.);
#302 = DIRECTION('',(0.167165045643,-0.985928926199,0.));
#303 = PCURVE('',#126,#304);
#304 = DEFINITIONAL_REPRESENTATION('',(#305),#309);
#305 = LINE('',#306,#307);
#306 = CARTESIAN_POINT('',(-13.85640646055,8.));
#307 = VECTOR('',#308,1.);
#308 = DIRECTION('',(0.167165045643,-0.985928926199));
#309 = ( GEOMETRIC_REPRESENTATION_CONTEXT(2) 
PARAMETRIC_REPRESENTATION_CONTEXT() REPRESENTATION_CONTEXT('2D SPACE',''
  ) );
#310 = PCURVE('',#257,#311);
#311 = DEFINITIONAL_REPRESENTATION('',(#312),#316);
#312 = LINE('',#313,#314);
#313 = CARTESIAN_POINT('',(0.,0.));
#314 = VECTOR('',#315,1.);
#315 = DIRECTION('',(1.,0.));
#316 = ( GEOMETRIC_REPRESENTATION_CONTEXT(2) 
PARAMETRIC_REPRESENTATION_CONTEXT() REPRESENTATION_CONTEXT('2D SPACE',''
  ) );
#317 = ORIENTED_EDGE('',*,*,#318,.T.);
#318 = EDGE_CURVE('',#296,#319,#321,.T.);
#319 = VERTEX_POINT('',#320);
#320 = CARTESIAN_POINT('',(-13.85640646055,-8.,0.));
#321 = SURFACE_CURVE('',#322,(#326,#333),.PCURVE_S1.);
#322 = LINE('',#323,#324);
#323 = CARTESIAN_POINT('',(-12.5,1.530808498934E-15,0.));
#324 = VECTOR('',#325,1.);
#325 = DIRECTION('',(-0.167165045643,-0.985928926199,0.));
#326 = PCURVE('',#126,#327);
#327 = DEFINITIONAL_REPRESENTATION('',(#328),#332);
#328 = LINE('',#329,#330);
#329 = CARTESIAN_POINT('',(-12.5,1.968648896738E-15));
#330 = VECTOR('',#331,1.);
#331 = DIRECTION('',(-0.167165045643,-0.985928926199));
#332 = ( GEOMETRIC_REPRESENTATION_CONTEXT(2) 
PARAMETRIC_REPRESENTATION_CONTEXT() REPRESENTATION_CONTEXT('2D SPACE',''
  ) );
#333 = PCURVE('',#334,#339);
#334 = PLANE('',#335);
#335 = AXIS2_PLACEMENT_3D('',#336,#337,#338);
#336 = CARTESIAN_POINT('',(-12.5,1.530808498934E-15,0.));
#337 = DIRECTION('',(0.985928926199,-0.167165045643,0.));
#338 = DIRECTION('',(-0.167165045643,-0.985928926199,0.));
#339 = DEFINITIONAL_REPRESENTATION('',(#340),#344);
#340 = LINE('',#341,#342);
#341 = CARTESIAN_POINT('',(0.,0.));
#342 = VECTOR('',#343,1.);
#343 = DIRECTION('',(1.,0.));
#344 = ( GEOMETRIC_REPRESENTATION_CONTEXT(2) 
PARAMETRIC_REPRESENTATION_CONTEXT() REPRESENTATION_CONTEXT('2D SPACE',''
  ) );
#345 = ORIENTED_EDGE('',*,*,#346,.T.);
#346 = EDGE_CURVE('',#319,#347,#349,.T.);
#347 = VERTEX_POINT('',#348);
#348 = CARTESIAN_POINT('',(-6.25,-10.8253175473,0.));
#349 = SURFACE_CURVE('',#350,(#354,#361),.PCURVE_S1.);
#350 = LINE('',#351,#352);
#351 = CARTESIAN_POINT('',(-13.85640646055,-8.,0.));
#352 = VECTOR('',#353,1.);
#353 = DIRECTION('',(0.937422019235,-0.348195286948,0.));
#354 = PCURVE('',#126,#355);
#355 = DEFINITIONAL_REPRESENTATION('',(#356),#360);
#356 = LINE('',#357,#358);
#357 = CARTESIAN_POINT('',(-13.85640646055,-8.));
#358 = VECTOR('',#359,1.);
#359 = DIRECTION('',(0.937422019235,-0.348195286948));
#360 = ( GEOMETRIC_REPRESENTATION_CONTEXT(2) 
PARAMETRIC_REPRESENTATION_CONTEXT() REPRESENTATION_CONTEXT('2D SPACE',''
  ) );
#361 = PCURVE('',#362,#367);
#362 = PLANE('',#363);
#363 = AXIS2_PLACEMENT_3D('',#364,#365,#366);
#364 = CARTESIAN_POINT('',(-13.85640646055,-8.,0.));
#365 = DIRECTION('',(0.348195286948,0.937422019235,-0.));
#366 = DIRECTION('',(0.937422019235,-0.348195286948,0.));
#367 = DEFINITIONAL_REPRESENTATION('',(#368),#372);
#368 = LINE('',#369,#370);
#369 = CARTESIAN_POINT('',(0.,0.));
#370 = VECTOR('',#371,1.);
#371 = DIRECTION('',(1.,0.));
#372 = ( GEOMETRIC_REPRESENTATION_CONTEXT(2) 
PARAMETRIC_REPRESENTATION_CONTEXT() REPRESENTATION_CONTEXT('2D SPACE',''
  ) );
#373 = ORIENTED_EDGE('',*,*,#374,.T.);
#374 = EDGE_CURVE('',#347,#375,#377,.T.);
#375 = VERTEX_POINT('',#376);
#376 = CARTESIAN_POINT('',(-2.939152317954E-15,-16.,0.));
#377 = SURFACE_CURVE('',#378,(#382,#389),.PCURVE_S1.);
#378 = LINE('',#379,#380);
#379 = CARTESIAN_POINT('',(-6.25,-10.8253175473,0.));
#380 = VECTOR('',#381,1.);
#381 = DIRECTION('',(0.770256973593,-0.637733639251,0.));
#382 = PCURVE('',#126,#383);
#383 = DEFINITIONAL_REPRESENTATION('',(#384),#388);
#384 = LINE('',#385,#386);
#385 = CARTESIAN_POINT('',(-6.25,-10.8253175473));
#386 = VECTOR('',#387,1.);
#387 = DIRECTION('',(0.770256973593,-0.637733639251));
#388 = ( GEOMETRIC_REPRESENTATION_CONTEXT(2) 
PARAMETRIC_REPRESENTATION_CONTEXT() REPRESENTATION_CONTEXT('2D SPACE',''
  ) );
#389 = PCURVE('',#390,#395);
#390 = PLANE('',#391);
#391 = AXIS2_PLACEMENT_3D('',#392,#393,#394);
#392 = CARTESIAN_POINT('',(-6.25,-10.8253175473,0.));
#393 = DIRECTION('',(0.637733639251,0.770256973593,-0.));
#394 = DIRECTION('',(0.770256973593,-0.637733639251,0.));
#395 = DEFINITIONAL_REPRESENTATION('',(#396),#400);
#396 = LINE('',#397,#398);
#397 = CARTESIAN_POINT('',(0.,0.));
#398 = VECTOR('',#399,1.);
#399 = DIRECTION('',(1.,0.));
#400 = ( GEOMETRIC_REPRESENTATION_CONTEXT(2) 
PARAMETRIC_REPRESENTATION_CONTEXT() REPRESENTATION_CONTEXT('2D SPACE',''
  ) );
#401 = ORIENTED_EDGE('',*,*,#402,.T.);
#402 = EDGE_CURVE('',#375,#403,#405,.T.);
#403 = VERTEX_POINT('',#404);
#404 = CARTESIAN_POINT('',(6.25,-10.8253175473,0.));
#405 = SURFACE_CURVE('',#406,(#410,#417),.PCURVE_S1.);
#406 = LINE('',#407,#408);
#407 = CARTESIAN_POINT('',(-2.939152317954E-15,-16.,0.));
#408 = VECTOR('',#409,1.);
#409 = DIRECTION('',(0.770256973593,0.637733639251,0.));
#410 = PCURVE('',#126,#411);
#411 = DEFINITIONAL_REPRESENTATION('',(#412),#416);
#412 = LINE('',#413,#414);
#413 = CARTESIAN_POINT('',(-2.459129319146E-15,-16.));
#414 = VECTOR('',#415,1.);
#415 = DIRECTION('',(0.770256973593,0.637733639251));
#416 = ( GEOMETRIC_REPRESENTATION_CONTEXT(2) 
PARAMETRIC_REPRESENTATION_CONTEXT() REPRESENTATION_CONTEXT('2D SPACE',''
  ) );
#417 = PCURVE('',#418,#423);
#418 = PLANE('',#419);
#419 = AXIS2_PLACEMENT_3D('',#420,#421,#422);
#420 = CARTESIAN_POINT('',(-2.939152317954E-15,-16.,0.));
#421 = DIRECTION('',(-0.637733639251,0.770256973593,0.));
#422 = DIRECTION('',(0.770256973593,0.637733639251,0.));
#423 = DEFINITIONAL_REPRESENTATION('',(#424),#428);
#424 = LINE('',#425,#426);
#425 = CARTESIAN_POINT('',(0.,0.));
#426 = VECTOR('',#427,1.);
#427 = DIRECTION('',(1.,0.));
#428 = ( GEOMETRIC_REPRESENTATION_CONTEXT(2) 
PARAMETRIC_REPRESENTATION_CONTEXT() REPRESENTATION_CONTEXT('2D SPACE',''
  ) );
#429 = ORIENTED_EDGE('',*,*,#430,.T.);
#430 = EDGE_CURVE('',#403,#431,#433,.T.);
#431 = VERTEX_POINT('',#432);
#432 = CARTESIAN_POINT('',(13.856406460551,-8.,0.));
#433 = SURFACE_CURVE('',#434,(#438,#445),.PCURVE_S1.);
#434 = LINE('',#435,#436);
#435 = CARTESIAN_POINT('',(6.25,-10.8253175473,0.));
#436 = VECTOR('',#437,1.);
#437 = DIRECTION('',(0.937422019235,0.348195286948,0.));
#438 = PCURVE('',#126,#439);
#439 = DEFINITIONAL_REPRESENTATION('',(#440),#444);
#440 = LINE('',#441,#442);
#441 = CARTESIAN_POINT('',(6.25,-10.8253175473));
#442 = VECTOR('',#443,1.);
#443 = DIRECTION('',(0.937422019235,0.348195286948));
#444 = ( GEOMETRIC_REPRESENTATION_CONTEXT(2) 
PARAMETRIC_REPRESENTATION_CONTEXT() REPRESENTATION_CONTEXT('2D SPACE',''
  ) );
#445 = PCURVE('',#446,#451);
#446 = PLANE('',#447);
#447 = AXIS2_PLACEMENT_3D('',#448,#449,#450);
#448 = CARTESIAN_POINT('',(6.25,-10.8253175473,0.));
#449 = DIRECTION('',(-0.348195286948,0.937422019235,0.));
#450 = DIRECTION('',(0.937422019235,0.348195286948,0.));
#451 = DEFINITIONAL_REPRESENTATION('',(#452),#456);
#452 = LINE('',#453,#454);
#453 = CARTESIAN_POINT('',(0.,0.));
#454 = VECTOR('',#455,1.);
#455 = DIRECTION('',(1.,0.));
#456 = ( GEOMETRIC_REPRESENTATION_CONTEXT(2) 
PARAMETRIC_REPRESENTATION_CONTEXT() REPRESENTATION_CONTEXT('2D SPACE',''
  ) );
#457 = ORIENTED_EDGE('',*,*,#458,.T.);
#458 = EDGE_CURVE('',#431,#459,#461,.T.);
#459 = VERTEX_POINT('',#460);
#460 = CARTESIAN_POINT('',(12.5,-3.061616997868E-15,0.));
#461 = SURFACE_CURVE('',#462,(#466,#473),.PCURVE_S1.);
#462 = LINE('',#463,#464);
#463 = CARTESIAN_POINT('',(13.856406460551,-8.,0.));
#464 = VECTOR('',#465,1.);
#465 = DIRECTION('',(-0.167165045643,0.985928926199,0.));
#466 = PCURVE('',#126,#467);
#467 = DEFINITIONAL_REPRESENTATION('',(#468),#472);
#468 = LINE('',#469,#470);
#469 = CARTESIAN_POINT('',(13.856406460551,-8.));
#470 = VECTOR('',#471,1.);
#471 = DIRECTION('',(-0.167165045643,0.985928926199));
#472 = ( GEOMETRIC_REPRESENTATION_CONTEXT(2) 
PARAMETRIC_REPRESENTATION_CONTEXT() REPRESENTATION_CONTEXT('2D SPACE',''
  ) );
#473 = PCURVE('',#474,#479);
#474 = PLANE('',#475);
#475 = AXIS2_PLACEMENT_3D('',#476,#477,#478);
#476 = CARTESIAN_POINT('',(13.856406460551,-8.,0.));
#477 = DIRECTION('',(-0.985928926199,-0.167165045643,0.));
#478 = DIRECTION('',(-0.167165045643,0.985928926199,0.));
#479 = DEFINITIONAL_REPRESENTATION('',(#480),#484);
#480 = LINE('',#481,#482);
#481 = CARTESIAN_POINT('',(0.,0.));
#482 = VECTOR('',#483,1.);
#483 = DIRECTION('',(1.,0.));
#484 = ( GEOMETRIC_REPRESENTATION_CONTEXT(2) 
PARAMETRIC_REPRESENTATION_CONTEXT() REPRESENTATION_CONTEXT('2D SPACE',''
  ) );
#485 = ORIENTED_EDGE('',*,*,#486,.T.);
#486 = EDGE_CURVE('',#459,#487,#489,.T.);
#487 = VERTEX_POINT('',#488);
#488 = CARTESIAN_POINT('',(13.856406460551,8.,0.));
#489 = SURFACE_CURVE('',#490,(#494,#501),.PCURVE_S1.);
#490 = LINE('',#491,#492);
#491 = CARTESIAN_POINT('',(12.5,-3.061616997868E-15,0.));
#492 = VECTOR('',#493,1.);
#493 = DIRECTION('',(0.167165045643,0.985928926199,0.));
#494 = PCURVE('',#126,#495);
#495 = DEFINITIONAL_REPRESENTATION('',(#496),#500);
#496 = LINE('',#497,#498);
#497 = CARTESIAN_POINT('',(12.5,-2.623776600064E-15));
#498 = VECTOR('',#499,1.);
#499 = DIRECTION('',(0.167165045643,0.985928926199));
#500 = ( GEOMETRIC_REPRESENTATION_CONTEXT(2) 
PARAMETRIC_REPRESENTATION_CONTEXT() REPRESENTATION_CONTEXT('2D SPACE',''
  ) );
#501 = PCURVE('',#502,#507);
#502 = PLANE('',#503);
#503 = AXIS2_PLACEMENT_3D('',#504,#505,#506);
#504 = CARTESIAN_POINT('',(12.5,-3.061616997868E-15,0.));
#505 = DIRECTION('',(-0.985928926199,0.167165045643,0.));
#506 = DIRECTION('',(0.167165045643,0.985928926199,0.));
#507 = DEFINITIONAL_REPRESENTATION('',(#508),#512);
#508 = LINE('',#509,#510);
#509 = CARTESIAN_POINT('',(0.,0.));
#510 = VECTOR('',#511,1.);
#511 = DIRECTION('',(1.,0.));
#512 = ( GEOMETRIC_REPRESENTATION_CONTEXT(2) 
PARAMETRIC_REPRESENTATION_CONTEXT() REPRESENTATION_CONTEXT('2D SPACE',''
  ) );
#513 = ORIENTED_EDGE('',*,*,#514,.T.);
#514 = EDGE_CURVE('',#487,#142,#515,.T.);
#515 = SURFACE_CURVE('',#516,(#520,#527),.PCURVE_S1.);
#516 = LINE('',#517,#518);
#517 = CARTESIAN_POINT('',(13.856406460551,8.,0.));
#518 = VECTOR('',#519,1.);
#519 = DIRECTION('',(-0.937422019235,0.348195286948,0.));
#520 = PCURVE('',#126,#521);
#521 = DEFINITIONAL_REPRESENTATION('',(#522),#526);
#522 = LINE('',#523,#524);
#523 = CARTESIAN_POINT('',(13.856406460551,8.));
#524 = VECTOR('',#525,1.);
#525 = DIRECTION('',(-0.937422019235,0.348195286948));
#526 = ( GEOMETRIC_REPRESENTATION_CONTEXT(2) 
PARAMETRIC_REPRESENTATION_CONTEXT() REPRESENTATION_CONTEXT('2D SPACE',''
  ) );
#527 = PCURVE('',#159,#528);
#528 = DEFINITIONAL_REPRESENTATION('',(#529),#533);
#529 = LINE('',#530,#531);
#530 = CARTESIAN_POINT('',(0.,0.));
#531 = VECTOR('',#532,1.);
#532 = DIRECTION('',(1.,0.));
#533 = ( GEOMETRIC_REPRESENTATION_CONTEXT(2) 
PARAMETRIC_REPRESENTATION_CONTEXT() REPRESENTATION_CONTEXT('2D SPACE',''
  ) );
#534 = ORIENTED_EDGE('',*,*,#193,.T.);
#535 = FACE_BOUND('',#536,.F.);
#536 = EDGE_LOOP('',(#537));
#537 = ORIENTED_EDGE('',*,*,#538,.F.);
#538 = EDGE_CURVE('',#539,#539,#541,.T.);
#539 = VERTEX_POINT('',#540);
#540 = CARTESIAN_POINT('',(6.521428571429,0.,4.916701966197E-17));
#541 = SURFACE_CURVE('',#542,(#547,#554),.PCURVE_S1.);
#542 = CIRCLE('',#543,6.521428571429);
#543 = AXIS2_PLACEMENT_3D('',#544,#545,#546);
#544 = CARTESIAN_POINT('',(0.,0.,0.));
#545 = DIRECTION('',(0.,0.,1.));
#546 = DIRECTION('',(1.,0.,-0.));
#547 = PCURVE('',#126,#548);
#548 = DEFINITIONAL_REPRESENTATION('',(#549),#553);
#549 = CIRCLE('',#550,6.521428571429);
#550 = AXIS2_PLACEMENT_2D('',#551,#552);
#551 = CARTESIAN_POINT('',(4.800229988073E-16,4.378403978039E-16));
#552 = DIRECTION('',(1.,0.));
#553 = ( GEOMETRIC_REPRESENTATION_CONTEXT(2) 
PARAMETRIC_REPRESENTATION_CONTEXT() REPRESENTATION_CONTEXT('2D SPACE',''
  ) );
#554 = PCURVE('',#555,#560);
#555 = CONICAL_SURFACE('',#556,6.7,0.728854726453);
#556 = AXIS2_PLACEMENT_3D('',#557,#558,#559);
#557 = CARTESIAN_POINT('',(0.,0.,-0.2));
#558 = DIRECTION('',(-0.,-0.,-1.));
#559 = DIRECTION('',(1.,0.,0.));
#560 = DEFINITIONAL_REPRESENTATION('',(#561),#565);
#561 = LINE('',#562,#563);
#562 = CARTESIAN_POINT('',(-0.,-0.2));
#563 = VECTOR('',#564,1.);
#564 = DIRECTION('',(-1.,-0.));
#565 = ( GEOMETRIC_REPRESENTATION_CONTEXT(2) 
PARAMETRIC_REPRESENTATION_CONTEXT() REPRESENTATION_CONTEXT('2D SPACE',''
  ) );
#566 = ADVANCED_FACE('',(#567,#777),#72,.T.);
#567 = FACE_BOUND('',#568,.T.);
#568 = EDGE_LOOP('',(#569,#570,#571,#594,#617,#640,#663,#686,#709,#732,
    #755,#776));
#569 = ORIENTED_EDGE('',*,*,#56,.T.);
#570 = ORIENTED_EDGE('',*,*,#218,.T.);
#571 = ORIENTED_EDGE('',*,*,#572,.T.);
#572 = EDGE_CURVE('',#219,#573,#575,.T.);
#573 = VERTEX_POINT('',#574);
#574 = CARTESIAN_POINT('',(-12.5,1.530808498934E-15,10.));
#575 = SURFACE_CURVE('',#576,(#580,#587),.PCURVE_S1.);
#576 = LINE('',#577,#578);
#577 = CARTESIAN_POINT('',(-13.85640646055,8.,10.));
#578 = VECTOR('',#579,1.);
#579 = DIRECTION('',(0.167165045643,-0.985928926199,0.));
#580 = PCURVE('',#72,#581);
#581 = DEFINITIONAL_REPRESENTATION('',(#582),#586);
#582 = LINE('',#583,#584);
#583 = CARTESIAN_POINT('',(-13.85640646055,8.));
#584 = VECTOR('',#585,1.);
#585 = DIRECTION('',(0.167165045643,-0.985928926199));
#586 = ( GEOMETRIC_REPRESENTATION_CONTEXT(2) 
PARAMETRIC_REPRESENTATION_CONTEXT() REPRESENTATION_CONTEXT('2D SPACE',''
  ) );
#587 = PCURVE('',#257,#588);
#588 = DEFINITIONAL_REPRESENTATION('',(#589),#593);
#589 = LINE('',#590,#591);
#590 = CARTESIAN_POINT('',(0.,-10.));
#591 = VECTOR('',#592,1.);
#592 = DIRECTION('',(1.,0.));
#593 = ( GEOMETRIC_REPRESENTATION_CONTEXT(2) 
PARAMETRIC_REPRESENTATION_CONTEXT() REPRESENTATION_CONTEXT('2D SPACE',''
  ) );
#594 = ORIENTED_EDGE('',*,*,#595,.T.);
#595 = EDGE_CURVE('',#573,#596,#598,.T.);
#596 = VERTEX_POINT('',#597);
#597 = CARTESIAN_POINT('',(-13.85640646055,-8.,10.));
#598 = SURFACE_CURVE('',#599,(#603,#610),.PCURVE_S1.);
#599 = LINE('',#600,#601);
#600 = CARTESIAN_POINT('',(-12.5,1.530808498934E-15,10.));
#601 = VECTOR('',#602,1.);
#602 = DIRECTION('',(-0.167165045643,-0.985928926199,0.));
#603 = PCURVE('',#72,#604);
#604 = DEFINITIONAL_REPRESENTATION('',(#605),#609);
#605 = LINE('',#606,#607);
#606 = CARTESIAN_POINT('',(-12.5,1.968648896738E-15));
#607 = VECTOR('',#608,1.);
#608 = DIRECTION('',(-0.167165045643,-0.985928926199));
#609 = ( GEOMETRIC_REPRESENTATION_CONTEXT(2) 
PARAMETRIC_REPRESENTATION_CONTEXT() REPRESENTATION_CONTEXT('2D SPACE',''
  ) );
#610 = PCURVE('',#334,#611);
#611 = DEFINITIONAL_REPRESENTATION('',(#612),#616);
#612 = LINE('',#613,#614);
#613 = CARTESIAN_POINT('',(0.,-10.));
#614 = VECTOR('',#615,1.);
#615 = DIRECTION('',(1.,0.));
#616 = ( GEOMETRIC_REPRESENTATION_CONTEXT(2) 
PARAMETRIC_REPRESENTATION_CONTEXT() REPRESENTATION_CONTEXT('2D SPACE',''
  ) );
#617 = ORIENTED_EDGE('',*,*,#618,.T.);
#618 = EDGE_CURVE('',#596,#619,#621,.T.);
#619 = VERTEX_POINT('',#620);
#620 = CARTESIAN_POINT('',(-6.25,-10.8253175473,10.));
#621 = SURFACE_CURVE('',#622,(#626,#633),.PCURVE_S1.);
#622 = LINE('',#623,#624);
#623 = CARTESIAN_POINT('',(-13.85640646055,-8.,10.));
#624 = VECTOR('',#625,1.);
#625 = DIRECTION('',(0.937422019235,-0.348195286948,0.));
#626 = PCURVE('',#72,#627);
#627 = DEFINITIONAL_REPRESENTATION('',(#628),#632);
#628 = LINE('',#629,#630);
#629 = CARTESIAN_POINT('',(-13.85640646055,-8.));
#630 = VECTOR('',#631,1.);
#631 = DIRECTION('',(0.937422019235,-0.348195286948));
#632 = ( GEOMETRIC_REPRESENTATION_CONTEXT(2) 
PARAMETRIC_REPRESENTATION_CONTEXT() REPRESENTATION_CONTEXT('2D SPACE',''
  ) );
#633 = PCURVE('',#362,#634);
#634 = DEFINITIONAL_REPRESENTATION('',(#635),#639);
#635 = LINE('',#636,#637);
#636 = CARTESIAN_POINT('',(0.,-10.));
#637 = VECTOR('',#638,1.);
#638 = DIRECTION('',(1.,0.));
#639 = ( GEOMETRIC_REPRESENTATION_CONTEXT(2) 
PARAMETRIC_REPRESENTATION_CONTEXT() REPRESENTATION_CONTEXT('2D SPACE',''
  ) );
#640 = ORIENTED_EDGE('',*,*,#641,.T.);
#641 = EDGE_CURVE('',#619,#642,#644,.T.);
#642 = VERTEX_POINT('',#643);
#643 = CARTESIAN_POINT('',(-2.939152317954E-15,-16.,10.));
#644 = SURFACE_CURVE('',#645,(#649,#656),.PCURVE_S1.);
#645 = LINE('',#646,#647);
#646 = CARTESIAN_POINT('',(-6.25,-10.8253175473,10.));
#647 = VECTOR('',#648,1.);
#648 = DIRECTION('',(0.770256973593,-0.637733639251,0.));
#649 = PCURVE('',#72,#650);
#650 = DEFINITIONAL_REPRESENTATION('',(#651),#655);
#651 = LINE('',#652,#653);
#652 = CARTESIAN_POINT('',(-6.25,-10.8253175473));
#653 = VECTOR('',#654,1.);
#654 = DIRECTION('',(0.770256973593,-0.637733639251));
#655 = ( GEOMETRIC_REPRESENTATION_CONTEXT(2) 
PARAMETRIC_REPRESENTATION_CONTEXT() REPRESENTATION_CONTEXT('2D SPACE',''
  ) );
#656 = PCURVE('',#390,#657);
#657 = DEFINITIONAL_REPRESENTATION('',(#658),#662);
#658 = LINE('',#659,#660);
#659 = CARTESIAN_POINT('',(0.,-10.));
#660 = VECTOR('',#661,1.);
#661 = DIRECTION('',(1.,0.));
#662 = ( GEOMETRIC_REPRESENTATION_CONTEXT(2) 
PARAMETRIC_REPRESENTATION_CONTEXT() REPRESENTATION_CONTEXT('2D SPACE',''
  ) );
#663 = ORIENTED_EDGE('',*,*,#664,.T.);
#664 = EDGE_CURVE('',#642,#665,#667,.T.);
#665 = VERTEX_POINT('',#666);
#666 = CARTESIAN_POINT('',(6.25,-10.8253175473,10.));
#667 = SURFACE_CURVE('',#668,(#672,#679),.PCURVE_S1.);
#668 = LINE('',#669,#670);
#669 = CARTESIAN_POINT('',(-2.939152317954E-15,-16.,10.));
#670 = VECTOR('',#671,1.);
#671 = DIRECTION('',(0.770256973593,0.637733639251,0.));
#672 = PCURVE('',#72,#673);
#673 = DEFINITIONAL_REPRESENTATION('',(#674),#678);
#674 = LINE('',#675,#676);
#675 = CARTESIAN_POINT('',(-2.459129319146E-15,-16.));
#676 = VECTOR('',#677,1.);
#677 = DIRECTION('',(0.770256973593,0.637733639251));
#678 = ( GEOMETRIC_REPRESENTATION_CONTEXT(2) 
PARAMETRIC_REPRESENTATION_CONTEXT() REPRESENTATION_CONTEXT('2D SPACE',''
  ) );
#679 = PCURVE('',#418,#680);
#680 = DEFINITIONAL_REPRESENTATION('',(#681),#685);
#681 = LINE('',#682,#683);
#682 = CARTESIAN_POINT('',(0.,-10.));
#683 = VECTOR('',#684,1.);
#684 = DIRECTION('',(1.,0.));
#685 = ( GEOMETRIC_REPRESENTATION_CONTEXT(2) 
PARAMETRIC_REPRESENTATION_CONTEXT() REPRESENTATION_CONTEXT('2D SPACE',''
  ) );
#686 = ORIENTED_EDGE('',*,*,#687,.T.);
#687 = EDGE_CURVE('',#665,#688,#690,.T.);
#688 = VERTEX_POINT('',#689);
#689 = CARTESIAN_POINT('',(13.856406460551,-8.,10.));
#690 = SURFACE_CURVE('',#691,(#695,#702),.PCURVE_S1.);
#691 = LINE('',#692,#693);
#692 = CARTESIAN_POINT('',(6.25,-10.8253175473,10.));
#693 = VECTOR('',#694,1.);
#694 = DIRECTION('',(0.937422019235,0.348195286948,0.));
#695 = PCURVE('',#72,#696);
#696 = DEFINITIONAL_REPRESENTATION('',(#697),#701);
#697 = LINE('',#698,#699);
#698 = CARTESIAN_POINT('',(6.25,-10.8253175473));
#699 = VECTOR('',#700,1.);
#700 = DIRECTION('',(0.937422019235,0.348195286948));
#701 = ( GEOMETRIC_REPRESENTATION_CONTEXT(2) 
PARAMETRIC_REPRESENTATION_CONTEXT() REPRESENTATION_CONTEXT('2D SPACE',''
  ) );
#702 = PCURVE('',#446,#703);
#703 = DEFINITIONAL_REPRESENTATION('',(#704),#708);
#704 = LINE('',#705,#706);
#705 = CARTESIAN_POINT('',(0.,-10.));
#706 = VECTOR('',#707,1.);
#707 = DIRECTION('',(1.,0.));
#708 = ( GEOMETRIC_REPRESENTATION_CONTEXT(2) 
PARAMETRIC_REPRESENTATION_CONTEXT() REPRESENTATION_CONTEXT('2D SPACE',''
  ) );
#709 = ORIENTED_EDGE('',*,*,#710,.T.);
#710 = EDGE_CURVE('',#688,#711,#713,.T.);
#711 = VERTEX_POINT('',#712);
#712 = CARTESIAN_POINT('',(12.5,-3.061616997868E-15,10.));
#713 = SURFACE_CURVE('',#714,(#718,#725),.PCURVE_S1.);
#714 = LINE('',#715,#716);
#715 = CARTESIAN_POINT('',(13.856406460551,-8.,10.));
#716 = VECTOR('',#717,1.);
#717 = DIRECTION('',(-0.167165045643,0.985928926199,0.));
#718 = PCURVE('',#72,#719);
#719 = DEFINITIONAL_REPRESENTATION('',(#720),#724);
#720 = LINE('',#721,#722);
#721 = CARTESIAN_POINT('',(13.856406460551,-8.));
#722 = VECTOR('',#723,1.);
#723 = DIRECTION('',(-0.167165045643,0.985928926199));
#724 = ( GEOMETRIC_REPRESENTATION_CONTEXT(2) 
PARAMETRIC_REPRESENTATION_CONTEXT() REPRESENTATION_CONTEXT('2D SPACE',''
  ) );
#725 = PCURVE('',#474,#726);
#726 = DEFINITIONAL_REPRESENTATION('',(#727),#731);
#727 = LINE('',#728,#729);
#728 = CARTESIAN_POINT('',(0.,-10.));
#729 = VECTOR('',#730,1.);
#730 = DIRECTION('',(1.,0.));
#731 = ( GEOMETRIC_REPRESENTATION_CONTEXT(2) 
PARAMETRIC_REPRESENTATION_CONTEXT() REPRESENTATION_CONTEXT('2D SPACE',''
  ) );
#732 = ORIENTED_EDGE('',*,*,#733,.T.);
#733 = EDGE_CURVE('',#711,#734,#736,.T.);
#734 = VERTEX_POINT('',#735);
#735 = CARTESIAN_POINT('',(13.856406460551,8.,10.));
#736 = SURFACE_CURVE('',#737,(#741,#748),.PCURVE_S1.);
#737 = LINE('',#738,#739);
#738 = CARTESIAN_POINT('',(12.5,-3.061616997868E-15,10.));
#739 = VECTOR('',#740,1.);
#740 = DIRECTION('',(0.167165045643,0.985928926199,0.));
#741 = PCURVE('',#72,#742);
#742 = DEFINITIONAL_REPRESENTATION('',(#743),#747);
#743 = LINE('',#744,#745);
#744 = CARTESIAN_POINT('',(12.5,-2.623776600064E-15));
#745 = VECTOR('',#746,1.);
#746 = DIRECTION('',(0.167165045643,0.985928926199));
#747 = ( GEOMETRIC_REPRESENTATION_CONTEXT(2) 
PARAMETRIC_REPRESENTATION_CONTEXT() REPRESENTATION_CONTEXT('2D SPACE',''
  ) );
#748 = PCURVE('',#502,#749);
#749 = DEFINITIONAL_REPRESENTATION('',(#750),#754);
#750 = LINE('',#751,#752);
#751 = CARTESIAN_POINT('',(0.,-10.));
#752 = VECTOR('',#753,1.);
#753 = DIRECTION('',(1.,0.));
#754 = ( GEOMETRIC_REPRESENTATION_CONTEXT(2) 
PARAMETRIC_REPRESENTATION_CONTEXT() REPRESENTATION_CONTEXT('2D SPACE',''
  ) );
#755 = ORIENTED_EDGE('',*,*,#756,.T.);
#756 = EDGE_CURVE('',#734,#144,#757,.T.);
#757 = SURFACE_CURVE('',#758,(#762,#769),.PCURVE_S1.);
#758 = LINE('',#759,#760);
#759 = CARTESIAN_POINT('',(13.856406460551,8.,10.));
#760 = VECTOR('',#761,1.);
#761 = DIRECTION('',(-0.937422019235,0.348195286948,0.));
#762 = PCURVE('',#72,#763);
#763 = DEFINITIONAL_REPRESENTATION('',(#764),#768);
#764 = LINE('',#765,#766);
#765 = CARTESIAN_POINT('',(13.856406460551,8.));
#766 = VECTOR('',#767,1.);
#767 = DIRECTION('',(-0.937422019235,0.348195286948));
#768 = ( GEOMETRIC_REPRESENTATION_CONTEXT(2) 
PARAMETRIC_REPRESENTATION_CONTEXT() REPRESENTATION_CONTEXT('2D SPACE',''
  ) );
#769 = PCURVE('',#159,#770);
#770 = DEFINITIONAL_REPRESENTATION('',(#771),#775);
#771 = LINE('',#772,#773);
#772 = CARTESIAN_POINT('',(0.,-10.));
#773 = VECTOR('',#774,1.);
#774 = DIRECTION('',(1.,0.));
#775 = ( GEOMETRIC_REPRESENTATION_CONTEXT(2) 
PARAMETRIC_REPRESENTATION_CONTEXT() REPRESENTATION_CONTEXT('2D SPACE',''
  ) );
#776 = ORIENTED_EDGE('',*,*,#171,.T.);
#777 = FACE_BOUND('',#778,.T.);
#778 = EDGE_LOOP('',(#779));
#779 = ORIENTED_EDGE('',*,*,#780,.F.);
#780 = EDGE_CURVE('',#781,#781,#783,.T.);
#781 = VERTEX_POINT('',#782);
#782 = CARTESIAN_POINT('',(6.54375,0.,10.));
#783 = SURFACE_CURVE('',#784,(#789,#796),.PCURVE_S1.);
#784 = CIRCLE('',#785,6.54375);
#785 = AXIS2_PLACEMENT_3D('',#786,#787,#788);
#786 = CARTESIAN_POINT('',(0.,0.,10.));
#787 = DIRECTION('',(0.,0.,1.));
#788 = DIRECTION('',(1.,0.,-0.));
#789 = PCURVE('',#72,#790);
#790 = DEFINITIONAL_REPRESENTATION('',(#791),#795);
#791 = CIRCLE('',#792,6.54375);
#792 = AXIS2_PLACEMENT_2D('',#793,#794);
#793 = CARTESIAN_POINT('',(4.800229988073E-16,4.378403978039E-16));
#794 = DIRECTION('',(1.,0.));
#795 = ( GEOMETRIC_REPRESENTATION_CONTEXT(2) 
PARAMETRIC_REPRESENTATION_CONTEXT() REPRESENTATION_CONTEXT('2D SPACE',''
  ) );
#796 = PCURVE('',#797,#802);
#797 = CONICAL_SURFACE('',#798,5.45,0.663202992706);
#798 = AXIS2_PLACEMENT_3D('',#799,#800,#801);
#799 = CARTESIAN_POINT('',(0.,0.,8.6));
#800 = DIRECTION('',(0.,0.,1.));
#801 = DIRECTION('',(1.,0.,0.));
#802 = DEFINITIONAL_REPRESENTATION('',(#803),#807);
#803 = LINE('',#804,#805);
#804 = CARTESIAN_POINT('',(0.,1.4));
#805 = VECTOR('',#806,1.);
#806 = DIRECTION('',(1.,0.));
#807 = ( GEOMETRIC_REPRESENTATION_CONTEXT(2) 
PARAMETRIC_REPRESENTATION_CONTEXT() REPRESENTATION_CONTEXT('2D SPACE',''
  ) );
#808 = ADVANCED_FACE('',(#809),#159,.F.);
#809 = FACE_BOUND('',#810,.F.);
#810 = EDGE_LOOP('',(#811,#832,#833,#834));
#811 = ORIENTED_EDGE('',*,*,#812,.T.);
#812 = EDGE_CURVE('',#487,#734,#813,.T.);
#813 = SURFACE_CURVE('',#814,(#818,#825),.PCURVE_S1.);
#814 = LINE('',#815,#816);
#815 = CARTESIAN_POINT('',(13.856406460551,8.,0.));
#816 = VECTOR('',#817,1.);
#817 = DIRECTION('',(0.,0.,1.));
#818 = PCURVE('',#159,#819);
#819 = DEFINITIONAL_REPRESENTATION('',(#820),#824);
#820 = LINE('',#821,#822);
#821 = CARTESIAN_POINT('',(0.,0.));
#822 = VECTOR('',#823,1.);
#823 = DIRECTION('',(0.,-1.));
#824 = ( GEOMETRIC_REPRESENTATION_CONTEXT(2) 
PARAMETRIC_REPRESENTATION_CONTEXT() REPRESENTATION_CONTEXT('2D SPACE',''
  ) );
#825 = PCURVE('',#502,#826);
#826 = DEFINITIONAL_REPRESENTATION('',(#827),#831);
#827 = LINE('',#828,#829);
#828 = CARTESIAN_POINT('',(8.114175157477,0.));
#829 = VECTOR('',#830,1.);
#830 = DIRECTION('',(0.,-1.));
#831 = ( GEOMETRIC_REPRESENTATION_CONTEXT(2) 
PARAMETRIC_REPRESENTATION_CONTEXT() REPRESENTATION_CONTEXT('2D SPACE',''
  ) );
#832 = ORIENTED_EDGE('',*,*,#756,.T.);
#833 = ORIENTED_EDGE('',*,*,#141,.F.);
#834 = ORIENTED_EDGE('',*,*,#514,.F.);
#835 = ADVANCED_FACE('',(#836),#257,.F.);
#836 = FACE_BOUND('',#837,.F.);
#837 = EDGE_LOOP('',(#838,#839,#840,#861));
#838 = ORIENTED_EDGE('',*,*,#241,.T.);
#839 = ORIENTED_EDGE('',*,*,#572,.T.);
#840 = ORIENTED_EDGE('',*,*,#841,.F.);
#841 = EDGE_CURVE('',#296,#573,#842,.T.);
#842 = SURFACE_CURVE('',#843,(#847,#854),.PCURVE_S1.);
#843 = LINE('',#844,#845);
#844 = CARTESIAN_POINT('',(-12.5,1.530808498934E-15,0.));
#845 = VECTOR('',#846,1.);
#846 = DIRECTION('',(0.,0.,1.));
#847 = PCURVE('',#257,#848);
#848 = DEFINITIONAL_REPRESENTATION('',(#849),#853);
#849 = LINE('',#850,#851);
#850 = CARTESIAN_POINT('',(8.114175157477,0.));
#851 = VECTOR('',#852,1.);
#852 = DIRECTION('',(0.,-1.));
#853 = ( GEOMETRIC_REPRESENTATION_CONTEXT(2) 
PARAMETRIC_REPRESENTATION_CONTEXT() REPRESENTATION_CONTEXT('2D SPACE',''
  ) );
#854 = PCURVE('',#334,#855);
#855 = DEFINITIONAL_REPRESENTATION('',(#856),#860);
#856 = LINE('',#857,#858);
#857 = CARTESIAN_POINT('',(0.,0.));
#858 = VECTOR('',#859,1.);
#859 = DIRECTION('',(0.,-1.));
#860 = ( GEOMETRIC_REPRESENTATION_CONTEXT(2) 
PARAMETRIC_REPRESENTATION_CONTEXT() REPRESENTATION_CONTEXT('2D SPACE',''
  ) );
#861 = ORIENTED_EDGE('',*,*,#295,.F.);
#862 = ADVANCED_FACE('',(#863),#502,.F.);
#863 = FACE_BOUND('',#864,.F.);
#864 = EDGE_LOOP('',(#865,#886,#887,#888));
#865 = ORIENTED_EDGE('',*,*,#866,.T.);
#866 = EDGE_CURVE('',#459,#711,#867,.T.);
#867 = SURFACE_CURVE('',#868,(#872,#879),.PCURVE_S1.);
#868 = LINE('',#869,#870);
#869 = CARTESIAN_POINT('',(12.5,-3.061616997868E-15,0.));
#870 = VECTOR('',#871,1.);
#871 = DIRECTION('',(0.,0.,1.));
#872 = PCURVE('',#502,#873);
#873 = DEFINITIONAL_REPRESENTATION('',(#874),#878);
#874 = LINE('',#875,#876);
#875 = CARTESIAN_POINT('',(0.,0.));
#876 = VECTOR('',#877,1.);
#877 = DIRECTION('',(0.,-1.));
#878 = ( GEOMETRIC_REPRESENTATION_CONTEXT(2) 
PARAMETRIC_REPRESENTATION_CONTEXT() REPRESENTATION_CONTEXT('2D SPACE',''
  ) );
#879 = PCURVE('',#474,#880);
#880 = DEFINITIONAL_REPRESENTATION('',(#881),#885);
#881 = LINE('',#882,#883);
#882 = CARTESIAN_POINT('',(8.114175157477,0.));
#883 = VECTOR('',#884,1.);
#884 = DIRECTION('',(0.,-1.));
#885 = ( GEOMETRIC_REPRESENTATION_CONTEXT(2) 
PARAMETRIC_REPRESENTATION_CONTEXT() REPRESENTATION_CONTEXT('2D SPACE',''
  ) );
#886 = ORIENTED_EDGE('',*,*,#733,.T.);
#887 = ORIENTED_EDGE('',*,*,#812,.F.);
#888 = ORIENTED_EDGE('',*,*,#486,.F.);
#889 = ADVANCED_FACE('',(#890),#334,.F.);
#890 = FACE_BOUND('',#891,.F.);
#891 = EDGE_LOOP('',(#892,#893,#894,#915));
#892 = ORIENTED_EDGE('',*,*,#841,.T.);
#893 = ORIENTED_EDGE('',*,*,#595,.T.);
#894 = ORIENTED_EDGE('',*,*,#895,.F.);
#895 = EDGE_CURVE('',#319,#596,#896,.T.);
#896 = SURFACE_CURVE('',#897,(#901,#908),.PCURVE_S1.);
#897 = LINE('',#898,#899);
#898 = CARTESIAN_POINT('',(-13.85640646055,-8.,0.));
#899 = VECTOR('',#900,1.);
#900 = DIRECTION('',(0.,0.,1.));
#901 = PCURVE('',#334,#902);
#902 = DEFINITIONAL_REPRESENTATION('',(#903),#907);
#903 = LINE('',#904,#905);
#904 = CARTESIAN_POINT('',(8.114175157477,0.));
#905 = VECTOR('',#906,1.);
#906 = DIRECTION('',(0.,-1.));
#907 = ( GEOMETRIC_REPRESENTATION_CONTEXT(2) 
PARAMETRIC_REPRESENTATION_CONTEXT() REPRESENTATION_CONTEXT('2D SPACE',''
  ) );
#908 = PCURVE('',#362,#909);
#909 = DEFINITIONAL_REPRESENTATION('',(#910),#914);
#910 = LINE('',#911,#912);
#911 = CARTESIAN_POINT('',(0.,0.));
#912 = VECTOR('',#913,1.);
#913 = DIRECTION('',(0.,-1.));
#914 = ( GEOMETRIC_REPRESENTATION_CONTEXT(2) 
PARAMETRIC_REPRESENTATION_CONTEXT() REPRESENTATION_CONTEXT('2D SPACE',''
  ) );
#915 = ORIENTED_EDGE('',*,*,#318,.F.);
#916 = ADVANCED_FACE('',(#917),#474,.F.);
#917 = FACE_BOUND('',#918,.F.);
#918 = EDGE_LOOP('',(#919,#940,#941,#942));
#919 = ORIENTED_EDGE('',*,*,#920,.T.);
#920 = EDGE_CURVE('',#431,#688,#921,.T.);
#921 = SURFACE_CURVE('',#922,(#926,#933),.PCURVE_S1.);
#922 = LINE('',#923,#924);
#923 = CARTESIAN_POINT('',(13.856406460551,-8.,0.));
#924 = VECTOR('',#925,1.);
#925 = DIRECTION('',(0.,0.,1.));
#926 = PCURVE('',#474,#927);
#927 = DEFINITIONAL_REPRESENTATION('',(#928),#932);
#928 = LINE('',#929,#930);
#929 = CARTESIAN_POINT('',(0.,0.));
#930 = VECTOR('',#931,1.);
#931 = DIRECTION('',(0.,-1.));
#932 = ( GEOMETRIC_REPRESENTATION_CONTEXT(2) 
PARAMETRIC_REPRESENTATION_CONTEXT() REPRESENTATION_CONTEXT('2D SPACE',''
  ) );
#933 = PCURVE('',#446,#934);
#934 = DEFINITIONAL_REPRESENTATION('',(#935),#939);
#935 = LINE('',#936,#937);
#936 = CARTESIAN_POINT('',(8.114175157477,0.));
#937 = VECTOR('',#938,1.);
#938 = DIRECTION('',(0.,-1.));
#939 = ( GEOMETRIC_REPRESENTATION_CONTEXT(2) 
PARAMETRIC_REPRESENTATION_CONTEXT() REPRESENTATION_CONTEXT('2D SPACE',''
  ) );
#940 = ORIENTED_EDGE('',*,*,#710,.T.);
#941 = ORIENTED_EDGE('',*,*,#866,.F.);
#942 = ORIENTED_EDGE('',*,*,#458,.F.);
#943 = ADVANCED_FACE('',(#944),#362,.F.);
#944 = FACE_BOUND('',#945,.F.);
#945 = EDGE_LOOP('',(#946,#947,#948,#969));
#946 = ORIENTED_EDGE('',*,*,#895,.T.);
#947 = ORIENTED_EDGE('',*,*,#618,.T.);
#948 = ORIENTED_EDGE('',*,*,#949,.F.);
#949 = EDGE_CURVE('',#347,#619,#950,.T.);
#950 = SURFACE_CURVE('',#951,(#955,#962),.PCURVE_S1.);
#951 = LINE('',#952,#953);
#952 = CARTESIAN_POINT('',(-6.25,-10.8253175473,0.));
#953 = VECTOR('',#954,1.);
#954 = DIRECTION('',(0.,0.,1.));
#955 = PCURVE('',#362,#956);
#956 = DEFINITIONAL_REPRESENTATION('',(#957),#961);
#957 = LINE('',#958,#959);
#958 = CARTESIAN_POINT('',(8.114175157477,0.));
#959 = VECTOR('',#960,1.);
#960 = DIRECTION('',(0.,-1.));
#961 = ( GEOMETRIC_REPRESENTATION_CONTEXT(2) 
PARAMETRIC_REPRESENTATION_CONTEXT() REPRESENTATION_CONTEXT('2D SPACE',''
  ) );
#962 = PCURVE('',#390,#963);
#963 = DEFINITIONAL_REPRESENTATION('',(#964),#968);
#964 = LINE('',#965,#966);
#965 = CARTESIAN_POINT('',(0.,0.));
#966 = VECTOR('',#967,1.);
#967 = DIRECTION('',(0.,-1.));
#968 = ( GEOMETRIC_REPRESENTATION_CONTEXT(2) 
PARAMETRIC_REPRESENTATION_CONTEXT() REPRESENTATION_CONTEXT('2D SPACE',''
  ) );
#969 = ORIENTED_EDGE('',*,*,#346,.F.);
#970 = ADVANCED_FACE('',(#971),#446,.F.);
#971 = FACE_BOUND('',#972,.F.);
#972 = EDGE_LOOP('',(#973,#994,#995,#996));
#973 = ORIENTED_EDGE('',*,*,#974,.T.);
#974 = EDGE_CURVE('',#403,#665,#975,.T.);
#975 = SURFACE_CURVE('',#976,(#980,#987),.PCURVE_S1.);
#976 = LINE('',#977,#978);
#977 = CARTESIAN_POINT('',(6.25,-10.8253175473,0.));
#978 = VECTOR('',#979,1.);
#979 = DIRECTION('',(0.,0.,1.));
#980 = PCURVE('',#446,#981);
#981 = DEFINITIONAL_REPRESENTATION('',(#982),#986);
#982 = LINE('',#983,#984);
#983 = CARTESIAN_POINT('',(0.,0.));
#984 = VECTOR('',#985,1.);
#985 = DIRECTION('',(0.,-1.));
#986 = ( GEOMETRIC_REPRESENTATION_CONTEXT(2) 
PARAMETRIC_REPRESENTATION_CONTEXT() REPRESENTATION_CONTEXT('2D SPACE',''
  ) );
#987 = PCURVE('',#418,#988);
#988 = DEFINITIONAL_REPRESENTATION('',(#989),#993);
#989 = LINE('',#990,#991);
#990 = CARTESIAN_POINT('',(8.114175157477,0.));
#991 = VECTOR('',#992,1.);
#992 = DIRECTION('',(0.,-1.));
#993 = ( GEOMETRIC_REPRESENTATION_CONTEXT(2) 
PARAMETRIC_REPRESENTATION_CONTEXT() REPRESENTATION_CONTEXT('2D SPACE',''
  ) );
#994 = ORIENTED_EDGE('',*,*,#687,.T.);
#995 = ORIENTED_EDGE('',*,*,#920,.F.);
#996 = ORIENTED_EDGE('',*,*,#430,.F.);
#997 = ADVANCED_FACE('',(#998),#390,.F.);
#998 = FACE_BOUND('',#999,.F.);
#999 = EDGE_LOOP('',(#1000,#1001,#1002,#1023));
#1000 = ORIENTED_EDGE('',*,*,#949,.T.);
#1001 = ORIENTED_EDGE('',*,*,#641,.T.);
#1002 = ORIENTED_EDGE('',*,*,#1003,.F.);
#1003 = EDGE_CURVE('',#375,#642,#1004,.T.);
#1004 = SURFACE_CURVE('',#1005,(#1009,#1016),.PCURVE_S1.);
#1005 = LINE('',#1006,#1007);
#1006 = CARTESIAN_POINT('',(-2.939152317954E-15,-16.,0.));
#1007 = VECTOR('',#1008,1.);
#1008 = DIRECTION('',(0.,0.,1.));
#1009 = PCURVE('',#390,#1010);
#1010 = DEFINITIONAL_REPRESENTATION('',(#1011),#1015);
#1011 = LINE('',#1012,#1013);
#1012 = CARTESIAN_POINT('',(8.114175157477,0.));
#1013 = VECTOR('',#1014,1.);
#1014 = DIRECTION('',(0.,-1.));
#1015 = ( GEOMETRIC_REPRESENTATION_CONTEXT(2) 
PARAMETRIC_REPRESENTATION_CONTEXT() REPRESENTATION_CONTEXT('2D SPACE',''
  ) );
#1016 = PCURVE('',#418,#1017);
#1017 = DEFINITIONAL_REPRESENTATION('',(#1018),#1022);
#1018 = LINE('',#1019,#1020);
#1019 = CARTESIAN_POINT('',(0.,0.));
#1020 = VECTOR('',#1021,1.);
#1021 = DIRECTION('',(0.,-1.));
#1022 = ( GEOMETRIC_REPRESENTATION_CONTEXT(2) 
PARAMETRIC_REPRESENTATION_CONTEXT() REPRESENTATION_CONTEXT('2D SPACE',''
  ) );
#1023 = ORIENTED_EDGE('',*,*,#374,.F.);
#1024 = ADVANCED_FACE('',(#1025),#418,.F.);
#1025 = FACE_BOUND('',#1026,.F.);
#1026 = EDGE_LOOP('',(#1027,#1028,#1029,#1030));
#1027 = ORIENTED_EDGE('',*,*,#1003,.T.);
#1028 = ORIENTED_EDGE('',*,*,#664,.T.);
#1029 = ORIENTED_EDGE('',*,*,#974,.F.);
#1030 = ORIENTED_EDGE('',*,*,#402,.F.);
#1031 = ADVANCED_FACE('',(#1032),#555,.F.);
#1032 = FACE_BOUND('',#1033,.F.);
#1033 = EDGE_LOOP('',(#1034,#1035,#1055,#1217,#1382,#1407,#1436,#1709,
    #1802));
#1034 = ORIENTED_EDGE('',*,*,#538,.T.);
#1035 = ORIENTED_EDGE('',*,*,#1036,.T.);
#1036 = EDGE_CURVE('',#539,#1037,#1039,.T.);
#1037 = VERTEX_POINT('',#1038);
#1038 = CARTESIAN_POINT('',(6.349991996684,0.,0.192008963713));
#1039 = SEAM_CURVE('',#1040,(#1043,#1049),.PCURVE_S1.);
#1040 = B_SPLINE_CURVE_WITH_KNOTS('',1,(#1041,#1042),.UNSPECIFIED.,.F.,
  .F.,(2,2),(0.,1.),.PIECEWISE_BEZIER_KNOTS.);
#1041 = CARTESIAN_POINT('',(6.7,0.,-0.2));
#1042 = CARTESIAN_POINT('',(5.45,0.,1.2));
#1043 = PCURVE('',#555,#1044);
#1044 = DEFINITIONAL_REPRESENTATION('',(#1045),#1048);
#1045 = B_SPLINE_CURVE_WITH_KNOTS('',1,(#1046,#1047),.UNSPECIFIED.,.F.,
  .F.,(2,2),(0.,1.),.PIECEWISE_BEZIER_KNOTS.);
#1046 = CARTESIAN_POINT('',(-6.28318530718,0.));
#1047 = CARTESIAN_POINT('',(-6.28318530718,-1.4));
#1048 = ( GEOMETRIC_REPRESENTATION_CONTEXT(2) 
PARAMETRIC_REPRESENTATION_CONTEXT() REPRESENTATION_CONTEXT('2D SPACE',''
  ) );
#1049 = PCURVE('',#555,#1050);
#1050 = DEFINITIONAL_REPRESENTATION('',(#1051),#1054);
#1051 = B_SPLINE_CURVE_WITH_KNOTS('',1,(#1052,#1053),.UNSPECIFIED.,.F.,
  .F.,(2,2),(0.,1.),.PIECEWISE_BEZIER_KNOTS.);
#1052 = CARTESIAN_POINT('',(0.,0.));
#1053 = CARTESIAN_POINT('',(0.,-1.4));
#1054 = ( GEOMETRIC_REPRESENTATION_CONTEXT(2) 
PARAMETRIC_REPRESENTATION_CONTEXT() REPRESENTATION_CONTEXT('2D SPACE',''
  ) );
#1055 = ORIENTED_EDGE('',*,*,#1056,.F.);
#1056 = EDGE_CURVE('',#1057,#1037,#1059,.T.);
#1057 = VERTEX_POINT('',#1058);
#1058 = CARTESIAN_POINT('',(6.188254862279,-1.424061079436,
    0.192004568324));
#1059 = SURFACE_CURVE('',#1060,(#1066,#1075),.PCURVE_S1.);
#1060 = B_SPLINE_CURVE_WITH_KNOTS('',4,(#1061,#1062,#1063,#1064,#1065),
  .UNSPECIFIED.,.F.,.F.,(5,5),(0.,1.),.PIECEWISE_BEZIER_KNOTS.);
#1061 = CARTESIAN_POINT('',(6.188254862279,-1.424061079436,
    0.192004568324));
#1062 = CARTESIAN_POINT('',(6.268778443749,-1.074138131913,
    0.192006544783));
#1063 = CARTESIAN_POINT('',(6.32292053704,-0.718140421391,0.192008159274
    ));
#1064 = CARTESIAN_POINT('',(6.349991988259,-0.359068262439,0.19200897315
    ));
#1065 = CARTESIAN_POINT('',(6.349991996684,-6.661338147751E-16,
    0.192008963713));
#1066 = PCURVE('',#555,#1067);
#1067 = DEFINITIONAL_REPRESENTATION('',(#1068),#1074);
#1068 = B_SPLINE_CURVE_WITH_KNOTS('',4,(#1069,#1070,#1071,#1072,#1073),
  .UNSPECIFIED.,.F.,.F.,(5,5),(0.,1.),.PIECEWISE_BEZIER_KNOTS.);
#1069 = CARTESIAN_POINT('',(-6.05699990172,-0.392004568324));
#1070 = CARTESIAN_POINT('',(-6.113546142874,-0.392006544783));
#1071 = CARTESIAN_POINT('',(-6.170092594642,-0.392008159274));
#1072 = CARTESIAN_POINT('',(-6.226639052849,-0.39200897315));
#1073 = CARTESIAN_POINT('',(-6.28318530718,-0.392008963713));
#1074 = ( GEOMETRIC_REPRESENTATION_CONTEXT(2) 
PARAMETRIC_REPRESENTATION_CONTEXT() REPRESENTATION_CONTEXT('2D SPACE',''
  ) );
#1075 = PCURVE('',#1076,#1209);
#1076 = B_SPLINE_SURFACE_WITH_KNOTS('',1,9,(
    (#1077,#1078,#1079,#1080,#1081,#1082,#1083,#1084,#1085,#1086,#1087
      ,#1088,#1089,#1090,#1091,#1092,#1093,#1094,#1095,#1096,#1097,#1098
      ,#1099,#1100,#1101,#1102,#1103,#1104,#1105,#1106,#1107,#1108,#1109
      ,#1110,#1111,#1112,#1113,#1114,#1115,#1116,#1117,#1118,#1119,#1120
      ,#1121,#1122,#1123,#1124,#1125,#1126,#1127,#1128,#1129,#1130,#1131
      ,#1132,#1133,#1134,#1135,#1136,#1137,#1138,#1139,#1140,#1141,#1142
      )
    ,(#1143,#1144,#1145,#1146,#1147,#1148,#1149,#1150,#1151,#1152,#1153
      ,#1154,#1155,#1156,#1157,#1158,#1159,#1160,#1161,#1162,#1163,#1164
      ,#1165,#1166,#1167,#1168,#1169,#1170,#1171,#1172,#1173,#1174,#1175
      ,#1176,#1177,#1178,#1179,#1180,#1181,#1182,#1183,#1184,#1185,#1186
      ,#1187,#1188,#1189,#1190,#1191,#1192,#1193,#1194,#1195,#1196,#1197
      ,#1198,#1199,#1200,#1201,#1202,#1203,#1204,#1205,#1206,#1207,#1208
      )),.UNSPECIFIED.,.F.,.F.,.F.,(2,2),(10,8,8,8,8,8,8,8,10),(0.,0.6),
  (0.,4.641762960311,9.283525920622,13.925288880933,18.567051841244,
    23.208814801555,27.850577761866,32.492340722176,37.134103682487),
  .UNSPECIFIED.);
#1077 = CARTESIAN_POINT('',(6.35,0.,-3.3));
#1078 = CARTESIAN_POINT('',(6.350000889041,2.955423786908,
    -3.077776469941));
#1079 = CARTESIAN_POINT('',(4.802394168882,5.911211825834,
    -2.855559595821));
#1080 = CARTESIAN_POINT('',(1.70835664653,7.938231900048,-2.633324157278
    ));
#1081 = CARTESIAN_POINT('',(-2.289930214959,8.123890830024,
    -2.411123977785));
#1082 = CARTESIAN_POINT('',(-5.890529047775,6.045075600905,
    -2.18887584682));
#1083 = CARTESIAN_POINT('',(-7.728887273771,2.489642662595,
    -1.966675293255));
#1084 = CARTESIAN_POINT('',(-7.520458486319,-1.203393359984,
    -1.744440432147));
#1085 = CARTESIAN_POINT('',(-5.734471845319,-4.021548940851,
    -1.522223001127));
#1086 = CARTESIAN_POINT('',(-0.61552826518,-6.976973838882,
    -1.077776722436));
#1087 = CARTESIAN_POINT('',(2.718062379997,-7.114601459651,
    -0.85555923586));
#1088 = CARTESIAN_POINT('',(6.020532326773,-5.448595980269,
    -0.633324566223));
#1089 = CARTESIAN_POINT('',(8.18046079526,-2.078807879924,
    -0.411123606047));
#1090 = CARTESIAN_POINT('',(8.180453668893,2.078810143283,
    -0.188876114069));
#1091 = CARTESIAN_POINT('',(6.020537370397,5.44859131028,
    3.332485345283E-02));
#1092 = CARTESIAN_POINT('',(2.718060045093,7.114604808033,0.255559511749
    ));
#1093 = CARTESIAN_POINT('',(-0.615527626833,6.976972760057,
    0.477777009264));
#1094 = CARTESIAN_POINT('',(-5.734472451439,4.021550036556,
    0.922223272603));
#1095 = CARTESIAN_POINT('',(-7.520456794683,1.203389655799,
    1.144440771211));
#1096 = CARTESIAN_POINT('',(-7.728888694052,-2.48963594475,
    1.366675425743));
#1097 = CARTESIAN_POINT('',(-5.890530834143,-6.045082927401,
    1.588876401257));
#1098 = CARTESIAN_POINT('',(-2.289924438628,-8.123885760505,
    1.81112388068));
#1099 = CARTESIAN_POINT('',(1.708349803196,-7.938233963918,
    2.033324856336));
#1100 = CARTESIAN_POINT('',(4.802398479536,-5.911211451474,
    2.255559510647));
#1101 = CARTESIAN_POINT('',(6.349999465057,-2.955423818572,
    2.477777009468));
#1102 = CARTESIAN_POINT('',(6.350000720006,2.955423802023,2.922223272506
    ));
#1103 = CARTESIAN_POINT('',(4.802394409859,5.911211804285,3.14444077135)
  );
#1104 = CARTESIAN_POINT('',(1.70835637276,7.938231924527,3.366675425586)
  );
#1105 = CARTESIAN_POINT('',(-2.289929966097,8.123890807773,
    3.588876401399));
#1106 = CARTESIAN_POINT('',(-5.890529226688,6.045075616899,
    3.811123880578));
#1107 = CARTESIAN_POINT('',(-7.728887175555,2.489642653816,
    4.033324856391));
#1108 = CARTESIAN_POINT('',(-7.520458523879,-1.203393356627,
    4.255559510626));
#1109 = CARTESIAN_POINT('',(-5.734471838362,-4.021548941473,
    4.477777009472));
#1110 = CARTESIAN_POINT('',(-0.615528268501,-6.976973838586,
    4.922223272505));
#1111 = CARTESIAN_POINT('',(2.718062384732,-7.114601460074,
    5.144440771351));
#1112 = CARTESIAN_POINT('',(6.020532321393,-5.44859597979,5.366675425586
    ));
#1113 = CARTESIAN_POINT('',(8.180460800152,-2.078807880361,
    5.588876401397));
#1114 = CARTESIAN_POINT('',(8.180453665375,2.078810143599,5.811123880581
    ));
#1115 = CARTESIAN_POINT('',(6.02053737233,5.448591310104,6.033324856387)
  );
#1116 = CARTESIAN_POINT('',(2.718060044353,7.114604808103,6.255559510629
    ));
#1117 = CARTESIAN_POINT('',(-0.615527626696,6.976972760042,6.47777700947
    ));
#1118 = CARTESIAN_POINT('',(-5.734472451505,4.021550036566,
    6.922223272509));
#1119 = CARTESIAN_POINT('',(-7.520456794586,1.20338965577,7.144440771327
    ));
#1120 = CARTESIAN_POINT('',(-7.728888694165,-2.489635944692,
    7.366675425646));
#1121 = CARTESIAN_POINT('',(-5.890530834034,-6.045082927491,
    7.58887640129));
#1122 = CARTESIAN_POINT('',(-2.289924438717,-8.123885760394,
    7.81112388073));
#1123 = CARTESIAN_POINT('',(1.708349803261,-7.93823396403,8.033324856225
    ));
#1124 = CARTESIAN_POINT('',(4.802398479493,-5.911211451381,8.25555951077
    ));
#1125 = CARTESIAN_POINT('',(6.349999465083,-2.955423818635,
    8.477777009372));
#1126 = CARTESIAN_POINT('',(6.350000719953,2.955423802156,8.922223272712
    ));
#1127 = CARTESIAN_POINT('',(4.802394410143,5.911211803566,9.144440770231
    ));
#1128 = CARTESIAN_POINT('',(1.708356372022,7.938231926409,9.366675428518
    ));
#1129 = CARTESIAN_POINT('',(-2.289929964758,8.123890804346,
    9.588876396052));
#1130 = CARTESIAN_POINT('',(-5.890529228546,6.045075621664,9.81112388802
    ));
#1131 = CARTESIAN_POINT('',(-7.728887173514,2.489642648579,
    10.033324848201));
#1132 = CARTESIAN_POINT('',(-7.520458525674,-1.203393352021,
    10.255559517836));
#1133 = CARTESIAN_POINT('',(-5.734471837103,-4.021548944702,
    10.477777004414));
#1134 = CARTESIAN_POINT('',(-0.61552827114,-6.976973831822,
    10.922223283102));
#1135 = CARTESIAN_POINT('',(2.718062398981,-7.114601496582,
    11.144440714131));
#1136 = CARTESIAN_POINT('',(6.020532284127,-5.44859588433,11.36667557522
    ));
#1137 = CARTESIAN_POINT('',(8.180460868048,-2.078808054246,
    11.58887612881));
#1138 = CARTESIAN_POINT('',(8.18045357092,2.078810385465,11.811124259751
    ));
#1139 = CARTESIAN_POINT('',(6.02053747625,5.448591044028,12.033324439263
    ));
#1140 = CARTESIAN_POINT('',(2.718059952873,7.114605042311,
    12.255559877792));
#1141 = CARTESIAN_POINT('',(-0.615527562524,6.976972595753,
    12.47777675192));
#1142 = CARTESIAN_POINT('',(-3.17500007423,5.499261488239,
    12.700000281976));
#1143 = CARTESIAN_POINT('',(6.35,8.881784197001E-16,-2.7));
#1144 = CARTESIAN_POINT('',(6.349999113324,2.955423681689,
    -2.477776469941));
#1145 = CARTESIAN_POINT('',(4.802398607182,5.911211297101,
    -2.255559595821));
#1146 = CARTESIAN_POINT('',(1.708349498768,7.938233679743,
    -2.033324157279));
#1147 = CARTESIAN_POINT('',(-2.289924084988,8.12388556735,
    -1.811123977781));
#1148 = CARTESIAN_POINT('',(-5.890530822504,6.045082741497,
    -1.588875846826));
#1149 = CARTESIAN_POINT('',(-7.72888835509,2.489635914249,
    -1.366675293249));
#1150 = CARTESIAN_POINT('',(-7.520456615024,-1.203389599042,
    -1.14444043215));
#1151 = CARTESIAN_POINT('',(-5.734472289017,-4.021549895808,
    -0.922223001126));
#1152 = CARTESIAN_POINT('',(-0.615527636973,-6.976972551809,
    -0.477776722436));
#1153 = CARTESIAN_POINT('',(2.718059943207,-7.114604606504,
    -0.25555923586));
#1154 = CARTESIAN_POINT('',(6.020537168966,-5.448591171288,
    -3.332456622483E-02));
#1155 = CARTESIAN_POINT('',(8.180453420781,-2.078810110685,
    0.188876393957));
#1156 = CARTESIAN_POINT('',(8.180460561817,2.078807788868,0.411123885925
    ));
#1157 = CARTESIAN_POINT('',(6.020532164737,5.44859579716,0.633324853458)
  );
#1158 = CARTESIAN_POINT('',(2.718062329071,7.11460123957,0.855559511747)
  );
#1159 = CARTESIAN_POINT('',(-0.615528225065,6.976973634274,
    1.077777009265));
#1160 = CARTESIAN_POINT('',(-5.734471654215,4.021548843016,
    1.522223272603));
#1161 = CARTESIAN_POINT('',(-7.520458296822,1.203393348042,
    1.744440771212));
#1162 = CARTESIAN_POINT('',(-7.72888695581,-2.489642552354,
    1.966675425741));
#1163 = CARTESIAN_POINT('',(-5.890529073925,-6.045075416761,
    2.188876401261));
#1164 = CARTESIAN_POINT('',(-2.289929927576,-8.123890559053,
    2.411123880674));
#1165 = CARTESIAN_POINT('',(1.708356293701,-7.938231695662,
    2.633324856341));
#1166 = CARTESIAN_POINT('',(4.802394246431,-5.911211646549,
    2.855559510644));
#1167 = CARTESIAN_POINT('',(6.350000521403,-2.955423737351,
    3.077777009469));
#1168 = CARTESIAN_POINT('',(6.349999287693,2.95542370826,3.522223272506)
  );
#1169 = CARTESIAN_POINT('',(4.8023983586,5.911211259221,3.74444077135));
#1170 = CARTESIAN_POINT('',(1.708349781178,7.93823372278,3.966675425584)
  );
#1171 = CARTESIAN_POINT('',(-2.289924341702,8.123885528228,
    4.188876401404));
#1172 = CARTESIAN_POINT('',(-5.890530637948,6.045082769623,
    4.411123880571));
#1173 = CARTESIAN_POINT('',(-7.728888456402,2.489635898809,
    4.633324856397));
#1174 = CARTESIAN_POINT('',(-7.52045657628,-1.203389593138,
    4.855559510623));
#1175 = CARTESIAN_POINT('',(-5.734472296193,-4.021549896902,
    5.077777009473));
#1176 = CARTESIAN_POINT('',(-0.615527633547,-6.976972551287,
    5.522223272504));
#1177 = CARTESIAN_POINT('',(2.718059938322,-7.114604607249,
    5.744440771352));
#1178 = CARTESIAN_POINT('',(6.020537174518,-5.448591170442,
    5.966675425583));
#1179 = CARTESIAN_POINT('',(8.180453415731,-2.078810111452,
    6.188876401402));
#1180 = CARTESIAN_POINT('',(8.18046056545,2.078807789418,6.411123880575)
  );
#1181 = CARTESIAN_POINT('',(6.020532162741,5.44859579686,6.633324856393)
  );
#1182 = CARTESIAN_POINT('',(2.718062329835,7.114601239682,6.855559510627
    ));
#1183 = CARTESIAN_POINT('',(-0.615528225208,6.976973634254,7.07777700947
    ));
#1184 = CARTESIAN_POINT('',(-5.734471654145,4.021548843023,
    7.522223272509));
#1185 = CARTESIAN_POINT('',(-7.520458296931,1.203393348043,
    7.744440771328));
#1186 = CARTESIAN_POINT('',(-7.728886955671,-2.489642552374,
    7.966675425644));
#1187 = CARTESIAN_POINT('',(-5.89052907407,-6.045075416713,
    8.188876401294));
#1188 = CARTESIAN_POINT('',(-2.289929927447,-8.123890559125,
    8.411123880723));
#1189 = CARTESIAN_POINT('',(1.708356293602,-7.938231695579,
    8.633324856231));
#1190 = CARTESIAN_POINT('',(4.802394246498,-5.911211646623,
    8.855559510768));
#1191 = CARTESIAN_POINT('',(6.350000521363,-2.955423737297,
    9.077777009373));
#1192 = CARTESIAN_POINT('',(6.349999287774,2.955423708149,9.522223272712
    ));
#1193 = CARTESIAN_POINT('',(4.80239835817,5.911211259825,9.744440770231)
  );
#1194 = CARTESIAN_POINT('',(1.708349782297,7.938233721198,9.966675428517
    ));
#1195 = CARTESIAN_POINT('',(-2.289924343738,8.123885531112,
    10.188876396056));
#1196 = CARTESIAN_POINT('',(-5.89053063512,6.045082765608,
    10.411123888015));
#1197 = CARTESIAN_POINT('',(-7.728888459511,2.489635903228,
    10.633324848206));
#1198 = CARTESIAN_POINT('',(-7.520456573546,-1.203389597028,
    10.855559517834));
#1199 = CARTESIAN_POINT('',(-5.734472298111,-4.021549894173,
    11.077777004414));
#1200 = CARTESIAN_POINT('',(-0.61552762953,-6.976972557003,
    11.522223283101));
#1201 = CARTESIAN_POINT('',(2.718059916637,-7.114604576393,
    11.744440714132));
#1202 = CARTESIAN_POINT('',(6.020537231224,-5.448591251119,
    11.966675575218));
#1203 = CARTESIAN_POINT('',(8.180453312432,-2.078809964498,
    12.188876128815));
#1204 = CARTESIAN_POINT('',(8.180460709141,2.078807585019,
    12.411124259744));
#1205 = CARTESIAN_POINT('',(6.020532004664,5.448596021711,
    12.633324439269));
#1206 = CARTESIAN_POINT('',(2.71806246898,7.114601041767,12.855559877789
    ));
#1207 = CARTESIAN_POINT('',(-0.615528322813,6.976973773083,
    13.077776751921));
#1208 = CARTESIAN_POINT('',(-3.174999886246,5.499261162642,
    13.300000281976));
#1209 = DEFINITIONAL_REPRESENTATION('',(#1210),#1216);
#1210 = B_SPLINE_CURVE_WITH_KNOTS('',4,(#1211,#1212,#1213,#1214,#1215),
  .UNSPECIFIED.,.F.,.F.,(5,5),(0.,1.),.PIECEWISE_BEZIER_KNOTS.);
#1211 = CARTESIAN_POINT('',(0.6,6.71199955491));
#1212 = CARTESIAN_POINT('',(0.57300311258,6.774660712471));
#1213 = CARTESIAN_POINT('',(0.546005782447,6.837322053547));
#1214 = CARTESIAN_POINT('',(0.519007664855,6.899983361605));
#1215 = CARTESIAN_POINT('',(0.492008820965,6.962644444549));
#1216 = ( GEOMETRIC_REPRESENTATION_CONTEXT(2) 
PARAMETRIC_REPRESENTATION_CONTEXT() REPRESENTATION_CONTEXT('2D SPACE',''
  ) );
#1217 = ORIENTED_EDGE('',*,*,#1218,.F.);
#1218 = EDGE_CURVE('',#1219,#1057,#1221,.T.);
#1219 = VERTEX_POINT('',#1220);
#1220 = CARTESIAN_POINT('',(5.724431492988,0.,0.892636727853));
#1221 = SURFACE_CURVE('',#1222,(#1229,#1239),.PCURVE_S1.);
#1222 = B_SPLINE_CURVE_WITH_KNOTS('',5,(#1223,#1224,#1225,#1226,#1227,
    #1228),.UNSPECIFIED.,.F.,.F.,(6,6),(0.,1.),
  .PIECEWISE_BEZIER_KNOTS.);
#1223 = CARTESIAN_POINT('',(5.724431492988,0.,0.892636727853));
#1224 = CARTESIAN_POINT('',(5.852270213863,-0.264589469973,
    0.749457360474));
#1225 = CARTESIAN_POINT('',(5.963429586577,-0.541074445675,
    0.607837304945));
#1226 = CARTESIAN_POINT('',(6.056894477668,-0.827687460392,
    0.467746958004));
#1227 = CARTESIAN_POINT('',(6.131975694882,-1.122615787486,
    0.329146687886));
#1228 = CARTESIAN_POINT('',(6.188254862279,-1.424061079436,
    0.192004568324));
#1229 = PCURVE('',#555,#1230);
#1230 = DEFINITIONAL_REPRESENTATION('',(#1231),#1238);
#1231 = B_SPLINE_CURVE_WITH_KNOTS('',5,(#1232,#1233,#1234,#1235,#1236,
    #1237),.UNSPECIFIED.,.F.,.F.,(6,6),(0.,1.),
  .PIECEWISE_BEZIER_KNOTS.);
#1232 = CARTESIAN_POINT('',(-6.28318530718,-1.092636727853));
#1233 = CARTESIAN_POINT('',(-6.236964216003,-0.949457360474));
#1234 = CARTESIAN_POINT('',(-6.191245687078,-0.807837304945));
#1235 = CARTESIAN_POINT('',(-6.14602011942,-0.667746958004));
#1236 = CARTESIAN_POINT('',(-6.101274875128,-0.529146687886));
#1237 = CARTESIAN_POINT('',(-6.05699990172,-0.392004568324));
#1238 = ( GEOMETRIC_REPRESENTATION_CONTEXT(2) 
PARAMETRIC_REPRESENTATION_CONTEXT() REPRESENTATION_CONTEXT('2D SPACE',''
  ) );
#1239 = PCURVE('',#1240,#1373);
#1240 = B_SPLINE_SURFACE_WITH_KNOTS('',1,9,(
    (#1241,#1242,#1243,#1244,#1245,#1246,#1247,#1248,#1249,#1250,#1251
      ,#1252,#1253,#1254,#1255,#1256,#1257,#1258,#1259,#1260,#1261,#1262
      ,#1263,#1264,#1265,#1266,#1267,#1268,#1269,#1270,#1271,#1272,#1273
      ,#1274,#1275,#1276,#1277,#1278,#1279,#1280,#1281,#1282,#1283,#1284
      ,#1285,#1286,#1287,#1288,#1289,#1290,#1291,#1292,#1293,#1294,#1295
      ,#1296,#1297,#1298,#1299,#1300,#1301,#1302,#1303,#1304,#1305,#1306
      )
    ,(#1307,#1308,#1309,#1310,#1311,#1312,#1313,#1314,#1315,#1316,#1317
      ,#1318,#1319,#1320,#1321,#1322,#1323,#1324,#1325,#1326,#1327,#1328
      ,#1329,#1330,#1331,#1332,#1333,#1334,#1335,#1336,#1337,#1338,#1339
      ,#1340,#1341,#1342,#1343,#1344,#1345,#1346,#1347,#1348,#1349,#1350
      ,#1351,#1352,#1353,#1354,#1355,#1356,#1357,#1358,#1359,#1360,#1361
      ,#1362,#1363,#1364,#1365,#1366,#1367,#1368,#1369,#1370,#1371,#1372
      )),.UNSPECIFIED.,.F.,.F.,.F.,(2,2),(10,8,8,8,8,8,8,8,10),(0.,
    1.30862523283),(0.,4.641762960311,9.283525920622,13.925288880933,
    18.567051841244,23.208814801555,27.850577761866,32.492340722176,
    37.134103682487),.UNSPECIFIED.);
#1241 = CARTESIAN_POINT('',(6.35,8.881784197001E-16,-2.7));
#1242 = CARTESIAN_POINT('',(6.349999113324,2.955423681689,
    -2.477776469941));
#1243 = CARTESIAN_POINT('',(4.802398607182,5.911211297101,
    -2.255559595821));
#1244 = CARTESIAN_POINT('',(1.708349498768,7.938233679744,
    -2.033324157279));
#1245 = CARTESIAN_POINT('',(-2.289924084988,8.12388556735,
    -1.811123977781));
#1246 = CARTESIAN_POINT('',(-5.890530822503,6.045082741497,
    -1.588875846826));
#1247 = CARTESIAN_POINT('',(-7.72888835509,2.489635914249,
    -1.366675293249));
#1248 = CARTESIAN_POINT('',(-7.520456615024,-1.203389599042,
    -1.14444043215));
#1249 = CARTESIAN_POINT('',(-5.734472289017,-4.021549895808,
    -0.922223001126));
#1250 = CARTESIAN_POINT('',(-0.615527636973,-6.976972551809,
    -0.477776722436));
#1251 = CARTESIAN_POINT('',(2.718059943207,-7.114604606504,
    -0.25555923586));
#1252 = CARTESIAN_POINT('',(6.020537168966,-5.448591171287,
    -3.332456622483E-02));
#1253 = CARTESIAN_POINT('',(8.18045342078,-2.078810110685,0.188876393957
    ));
#1254 = CARTESIAN_POINT('',(8.180460561818,2.078807788869,0.411123885925
    ));
#1255 = CARTESIAN_POINT('',(6.020532164736,5.448595797159,0.633324853458
    ));
#1256 = CARTESIAN_POINT('',(2.718062329071,7.11460123957,0.855559511747)
  );
#1257 = CARTESIAN_POINT('',(-0.615528225066,6.976973634274,
    1.077777009265));
#1258 = CARTESIAN_POINT('',(-5.734471654215,4.021548843016,
    1.522223272603));
#1259 = CARTESIAN_POINT('',(-7.520458296822,1.203393348042,
    1.744440771212));
#1260 = CARTESIAN_POINT('',(-7.72888695581,-2.489642552354,
    1.966675425741));
#1261 = CARTESIAN_POINT('',(-5.890529073925,-6.045075416761,
    2.188876401261));
#1262 = CARTESIAN_POINT('',(-2.289929927577,-8.123890559053,
    2.411123880674));
#1263 = CARTESIAN_POINT('',(1.708356293701,-7.938231695662,
    2.633324856341));
#1264 = CARTESIAN_POINT('',(4.802394246431,-5.911211646549,
    2.855559510644));
#1265 = CARTESIAN_POINT('',(6.350000521403,-2.955423737351,
    3.077777009469));
#1266 = CARTESIAN_POINT('',(6.349999287693,2.95542370826,3.522223272506)
  );
#1267 = CARTESIAN_POINT('',(4.8023983586,5.911211259221,3.74444077135));
#1268 = CARTESIAN_POINT('',(1.708349781178,7.93823372278,3.966675425584)
  );
#1269 = CARTESIAN_POINT('',(-2.289924341702,8.123885528228,
    4.188876401404));
#1270 = CARTESIAN_POINT('',(-5.890530637948,6.045082769623,
    4.411123880571));
#1271 = CARTESIAN_POINT('',(-7.728888456402,2.489635898809,
    4.633324856397));
#1272 = CARTESIAN_POINT('',(-7.52045657628,-1.203389593138,
    4.855559510623));
#1273 = CARTESIAN_POINT('',(-5.734472296193,-4.021549896902,
    5.077777009473));
#1274 = CARTESIAN_POINT('',(-0.615527633547,-6.976972551287,
    5.522223272504));
#1275 = CARTESIAN_POINT('',(2.718059938322,-7.114604607249,
    5.744440771352));
#1276 = CARTESIAN_POINT('',(6.020537174518,-5.448591170442,
    5.966675425583));
#1277 = CARTESIAN_POINT('',(8.180453415731,-2.078810111452,
    6.188876401402));
#1278 = CARTESIAN_POINT('',(8.18046056545,2.078807789418,6.411123880575)
  );
#1279 = CARTESIAN_POINT('',(6.020532162741,5.44859579686,6.633324856393)
  );
#1280 = CARTESIAN_POINT('',(2.718062329835,7.114601239682,6.855559510627
    ));
#1281 = CARTESIAN_POINT('',(-0.615528225208,6.976973634254,7.07777700947
    ));
#1282 = CARTESIAN_POINT('',(-5.734471654145,4.021548843023,
    7.522223272509));
#1283 = CARTESIAN_POINT('',(-7.520458296931,1.203393348043,
    7.744440771328));
#1284 = CARTESIAN_POINT('',(-7.728886955671,-2.489642552375,
    7.966675425644));
#1285 = CARTESIAN_POINT('',(-5.89052907407,-6.045075416712,
    8.188876401294));
#1286 = CARTESIAN_POINT('',(-2.289929927447,-8.123890559126,
    8.411123880723));
#1287 = CARTESIAN_POINT('',(1.708356293602,-7.938231695578,
    8.633324856231));
#1288 = CARTESIAN_POINT('',(4.802394246498,-5.911211646623,
    8.855559510768));
#1289 = CARTESIAN_POINT('',(6.350000521363,-2.955423737297,
    9.077777009373));
#1290 = CARTESIAN_POINT('',(6.349999287774,2.955423708149,9.522223272712
    ));
#1291 = CARTESIAN_POINT('',(4.80239835817,5.911211259825,9.744440770231)
  );
#1292 = CARTESIAN_POINT('',(1.708349782297,7.938233721198,9.966675428517
    ));
#1293 = CARTESIAN_POINT('',(-2.289924343738,8.123885531113,
    10.188876396056));
#1294 = CARTESIAN_POINT('',(-5.89053063512,6.045082765608,
    10.411123888015));
#1295 = CARTESIAN_POINT('',(-7.728888459511,2.489635903228,
    10.633324848206));
#1296 = CARTESIAN_POINT('',(-7.520456573546,-1.203389597028,
    10.855559517834));
#1297 = CARTESIAN_POINT('',(-5.734472298111,-4.021549894173,
    11.077777004414));
#1298 = CARTESIAN_POINT('',(-0.61552762953,-6.976972557003,
    11.522223283101));
#1299 = CARTESIAN_POINT('',(2.718059916637,-7.114604576393,
    11.744440714132));
#1300 = CARTESIAN_POINT('',(6.020537231224,-5.448591251119,
    11.966675575218));
#1301 = CARTESIAN_POINT('',(8.180453312431,-2.078809964498,
    12.188876128815));
#1302 = CARTESIAN_POINT('',(8.180460709141,2.078807585019,
    12.411124259744));
#1303 = CARTESIAN_POINT('',(6.020532004664,5.448596021711,
    12.633324439269));
#1304 = CARTESIAN_POINT('',(2.71806246898,7.114601041767,12.855559877789
    ));
#1305 = CARTESIAN_POINT('',(-0.615528322813,6.976973773083,
    13.077776751921));
#1306 = CARTESIAN_POINT('',(-3.174999886246,5.499261162642,
    13.300000281976));
#1307 = CARTESIAN_POINT('',(5.4,0.,-1.8));
#1308 = CARTESIAN_POINT('',(5.399996447252,2.513274429928,-1.57777923093
    ));
#1309 = CARTESIAN_POINT('',(4.083936313515,5.026853052462,
    -1.355551066373));
#1310 = CARTESIAN_POINT('',(1.452759408413,6.750631471299,-1.13334352895
    ));
#1311 = CARTESIAN_POINT('',(-1.94733030752,6.908489021069,
    -0.911096814804));
#1312 = CARTESIAN_POINT('',(-5.009268427662,5.14071220194,
    -0.688903380082));
#1313 = CARTESIAN_POINT('',(-6.572604254595,2.117161466795,
    -0.466657081563));
#1314 = CARTESIAN_POINT('',(-6.395343361423,-1.02335034277,
    -0.244448902556));
#1315 = CARTESIAN_POINT('',(-4.87656053451,-3.419901801891,
    -2.222135677192E-02));
#1316 = CARTESIAN_POINT('',(-0.5234390762,-5.933171910734,0.42222104962)
  );
#1317 = CARTESIAN_POINT('',(2.311414794675,-6.050218277064,
    0.644448533672));
#1318 = CARTESIAN_POINT('',(5.119838065634,-4.6334432479,0.866656925431)
  );
#1319 = CARTESIAN_POINT('',(6.956592671267,-1.767806122936,
    1.088902772156));
#1320 = CARTESIAN_POINT('',(6.956621197905,1.767796985061,1.311096916859
    ));
#1321 = CARTESIAN_POINT('',(5.119817948056,4.633461864133,1.53334275543)
  );
#1322 = CARTESIAN_POINT('',(2.311424207893,6.050204856738,1.755551159781
    ));
#1323 = CARTESIAN_POINT('',(-0.523441556997,5.933176231292,
    1.977778631682));
#1324 = CARTESIAN_POINT('',(-4.876558068602,3.419897481057,
    2.422221055132));
#1325 = CARTESIAN_POINT('',(-6.395350113754,1.023365224244,
    2.644448525814));
#1326 = CARTESIAN_POINT('',(-6.572598603812,-2.117188222994,
    2.866656934359));
#1327 = CARTESIAN_POINT('',(-5.009261336769,-5.1406828985,3.08890276404)
  );
#1328 = CARTESIAN_POINT('',(-1.947353508556,-6.908509186739,
    3.311096922694));
#1329 = CARTESIAN_POINT('',(1.45278671184,-6.750623331072,3.533342752227
    ));
#1330 = CARTESIAN_POINT('',(4.083918998535,-5.026854513914,
    3.755551161006));
#1331 = CARTESIAN_POINT('',(5.400002120215,-2.51327442941,3.977778631456
    ));
#1332 = CARTESIAN_POINT('',(5.399997131097,2.513274429681,4.422221055239
    ));
#1333 = CARTESIAN_POINT('',(4.083935338621,5.026853052812,4.644448525662
    ));
#1334 = CARTESIAN_POINT('',(1.452760515971,6.750631470905,4.866656934529
    ));
#1335 = CARTESIAN_POINT('',(-1.947331314308,6.908489021424,
    5.088902763888));
#1336 = CARTESIAN_POINT('',(-5.009267703864,5.140712201687,
    5.311096922802));
#1337 = CARTESIAN_POINT('',(-6.572604651929,2.117161466932,
    5.533342752168));
#1338 = CARTESIAN_POINT('',(-6.395343209474,-1.023350342821,
    5.755551161028));
#1339 = CARTESIAN_POINT('',(-4.876560562654,-3.419901801882,
    5.977778631452));
#1340 = CARTESIAN_POINT('',(-0.523439062764,-5.933171910737,
    6.422221055241));
#1341 = CARTESIAN_POINT('',(2.311414775517,-6.05021827706,6.644448525661
    ));
#1342 = CARTESIAN_POINT('',(5.119838087407,-4.633443247905,
    6.866656934528));
#1343 = CARTESIAN_POINT('',(6.956592651466,-1.767806122925,
    7.088902763892));
#1344 = CARTESIAN_POINT('',(6.956621212148,1.767796985045,7.311096922795
    ));
#1345 = CARTESIAN_POINT('',(5.119817940231,4.633461864151,7.533342752176
    ));
#1346 = CARTESIAN_POINT('',(2.31142421089,6.050204856723,7.755551161022)
  );
#1347 = CARTESIAN_POINT('',(-0.523441557555,5.9331762313,7.977778631455)
  );
#1348 = CARTESIAN_POINT('',(-4.876558068329,3.419897481043,
    8.422221055235));
#1349 = CARTESIAN_POINT('',(-6.395350114166,1.023365224314,
    8.644448525693));
#1350 = CARTESIAN_POINT('',(-6.572598603307,-2.117188223163,
    8.86665693445));
#1351 = CARTESIAN_POINT('',(-5.009261337278,-5.140682898215,
    9.088902764026));
#1352 = CARTESIAN_POINT('',(-1.947353508123,-6.908509187112,
    9.311096922617));
#1353 = CARTESIAN_POINT('',(1.45278671152,-6.750623330677,9.533342752363
    ));
#1354 = CARTESIAN_POINT('',(4.083918998746,-5.026854514254,
    9.755551160863));
#1355 = CARTESIAN_POINT('',(5.40000212009,-2.513274429172,9.977778631563
    ));
#1356 = CARTESIAN_POINT('',(5.399997131349,2.513274429181,10.42222105501
    ));
#1357 = CARTESIAN_POINT('',(4.083935337276,5.026853055519,
    10.644448526905));
#1358 = CARTESIAN_POINT('',(1.452760519472,6.750631463821,
    10.866656931274));
#1359 = CARTESIAN_POINT('',(-1.947331320669,6.908489034333,
    11.088902769822));
#1360 = CARTESIAN_POINT('',(-5.009267695033,5.140712183727,
    11.311096914541));
#1361 = CARTESIAN_POINT('',(-6.572604661634,2.117161486689,
    11.533342761262));
#1362 = CARTESIAN_POINT('',(-6.395343200935,-1.023350360208,
    11.75555115302));
#1363 = CARTESIAN_POINT('',(-4.876560568643,-3.419901789689,
    11.977778637071));
#1364 = CARTESIAN_POINT('',(-0.523439050218,-5.933171936278,
    12.422221043469));
#1365 = CARTESIAN_POINT('',(2.311414707772,-6.050218139187,
    12.644448589228));
#1366 = CARTESIAN_POINT('',(5.119838264568,-4.633443608401,
    12.866656768291));
#1367 = CARTESIAN_POINT('',(6.956592328721,-1.767805466272,
    13.088903066734));
#1368 = CARTESIAN_POINT('',(6.956621661108,1.767796071686,
    13.311096501526));
#1369 = CARTESIAN_POINT('',(5.119817446309,4.633462868914,
    13.533343215628));
#1370 = CARTESIAN_POINT('',(2.311424645665,6.050203972311,
    13.755550753071));
#1371 = CARTESIAN_POINT('',(-0.523441862537,5.933176851682,
    13.97777891762));
#1372 = CARTESIAN_POINT('',(-2.69999964599,4.676536516564,
    14.199999686693));
#1373 = DEFINITIONAL_REPRESENTATION('',(#1374),#1381);
#1374 = B_SPLINE_CURVE_WITH_KNOTS('',5,(#1375,#1376,#1377,#1378,#1379,
    #1380),.UNSPECIFIED.,.F.,.F.,(6,6),(0.,1.),
  .PIECEWISE_BEZIER_KNOTS.);
#1375 = CARTESIAN_POINT('',(0.86171049151,6.962644450389));
#1376 = CARTESIAN_POINT('',(0.68561246071,6.911425077422));
#1377 = CARTESIAN_POINT('',(0.511432816115,6.860762612567));
#1378 = CARTESIAN_POINT('',(0.339135188626,6.810646401751));
#1379 = CARTESIAN_POINT('',(0.168670731565,6.761062429076));
#1380 = CARTESIAN_POINT('',(0.,6.71199955491));
#1381 = ( GEOMETRIC_REPRESENTATION_CONTEXT(2) 
PARAMETRIC_REPRESENTATION_CONTEXT() REPRESENTATION_CONTEXT('2D SPACE',''
  ) );
#1382 = ORIENTED_EDGE('',*,*,#1383,.T.);
#1383 = EDGE_CURVE('',#1219,#1384,#1386,.T.);
#1384 = VERTEX_POINT('',#1385);
#1385 = CARTESIAN_POINT('',(5.45,0.,1.2));
#1386 = SURFACE_CURVE('',#1387,(#1390,#1396),.PCURVE_S1.);
#1387 = B_SPLINE_CURVE_WITH_KNOTS('',1,(#1388,#1389),.UNSPECIFIED.,.F.,
  .F.,(2,2),(0.,1.),.PIECEWISE_BEZIER_KNOTS.);
#1388 = CARTESIAN_POINT('',(6.7,0.,-0.2));
#1389 = CARTESIAN_POINT('',(5.45,0.,1.2));
#1390 = PCURVE('',#555,#1391);
#1391 = DEFINITIONAL_REPRESENTATION('',(#1392),#1395);
#1392 = B_SPLINE_CURVE_WITH_KNOTS('',1,(#1393,#1394),.UNSPECIFIED.,.F.,
  .F.,(2,2),(0.,1.),.PIECEWISE_BEZIER_KNOTS.);
#1393 = CARTESIAN_POINT('',(-6.28318530718,0.));
#1394 = CARTESIAN_POINT('',(-6.28318530718,-1.4));
#1395 = ( GEOMETRIC_REPRESENTATION_CONTEXT(2) 
PARAMETRIC_REPRESENTATION_CONTEXT() REPRESENTATION_CONTEXT('2D SPACE',''
  ) );
#1396 = PCURVE('',#1397,#1402);
#1397 = CONICAL_SURFACE('',#1398,6.7,0.728854726453);
#1398 = AXIS2_PLACEMENT_3D('',#1399,#1400,#1401);
#1399 = CARTESIAN_POINT('',(0.,0.,-0.2));
#1400 = DIRECTION('',(-0.,-0.,-1.));
#1401 = DIRECTION('',(1.,0.,0.));
#1402 = DEFINITIONAL_REPRESENTATION('',(#1403),#1406);
#1403 = B_SPLINE_CURVE_WITH_KNOTS('',1,(#1404,#1405),.UNSPECIFIED.,.F.,
  .F.,(2,2),(0.,1.),.PIECEWISE_BEZIER_KNOTS.);
#1404 = CARTESIAN_POINT('',(0.,0.));
#1405 = CARTESIAN_POINT('',(0.,-1.4));
#1406 = ( GEOMETRIC_REPRESENTATION_CONTEXT(2) 
PARAMETRIC_REPRESENTATION_CONTEXT() REPRESENTATION_CONTEXT('2D SPACE',''
  ) );
#1407 = ORIENTED_EDGE('',*,*,#1408,.F.);
#1408 = EDGE_CURVE('',#1409,#1384,#1411,.T.);
#1409 = VERTEX_POINT('',#1410);
#1410 = CARTESIAN_POINT('',(1.162543795246,-5.32456834959,1.19999999965)
  );
#1411 = SURFACE_CURVE('',#1412,(#1417,#1424),.PCURVE_S1.);
#1412 = CIRCLE('',#1413,5.45);
#1413 = AXIS2_PLACEMENT_3D('',#1414,#1415,#1416);
#1414 = CARTESIAN_POINT('',(0.,0.,1.2));
#1415 = DIRECTION('',(0.,0.,1.));
#1416 = DIRECTION('',(1.,0.,0.));
#1417 = PCURVE('',#555,#1418);
#1418 = DEFINITIONAL_REPRESENTATION('',(#1419),#1423);
#1419 = LINE('',#1420,#1421);
#1420 = CARTESIAN_POINT('',(-0.,-1.4));
#1421 = VECTOR('',#1422,1.);
#1422 = DIRECTION('',(-1.,-0.));
#1423 = ( GEOMETRIC_REPRESENTATION_CONTEXT(2) 
PARAMETRIC_REPRESENTATION_CONTEXT() REPRESENTATION_CONTEXT('2D SPACE',''
  ) );
#1424 = PCURVE('',#1425,#1430);
#1425 = CYLINDRICAL_SURFACE('',#1426,5.45);
#1426 = AXIS2_PLACEMENT_3D('',#1427,#1428,#1429);
#1427 = CARTESIAN_POINT('',(0.,0.,-0.2));
#1428 = DIRECTION('',(-0.,-0.,-1.));
#1429 = DIRECTION('',(1.,0.,0.));
#1430 = DEFINITIONAL_REPRESENTATION('',(#1431),#1435);
#1431 = LINE('',#1432,#1433);
#1432 = CARTESIAN_POINT('',(-0.,-1.4));
#1433 = VECTOR('',#1434,1.);
#1434 = DIRECTION('',(-1.,0.));
#1435 = ( GEOMETRIC_REPRESENTATION_CONTEXT(2) 
PARAMETRIC_REPRESENTATION_CONTEXT() REPRESENTATION_CONTEXT('2D SPACE',''
  ) );
#1436 = ORIENTED_EDGE('',*,*,#1437,.F.);
#1437 = EDGE_CURVE('',#1438,#1409,#1440,.T.);
#1438 = VERTEX_POINT('',#1439);
#1439 = CARTESIAN_POINT('',(3.266682875813,5.445298487446,0.192000650084
    ));
#1440 = SURFACE_CURVE('',#1441,(#1484,#1530),.PCURVE_S1.);
#1441 = B_SPLINE_CURVE_WITH_KNOTS('',6,(#1442,#1443,#1444,#1445,#1446,
    #1447,#1448,#1449,#1450,#1451,#1452,#1453,#1454,#1455,#1456,#1457,
    #1458,#1459,#1460,#1461,#1462,#1463,#1464,#1465,#1466,#1467,#1468,
    #1469,#1470,#1471,#1472,#1473,#1474,#1475,#1476,#1477,#1478,#1479,
    #1480,#1481,#1482,#1483),.UNSPECIFIED.,.F.,.F.,(7,5,5,5,5,5,5,5,7),(
    0.,0.147514973088,0.287115390745,0.42111840767,0.547704104705,
    0.668117429069,0.783546105952,0.894125379922,1.),.UNSPECIFIED.);
#1442 = CARTESIAN_POINT('',(3.266682875813,5.445298487446,0.192000650084
    ));
#1443 = CARTESIAN_POINT('',(2.769036511401,5.719752032261,0.215136392436
    ));
#1444 = CARTESIAN_POINT('',(2.241903438877,5.940720169733,0.238361503671
    ));
#1445 = CARTESIAN_POINT('',(1.692555785692,6.103857719184,0.261666823557
    ));
#1446 = CARTESIAN_POINT('',(1.128826497934,6.206383772233,0.285058061805
    ));
#1447 = CARTESIAN_POINT('',(0.558972522642,6.246689856436,0.308543552002
    ));
#1448 = CARTESIAN_POINT('',(-0.545045863809,6.204263164201,
    0.354422001881));
#1449 = CARTESIAN_POINT('',(-1.079672925094,6.128008780005,
    0.376813721062));
#1450 = CARTESIAN_POINT('',(-1.604706909584,5.996158320872,
    0.399282778595));
#1451 = CARTESIAN_POINT('',(-2.112979369557,5.810111737332,
    0.421834652368));
#1452 = CARTESIAN_POINT('',(-2.59752204094,5.572327650385,0.44446978069)
  );
#1453 = CARTESIAN_POINT('',(-3.487728861507,5.012554228329,
    0.488997980632));
#1454 = CARTESIAN_POINT('',(-3.89591562302,4.694237383625,0.510890334005
    ));
#1455 = CARTESIAN_POINT('',(-4.270416321818,4.335187120756,
    0.532854574412));
#1456 = CARTESIAN_POINT('',(-4.606155491039,3.939768210453,
    0.554899458741));
#1457 = CARTESIAN_POINT('',(-4.898686737755,3.513088775405,
    0.577030018609));
#1458 = CARTESIAN_POINT('',(-5.376690911748,2.63437338671,0.62022133521)
  );
#1459 = CARTESIAN_POINT('',(-5.567257393769,2.184931249286,
    0.641279136536));
#1460 = CARTESIAN_POINT('',(-5.713182658089,1.718003293762,
    0.662408474077));
#1461 = CARTESIAN_POINT('',(-5.812425581358,1.239066036026,0.68361231958
    ));
#1462 = CARTESIAN_POINT('',(-5.863714876356,0.753892419565,0.70489517427
    ));
#1463 = CARTESIAN_POINT('',(-5.869819871564,-0.193039357803,
    0.746568477562));
#1464 = CARTESIAN_POINT('',(-5.82921860985,-0.654896286901,
    0.766956636445));
#1465 = CARTESIAN_POINT('',(-5.744824473445,-1.111709865459,
    0.787412915675));
#1466 = CARTESIAN_POINT('',(-5.617303901652,-1.558316157607,
    0.807941132452));
#1467 = CARTESIAN_POINT('',(-5.448038276612,-1.989634537054,
    0.828545583147));
#1468 = CARTESIAN_POINT('',(-5.03930576174,-2.794844195009,
    0.869042971558));
#1469 = CARTESIAN_POINT('',(-4.802992265702,-3.170458100149,
    0.888934244389));
#1470 = CARTESIAN_POINT('',(-4.532434922406,-3.523240408366,
    0.908892330204));
#1471 = CARTESIAN_POINT('',(-4.230311835327,-3.849274768915,
    0.928919894166));
#1472 = CARTESIAN_POINT('',(-3.899838330828,-4.145001249179,
    0.949020087491));
#1473 = CARTESIAN_POINT('',(-3.204890350151,-4.658708227413,
    0.988511097487));
#1474 = CARTESIAN_POINT('',(-2.84236199719,-4.879481692518,1.00789992402
    ));
#1475 = CARTESIAN_POINT('',(-2.460735413877,-5.0669775714,1.02735236739)
  );
#1476 = CARTESIAN_POINT('',(-2.063772105459,-5.219084890117,
    1.04687107705));
#1477 = CARTESIAN_POINT('',(-1.655523160375,-5.334189922983,
    1.066459565083));
#1478 = CARTESIAN_POINT('',(-0.842900390226,-5.485214617976,
    1.104934522352));
#1479 = CARTESIAN_POINT('',(-0.439031647567,-5.524307840122,
    1.123818632473));
#1480 = CARTESIAN_POINT('',(-3.262910308931E-02,-5.527767682705,
    1.142765017721));
#1481 = CARTESIAN_POINT('',(0.372401507301,-5.49534598594,1.161776367798
    ));
#1482 = CARTESIAN_POINT('',(0.772112951187,-5.427305547608,
    1.180855586796));
#1483 = CARTESIAN_POINT('',(1.162538804578,-5.32456604127,1.2));
#1484 = PCURVE('',#555,#1485);
#1485 = DEFINITIONAL_REPRESENTATION('',(#1486),#1529);
#1486 = B_SPLINE_CURVE_WITH_KNOTS('',6,(#1487,#1488,#1489,#1490,#1491,
    #1492,#1493,#1494,#1495,#1496,#1497,#1498,#1499,#1500,#1501,#1502,
    #1503,#1504,#1505,#1506,#1507,#1508,#1509,#1510,#1511,#1512,#1513,
    #1514,#1515,#1516,#1517,#1518,#1519,#1520,#1521,#1522,#1523,#1524,
    #1525,#1526,#1527,#1528),.UNSPECIFIED.,.F.,.F.,(7,5,5,5,5,5,5,5,7),(
    0.,0.147514973088,0.287115390745,0.42111840767,0.547704104705,
    0.668117429069,0.783546105952,0.894125379922,1.),.UNSPECIFIED.);
#1487 = CARTESIAN_POINT('',(-1.030443834762,-0.392000650084));
#1488 = CARTESIAN_POINT('',(-1.119882395113,-0.415136392436));
#1489 = CARTESIAN_POINT('',(-1.20966785391,-0.438361503671));
#1490 = CARTESIAN_POINT('',(-1.299766198756,-0.461666823557));
#1491 = CARTESIAN_POINT('',(-1.390199583753,-0.485058061805));
#1492 = CARTESIAN_POINT('',(-1.480995499118,-0.508543552002));
#1493 = CARTESIAN_POINT('',(-1.658359659239,-0.554422001881));
#1494 = CARTESIAN_POINT('',(-1.744923092416,-0.576813721062));
#1495 = CARTESIAN_POINT('',(-1.83178465386,-0.599282778595));
#1496 = CARTESIAN_POINT('',(-1.918963585093,-0.621834652368));
#1497 = CARTESIAN_POINT('',(-2.006482880459,-0.64446978069));
#1498 = CARTESIAN_POINT('',(-2.178628110808,-0.688997980632));
#1499 = CARTESIAN_POINT('',(-2.263255704299,-0.710890334005));
#1500 = CARTESIAN_POINT('',(-2.348174573858,-0.732854574412));
#1501 = CARTESIAN_POINT('',(-2.43340162358,-0.754899458741));
#1502 = CARTESIAN_POINT('',(-2.518958203898,-0.777030018609));
#1503 = CARTESIAN_POINT('',(-2.685932001069,-0.82022133521));
#1504 = CARTESIAN_POINT('',(-2.767338133275,-0.841279136536));
#1505 = CARTESIAN_POINT('',(-2.849020045745,-0.862408474077));
#1506 = CARTESIAN_POINT('',(-2.930992344721,-0.88361231958));
#1507 = CARTESIAN_POINT('',(-3.013272735718,-0.90489517427));
#1508 = CARTESIAN_POINT('',(-3.174386641406,-0.946568477562));
#1509 = CARTESIAN_POINT('',(-3.25321114445,-0.966956636445));
#1510 = CARTESIAN_POINT('',(-3.332299699727,-0.987412915675));
#1511 = CARTESIAN_POINT('',(-3.411665010601,-1.007941132452));
#1512 = CARTESIAN_POINT('',(-3.491322540617,-1.028545583147));
#1513 = CARTESIAN_POINT('',(-3.647882340082,-1.069042971558));
#1514 = CARTESIAN_POINT('',(-3.724778359056,-1.088934244389));
#1515 = CARTESIAN_POINT('',(-3.801930654528,-1.108892330204));
#1516 = CARTESIAN_POINT('',(-3.879350758317,-1.128919894166));
#1517 = CARTESIAN_POINT('',(-3.957052547937,-1.149020087491));
#1518 = CARTESIAN_POINT('',(-4.109717231103,-1.188511097487));
#1519 = CARTESIAN_POINT('',(-4.184672294295,-1.20789992402));
#1520 = CARTESIAN_POINT('',(-4.259875595091,-1.22735236739));
#1521 = CARTESIAN_POINT('',(-4.33533746799,-1.24687107705));
#1522 = CARTESIAN_POINT('',(-4.41107035402,-1.266459565083));
#1523 = CARTESIAN_POINT('',(-4.559822240004,-1.304934522352));
#1524 = CARTESIAN_POINT('',(-4.632832104429,-1.323818632444));
#1525 = CARTESIAN_POINT('',(-4.70608188777,-1.342765017798));
#1526 = CARTESIAN_POINT('',(-4.779580916872,-1.361776367712));
#1527 = CARTESIAN_POINT('',(-4.853340375351,-1.380855586836));
#1528 = CARTESIAN_POINT('',(-4.927350539596,-1.4));
#1529 = ( GEOMETRIC_REPRESENTATION_CONTEXT(2) 
PARAMETRIC_REPRESENTATION_CONTEXT() REPRESENTATION_CONTEXT('2D SPACE',''
  ) );
#1530 = PCURVE('',#1531,#1664);
#1531 = B_SPLINE_SURFACE_WITH_KNOTS('',1,9,(
    (#1532,#1533,#1534,#1535,#1536,#1537,#1538,#1539,#1540,#1541,#1542
      ,#1543,#1544,#1545,#1546,#1547,#1548,#1549,#1550,#1551,#1552,#1553
      ,#1554,#1555,#1556,#1557,#1558,#1559,#1560,#1561,#1562,#1563,#1564
      ,#1565,#1566,#1567,#1568,#1569,#1570,#1571,#1572,#1573,#1574,#1575
      ,#1576,#1577,#1578,#1579,#1580,#1581,#1582,#1583,#1584,#1585,#1586
      ,#1587,#1588,#1589,#1590,#1591,#1592,#1593,#1594,#1595,#1596,#1597
      )
    ,(#1598,#1599,#1600,#1601,#1602,#1603,#1604,#1605,#1606,#1607,#1608
      ,#1609,#1610,#1611,#1612,#1613,#1614,#1615,#1616,#1617,#1618,#1619
      ,#1620,#1621,#1622,#1623,#1624,#1625,#1626,#1627,#1628,#1629,#1630
      ,#1631,#1632,#1633,#1634,#1635,#1636,#1637,#1638,#1639,#1640,#1641
      ,#1642,#1643,#1644,#1645,#1646,#1647,#1648,#1649,#1650,#1651,#1652
      ,#1653,#1654,#1655,#1656,#1657,#1658,#1659,#1660,#1661,#1662,#1663
      )),.UNSPECIFIED.,.F.,.F.,.F.,(2,2),(10,8,8,8,8,8,8,8,10),(0.,
    1.30862523283),(0.,4.641762960311,9.283525920622,13.925288880933,
    18.567051841244,23.208814801555,27.850577761866,32.492340722176,
    37.134103682487),.UNSPECIFIED.);
#1532 = CARTESIAN_POINT('',(5.4,-8.881784197001E-16,-4.2));
#1533 = CARTESIAN_POINT('',(5.40000355012,2.513274850803,-3.97777923093)
  );
#1534 = CARTESIAN_POINT('',(4.083918560313,5.026855167392,
    -3.755551066373));
#1535 = CARTESIAN_POINT('',(1.452787999458,6.750624352514,
    -3.533343528944));
#1536 = CARTESIAN_POINT('',(-1.947354827402,6.908510071768,
    -3.31109681482));
#1537 = CARTESIAN_POINT('',(-5.009261328751,5.140683639567,
    -3.088903380058));
#1538 = CARTESIAN_POINT('',(-6.572599929319,2.117188460181,
    -2.866657081584));
#1539 = CARTESIAN_POINT('',(-6.395350846603,-1.023365386537,
    -2.644448902545));
#1540 = CARTESIAN_POINT('',(-4.876558759716,-3.419897982064,
    -2.422221356774));
#1541 = CARTESIAN_POINT('',(-0.52344158903,-5.933177059026,
    -1.977778950379));
#1542 = CARTESIAN_POINT('',(2.311424541834,-6.050205689654,
    -1.75555146633));
#1543 = CARTESIAN_POINT('',(5.119818696865,-4.633462483827,
    -1.533343074562));
#1544 = CARTESIAN_POINT('',(6.956622169184,-1.767797199891,
    -1.311097227861));
#1545 = CARTESIAN_POINT('',(6.956593626207,1.767806402718,
    -1.088903083117));
#1546 = CARTESIAN_POINT('',(5.119838770698,4.633443916614,
    -0.866657244591));
#1547 = CARTESIAN_POINT('',(2.311415071983,6.050219130593,
    -0.644448840208));
#1548 = CARTESIAN_POINT('',(-0.523439164069,5.933172734425,
    -0.42222136832));
#1549 = CARTESIAN_POINT('',(-4.876561257495,3.419902255216,
    2.222105513269E-02));
#1550 = CARTESIAN_POINT('',(-6.395344105197,1.023350455269,
    0.244448525812));
#1551 = CARTESIAN_POINT('',(-6.572605556779,-2.117161792579,
    0.466656934366));
#1552 = CARTESIAN_POINT('',(-5.009268377641,-5.14071294106,
    0.688902764023));
#1553 = CARTESIAN_POINT('',(-1.947331552763,-6.908489992549,
    0.911096922719));
#1554 = CARTESIAN_POINT('',(1.45276074982,-6.750632404098,1.133342752206
    ));
#1555 = CARTESIAN_POINT('',(4.083935930952,-5.026853733614,
    1.355551161017));
#1556 = CARTESIAN_POINT('',(5.39999789483,-2.513274754295,1.577778631454
    ));
#1557 = CARTESIAN_POINT('',(5.400002860348,2.513274804733,2.02222105524)
  );
#1558 = CARTESIAN_POINT('',(4.083919543657,5.026855233071,2.24444852566)
  );
#1559 = CARTESIAN_POINT('',(1.4527868823,6.750624277894,2.466656934537)
  );
#1560 = CARTESIAN_POINT('',(-1.947353811888,6.908510139603,2.68890276387
    ));
#1561 = CARTESIAN_POINT('',(-5.009262058823,5.140683590795,
    2.911096922827));
#1562 = CARTESIAN_POINT('',(-6.572599528541,2.117188486958,
    3.133342752147));
#1563 = CARTESIAN_POINT('',(-6.395350999869,-1.023365396779,
    3.355551161038));
#1564 = CARTESIAN_POINT('',(-4.876558731329,-3.419897980166,
    3.57777863145));
#1565 = CARTESIAN_POINT('',(-0.523441602582,-5.933177059933,
    4.022221055242));
#1566 = CARTESIAN_POINT('',(2.311424561157,-6.050205688359,
    4.244448525659));
#1567 = CARTESIAN_POINT('',(5.119818674908,-4.633462485297,
    4.466656934535));
#1568 = CARTESIAN_POINT('',(6.956622189151,-1.76779719856,4.688902763875
    ));
#1569 = CARTESIAN_POINT('',(6.956593611847,1.76780640177,4.911096922819)
  );
#1570 = CARTESIAN_POINT('',(5.119838778586,4.633443917125,5.133342752155
    ));
#1571 = CARTESIAN_POINT('',(2.311415068963,6.050219130405,5.355551161033
    ));
#1572 = CARTESIAN_POINT('',(-0.523439163507,5.933172734454,
    5.577778631453));
#1573 = CARTESIAN_POINT('',(-4.876561257769,3.419902255213,
    6.022221055236));
#1574 = CARTESIAN_POINT('',(-6.395344104785,1.023350455221,
    6.244448525691));
#1575 = CARTESIAN_POINT('',(-6.572605557282,-2.117161792432,
    6.466656934459));
#1576 = CARTESIAN_POINT('',(-5.009268377133,-5.140712941329,
    6.688902764007));
#1577 = CARTESIAN_POINT('',(-1.947331553202,-6.908489992186,
    6.911096922644));
#1578 = CARTESIAN_POINT('',(1.452760750153,-6.750632404482,7.13334275234
    ));
#1579 = CARTESIAN_POINT('',(4.083935930724,-5.026853733285,
    7.355551160875));
#1580 = CARTESIAN_POINT('',(5.399997894969,-2.513274754523,
    7.577778631561));
#1581 = CARTESIAN_POINT('',(5.400002860066,2.513274805212,8.022221055011
    ));
#1582 = CARTESIAN_POINT('',(4.083919545166,5.026855230483,8.244448526903
    ));
#1583 = CARTESIAN_POINT('',(1.45278687837,6.750624284666,8.466656931283)
  );
#1584 = CARTESIAN_POINT('',(-1.947353804748,6.908510127266,
    8.688902769803));
#1585 = CARTESIAN_POINT('',(-5.009262068736,5.140683607952,
    8.911096914568));
#1586 = CARTESIAN_POINT('',(-6.572599517649,2.117188468091,
    9.133342761239));
#1587 = CARTESIAN_POINT('',(-6.395351009449,-1.02336538018,
    9.355551153031));
#1588 = CARTESIAN_POINT('',(-4.87655872461,-3.419897991804,
    9.577778637068));
#1589 = CARTESIAN_POINT('',(-0.523441616657,-5.933177035557,
    10.02222104347));
#1590 = CARTESIAN_POINT('',(2.31142463715,-6.050205819944,
    10.244448589226));
#1591 = CARTESIAN_POINT('',(5.119818476179,-4.633462141244,10.4666567683
    ));
#1592 = CARTESIAN_POINT('',(6.956622551187,-1.767797825263,
    10.688903066715));
#1593 = CARTESIAN_POINT('',(6.956593108224,1.767807273472,
    10.911096501553));
#1594 = CARTESIAN_POINT('',(5.119839332653,4.633442958185,
    11.133343215604));
#1595 = CARTESIAN_POINT('',(2.311414581238,6.050219974484,
    11.355550753084));
#1596 = CARTESIAN_POINT('',(-0.523438821379,5.933172142364,
    11.577778917616));
#1597 = CARTESIAN_POINT('',(-2.700000397926,4.676537818954,
    11.799999686694));
#1598 = CARTESIAN_POINT('',(6.35,2.6645352591E-15,-3.3));
#1599 = CARTESIAN_POINT('',(6.350000889041,2.955423786908,
    -3.077776469941));
#1600 = CARTESIAN_POINT('',(4.802394168882,5.911211825834,
    -2.855559595821));
#1601 = CARTESIAN_POINT('',(1.70835664653,7.938231900047,-2.633324157278
    ));
#1602 = CARTESIAN_POINT('',(-2.289930214959,8.123890830024,
    -2.411123977785));
#1603 = CARTESIAN_POINT('',(-5.890529047776,6.045075600905,
    -2.18887584682));
#1604 = CARTESIAN_POINT('',(-7.728887273771,2.489642662595,
    -1.966675293255));
#1605 = CARTESIAN_POINT('',(-7.520458486319,-1.203393359984,
    -1.744440432147));
#1606 = CARTESIAN_POINT('',(-5.734471845319,-4.021548940851,
    -1.522223001127));
#1607 = CARTESIAN_POINT('',(-0.61552826518,-6.976973838882,
    -1.077776722436));
#1608 = CARTESIAN_POINT('',(2.718062379997,-7.114601459651,
    -0.85555923586));
#1609 = CARTESIAN_POINT('',(6.020532326773,-5.448595980269,
    -0.633324566223));
#1610 = CARTESIAN_POINT('',(8.18046079526,-2.078807879924,
    -0.411123606047));
#1611 = CARTESIAN_POINT('',(8.180453668893,2.078810143282,
    -0.188876114069));
#1612 = CARTESIAN_POINT('',(6.020537370397,5.44859131028,
    3.332485345285E-02));
#1613 = CARTESIAN_POINT('',(2.718060045093,7.114604808033,0.255559511749
    ));
#1614 = CARTESIAN_POINT('',(-0.615527626833,6.976972760057,
    0.477777009264));
#1615 = CARTESIAN_POINT('',(-5.734472451439,4.021550036556,
    0.922223272603));
#1616 = CARTESIAN_POINT('',(-7.520456794683,1.203389655799,
    1.144440771212));
#1617 = CARTESIAN_POINT('',(-7.728888694052,-2.489635944751,
    1.366675425743));
#1618 = CARTESIAN_POINT('',(-5.890530834143,-6.045082927401,
    1.588876401257));
#1619 = CARTESIAN_POINT('',(-2.289924438628,-8.123885760505,
    1.81112388068));
#1620 = CARTESIAN_POINT('',(1.708349803196,-7.938233963918,
    2.033324856336));
#1621 = CARTESIAN_POINT('',(4.802398479536,-5.911211451474,
    2.255559510647));
#1622 = CARTESIAN_POINT('',(6.349999465057,-2.955423818572,
    2.477777009468));
#1623 = CARTESIAN_POINT('',(6.350000720006,2.955423802023,2.922223272506
    ));
#1624 = CARTESIAN_POINT('',(4.802394409859,5.911211804286,3.14444077135)
  );
#1625 = CARTESIAN_POINT('',(1.70835637276,7.938231924527,3.366675425586)
  );
#1626 = CARTESIAN_POINT('',(-2.289929966097,8.123890807774,
    3.588876401399));
#1627 = CARTESIAN_POINT('',(-5.890529226688,6.045075616899,
    3.811123880578));
#1628 = CARTESIAN_POINT('',(-7.728887175555,2.489642653816,
    4.033324856391));
#1629 = CARTESIAN_POINT('',(-7.520458523879,-1.203393356627,
    4.255559510626));
#1630 = CARTESIAN_POINT('',(-5.734471838362,-4.021548941473,
    4.477777009472));
#1631 = CARTESIAN_POINT('',(-0.615528268501,-6.976973838586,
    4.922223272505));
#1632 = CARTESIAN_POINT('',(2.718062384732,-7.114601460074,
    5.144440771351));
#1633 = CARTESIAN_POINT('',(6.020532321393,-5.44859597979,5.366675425586
    ));
#1634 = CARTESIAN_POINT('',(8.180460800152,-2.078807880361,
    5.588876401397));
#1635 = CARTESIAN_POINT('',(8.180453665375,2.078810143599,5.811123880581
    ));
#1636 = CARTESIAN_POINT('',(6.02053737233,5.448591310104,6.033324856387)
  );
#1637 = CARTESIAN_POINT('',(2.718060044353,7.114604808103,6.255559510629
    ));
#1638 = CARTESIAN_POINT('',(-0.615527626696,6.976972760043,6.47777700947
    ));
#1639 = CARTESIAN_POINT('',(-5.734472451505,4.021550036566,
    6.922223272509));
#1640 = CARTESIAN_POINT('',(-7.520456794586,1.20338965577,7.144440771327
    ));
#1641 = CARTESIAN_POINT('',(-7.728888694165,-2.489635944692,
    7.366675425646));
#1642 = CARTESIAN_POINT('',(-5.890530834034,-6.045082927492,
    7.588876401289));
#1643 = CARTESIAN_POINT('',(-2.289924438717,-8.123885760394,
    7.81112388073));
#1644 = CARTESIAN_POINT('',(1.708349803261,-7.93823396403,8.033324856225
    ));
#1645 = CARTESIAN_POINT('',(4.802398479493,-5.911211451381,8.25555951077
    ));
#1646 = CARTESIAN_POINT('',(6.349999465083,-2.955423818635,
    8.477777009372));
#1647 = CARTESIAN_POINT('',(6.350000719953,2.955423802156,8.922223272712
    ));
#1648 = CARTESIAN_POINT('',(4.802394410143,5.911211803566,9.14444077023)
  );
#1649 = CARTESIAN_POINT('',(1.708356372022,7.93823192641,9.366675428519)
  );
#1650 = CARTESIAN_POINT('',(-2.289929964758,8.123890804346,
    9.588876396052));
#1651 = CARTESIAN_POINT('',(-5.890529228546,6.045075621664,9.81112388802
    ));
#1652 = CARTESIAN_POINT('',(-7.728887173514,2.489642648579,
    10.033324848201));
#1653 = CARTESIAN_POINT('',(-7.520458525674,-1.203393352021,
    10.255559517836));
#1654 = CARTESIAN_POINT('',(-5.734471837103,-4.021548944702,
    10.477777004414));
#1655 = CARTESIAN_POINT('',(-0.61552827114,-6.976973831822,
    10.922223283102));
#1656 = CARTESIAN_POINT('',(2.718062398981,-7.114601496582,
    11.144440714131));
#1657 = CARTESIAN_POINT('',(6.020532284126,-5.44859588433,11.36667557522
    ));
#1658 = CARTESIAN_POINT('',(8.180460868048,-2.078808054245,
    11.58887612881));
#1659 = CARTESIAN_POINT('',(8.18045357092,2.078810385465,11.81112425975)
  );
#1660 = CARTESIAN_POINT('',(6.02053747625,5.448591044029,12.033324439263
    ));
#1661 = CARTESIAN_POINT('',(2.718059952873,7.114605042311,
    12.255559877792));
#1662 = CARTESIAN_POINT('',(-0.615527562524,6.976972595753,
    12.47777675192));
#1663 = CARTESIAN_POINT('',(-3.17500007423,5.499261488239,
    12.700000281976));
#1664 = DEFINITIONAL_REPRESENTATION('',(#1665),#1708);
#1665 = B_SPLINE_CURVE_WITH_KNOTS('',6,(#1666,#1667,#1668,#1669,#1670,
    #1671,#1672,#1673,#1674,#1675,#1676,#1677,#1678,#1679,#1680,#1681,
    #1682,#1683,#1684,#1685,#1686,#1687,#1688,#1689,#1690,#1691,#1692,
    #1693,#1694,#1695,#1696,#1697,#1698,#1699,#1700,#1701,#1702,#1703,
    #1704,#1705,#1706,#1707),.UNSPECIFIED.,.F.,.F.,(7,5,5,5,5,5,5,5,7),(
    0.,0.147514973088,0.287115390745,0.42111840767,0.547704104705,
    0.668117429069,0.783546105952,0.894125379922,1.),.UNSPECIFIED.);
#1666 = CARTESIAN_POINT('',(1.30862523283,8.104519357147));
#1667 = CARTESIAN_POINT('',(1.280173134587,8.203629168517));
#1668 = CARTESIAN_POINT('',(1.251610148474,8.303123376648));
#1669 = CARTESIAN_POINT('',(1.222946439656,8.402964500259));
#1670 = CARTESIAN_POINT('',(1.194174640645,8.503177564533));
#1671 = CARTESIAN_POINT('',(1.165287801396,8.60379303081));
#1672 = CARTESIAN_POINT('',(1.108860580797,8.800339204818));
#1673 = CARTESIAN_POINT('',(1.081321736735,8.896264576995));
#1674 = CARTESIAN_POINT('',(1.053688630912,8.992519924174));
#1675 = CARTESIAN_POINT('',(1.025956361967,9.08912576752));
#1676 = CARTESIAN_POINT('',(0.998109962044,9.186106929438));
#1677 = CARTESIAN_POINT('',(0.943343651055,9.376867830422));
#1678 = CARTESIAN_POINT('',(0.916424706386,9.470644788658));
#1679 = CARTESIAN_POINT('',(0.889407142336,9.564745989664));
#1680 = CARTESIAN_POINT('',(0.862292069708,9.659189972479));
#1681 = CARTESIAN_POINT('',(0.835072512304,9.753999552771));
#1682 = CARTESIAN_POINT('',(0.781951648965,9.939031645481));
#1683 = CARTESIAN_POINT('',(0.756053742952,10.029241872931));
#1684 = CARTESIAN_POINT('',(0.730068666945,10.119757264336));
#1685 = CARTESIAN_POINT('',(0.703990694713,10.210593864956));
#1686 = CARTESIAN_POINT('',(0.677813893328,10.301771588409));
#1687 = CARTESIAN_POINT('',(0.626555791982,10.480307257691));
#1688 = CARTESIAN_POINT('',(0.601477412276,10.567655227938));
#1689 = CARTESIAN_POINT('',(0.576314699003,10.655295907449));
#1690 = CARTESIAN_POINT('',(0.551064282793,10.743243530691));
#1691 = CARTESIAN_POINT('',(0.525721712088,10.831515175299));
#1692 = CARTESIAN_POINT('',(0.475914696871,11.005005482387));
#1693 = CARTESIAN_POINT('',(0.451452177387,11.090217208296));
#1694 = CARTESIAN_POINT('',(0.426908866376,11.175712957018));
#1695 = CARTESIAN_POINT('',(0.402280709238,11.26150538878));
#1696 = CARTESIAN_POINT('',(0.377562666126,11.347609863055));
#1697 = CARTESIAN_POINT('',(0.328996687506,11.516783596522));
#1698 = CARTESIAN_POINT('',(0.30515129063,11.599844184428));
#1699 = CARTESIAN_POINT('',(0.281226079343,11.683179820079));
#1700 = CARTESIAN_POINT('',(0.257217677885,11.766802038403));
#1701 = CARTESIAN_POINT('',(0.23312252191,11.850724676012));
#1702 = CARTESIAN_POINT('',(0.185795463396,12.015562734985));
#1703 = CARTESIAN_POINT('',(0.162566476922,12.096468027384));
#1704 = CARTESIAN_POINT('',(0.139261440115,12.177639234232));
#1705 = CARTESIAN_POINT('',(0.115877832202,12.259086625977));
#1706 = CARTESIAN_POINT('',(9.241218724297E-02,12.340822472266));
#1707 = CARTESIAN_POINT('',(6.886738579022E-02,12.422835976884));
#1708 = ( GEOMETRIC_REPRESENTATION_CONTEXT(2) 
PARAMETRIC_REPRESENTATION_CONTEXT() REPRESENTATION_CONTEXT('2D SPACE',''
  ) );
#1709 = ORIENTED_EDGE('',*,*,#1710,.F.);
#1710 = EDGE_CURVE('',#1037,#1438,#1711,.T.);
#1711 = SURFACE_CURVE('',#1712,(#1740,#1771),.PCURVE_S1.);
#1712 = B_SPLINE_CURVE_WITH_KNOTS('',6,(#1713,#1714,#1715,#1716,#1717,
    #1718,#1719,#1720,#1721,#1722,#1723,#1724,#1725,#1726,#1727,#1728,
    #1729,#1730,#1731,#1732,#1733,#1734,#1735,#1736,#1737,#1738,#1739),
  .UNSPECIFIED.,.F.,.F.,(7,5,5,5,5,7),(0.,0.151234513,0.186598550079,
    0.219523407426,0.609740702712,1.),.UNSPECIFIED.);
#1713 = CARTESIAN_POINT('',(6.349991996684,-6.862537870447E-16,
    0.192008963713));
#1714 = CARTESIAN_POINT('',(6.349992000554,0.164927127021,0.192008959379
    ));
#1715 = CARTESIAN_POINT('',(6.344851788967,0.329854481255,0.192008799327
    ));
#1716 = CARTESIAN_POINT('',(6.334571380949,0.494581286162,0.19200848404)
  );
#1717 = CARTESIAN_POINT('',(6.319161164646,0.658907574051,0.192008020908
    ));
#1718 = CARTESIAN_POINT('',(6.29864189733,0.822634186081,0.192007424239)
  );
#1719 = CARTESIAN_POINT('',(6.267059166597,1.023661301817,0.19200654946)
  );
#1720 = CARTESIAN_POINT('',(6.260795969623,1.061716209084,0.192006377517
    ));
#1721 = CARTESIAN_POINT('',(6.25425551171,1.099724964257,0.192006199681)
  );
#1722 = CARTESIAN_POINT('',(6.247438220716,1.137685042906,0.192006016228
    ));
#1723 = CARTESIAN_POINT('',(6.240344555118,1.175593925975,0.192005827449
    ));
#1724 = CARTESIAN_POINT('',(6.226113756293,1.248693271566,0.192005453222
    ));
#1725 = CARTESIAN_POINT('',(6.219013368088,1.283890887856,0.19200526844)
  );
#1726 = CARTESIAN_POINT('',(6.211674234108,1.3190399201,0.192005079555)
  );
#1727 = CARTESIAN_POINT('',(6.204096771916,1.354138344586,0.19200488682)
  );
#1728 = CARTESIAN_POINT('',(6.196281421926,1.389184142449,0.192004690502
    ));
#1729 = CARTESIAN_POINT('',(6.092789148286,1.838881871812,0.192002124916
    ));
#1730 = CARTESIAN_POINT('',(5.96399420476,2.245938609696,0.191999294791)
  );
#1731 = CARTESIAN_POINT('',(5.80262041476,2.641935673816,0.191996446142)
  );
#1732 = CARTESIAN_POINT('',(5.60990156062,3.023661603622,0.191994205495)
  );
#1733 = CARTESIAN_POINT('',(5.387449000495,3.388076704358,0.191992938177
    ));
#1734 = CARTESIAN_POINT('',(4.887173098724,4.076672114309,0.191992325212
    ));
#1735 = CARTESIAN_POINT('',(4.60931343077,4.400889888935,0.191992979738)
  );
#1736 = CARTESIAN_POINT('',(4.305795750108,4.702174315491,0.191994597064
    ));
#1737 = CARTESIAN_POINT('',(3.979013777285,4.978052662212,0.191996803133
    ));
#1738 = CARTESIAN_POINT('',(3.63164147786,5.226358358659,0.191998945645)
  );
#1739 = CARTESIAN_POINT('',(3.266682875813,5.445298487446,0.192000650084
    ));
#1740 = PCURVE('',#555,#1741);
#1741 = DEFINITIONAL_REPRESENTATION('',(#1742),#1770);
#1742 = B_SPLINE_CURVE_WITH_KNOTS('',6,(#1743,#1744,#1745,#1746,#1747,
    #1748,#1749,#1750,#1751,#1752,#1753,#1754,#1755,#1756,#1757,#1758,
    #1759,#1760,#1761,#1762,#1763,#1764,#1765,#1766,#1767,#1768,#1769),
  .UNSPECIFIED.,.F.,.F.,(7,5,5,5,5,7),(0.,0.151234513,0.186598550079,
    0.219523407426,0.609740702712,1.),.UNSPECIFIED.);
#1743 = CARTESIAN_POINT('',(0.,-0.392008963713));
#1744 = CARTESIAN_POINT('',(-2.597280864405E-02,-0.392008959379));
#1745 = CARTESIAN_POINT('',(-5.194562758123E-02,-0.392008799327));
#1746 = CARTESIAN_POINT('',(-7.791844986697E-02,-0.39200848404));
#1747 = CARTESIAN_POINT('',(-0.103891268732,-0.392008020908));
#1748 = CARTESIAN_POINT('',(-0.12986407758,-0.392007424239));
#1749 = CARTESIAN_POINT('',(-0.161910237611,-0.39200654946));
#1750 = CARTESIAN_POINT('',(-0.167983604996,-0.392006377517));
#1751 = CARTESIAN_POINT('',(-0.174056972138,-0.392006199681));
#1752 = CARTESIAN_POINT('',(-0.180130339029,-0.392006016228));
#1753 = CARTESIAN_POINT('',(-0.186203705661,-0.392005827449));
#1754 = CARTESIAN_POINT('',(-0.197931537345,-0.392005453222));
#1755 = CARTESIAN_POINT('',(-0.203586002446,-0.39200526844));
#1756 = CARTESIAN_POINT('',(-0.209240467324,-0.392005079555));
#1757 = CARTESIAN_POINT('',(-0.214894931975,-0.39200488682));
#1758 = CARTESIAN_POINT('',(-0.220549396394,-0.392004690502));
#1759 = CARTESIAN_POINT('',(-0.293219176589,-0.392002124916));
#1760 = CARTESIAN_POINT('',(-0.360238493825,-0.391999294791));
#1761 = CARTESIAN_POINT('',(-0.427253075396,-0.391996446142));
#1762 = CARTESIAN_POINT('',(-0.494267624122,-0.391994205495));
#1763 = CARTESIAN_POINT('',(-0.561286877652,-0.391992938177));
#1764 = CARTESIAN_POINT('',(-0.695324563376,-0.391992325212));
#1765 = CARTESIAN_POINT('',(-0.762351053018,-0.391992979738));
#1766 = CARTESIAN_POINT('',(-0.829372855112,-0.391994597064));
#1767 = CARTESIAN_POINT('',(-0.896394701607,-0.391996803133));
#1768 = CARTESIAN_POINT('',(-0.963421279432,-0.391998945645));
#1769 = CARTESIAN_POINT('',(-1.030443834762,-0.392000650084));
#1770 = ( GEOMETRIC_REPRESENTATION_CONTEXT(2) 
PARAMETRIC_REPRESENTATION_CONTEXT() REPRESENTATION_CONTEXT('2D SPACE',''
  ) );
#1771 = PCURVE('',#1076,#1772);
#1772 = DEFINITIONAL_REPRESENTATION('',(#1773),#1801);
#1773 = B_SPLINE_CURVE_WITH_KNOTS('',6,(#1774,#1775,#1776,#1777,#1778,
    #1779,#1780,#1781,#1782,#1783,#1784,#1785,#1786,#1787,#1788,#1789,
    #1790,#1791,#1792,#1793,#1794,#1795,#1796,#1797,#1798,#1799,#1800),
  .UNSPECIFIED.,.F.,.F.,(7,5,5,5,5,7),(0.,0.151234513,0.186598550079,
    0.219523407426,0.609740702712,1.),.UNSPECIFIED.);
#1774 = CARTESIAN_POINT('',(0.492008820965,6.962644444549));
#1775 = CARTESIAN_POINT('',(0.479607720056,6.991425914445));
#1776 = CARTESIAN_POINT('',(0.467206458557,7.020207395652));
#1777 = CARTESIAN_POINT('',(0.454805039258,7.048988882965));
#1778 = CARTESIAN_POINT('',(0.442403471917,7.077770371032));
#1779 = CARTESIAN_POINT('',(0.430001773266,7.10655185436));
#1780 = CARTESIAN_POINT('',(0.414699981228,7.142063464874));
#1781 = CARTESIAN_POINT('',(0.411799989238,7.148793602603));
#1782 = CARTESIAN_POINT('',(0.408899991294,7.155523740505));
#1783 = CARTESIAN_POINT('',(0.405999987671,7.162253878585));
#1784 = CARTESIAN_POINT('',(0.403099978659,7.168984016848));
#1785 = CARTESIAN_POINT('',(0.397499974453,7.181980092856));
#1786 = CARTESIAN_POINT('',(0.394799979929,7.188246030593));
#1787 = CARTESIAN_POINT('',(0.392099981239,7.194511968507));
#1788 = CARTESIAN_POINT('',(0.389399978637,7.200777906599));
#1789 = CARTESIAN_POINT('',(0.386699972389,7.207043844871));
#1790 = CARTESIAN_POINT('',(0.352000114126,7.287572141655));
#1791 = CARTESIAN_POINT('',(0.3199978664,7.361838995577));
#1792 = CARTESIAN_POINT('',(0.287997834752,7.436100669505));
#1793 = CARTESIAN_POINT('',(0.25599841352,7.51036234416));
#1794 = CARTESIAN_POINT('',(0.223997737544,7.584629194026));
#1795 = CARTESIAN_POINT('',(0.159998776499,7.733161806784));
#1796 = CARTESIAN_POINT('',(0.127996644587,7.807436498147));
#1797 = CARTESIAN_POINT('',(9.59977723274E-02,7.881705856773));
#1798 = CARTESIAN_POINT('',(6.399953924357E-02,7.955975092323));
#1799 = CARTESIAN_POINT('',(3.199902811309E-02,8.030249458376));
#1800 = CARTESIAN_POINT('',(0.,8.104519357147));
#1801 = ( GEOMETRIC_REPRESENTATION_CONTEXT(2) 
PARAMETRIC_REPRESENTATION_CONTEXT() REPRESENTATION_CONTEXT('2D SPACE',''
  ) );
#1802 = ORIENTED_EDGE('',*,*,#1036,.F.);
#1803 = ADVANCED_FACE('',(#1804),#797,.F.);
#1804 = FACE_BOUND('',#1805,.F.);
#1805 = EDGE_LOOP('',(#1806,#1837,#1977,#1995,#1996,#1997,#2047,#2112));
#1806 = ORIENTED_EDGE('',*,*,#1807,.T.);
#1807 = EDGE_CURVE('',#1808,#1810,#1812,.T.);
#1808 = VERTEX_POINT('',#1809);
#1809 = CARTESIAN_POINT('',(-3.015742680056E-02,5.449933537857,
    8.599999996871));
#1810 = VERTEX_POINT('',#1811);
#1811 = CARTESIAN_POINT('',(-5.416925019005,0.59951907491,8.6));
#1812 = SURFACE_CURVE('',#1813,(#1818,#1825),.PCURVE_S1.);
#1813 = CIRCLE('',#1814,5.45);
#1814 = AXIS2_PLACEMENT_3D('',#1815,#1816,#1817);
#1815 = CARTESIAN_POINT('',(0.,0.,8.6));
#1816 = DIRECTION('',(0.,0.,1.));
#1817 = DIRECTION('',(1.,0.,0.));
#1818 = PCURVE('',#797,#1819);
#1819 = DEFINITIONAL_REPRESENTATION('',(#1820),#1824);
#1820 = LINE('',#1821,#1822);
#1821 = CARTESIAN_POINT('',(0.,0.));
#1822 = VECTOR('',#1823,1.);
#1823 = DIRECTION('',(1.,0.));
#1824 = ( GEOMETRIC_REPRESENTATION_CONTEXT(2) 
PARAMETRIC_REPRESENTATION_CONTEXT() REPRESENTATION_CONTEXT('2D SPACE',''
  ) );
#1825 = PCURVE('',#1826,#1831);
#1826 = CYLINDRICAL_SURFACE('',#1827,5.45);
#1827 = AXIS2_PLACEMENT_3D('',#1828,#1829,#1830);
#1828 = CARTESIAN_POINT('',(0.,0.,-0.2));
#1829 = DIRECTION('',(-0.,-0.,-1.));
#1830 = DIRECTION('',(1.,0.,0.));
#1831 = DEFINITIONAL_REPRESENTATION('',(#1832),#1836);
#1832 = LINE('',#1833,#1834);
#1833 = CARTESIAN_POINT('',(-0.,-8.8));
#1834 = VECTOR('',#1835,1.);
#1835 = DIRECTION('',(-1.,0.));
#1836 = ( GEOMETRIC_REPRESENTATION_CONTEXT(2) 
PARAMETRIC_REPRESENTATION_CONTEXT() REPRESENTATION_CONTEXT('2D SPACE',''
  ) );
#1837 = ORIENTED_EDGE('',*,*,#1838,.T.);
#1838 = EDGE_CURVE('',#1810,#1839,#1841,.T.);
#1839 = VERTEX_POINT('',#1840);
#1840 = CARTESIAN_POINT('',(6.147069912531,0.,9.49224948804));
#1841 = SURFACE_CURVE('',#1842,(#1885,#1931),.PCURVE_S1.);
#1842 = B_SPLINE_CURVE_WITH_KNOTS('',6,(#1843,#1844,#1845,#1846,#1847,
    #1848,#1849,#1850,#1851,#1852,#1853,#1854,#1855,#1856,#1857,#1858,
    #1859,#1860,#1861,#1862,#1863,#1864,#1865,#1866,#1867,#1868,#1869,
    #1870,#1871,#1872,#1873,#1874,#1875,#1876,#1877,#1878,#1879,#1880,
    #1881,#1882,#1883,#1884),.UNSPECIFIED.,.F.,.F.,(7,5,5,5,5,5,5,5,7),(
    0.,0.110460980866,0.223685920499,0.340984403468,0.462480932741,
    0.588264977799,0.71976671936,0.857172117534,1.),.UNSPECIFIED.);
#1843 = CARTESIAN_POINT('',(-5.416925039558,0.599519070433,8.6));
#1844 = CARTESIAN_POINT('',(-5.46844471532,0.257568504442,8.617396805654
    ));
#1845 = CARTESIAN_POINT('',(-5.493922013255,-8.840208816614E-02,
    8.634746668809));
#1846 = CARTESIAN_POINT('',(-5.493048681466,-0.435865333998,
    8.652048398615));
#1847 = CARTESIAN_POINT('',(-5.465859863278,-0.782330859256,
    8.669303330011));
#1848 = CARTESIAN_POINT('',(-5.412673911725,-1.125349949716,
    8.68651254574));
#1849 = CARTESIAN_POINT('',(-5.253620597922,-1.808132219413,
    8.721266165464));
#1850 = CARTESIAN_POINT('',(-5.146460639826,-2.147632072542,
    8.738809841944));
#1851 = CARTESIAN_POINT('',(-5.013328580068,-2.478437702275,
    8.756304244626));
#1852 = CARTESIAN_POINT('',(-4.85522742128,-2.798136309211,
    8.773750864444));
#1853 = CARTESIAN_POINT('',(-4.67342232922,-3.104467189271,
    8.791151156066));
#1854 = CARTESIAN_POINT('',(-4.258191831717,-3.696685914747,
    8.826480933337));
#1855 = CARTESIAN_POINT('',(-4.023122933345,-3.981472576625,
    8.844408759076));
#1856 = CARTESIAN_POINT('',(-3.765996596055,-4.247379598319,
    8.862286069154));
#1857 = CARTESIAN_POINT('',(-3.488802381836,-4.492394607454,
    8.880114798962));
#1858 = CARTESIAN_POINT('',(-3.193734160236,-4.71476913669,
    8.897896553552));
#1859 = CARTESIAN_POINT('',(-2.561589769336,-5.118443745086,
    8.933997644294));
#1860 = CARTESIAN_POINT('',(-2.223352169627,-5.298011853528,
    8.952315475377));
#1861 = CARTESIAN_POINT('',(-1.871193995477,-5.450147166851,
    8.970581601913));
#1862 = CARTESIAN_POINT('',(-1.50793914243,-5.573665294061,
    8.988797734629));
#1863 = CARTESIAN_POINT('',(-1.13650747497,-5.667736272502,
    9.006965199824));
#1864 = CARTESIAN_POINT('',(-0.370059486494,-5.798409314091,
    9.043838129533));
#1865 = CARTESIAN_POINT('',(2.537403061647E-02,-5.83287423653,
    9.062542214821));
#1866 = CARTESIAN_POINT('',(0.423015868035,-5.834854723496,
    9.081192123768));
#1867 = CARTESIAN_POINT('',(0.819557887667,-5.804368475502,
    9.099789691317));
#1868 = CARTESIAN_POINT('',(1.211747615222,-5.741832644768,
    9.118336717052));
#1869 = CARTESIAN_POINT('',(1.998535376904,-5.550165783072,
    9.156166678103));
#1870 = CARTESIAN_POINT('',(2.39248701316,-5.418123443813,9.175447337123
    ));
#1871 = CARTESIAN_POINT('',(2.774610960546,-5.252992305266,
    9.194671252897));
#1872 = CARTESIAN_POINT('',(3.141545044186,-5.056265748687,
    9.213841089922));
#1873 = CARTESIAN_POINT('',(3.490167778969,-4.829827728174,
    9.232959032534));
#1874 = CARTESIAN_POINT('',(4.15981879209,-4.310819634786,9.271942064238
    ));
#1875 = CARTESIAN_POINT('',(4.478957923515,-4.015696348984,9.29180517832
    ));
#1876 = CARTESIAN_POINT('',(4.77181245743,-3.693305858852,9.311609259685
    ));
#1877 = CARTESIAN_POINT('',(5.035666662541,-3.346696395221,
    9.331356566005));
#1878 = CARTESIAN_POINT('',(5.268236541953,-2.979206736445,
    9.351048837951));
#1879 = CARTESIAN_POINT('',(5.675144698609,-2.194653837481,
    9.391092575777));
#1880 = CARTESIAN_POINT('',(5.846857830909,-1.776138717466,
    9.411442789049));
#1881 = CARTESIAN_POINT('',(5.98088718493,-1.343098285642,9.431731012419
    ));
#1882 = CARTESIAN_POINT('',(6.075954772891,-0.899803617411,
    9.451960356953));
#1883 = CARTESIAN_POINT('',(6.131355921386,-0.450615468098,
    9.472135579368));
#1884 = CARTESIAN_POINT('',(6.147069912531,8.881784197001E-16,
    9.49224948804));
#1885 = PCURVE('',#797,#1886);
#1886 = DEFINITIONAL_REPRESENTATION('',(#1887),#1930);
#1887 = B_SPLINE_CURVE_WITH_KNOTS('',6,(#1888,#1889,#1890,#1891,#1892,
    #1893,#1894,#1895,#1896,#1897,#1898,#1899,#1900,#1901,#1902,#1903,
    #1904,#1905,#1906,#1907,#1908,#1909,#1910,#1911,#1912,#1913,#1914,
    #1915,#1916,#1917,#1918,#1919,#1920,#1921,#1922,#1923,#1924,#1925,
    #1926,#1927,#1928,#1929),.UNSPECIFIED.,.F.,.F.,(7,5,5,5,5,5,5,5,7),(
    0.,0.110460980866,0.223685920499,0.340984403468,0.462480932741,
    0.588264977799,0.71976671936,0.857172117534,1.),.UNSPECIFIED.);
#1888 = CARTESIAN_POINT('',(3.031366083075,0.));
#1889 = CARTESIAN_POINT('',(3.09476840986,1.739680562171E-02));
#1890 = CARTESIAN_POINT('',(3.157998740032,3.474666886821E-02));
#1891 = CARTESIAN_POINT('',(3.221052715705,5.204839843721E-02));
#1892 = CARTESIAN_POINT('',(3.283935729064,6.93033300642E-02));
#1893 = CARTESIAN_POINT('',(3.346652472997,8.651254580562E-02));
#1894 = CARTESIAN_POINT('',(3.473309089871,0.121266165529));
#1895 = CARTESIAN_POINT('',(3.537246353267,0.138809842111));
#1896 = CARTESIAN_POINT('',(3.601005359632,0.156304244633));
#1897 = CARTESIAN_POINT('',(3.66459175807,0.173750864603));
#1898 = CARTESIAN_POINT('',(3.728010439144,0.191151156102));
#1899 = CARTESIAN_POINT('',(3.856777693832,0.226480933374));
#1900 = CARTESIAN_POINT('',(3.922120255872,0.244408758993));
#1901 = CARTESIAN_POINT('',(3.987278671012,0.262286069152));
#1902 = CARTESIAN_POINT('',(4.052259100958,0.280114798866));
#1903 = CARTESIAN_POINT('',(4.117066851833,0.297896553463));
#1904 = CARTESIAN_POINT('',(4.248638529261,0.333997644205));
#1905 = CARTESIAN_POINT('',(4.3153968592,0.35231547528));
#1906 = CARTESIAN_POINT('',(4.381965033946,0.370581601903));
#1907 = CARTESIAN_POINT('',(4.44834977783,0.38879773455));
#1908 = CARTESIAN_POINT('',(4.514556890618,0.406965199849));
#1909 = CARTESIAN_POINT('',(4.648932692428,0.443838129557));
#1910 = CARTESIAN_POINT('',(4.717096392856,0.462542215026));
#1911 = CARTESIAN_POINT('',(4.785064001744,0.481192123524));
#1912 = CARTESIAN_POINT('',(4.852842884281,0.499789691412));
#1913 = CARTESIAN_POINT('',(4.920439360195,0.518336717052));
#1914 = CARTESIAN_POINT('',(5.058316751979,0.556166678103));
#1915 = CARTESIAN_POINT('',(5.12858947436,0.575447337123));
#1916 = CARTESIAN_POINT('',(5.198655924596,0.594671252897));
#1917 = CARTESIAN_POINT('',(5.268524482723,0.613841089922));
#1918 = CARTESIAN_POINT('',(5.338202274909,0.632959032534));
#1919 = CARTESIAN_POINT('',(5.480277880455,0.671942064238));
#1920 = CARTESIAN_POINT('',(5.552668361712,0.69180517832));
#1921 = CARTESIAN_POINT('',(5.624842138061,0.711609259685));
#1922 = CARTESIAN_POINT('',(5.69680871983,0.731356566005));
#1923 = CARTESIAN_POINT('',(5.768576243416,0.751048837951));
#1924 = CARTESIAN_POINT('',(5.914516310298,0.791092575777));
#1925 = CARTESIAN_POINT('',(5.988684465322,0.811442789047));
#1926 = CARTESIAN_POINT('',(6.062627583575,0.831731012424));
#1927 = CARTESIAN_POINT('',(6.136356362539,0.851960356947));
#1928 = CARTESIAN_POINT('',(6.209879573796,0.87213557937));
#1929 = CARTESIAN_POINT('',(6.28318530718,0.89224948804));
#1930 = ( GEOMETRIC_REPRESENTATION_CONTEXT(2) 
PARAMETRIC_REPRESENTATION_CONTEXT() REPRESENTATION_CONTEXT('2D SPACE',''
  ) );
#1931 = PCURVE('',#1240,#1932);
#1932 = DEFINITIONAL_REPRESENTATION('',(#1933),#1976);
#1933 = B_SPLINE_CURVE_WITH_KNOTS('',6,(#1934,#1935,#1936,#1937,#1938,
    #1939,#1940,#1941,#1942,#1943,#1944,#1945,#1946,#1947,#1948,#1949,
    #1950,#1951,#1952,#1953,#1954,#1955,#1956,#1957,#1958,#1959,#1960,
    #1961,#1962,#1963,#1964,#1965,#1966,#1967,#1968,#1969,#1970,#1971,
    #1972,#1973,#1974,#1975),.UNSPECIFIED.,.F.,.F.,(7,5,5,5,5,5,5,5,7),(
    0.,0.110460980866,0.223685920499,0.340984403468,0.462480932741,
    0.588264977799,0.71976671936,0.857172117534,1.),.UNSPECIFIED.);
#1934 = CARTESIAN_POINT('',(1.239746428563,24.247110283063));
#1935 = CARTESIAN_POINT('',(1.221025187228,24.31736857175));
#1936 = CARTESIAN_POINT('',(1.202355167955,24.387436144958));
#1937 = CARTESIAN_POINT('',(1.18373759964,24.457308279583));
#1938 = CARTESIAN_POINT('',(1.16517061504,24.526991048929));
#1939 = CARTESIAN_POINT('',(1.146652508386,24.596489697369));
#1940 = CARTESIAN_POINT('',(1.109254363309,24.736842627351));
#1941 = CARTESIAN_POINT('',(1.090375074817,24.807694023738));
#1942 = CARTESIAN_POINT('',(1.071547820241,24.878348007221));
#1943 = CARTESIAN_POINT('',(1.052770882704,24.948810780943));
#1944 = CARTESIAN_POINT('',(1.034043020331,25.019087703827));
#1945 = CARTESIAN_POINT('',(0.996016972744,25.161780087284));
#1946 = CARTESIAN_POINT('',(0.976720549002,25.234188884039));
#1947 = CARTESIAN_POINT('',(0.957478562639,25.306393551833));
#1948 = CARTESIAN_POINT('',(0.938289553371,25.378400911737));
#1949 = CARTESIAN_POINT('',(0.91915214675,25.450216881059));
#1950 = CARTESIAN_POINT('',(0.880300926817,25.596016526087));
#1951 = CARTESIAN_POINT('',(0.860588810535,25.669993999885));
#1952 = CARTESIAN_POINT('',(0.840933505789,25.743760790305));
#1953 = CARTESIAN_POINT('',(0.821332804968,25.817324390981));
#1954 = CARTESIAN_POINT('',(0.801784615244,25.890691221315));
#1955 = CARTESIAN_POINT('',(0.762108636598,26.039598653161));
#1956 = CARTESIAN_POINT('',(0.741982304117,26.115133728853));
#1957 = CARTESIAN_POINT('',(0.721913335969,26.19045150412));
#1958 = CARTESIAN_POINT('',(0.70189933612,26.265560063533));
#1959 = CARTESIAN_POINT('',(0.68193857235,26.340466349122));
#1960 = CARTESIAN_POINT('',(0.64122358958,26.493253373801));
#1961 = CARTESIAN_POINT('',(0.620471757215,26.571125020506));
#1962 = CARTESIAN_POINT('',(0.599780713939,26.648767943824));
#1963 = CARTESIAN_POINT('',(0.57914846713,26.72619150664));
#1964 = CARTESIAN_POINT('',(0.558573134598,26.803403780774));
#1965 = CARTESIAN_POINT('',(0.516620212154,26.960842904206));
#1966 = CARTESIAN_POINT('',(0.49524482767,27.041061649225));
#1967 = CARTESIAN_POINT('',(0.473933837301,27.121040600077));
#1968 = CARTESIAN_POINT('',(0.452683876798,27.200790368643));
#1969 = CARTESIAN_POINT('',(0.431492005396,27.280319699097));
#1970 = CARTESIAN_POINT('',(0.388397293474,27.442043128948));
#1971 = CARTESIAN_POINT('',(0.366495689881,27.524232350372));
#1972 = CARTESIAN_POINT('',(0.344660522403,27.606171664102));
#1973 = CARTESIAN_POINT('',(0.322889165538,27.687872505783));
#1974 = CARTESIAN_POINT('',(0.301182273012,27.769344794589));
#1975 = CARTESIAN_POINT('',(0.279536030702,27.850577763958));
#1976 = ( GEOMETRIC_REPRESENTATION_CONTEXT(2) 
PARAMETRIC_REPRESENTATION_CONTEXT() REPRESENTATION_CONTEXT('2D SPACE',''
  ) );
#1977 = ORIENTED_EDGE('',*,*,#1978,.T.);
#1978 = EDGE_CURVE('',#1839,#781,#1979,.T.);
#1979 = SEAM_CURVE('',#1980,(#1983,#1989),.PCURVE_S1.);
#1980 = B_SPLINE_CURVE_WITH_KNOTS('',1,(#1981,#1982),.UNSPECIFIED.,.F.,
  .F.,(2,2),(0.,1.),.PIECEWISE_BEZIER_KNOTS.);
#1981 = CARTESIAN_POINT('',(5.45,0.,8.6));
#1982 = CARTESIAN_POINT('',(6.7,0.,10.2));
#1983 = PCURVE('',#797,#1984);
#1984 = DEFINITIONAL_REPRESENTATION('',(#1985),#1988);
#1985 = B_SPLINE_CURVE_WITH_KNOTS('',1,(#1986,#1987),.UNSPECIFIED.,.F.,
  .F.,(2,2),(0.,1.),.PIECEWISE_BEZIER_KNOTS.);
#1986 = CARTESIAN_POINT('',(0.,0.));
#1987 = CARTESIAN_POINT('',(0.,1.6));
#1988 = ( GEOMETRIC_REPRESENTATION_CONTEXT(2) 
PARAMETRIC_REPRESENTATION_CONTEXT() REPRESENTATION_CONTEXT('2D SPACE',''
  ) );
#1989 = PCURVE('',#797,#1990);
#1990 = DEFINITIONAL_REPRESENTATION('',(#1991),#1994);
#1991 = B_SPLINE_CURVE_WITH_KNOTS('',1,(#1992,#1993),.UNSPECIFIED.,.F.,
  .F.,(2,2),(0.,1.),.PIECEWISE_BEZIER_KNOTS.);
#1992 = CARTESIAN_POINT('',(6.28318530718,0.));
#1993 = CARTESIAN_POINT('',(6.28318530718,1.6));
#1994 = ( GEOMETRIC_REPRESENTATION_CONTEXT(2) 
PARAMETRIC_REPRESENTATION_CONTEXT() REPRESENTATION_CONTEXT('2D SPACE',''
  ) );
#1995 = ORIENTED_EDGE('',*,*,#780,.F.);
#1996 = ORIENTED_EDGE('',*,*,#1978,.F.);
#1997 = ORIENTED_EDGE('',*,*,#1998,.T.);
#1998 = EDGE_CURVE('',#1839,#1999,#2001,.T.);
#1999 = VERTEX_POINT('',#2000);
#2000 = CARTESIAN_POINT('',(3.710928571049,5.152812192032,9.751996406503
    ));
#2001 = SURFACE_CURVE('',#2002,(#2015,#2031),.PCURVE_S1.);
#2002 = B_SPLINE_CURVE_WITH_KNOTS('',6,(#2003,#2004,#2005,#2006,#2007,
    #2008,#2009,#2010,#2011,#2012,#2013,#2014),.UNSPECIFIED.,.F.,.F.,(7,
    5,7),(0.,0.490595122686,1.),.UNSPECIFIED.);
#2003 = CARTESIAN_POINT('',(6.147069912531,6.672155004743E-16,
    9.49224948804));
#2004 = CARTESIAN_POINT('',(6.163918761089,0.483158715399,9.513816014194
    ));
#2005 = CARTESIAN_POINT('',(6.135143698772,0.968057019797,9.535315529037
    ));
#2006 = CARTESIAN_POINT('',(6.060694149904,1.449187681465,9.556750077944
    ));
#2007 = CARTESIAN_POINT('',(5.941432978072,1.921280991033,9.578119959733
    ));
#2008 = CARTESIAN_POINT('',(5.778913409327,2.379281541399,9.599428187401
    ));
#2009 = CARTESIAN_POINT('',(5.364362556896,3.274354019681,9.642726288596
    ));
#2010 = CARTESIAN_POINT('',(5.109089141031,3.710055963748,9.664716057769
    ));
#2011 = CARTESIAN_POINT('',(4.812366081611,4.12013173871,9.686634405191)
  );
#2012 = CARTESIAN_POINT('',(4.477638351911,4.499910388037,9.70848617997)
  );
#2013 = CARTESIAN_POINT('',(4.108918812116,4.84527704112,9.730275196315)
  );
#2014 = CARTESIAN_POINT('',(3.710928571049,5.152812192032,9.751996406503
    ));
#2015 = PCURVE('',#797,#2016);
#2016 = DEFINITIONAL_REPRESENTATION('',(#2017),#2030);
#2017 = B_SPLINE_CURVE_WITH_KNOTS('',6,(#2018,#2019,#2020,#2021,#2022,
    #2023,#2024,#2025,#2026,#2027,#2028,#2029),.UNSPECIFIED.,.F.,.F.,(7,
    5,7),(0.,0.490595122686,1.),.UNSPECIFIED.);
#2018 = CARTESIAN_POINT('',(0.,0.89224948804));
#2019 = CARTESIAN_POINT('',(7.859984061899E-02,0.913816014194));
#2020 = CARTESIAN_POINT('',(0.156965516488,0.935315529037));
#2021 = CARTESIAN_POINT('',(0.235081808629,0.956750077944));
#2022 = CARTESIAN_POINT('',(0.312962056,0.978119959733));
#2023 = CARTESIAN_POINT('',(0.390617798704,0.999428187401));
#2024 = CARTESIAN_POINT('',(0.548416453949,1.042726288596));
#2025 = CARTESIAN_POINT('',(0.628558969513,1.064716057769));
#2026 = CARTESIAN_POINT('',(0.708443434105,1.086634405191));
#2027 = CARTESIAN_POINT('',(0.788084849267,1.10848617997));
#2028 = CARTESIAN_POINT('',(0.867495693484,1.130275196315));
#2029 = CARTESIAN_POINT('',(0.946657768431,1.151996406503));
#2030 = ( GEOMETRIC_REPRESENTATION_CONTEXT(2) 
PARAMETRIC_REPRESENTATION_CONTEXT() REPRESENTATION_CONTEXT('2D SPACE',''
  ) );
#2031 = PCURVE('',#1240,#2032);
#2032 = DEFINITIONAL_REPRESENTATION('',(#2033),#2046);
#2033 = B_SPLINE_CURVE_WITH_KNOTS('',6,(#2034,#2035,#2036,#2037,#2038,
    #2039,#2040,#2041,#2042,#2043,#2044,#2045),.UNSPECIFIED.,.F.,.F.,(7,
    5,7),(0.,0.490595122686,1.),.UNSPECIFIED.);
#2034 = CARTESIAN_POINT('',(0.279536031716,27.850577763931));
#2035 = CARTESIAN_POINT('',(0.256326507483,27.937677341979));
#2036 = CARTESIAN_POINT('',(0.23318344366,28.024515499492));
#2037 = CARTESIAN_POINT('',(0.21011839954,28.11107842274));
#2038 = CARTESIAN_POINT('',(0.187122557727,28.197380808647));
#2039 = CARTESIAN_POINT('',(0.164192605184,28.283434915846));
#2040 = CARTESIAN_POINT('',(0.11759692532,28.458299529892));
#2041 = CARTESIAN_POINT('',(9.393131419211E-02,28.547109607473));
#2042 = CARTESIAN_POINT('',(7.034119500296E-02,28.635633394935));
#2043 = CARTESIAN_POINT('',(4.682336467883E-02,28.723887275807));
#2044 = CARTESIAN_POINT('',(2.337456941361E-02,28.811885309422));
#2045 = CARTESIAN_POINT('',(0.,28.899607502532));
#2046 = ( GEOMETRIC_REPRESENTATION_CONTEXT(2) 
PARAMETRIC_REPRESENTATION_CONTEXT() REPRESENTATION_CONTEXT('2D SPACE',''
  ) );
#2047 = ORIENTED_EDGE('',*,*,#2048,.T.);
#2048 = EDGE_CURVE('',#1999,#2049,#2051,.T.);
#2049 = VERTEX_POINT('',#2050);
#2050 = CARTESIAN_POINT('',(-3.753822950655,5.121642918488,
    9.751991224372));
#2051 = SURFACE_CURVE('',#2052,(#2070,#2091),.PCURVE_S1.);
#2052 = B_SPLINE_CURVE_WITH_KNOTS('',6,(#2053,#2054,#2055,#2056,#2057,
    #2058,#2059,#2060,#2061,#2062,#2063,#2064,#2065,#2066,#2067,#2068,
    #2069),.UNSPECIFIED.,.F.,.F.,(7,5,5,7),(0.,0.400021496673,
    0.799993948335,1.),.UNSPECIFIED.);
#2053 = CARTESIAN_POINT('',(3.710928571049,5.152812192032,9.751996406503
    ));
#2054 = CARTESIAN_POINT('',(3.279242123789,5.463703294992,9.751997594758
    ));
#2055 = CARTESIAN_POINT('',(2.816237837206,5.731242535004,9.752000085385
    ));
#2056 = CARTESIAN_POINT('',(2.327494935818,5.951377002423,9.752003721411
    ));
#2057 = CARTESIAN_POINT('',(1.819083685532,6.121220380012,9.752006949796
    ));
#2058 = CARTESIAN_POINT('',(1.297421315761,6.238773036017,9.752008532021
    ));
#2059 = CARTESIAN_POINT('',(0.241357148835,6.367673516469,9.752008291381
    ));
#2060 = CARTESIAN_POINT('',(-0.293198390084,6.379053317282,
    9.752006467133));
#2061 = CARTESIAN_POINT('',(-0.827470007655,6.336503502246,
    9.752002790185));
#2062 = CARTESIAN_POINT('',(-1.354750489433,6.240421127826,
    9.751998251844));
#2063 = CARTESIAN_POINT('',(-1.868456138011,6.092146848137,
    9.751994441296));
#2064 = CARTESIAN_POINT('',(-2.609094981966,5.795324041312,
    9.751990845022));
#2065 = CARTESIAN_POINT('',(-2.851019615947,5.683965560267,
    9.751990000319));
#2066 = CARTESIAN_POINT('',(-3.087188542729,5.560510792193,
    9.751989603897));
#2067 = CARTESIAN_POINT('',(-3.316850790693,5.425336416322,
    9.751989696302));
#2068 = CARTESIAN_POINT('',(-3.539289559217,5.278880665227,
    9.751990261578));
#2069 = CARTESIAN_POINT('',(-3.753822950655,5.121642918488,
    9.751991224372));
#2070 = PCURVE('',#797,#2071);
#2071 = DEFINITIONAL_REPRESENTATION('',(#2072),#2090);
#2072 = B_SPLINE_CURVE_WITH_KNOTS('',6,(#2073,#2074,#2075,#2076,#2077,
    #2078,#2079,#2080,#2081,#2082,#2083,#2084,#2085,#2086,#2087,#2088,
    #2089),.UNSPECIFIED.,.F.,.F.,(7,5,5,7),(0.,0.400021496673,
    0.799993948335,1.),.UNSPECIFIED.);
#2073 = CARTESIAN_POINT('',(0.946657768431,1.151996406503));
#2074 = CARTESIAN_POINT('',(1.030434737915,1.151997594758));
#2075 = CARTESIAN_POINT('',(1.114223876349,1.152000085385));
#2076 = CARTESIAN_POINT('',(1.197998819342,1.152003721411));
#2077 = CARTESIAN_POINT('',(1.281773658914,1.152006949796));
#2078 = CARTESIAN_POINT('',(1.365562656991,1.152008532021));
#2079 = CARTESIAN_POINT('',(1.533106060717,1.152008291381));
#2080 = CARTESIAN_POINT('',(1.616884741987,1.152006467133));
#2081 = CARTESIAN_POINT('',(1.700649225079,1.152002790184));
#2082 = CARTESIAN_POINT('',(1.784413791817,1.151998251844));
#2083 = CARTESIAN_POINT('',(1.868192593912,1.151994441296));
#2084 = CARTESIAN_POINT('',(1.993846779869,1.151990845022));
#2085 = CARTESIAN_POINT('',(2.035734667335,1.151990000319));
#2086 = CARTESIAN_POINT('',(2.077622121637,1.151989603897));
#2087 = CARTESIAN_POINT('',(2.119509582385,1.151989696302));
#2088 = CARTESIAN_POINT('',(2.161397488429,1.151990261578));
#2089 = CARTESIAN_POINT('',(2.203285013623,1.151991224372));
#2090 = ( GEOMETRIC_REPRESENTATION_CONTEXT(2) 
PARAMETRIC_REPRESENTATION_CONTEXT() REPRESENTATION_CONTEXT('2D SPACE',''
  ) );
#2091 = PCURVE('',#1076,#2092);
#2092 = DEFINITIONAL_REPRESENTATION('',(#2093),#2111);
#2093 = B_SPLINE_CURVE_WITH_KNOTS('',6,(#2094,#2095,#2096,#2097,#2098,
    #2099,#2100,#2101,#2102,#2103,#2104,#2105,#2106,#2107,#2108,#2109,
    #2110),.UNSPECIFIED.,.F.,.F.,(7,5,5,7),(0.,0.400021496673,
    0.799993948335,1.),.UNSPECIFIED.);
#2094 = CARTESIAN_POINT('',(0.6,28.899607502532));
#2095 = CARTESIAN_POINT('',(0.560000808668,28.992443617447));
#2096 = CARTESIAN_POINT('',(0.519997195057,29.085293028593));
#2097 = CARTESIAN_POINT('',(0.480001496027,29.178126746485));
#2098 = CARTESIAN_POINT('',(0.440005320565,29.2709606378));
#2099 = CARTESIAN_POINT('',(0.400000637263,29.363810459501));
#2100 = CARTESIAN_POINT('',(0.320004250825,29.549472073095));
#2101 = CARTESIAN_POINT('',(0.280000955986,29.642310764733));
#2102 = CARTESIAN_POINT('',(0.240002558584,29.735133783077));
#2103 = CARTESIAN_POINT('',(0.200003301887,29.827956785163));
#2104 = CARTESIAN_POINT('',(0.159998026166,29.920795436439));
#2105 = CARTESIAN_POINT('',(9.999897031454E-02,30.060037766826));
#2106 = CARTESIAN_POINT('',(7.999813845927E-02,30.106455358398));
#2107 = CARTESIAN_POINT('',(5.999796692793E-02,30.152872457018));
#2108 = CARTESIAN_POINT('',(3.999828223448E-02,30.199289560077));
#2109 = CARTESIAN_POINT('',(1.999885455124E-02,30.245707164615));
#2110 = CARTESIAN_POINT('',(0.,30.292124362625));
#2111 = ( GEOMETRIC_REPRESENTATION_CONTEXT(2) 
PARAMETRIC_REPRESENTATION_CONTEXT() REPRESENTATION_CONTEXT('2D SPACE',''
  ) );
#2112 = ORIENTED_EDGE('',*,*,#2113,.T.);
#2113 = EDGE_CURVE('',#2049,#1808,#2114,.T.);
#2114 = SURFACE_CURVE('',#2115,(#2130,#2148),.PCURVE_S1.);
#2115 = B_SPLINE_CURVE_WITH_KNOTS('',4,(#2116,#2117,#2118,#2119,#2120,
    #2121,#2122,#2123,#2124,#2125,#2126,#2127,#2128,#2129),
  .UNSPECIFIED.,.F.,.F.,(5,3,3,3,5),(0.,0.259656218645,0.512819701805,
    0.759574828331,1.),.UNSPECIFIED.);
#2116 = CARTESIAN_POINT('',(-3.753822950655,5.121642918488,
    9.751991224372));
#2117 = CARTESIAN_POINT('',(-3.522765419745,5.222117613416,
    9.680884919656));
#2118 = CARTESIAN_POINT('',(-3.28693956607,5.309798364657,9.60919437197)
  );
#2119 = CARTESIAN_POINT('',(-3.047366951574,5.38416132533,9.536901099385
    ));
#2120 = CARTESIAN_POINT('',(-2.569083889448,5.504012874922,
    9.392891870292));
#2121 = CARTESIAN_POINT('',(-2.330500724407,5.550178114746,9.32120657658
    ));
#2122 = CARTESIAN_POINT('',(-2.090515475406,5.583007037955,
    9.248910458697));
#2123 = CARTESIAN_POINT('',(-1.616151387155,5.621191907323,
    9.104901939674));
#2124 = CARTESIAN_POINT('',(-1.381783299148,5.627223204572,
    9.033220979714));
#2125 = CARTESIAN_POINT('',(-1.148268749558,5.620294190219,
    8.960921759383));
#2126 = CARTESIAN_POINT('',(-0.691175752347,5.581115801894,
    8.816916841035));
#2127 = CARTESIAN_POINT('',(-0.467494854386,5.549521291523,
    8.745243386986));
#2128 = CARTESIAN_POINT('',(-0.24677046735,5.505709338521,8.672944702823
    ));
#2129 = CARTESIAN_POINT('',(-3.009454859099E-02,5.449916909288,8.6));
#2130 = PCURVE('',#797,#2131);
#2131 = DEFINITIONAL_REPRESENTATION('',(#2132),#2147);
#2132 = B_SPLINE_CURVE_WITH_KNOTS('',4,(#2133,#2134,#2135,#2136,#2137,
    #2138,#2139,#2140,#2141,#2142,#2143,#2144,#2145,#2146),
  .UNSPECIFIED.,.F.,.F.,(5,3,3,3,5),(0.,0.259656218645,0.512819701805,
    0.759574828331,1.),.UNSPECIFIED.);
#2133 = CARTESIAN_POINT('',(2.203285013623,1.151991224372));
#2134 = CARTESIAN_POINT('',(2.164583004756,1.080884919656));
#2135 = CARTESIAN_POINT('',(2.125563603384,1.00919437197));
#2136 = CARTESIAN_POINT('',(2.086216885178,0.936901099385));
#2137 = CARTESIAN_POINT('',(2.00783897771,0.792891870292));
#2138 = CARTESIAN_POINT('',(1.968824444621,0.72120657658));
#2139 = CARTESIAN_POINT('',(1.929478031642,0.648910458697));
#2140 = CARTESIAN_POINT('',(1.851103534419,0.504901939674));
#2141 = CARTESIAN_POINT('',(1.812092548781,0.433220979714));
#2142 = CARTESIAN_POINT('',(1.772745179867,0.360921759383));
#2143 = CARTESIAN_POINT('',(1.694373122901,0.216916841035));
#2144 = CARTESIAN_POINT('',(1.655365995976,0.145243386989));
#2145 = CARTESIAN_POINT('',(1.616018204713,7.294470281985E-02));
#2146 = CARTESIAN_POINT('',(1.576318290379,0.));
#2147 = ( GEOMETRIC_REPRESENTATION_CONTEXT(2) 
PARAMETRIC_REPRESENTATION_CONTEXT() REPRESENTATION_CONTEXT('2D SPACE',''
  ) );
#2148 = PCURVE('',#1531,#2149);
#2149 = DEFINITIONAL_REPRESENTATION('',(#2150),#2165);
#2150 = B_SPLINE_CURVE_WITH_KNOTS('',4,(#2151,#2152,#2153,#2154,#2155,
    #2156,#2157,#2158,#2159,#2160,#2161,#2162,#2163,#2164),
  .UNSPECIFIED.,.F.,.F.,(5,3,3,3,5),(0.,0.259656218645,0.512819701805,
    0.759574828331,1.),.UNSPECIFIED.);
#2151 = CARTESIAN_POINT('',(1.30862523283,30.292124362625));
#2152 = CARTESIAN_POINT('',(1.232103459326,30.249237158336));
#2153 = CARTESIAN_POINT('',(1.154952519181,30.205998253762));
#2154 = CARTESIAN_POINT('',(1.077152433751,30.162396642414));
#2155 = CARTESIAN_POINT('',(0.922172646547,30.075543055411));
#2156 = CARTESIAN_POINT('',(0.845025965503,30.032309537783));
#2157 = CARTESIAN_POINT('',(0.767221545356,29.988708232988));
#2158 = CARTESIAN_POINT('',(0.612240473392,29.901858329964));
#2159 = CARTESIAN_POINT('',(0.535097666423,29.858628680761));
#2160 = CARTESIAN_POINT('',(0.457289441255,29.815026245718));
#2161 = CARTESIAN_POINT('',(0.302311991654,29.728178917333));
#2162 = CARTESIAN_POINT('',(0.225177458312,29.684953484933));
#2163 = CARTESIAN_POINT('',(0.147370336198,29.641350540649));
#2164 = CARTESIAN_POINT('',(6.886834166187E-02,29.597357404644));
#2165 = ( GEOMETRIC_REPRESENTATION_CONTEXT(2) 
PARAMETRIC_REPRESENTATION_CONTEXT() REPRESENTATION_CONTEXT('2D SPACE',''
  ) );
#2166 = ADVANCED_FACE('',(#2167),#1076,.T.);
#2167 = FACE_BOUND('',#2168,.T.);
#2168 = EDGE_LOOP('',(#2169,#2252,#2253,#2254,#2337));
#2169 = ORIENTED_EDGE('',*,*,#2170,.F.);
#2170 = EDGE_CURVE('',#1438,#2049,#2171,.T.);
#2171 = SURFACE_CURVE('',#2172,(#2239,#2245),.PCURVE_S1.);
#2172 = B_SPLINE_CURVE_WITH_KNOTS('',9,(#2173,#2174,#2175,#2176,#2177,
    #2178,#2179,#2180,#2181,#2182,#2183,#2184,#2185,#2186,#2187,#2188,
    #2189,#2190,#2191,#2192,#2193,#2194,#2195,#2196,#2197,#2198,#2199,
    #2200,#2201,#2202,#2203,#2204,#2205,#2206,#2207,#2208,#2209,#2210,
    #2211,#2212,#2213,#2214,#2215,#2216,#2217,#2218,#2219,#2220,#2221,
    #2222,#2223,#2224,#2225,#2226,#2227,#2228,#2229,#2230,#2231,#2232,
    #2233,#2234,#2235,#2236,#2237,#2238),.UNSPECIFIED.,.F.,.F.,(10,8,8,8
    ,8,8,8,8,10),(0.,4.641762960311,9.283525920622,13.925288880933,
    18.567051841244,23.208814801555,27.850577761866,32.492340722176,
    37.134103682487),.UNSPECIFIED.);
#2173 = CARTESIAN_POINT('',(6.35,2.6645352591E-15,-3.3));
#2174 = CARTESIAN_POINT('',(6.350000889041,2.955423786908,
    -3.077776469941));
#2175 = CARTESIAN_POINT('',(4.802394168882,5.911211825834,
    -2.855559595821));
#2176 = CARTESIAN_POINT('',(1.70835664653,7.938231900047,-2.633324157278
    ));
#2177 = CARTESIAN_POINT('',(-2.289930214959,8.123890830024,
    -2.411123977785));
#2178 = CARTESIAN_POINT('',(-5.890529047776,6.045075600905,
    -2.18887584682));
#2179 = CARTESIAN_POINT('',(-7.728887273771,2.489642662595,
    -1.966675293255));
#2180 = CARTESIAN_POINT('',(-7.520458486319,-1.203393359984,
    -1.744440432147));
#2181 = CARTESIAN_POINT('',(-5.734471845319,-4.021548940851,
    -1.522223001127));
#2182 = CARTESIAN_POINT('',(-0.61552826518,-6.976973838882,
    -1.077776722436));
#2183 = CARTESIAN_POINT('',(2.718062379997,-7.114601459651,
    -0.85555923586));
#2184 = CARTESIAN_POINT('',(6.020532326773,-5.448595980269,
    -0.633324566223));
#2185 = CARTESIAN_POINT('',(8.18046079526,-2.078807879924,
    -0.411123606047));
#2186 = CARTESIAN_POINT('',(8.180453668893,2.078810143282,
    -0.188876114069));
#2187 = CARTESIAN_POINT('',(6.020537370397,5.44859131028,
    3.332485345285E-02));
#2188 = CARTESIAN_POINT('',(2.718060045093,7.114604808033,0.255559511749
    ));
#2189 = CARTESIAN_POINT('',(-0.615527626833,6.976972760057,
    0.477777009264));
#2190 = CARTESIAN_POINT('',(-5.734472451439,4.021550036556,
    0.922223272603));
#2191 = CARTESIAN_POINT('',(-7.520456794683,1.203389655799,
    1.144440771212));
#2192 = CARTESIAN_POINT('',(-7.728888694052,-2.489635944751,
    1.366675425743));
#2193 = CARTESIAN_POINT('',(-5.890530834143,-6.045082927401,
    1.588876401257));
#2194 = CARTESIAN_POINT('',(-2.289924438628,-8.123885760505,
    1.81112388068));
#2195 = CARTESIAN_POINT('',(1.708349803196,-7.938233963918,
    2.033324856336));
#2196 = CARTESIAN_POINT('',(4.802398479536,-5.911211451474,
    2.255559510647));
#2197 = CARTESIAN_POINT('',(6.349999465057,-2.955423818572,
    2.477777009468));
#2198 = CARTESIAN_POINT('',(6.350000720006,2.955423802023,2.922223272506
    ));
#2199 = CARTESIAN_POINT('',(4.802394409859,5.911211804286,3.14444077135)
  );
#2200 = CARTESIAN_POINT('',(1.70835637276,7.938231924527,3.366675425586)
  );
#2201 = CARTESIAN_POINT('',(-2.289929966097,8.123890807774,
    3.588876401399));
#2202 = CARTESIAN_POINT('',(-5.890529226688,6.045075616899,
    3.811123880578));
#2203 = CARTESIAN_POINT('',(-7.728887175555,2.489642653816,
    4.033324856391));
#2204 = CARTESIAN_POINT('',(-7.520458523879,-1.203393356627,
    4.255559510626));
#2205 = CARTESIAN_POINT('',(-5.734471838362,-4.021548941473,
    4.477777009472));
#2206 = CARTESIAN_POINT('',(-0.615528268501,-6.976973838586,
    4.922223272505));
#2207 = CARTESIAN_POINT('',(2.718062384732,-7.114601460074,
    5.144440771351));
#2208 = CARTESIAN_POINT('',(6.020532321393,-5.44859597979,5.366675425586
    ));
#2209 = CARTESIAN_POINT('',(8.180460800152,-2.078807880361,
    5.588876401397));
#2210 = CARTESIAN_POINT('',(8.180453665375,2.078810143599,5.811123880581
    ));
#2211 = CARTESIAN_POINT('',(6.02053737233,5.448591310104,6.033324856387)
  );
#2212 = CARTESIAN_POINT('',(2.718060044353,7.114604808103,6.255559510629
    ));
#2213 = CARTESIAN_POINT('',(-0.615527626696,6.976972760043,6.47777700947
    ));
#2214 = CARTESIAN_POINT('',(-5.734472451505,4.021550036566,
    6.922223272509));
#2215 = CARTESIAN_POINT('',(-7.520456794586,1.20338965577,7.144440771327
    ));
#2216 = CARTESIAN_POINT('',(-7.728888694165,-2.489635944692,
    7.366675425646));
#2217 = CARTESIAN_POINT('',(-5.890530834034,-6.045082927492,
    7.588876401289));
#2218 = CARTESIAN_POINT('',(-2.289924438717,-8.123885760394,
    7.81112388073));
#2219 = CARTESIAN_POINT('',(1.708349803261,-7.93823396403,8.033324856225
    ));
#2220 = CARTESIAN_POINT('',(4.802398479493,-5.911211451381,8.25555951077
    ));
#2221 = CARTESIAN_POINT('',(6.349999465083,-2.955423818635,
    8.477777009372));
#2222 = CARTESIAN_POINT('',(6.350000719953,2.955423802156,8.922223272712
    ));
#2223 = CARTESIAN_POINT('',(4.802394410143,5.911211803566,9.14444077023)
  );
#2224 = CARTESIAN_POINT('',(1.708356372022,7.93823192641,9.366675428519)
  );
#2225 = CARTESIAN_POINT('',(-2.289929964758,8.123890804346,
    9.588876396052));
#2226 = CARTESIAN_POINT('',(-5.890529228546,6.045075621664,9.81112388802
    ));
#2227 = CARTESIAN_POINT('',(-7.728887173514,2.489642648579,
    10.033324848201));
#2228 = CARTESIAN_POINT('',(-7.520458525674,-1.203393352021,
    10.255559517836));
#2229 = CARTESIAN_POINT('',(-5.734471837103,-4.021548944702,
    10.477777004414));
#2230 = CARTESIAN_POINT('',(-0.61552827114,-6.976973831822,
    10.922223283102));
#2231 = CARTESIAN_POINT('',(2.718062398981,-7.114601496582,
    11.144440714131));
#2232 = CARTESIAN_POINT('',(6.020532284126,-5.44859588433,11.36667557522
    ));
#2233 = CARTESIAN_POINT('',(8.180460868048,-2.078808054245,
    11.58887612881));
#2234 = CARTESIAN_POINT('',(8.18045357092,2.078810385465,11.81112425975)
  );
#2235 = CARTESIAN_POINT('',(6.02053747625,5.448591044029,12.033324439263
    ));
#2236 = CARTESIAN_POINT('',(2.718059952873,7.114605042311,
    12.255559877792));
#2237 = CARTESIAN_POINT('',(-0.615527562524,6.976972595753,
    12.47777675192));
#2238 = CARTESIAN_POINT('',(-3.17500007423,5.499261488239,
    12.700000281976));
#2239 = PCURVE('',#1076,#2240);
#2240 = DEFINITIONAL_REPRESENTATION('',(#2241),#2244);
#2241 = B_SPLINE_CURVE_WITH_KNOTS('',1,(#2242,#2243),.UNSPECIFIED.,.F.,
  .F.,(2,2),(0.,37.134103682487),.PIECEWISE_BEZIER_KNOTS.);
#2242 = CARTESIAN_POINT('',(0.,0.));
#2243 = CARTESIAN_POINT('',(0.,37.134103682487));
#2244 = ( GEOMETRIC_REPRESENTATION_CONTEXT(2) 
PARAMETRIC_REPRESENTATION_CONTEXT() REPRESENTATION_CONTEXT('2D SPACE',''
  ) );
#2245 = PCURVE('',#1531,#2246);
#2246 = DEFINITIONAL_REPRESENTATION('',(#2247),#2251);
#2247 = LINE('',#2248,#2249);
#2248 = CARTESIAN_POINT('',(1.30862523283,0.));
#2249 = VECTOR('',#2250,1.);
#2250 = DIRECTION('',(0.,1.));
#2251 = ( GEOMETRIC_REPRESENTATION_CONTEXT(2) 
PARAMETRIC_REPRESENTATION_CONTEXT() REPRESENTATION_CONTEXT('2D SPACE',''
  ) );
#2252 = ORIENTED_EDGE('',*,*,#1710,.F.);
#2253 = ORIENTED_EDGE('',*,*,#1056,.F.);
#2254 = ORIENTED_EDGE('',*,*,#2255,.T.);
#2255 = EDGE_CURVE('',#1057,#1999,#2256,.T.);
#2256 = SURFACE_CURVE('',#2257,(#2324,#2331),.PCURVE_S1.);
#2257 = B_SPLINE_CURVE_WITH_KNOTS('',9,(#2258,#2259,#2260,#2261,#2262,
    #2263,#2264,#2265,#2266,#2267,#2268,#2269,#2270,#2271,#2272,#2273,
    #2274,#2275,#2276,#2277,#2278,#2279,#2280,#2281,#2282,#2283,#2284,
    #2285,#2286,#2287,#2288,#2289,#2290,#2291,#2292,#2293,#2294,#2295,
    #2296,#2297,#2298,#2299,#2300,#2301,#2302,#2303,#2304,#2305,#2306,
    #2307,#2308,#2309,#2310,#2311,#2312,#2313,#2314,#2315,#2316,#2317,
    #2318,#2319,#2320,#2321,#2322,#2323),.UNSPECIFIED.,.F.,.F.,(10,8,8,8
    ,8,8,8,8,10),(0.,4.641762960311,9.283525920622,13.925288880933,
    18.567051841244,23.208814801555,27.850577761866,32.492340722176,
    37.134103682487),.UNSPECIFIED.);
#2258 = CARTESIAN_POINT('',(6.35,8.881784197001E-16,-2.7));
#2259 = CARTESIAN_POINT('',(6.349999113324,2.955423681689,
    -2.477776469941));
#2260 = CARTESIAN_POINT('',(4.802398607182,5.911211297101,
    -2.255559595821));
#2261 = CARTESIAN_POINT('',(1.708349498768,7.938233679743,
    -2.033324157279));
#2262 = CARTESIAN_POINT('',(-2.289924084988,8.12388556735,
    -1.811123977781));
#2263 = CARTESIAN_POINT('',(-5.890530822504,6.045082741497,
    -1.588875846826));
#2264 = CARTESIAN_POINT('',(-7.72888835509,2.489635914249,
    -1.366675293249));
#2265 = CARTESIAN_POINT('',(-7.520456615024,-1.203389599042,
    -1.14444043215));
#2266 = CARTESIAN_POINT('',(-5.734472289017,-4.021549895808,
    -0.922223001126));
#2267 = CARTESIAN_POINT('',(-0.615527636973,-6.976972551809,
    -0.477776722436));
#2268 = CARTESIAN_POINT('',(2.718059943207,-7.114604606504,
    -0.25555923586));
#2269 = CARTESIAN_POINT('',(6.020537168966,-5.448591171288,
    -3.332456622483E-02));
#2270 = CARTESIAN_POINT('',(8.180453420781,-2.078810110685,
    0.188876393957));
#2271 = CARTESIAN_POINT('',(8.180460561817,2.078807788868,0.411123885925
    ));
#2272 = CARTESIAN_POINT('',(6.020532164737,5.44859579716,0.633324853458)
  );
#2273 = CARTESIAN_POINT('',(2.718062329071,7.11460123957,0.855559511747)
  );
#2274 = CARTESIAN_POINT('',(-0.615528225065,6.976973634274,
    1.077777009265));
#2275 = CARTESIAN_POINT('',(-5.734471654215,4.021548843016,
    1.522223272603));
#2276 = CARTESIAN_POINT('',(-7.520458296822,1.203393348042,
    1.744440771212));
#2277 = CARTESIAN_POINT('',(-7.72888695581,-2.489642552354,
    1.966675425741));
#2278 = CARTESIAN_POINT('',(-5.890529073925,-6.045075416761,
    2.188876401261));
#2279 = CARTESIAN_POINT('',(-2.289929927576,-8.123890559053,
    2.411123880674));
#2280 = CARTESIAN_POINT('',(1.708356293701,-7.938231695662,
    2.633324856341));
#2281 = CARTESIAN_POINT('',(4.802394246431,-5.911211646549,
    2.855559510644));
#2282 = CARTESIAN_POINT('',(6.350000521403,-2.955423737351,
    3.077777009469));
#2283 = CARTESIAN_POINT('',(6.349999287693,2.95542370826,3.522223272506)
  );
#2284 = CARTESIAN_POINT('',(4.8023983586,5.911211259221,3.74444077135));
#2285 = CARTESIAN_POINT('',(1.708349781178,7.93823372278,3.966675425584)
  );
#2286 = CARTESIAN_POINT('',(-2.289924341702,8.123885528228,
    4.188876401404));
#2287 = CARTESIAN_POINT('',(-5.890530637948,6.045082769623,
    4.411123880571));
#2288 = CARTESIAN_POINT('',(-7.728888456402,2.489635898809,
    4.633324856397));
#2289 = CARTESIAN_POINT('',(-7.52045657628,-1.203389593138,
    4.855559510623));
#2290 = CARTESIAN_POINT('',(-5.734472296193,-4.021549896902,
    5.077777009473));
#2291 = CARTESIAN_POINT('',(-0.615527633547,-6.976972551287,
    5.522223272504));
#2292 = CARTESIAN_POINT('',(2.718059938322,-7.114604607249,
    5.744440771352));
#2293 = CARTESIAN_POINT('',(6.020537174518,-5.448591170442,
    5.966675425583));
#2294 = CARTESIAN_POINT('',(8.180453415731,-2.078810111452,
    6.188876401402));
#2295 = CARTESIAN_POINT('',(8.18046056545,2.078807789418,6.411123880575)
  );
#2296 = CARTESIAN_POINT('',(6.020532162741,5.44859579686,6.633324856393)
  );
#2297 = CARTESIAN_POINT('',(2.718062329835,7.114601239682,6.855559510627
    ));
#2298 = CARTESIAN_POINT('',(-0.615528225208,6.976973634254,7.07777700947
    ));
#2299 = CARTESIAN_POINT('',(-5.734471654145,4.021548843023,
    7.522223272509));
#2300 = CARTESIAN_POINT('',(-7.520458296931,1.203393348043,
    7.744440771328));
#2301 = CARTESIAN_POINT('',(-7.728886955671,-2.489642552374,
    7.966675425644));
#2302 = CARTESIAN_POINT('',(-5.89052907407,-6.045075416713,
    8.188876401294));
#2303 = CARTESIAN_POINT('',(-2.289929927447,-8.123890559125,
    8.411123880723));
#2304 = CARTESIAN_POINT('',(1.708356293602,-7.938231695579,
    8.633324856231));
#2305 = CARTESIAN_POINT('',(4.802394246498,-5.911211646623,
    8.855559510768));
#2306 = CARTESIAN_POINT('',(6.350000521363,-2.955423737297,
    9.077777009373));
#2307 = CARTESIAN_POINT('',(6.349999287774,2.955423708149,9.522223272712
    ));
#2308 = CARTESIAN_POINT('',(4.80239835817,5.911211259825,9.744440770231)
  );
#2309 = CARTESIAN_POINT('',(1.708349782297,7.938233721198,9.966675428517
    ));
#2310 = CARTESIAN_POINT('',(-2.289924343738,8.123885531112,
    10.188876396056));
#2311 = CARTESIAN_POINT('',(-5.89053063512,6.045082765608,
    10.411123888015));
#2312 = CARTESIAN_POINT('',(-7.728888459511,2.489635903228,
    10.633324848206));
#2313 = CARTESIAN_POINT('',(-7.520456573546,-1.203389597028,
    10.855559517834));
#2314 = CARTESIAN_POINT('',(-5.734472298111,-4.021549894173,
    11.077777004414));
#2315 = CARTESIAN_POINT('',(-0.61552762953,-6.976972557003,
    11.522223283101));
#2316 = CARTESIAN_POINT('',(2.718059916637,-7.114604576393,
    11.744440714132));
#2317 = CARTESIAN_POINT('',(6.020537231224,-5.448591251119,
    11.966675575218));
#2318 = CARTESIAN_POINT('',(8.180453312432,-2.078809964498,
    12.188876128815));
#2319 = CARTESIAN_POINT('',(8.180460709141,2.078807585019,
    12.411124259744));
#2320 = CARTESIAN_POINT('',(6.020532004664,5.448596021711,
    12.633324439269));
#2321 = CARTESIAN_POINT('',(2.71806246898,7.114601041767,12.855559877789
    ));
#2322 = CARTESIAN_POINT('',(-0.615528322813,6.976973773083,
    13.077776751921));
#2323 = CARTESIAN_POINT('',(-3.174999886246,5.499261162642,
    13.300000281976));
#2324 = PCURVE('',#1076,#2325);
#2325 = DEFINITIONAL_REPRESENTATION('',(#2326),#2330);
#2326 = LINE('',#2327,#2328);
#2327 = CARTESIAN_POINT('',(0.6,0.));
#2328 = VECTOR('',#2329,1.);
#2329 = DIRECTION('',(0.,1.));
#2330 = ( GEOMETRIC_REPRESENTATION_CONTEXT(2) 
PARAMETRIC_REPRESENTATION_CONTEXT() REPRESENTATION_CONTEXT('2D SPACE',''
  ) );
#2331 = PCURVE('',#1240,#2332);
#2332 = DEFINITIONAL_REPRESENTATION('',(#2333),#2336);
#2333 = B_SPLINE_CURVE_WITH_KNOTS('',1,(#2334,#2335),.UNSPECIFIED.,.F.,
  .F.,(2,2),(0.,37.134103682487),.PIECEWISE_BEZIER_KNOTS.);
#2334 = CARTESIAN_POINT('',(0.,0.));
#2335 = CARTESIAN_POINT('',(0.,37.134103682487));
#2336 = ( GEOMETRIC_REPRESENTATION_CONTEXT(2) 
PARAMETRIC_REPRESENTATION_CONTEXT() REPRESENTATION_CONTEXT('2D SPACE',''
  ) );
#2337 = ORIENTED_EDGE('',*,*,#2048,.T.);
#2338 = ADVANCED_FACE('',(#2339),#1240,.T.);
#2339 = FACE_BOUND('',#2340,.T.);
#2340 = EDGE_LOOP('',(#2341,#2342,#2343,#2372,#2586,#2800,#3028,#3029));
#2341 = ORIENTED_EDGE('',*,*,#2255,.F.);
#2342 = ORIENTED_EDGE('',*,*,#1218,.F.);
#2343 = ORIENTED_EDGE('',*,*,#2344,.F.);
#2344 = EDGE_CURVE('',#2345,#1219,#2347,.T.);
#2345 = VERTEX_POINT('',#2346);
#2346 = CARTESIAN_POINT('',(5.423194654547,0.539870077431,1.2));
#2347 = SURFACE_CURVE('',#2348,(#2354,#2363),.PCURVE_S1.);
#2348 = B_SPLINE_CURVE_WITH_KNOTS('',4,(#2349,#2350,#2351,#2352,#2353),
  .UNSPECIFIED.,.F.,.F.,(5,5),(0.,1.),.PIECEWISE_BEZIER_KNOTS.);
#2349 = CARTESIAN_POINT('',(5.423194664476,0.539870013239,1.2));
#2350 = CARTESIAN_POINT('',(5.505619402784,0.41095058249,1.122441404369)
  );
#2351 = CARTESIAN_POINT('',(5.583456905257,0.277779965874,1.045365219462
    ));
#2352 = CARTESIAN_POINT('',(5.656459167846,0.140683208962,0.968765732012
    ));
#2353 = CARTESIAN_POINT('',(5.724431492988,-1.035882841748E-16,
    0.892636727853));
#2354 = PCURVE('',#1240,#2355);
#2355 = DEFINITIONAL_REPRESENTATION('',(#2356),#2362);
#2356 = B_SPLINE_CURVE_WITH_KNOTS('',4,(#2357,#2358,#2359,#2360,#2361),
  .UNSPECIFIED.,.F.,.F.,(5,5),(0.,1.),.PIECEWISE_BEZIER_KNOTS.);
#2357 = CARTESIAN_POINT('',(1.239741269946,7.072595565531));
#2358 = CARTESIAN_POINT('',(1.144350543387,7.044851379207));
#2359 = CARTESIAN_POINT('',(1.049553277545,7.01727954696));
#2360 = CARTESIAN_POINT('',(0.955342471903,6.989877982211));
#2361 = CARTESIAN_POINT('',(0.86171049151,6.962644450389));
#2362 = ( GEOMETRIC_REPRESENTATION_CONTEXT(2) 
PARAMETRIC_REPRESENTATION_CONTEXT() REPRESENTATION_CONTEXT('2D SPACE',''
  ) );
#2363 = PCURVE('',#1397,#2364);
#2364 = DEFINITIONAL_REPRESENTATION('',(#2365),#2371);
#2365 = B_SPLINE_CURVE_WITH_KNOTS('',4,(#2366,#2367,#2368,#2369,#2370),
  .UNSPECIFIED.,.F.,.F.,(5,5),(0.,1.),.PIECEWISE_BEZIER_KNOTS.);
#2366 = CARTESIAN_POINT('',(-9.922144201047E-02,-1.4));
#2367 = CARTESIAN_POINT('',(-7.418470053937E-02,-1.32244140437));
#2368 = CARTESIAN_POINT('',(-4.93034888991E-02,-1.245365219462));
#2369 = CARTESIAN_POINT('',(-2.457592673337E-02,-1.168765732012));
#2370 = CARTESIAN_POINT('',(0.,-1.092636727853));
#2371 = ( GEOMETRIC_REPRESENTATION_CONTEXT(2) 
PARAMETRIC_REPRESENTATION_CONTEXT() REPRESENTATION_CONTEXT('2D SPACE',''
  ) );
#2372 = ORIENTED_EDGE('',*,*,#2373,.T.);
#2373 = EDGE_CURVE('',#2345,#2374,#2376,.T.);
#2374 = VERTEX_POINT('',#2375);
#2375 = CARTESIAN_POINT('',(5.45,0.,4.15263109728));
#2376 = SURFACE_CURVE('',#2377,(#2443,#2512),.PCURVE_S1.);
#2377 = B_SPLINE_CURVE_WITH_KNOTS('',8,(#2378,#2379,#2380,#2381,#2382,
    #2383,#2384,#2385,#2386,#2387,#2388,#2389,#2390,#2391,#2392,#2393,
    #2394,#2395,#2396,#2397,#2398,#2399,#2400,#2401,#2402,#2403,#2404,
    #2405,#2406,#2407,#2408,#2409,#2410,#2411,#2412,#2413,#2414,#2415,
    #2416,#2417,#2418,#2419,#2420,#2421,#2422,#2423,#2424,#2425,#2426,
    #2427,#2428,#2429,#2430,#2431,#2432,#2433,#2434,#2435,#2436,#2437,
    #2438,#2439,#2440,#2441,#2442),.UNSPECIFIED.,.F.,.F.,(9,7,7,7,7,7,7,
    7,7,9),(0.,0.151788223486,0.261497464025,0.319716502281,
    0.385077573541,0.497277454313,0.618013661485,0.769209405925,
    0.904461108775,1.),.UNSPECIFIED.);
#2378 = CARTESIAN_POINT('',(5.45,-1.7763568394E-15,1.15262461174));
#2379 = CARTESIAN_POINT('',(5.45,0.649546290137,1.209530159662));
#2380 = CARTESIAN_POINT('',(5.361525559202,1.299936552448,1.266511751514
    ));
#2381 = CARTESIAN_POINT('',(5.184178674013,1.935758570677,1.323452310828
    ));
#2382 = CARTESIAN_POINT('',(4.921246576866,2.543063575553,1.380368067849
    ));
#2383 = CARTESIAN_POINT('',(4.577978857437,3.108853987584,1.437280837272
    ));
#2384 = CARTESIAN_POINT('',(4.161941267096,3.621332450021,1.494215462857
    ));
#2385 = CARTESIAN_POINT('',(3.682602814358,4.069747759454,1.551192269335
    ));
#2386 = CARTESIAN_POINT('',(2.769827242367,4.717093023797,1.649223008239
    ));
#2387 = CARTESIAN_POINT('',(2.360012345173,4.951071966401,1.690364972668
    ));
#2388 = CARTESIAN_POINT('',(1.927831308336,5.144186748395,1.731499959626
    ));
#2389 = CARTESIAN_POINT('',(1.478080303633,5.294019810816,1.77262988525)
  );
#2390 = CARTESIAN_POINT('',(1.015759646063,5.398835685218,1.813761218326
    ));
#2391 = CARTESIAN_POINT('',(0.546045836948,5.457527864639,1.854899511786
    ));
#2392 = CARTESIAN_POINT('',(7.429570339188E-02,5.469678639068,
    1.896044622054));
#2393 = CARTESIAN_POINT('',(-0.642430130104,5.417734853178,
    1.959000765245));
#2394 = CARTESIAN_POINT('',(-0.889987618769,5.38674384851,1.980828274626
    ));
#2395 = CARTESIAN_POINT('',(-1.135813261597,5.342825749912,
    2.002655642849));
#2396 = CARTESIAN_POINT('',(-1.379115731814,5.286097676003,
    2.024482528489));
#2397 = CARTESIAN_POINT('',(-1.619119534532,5.216733270624,
    2.046309289049));
#2398 = CARTESIAN_POINT('',(-1.855065092584,5.13496040757,2.068136495194
    ));
#2399 = CARTESIAN_POINT('',(-2.086209486163,5.041061668698,
    2.089964310385));
#2400 = CARTESIAN_POINT('',(-2.565123987129,4.816728705734,
    2.136296845552));
#2401 = CARTESIAN_POINT('',(-2.811470585983,4.683218329821,
    2.160803710304));
#2402 = CARTESIAN_POINT('',(-3.049834967281,4.535327840767,
    2.185306445842));
#2403 = CARTESIAN_POINT('',(-3.279240759788,4.373619728344,
    2.209808889139));
#2404 = CARTESIAN_POINT('',(-3.498764442732,4.198730852784,
    2.234313154964));
#2405 = CARTESIAN_POINT('',(-3.707535459383,4.011369156195,
    2.258818684812));
#2406 = CARTESIAN_POINT('',(-3.904739188863,3.812315029776,
    2.283324798569));
#2407 = CARTESIAN_POINT('',(-4.406995030318,3.242133955395,2.34989537418
    ));
#2408 = CARTESIAN_POINT('',(-4.688214523866,2.849743929594,
    2.391977733614));
#2409 = CARTESIAN_POINT('',(-4.929295357073,2.429689549339,
    2.434050715823));
#2410 = CARTESIAN_POINT('',(-5.127140318696,1.986819754814,2.47611489611
    ));
#2411 = CARTESIAN_POINT('',(-5.279375257944,1.526278761906,
    2.518178584737));
#2412 = CARTESIAN_POINT('',(-5.384291374266,1.053466317677,
    2.560250247705));
#2413 = CARTESIAN_POINT('',(-5.440910571378,0.574047010106,
    2.602331119759));
#2414 = CARTESIAN_POINT('',(-5.458098781157,-0.422621865408,
    2.689662936549));
#2415 = CARTESIAN_POINT('',(-5.411041534603,-0.940461477633,
    2.734954117343));
#2416 = CARTESIAN_POINT('',(-5.307783839755,-1.452043516507,
    2.780232679101));
#2417 = CARTESIAN_POINT('',(-5.149428298957,-1.950280235474,
    2.825500328805));
#2418 = CARTESIAN_POINT('',(-4.937995820564,-2.428410973558,
    2.870765799363));
#2419 = CARTESIAN_POINT('',(-4.676453318878,-2.880034940745,
    2.916039371113));
#2420 = CARTESIAN_POINT('',(-4.368669276022,-3.299119159646,
    2.961324999454));
#2421 = CARTESIAN_POINT('',(-3.58285397204,-4.157439623824,
    3.063269588889));
#2422 = CARTESIAN_POINT('',(-3.08062661692,-4.575998362802,
    3.120023672685));
#2423 = CARTESIAN_POINT('',(-2.523084364767,-4.924393397514,
    3.176736755024));
#2424 = CARTESIAN_POINT('',(-1.921919792202,-5.194641379284,
    3.233428132275));
#2425 = CARTESIAN_POINT('',(-1.289623957576,-5.380751531216,
    3.290122891952));
#2426 = CARTESIAN_POINT('',(-0.639577681168,-5.479140617459,
    3.346842549212));
#2427 = CARTESIAN_POINT('',(1.414230798662E-02,-5.488254847547,
    3.403602913568));
#2428 = CARTESIAN_POINT('',(1.231036672889,-5.340604036703,
    3.510995169825));
#2429 = CARTESIAN_POINT('',(1.797624575272,-5.201092644066,
    3.561742080281));
#2430 = CARTESIAN_POINT('',(2.345586716766,-4.992875282618,
    3.612464312363));
#2431 = CARTESIAN_POINT('',(2.86532049968,-4.719116594658,3.663169800746
    ));
#2432 = CARTESIAN_POINT('',(3.347956303869,-4.384262531911,
    3.713877133697));
#2433 = CARTESIAN_POINT('',(3.785464519806,-3.994131918212,
    3.764603333951));
#2434 = CARTESIAN_POINT('',(4.170606710575,-3.555775289687,
    3.815353944756));
#2435 = CARTESIAN_POINT('',(4.728419526886,-2.740748626747,3.90188121016
    ));
#2436 = CARTESIAN_POINT('',(4.930455043031,-2.383490368703,
    3.937707291227));
#2437 = CARTESIAN_POINT('',(5.101540384556,-2.009350381732,
    3.973529898852));
#2438 = CARTESIAN_POINT('',(5.240067683332,-1.621477958226,
    4.009347212879));
#2439 = CARTESIAN_POINT('',(5.34481976713,-1.223153910562,4.045163809472
    ));
#2440 = CARTESIAN_POINT('',(5.414947868299,-0.817773395931,
    4.080985827594));
#2441 = CARTESIAN_POINT('',(5.45,-0.408844131509,4.116813506933));
#2442 = CARTESIAN_POINT('',(5.45,0.,4.15263109728));
#2443 = PCURVE('',#1240,#2444);
#2444 = DEFINITIONAL_REPRESENTATION('',(#2445),#2511);
#2445 = B_SPLINE_CURVE_WITH_KNOTS('',8,(#2446,#2447,#2448,#2449,#2450,
    #2451,#2452,#2453,#2454,#2455,#2456,#2457,#2458,#2459,#2460,#2461,
    #2462,#2463,#2464,#2465,#2466,#2467,#2468,#2469,#2470,#2471,#2472,
    #2473,#2474,#2475,#2476,#2477,#2478,#2479,#2480,#2481,#2482,#2483,
    #2484,#2485,#2486,#2487,#2488,#2489,#2490,#2491,#2492,#2493,#2494,
    #2495,#2496,#2497,#2498,#2499,#2500,#2501,#2502,#2503,#2504,#2505,
    #2506,#2507,#2508,#2509,#2510),.UNSPECIFIED.,.F.,.F.,(9,7,7,7,7,7,7,
    7,7,9),(0.,0.151788223486,0.261497464025,0.319716502281,
    0.385077573541,0.497277454313,0.618013661485,0.769209405925,
    0.904461108775,1.),.UNSPECIFIED.);
#2446 = CARTESIAN_POINT('',(1.239740287564,6.962644452774));
#2447 = CARTESIAN_POINT('',(1.23974028698,7.09471551113));
#2448 = CARTESIAN_POINT('',(1.239743599316,7.226957767517));
#2449 = CARTESIAN_POINT('',(1.239750179218,7.359099574922));
#2450 = CARTESIAN_POINT('',(1.239757900808,7.4911819546));
#2451 = CARTESIAN_POINT('',(1.239761141876,7.62326454377));
#2452 = CARTESIAN_POINT('',(1.239759098442,7.755406277033));
#2453 = CARTESIAN_POINT('',(1.239755021472,7.887649176399));
#2454 = CARTESIAN_POINT('',(1.239748506276,8.115177304016));
#2455 = CARTESIAN_POINT('',(1.239745942651,8.210667033084));
#2456 = CARTESIAN_POINT('',(1.239744372475,8.306138998055));
#2457 = CARTESIAN_POINT('',(1.239744762723,8.40159609981));
#2458 = CARTESIAN_POINT('',(1.239746753109,8.497053916937));
#2459 = CARTESIAN_POINT('',(1.239748819802,8.592527748331));
#2460 = CARTESIAN_POINT('',(1.239749521247,8.688019536522));
#2461 = CARTESIAN_POINT('',(1.239749142622,8.834133801382));
#2462 = CARTESIAN_POINT('',(1.23974873405,8.884793474706));
#2463 = CARTESIAN_POINT('',(1.239748116211,8.935453143763));
#2464 = CARTESIAN_POINT('',(1.239747406905,8.98611183105));
#2465 = CARTESIAN_POINT('',(1.239746907639,9.036769891627));
#2466 = CARTESIAN_POINT('',(1.239747004116,9.087428046727));
#2467 = CARTESIAN_POINT('',(1.239747833306,9.138086478558));
#2468 = CARTESIAN_POINT('',(1.239749709258,9.245615914666));
#2469 = CARTESIAN_POINT('',(1.239751836749,9.302490200689));
#2470 = CARTESIAN_POINT('',(1.239748053586,9.359364682745));
#2471 = CARTESIAN_POINT('',(1.23974575487,9.416235500362));
#2472 = CARTESIAN_POINT('',(1.23974606345,9.473106244026));
#2473 = CARTESIAN_POINT('',(1.239746184877,9.529980651866));
#2474 = CARTESIAN_POINT('',(1.23974695754,9.58685507049));
#2475 = CARTESIAN_POINT('',(1.239749041963,9.741354002531));
#2476 = CARTESIAN_POINT('',(1.239750456252,9.839019831594));
#2477 = CARTESIAN_POINT('',(1.239750039418,9.936666883891));
#2478 = CARTESIAN_POINT('',(1.239747640533,10.034296716322));
#2479 = CARTESIAN_POINT('',(1.239745334983,10.131925275502));
#2480 = CARTESIAN_POINT('',(1.239744925178,10.229569314703));
#2481 = CARTESIAN_POINT('',(1.239746001931,10.327232342691));
#2482 = CARTESIAN_POINT('',(1.239750306826,10.529912301318));
#2483 = CARTESIAN_POINT('',(1.239753665602,10.635022404369));
#2484 = CARTESIAN_POINT('',(1.2397573577,10.740102669097));
#2485 = CARTESIAN_POINT('',(1.239759728989,10.84515970422));
#2486 = CARTESIAN_POINT('',(1.239759170953,10.950216357706));
#2487 = CARTESIAN_POINT('',(1.239756189896,11.055295689433));
#2488 = CARTESIAN_POINT('',(1.239752091676,11.16040479825));
#2489 = CARTESIAN_POINT('',(1.239743231611,11.397020254457));
#2490 = CARTESIAN_POINT('',(1.239738557607,11.528747236266));
#2491 = CARTESIAN_POINT('',(1.239736612569,11.660374717149));
#2492 = CARTESIAN_POINT('',(1.239739933545,11.791943419091));
#2493 = CARTESIAN_POINT('',(1.239747629853,11.923512968651));
#2494 = CARTESIAN_POINT('',(1.2397541232,12.055142195745));
#2495 = CARTESIAN_POINT('',(1.23975739228,12.186871029181));
#2496 = CARTESIAN_POINT('',(1.239757802704,12.436115018612));
#2497 = CARTESIAN_POINT('',(1.23975555218,12.553896148634));
#2498 = CARTESIAN_POINT('',(1.239751059778,12.671623590845));
#2499 = CARTESIAN_POINT('',(1.239745826282,12.789313379202));
#2500 = CARTESIAN_POINT('',(1.239743569395,12.907002729844));
#2501 = CARTESIAN_POINT('',(1.239745036112,13.024729950929));
#2502 = CARTESIAN_POINT('',(1.23974714751,13.142512778508));
#2503 = CARTESIAN_POINT('',(1.239749394343,13.343328718757));
#2504 = CARTESIAN_POINT('',(1.239749772387,13.42647618034));
#2505 = CARTESIAN_POINT('',(1.239749738507,13.509616204534));
#2506 = CARTESIAN_POINT('',(1.239747985368,13.592746650143));
#2507 = CARTESIAN_POINT('',(1.239745607289,13.675876397665));
#2508 = CARTESIAN_POINT('',(1.239745920867,13.759014438167));
#2509 = CARTESIAN_POINT('',(1.239750257121,13.842159309669));
#2510 = CARTESIAN_POINT('',(1.239749725137,13.925288881062));
#2511 = ( GEOMETRIC_REPRESENTATION_CONTEXT(2) 
PARAMETRIC_REPRESENTATION_CONTEXT() REPRESENTATION_CONTEXT('2D SPACE',''
  ) );
#2512 = PCURVE('',#2513,#2518);
#2513 = CYLINDRICAL_SURFACE('',#2514,5.45);
#2514 = AXIS2_PLACEMENT_3D('',#2515,#2516,#2517);
#2515 = CARTESIAN_POINT('',(0.,0.,-0.2));
#2516 = DIRECTION('',(-0.,-0.,-1.));
#2517 = DIRECTION('',(1.,0.,0.));
#2518 = DEFINITIONAL_REPRESENTATION('',(#2519),#2585);
#2519 = B_SPLINE_CURVE_WITH_KNOTS('',8,(#2520,#2521,#2522,#2523,#2524,
    #2525,#2526,#2527,#2528,#2529,#2530,#2531,#2532,#2533,#2534,#2535,
    #2536,#2537,#2538,#2539,#2540,#2541,#2542,#2543,#2544,#2545,#2546,
    #2547,#2548,#2549,#2550,#2551,#2552,#2553,#2554,#2555,#2556,#2557,
    #2558,#2559,#2560,#2561,#2562,#2563,#2564,#2565,#2566,#2567,#2568,
    #2569,#2570,#2571,#2572,#2573,#2574,#2575,#2576,#2577,#2578,#2579,
    #2580,#2581,#2582,#2583,#2584),.UNSPECIFIED.,.F.,.F.,(9,7,7,7,7,7,7,
    7,7,9),(0.,0.151788223486,0.261497464025,0.319716502281,
    0.385077573541,0.497277454313,0.618013661485,0.769209405925,
    0.904461108775,1.),.UNSPECIFIED.);
#2520 = CARTESIAN_POINT('',(0.,-1.35262461174));
#2521 = CARTESIAN_POINT('',(-0.11918280553,-1.409530159662));
#2522 = CARTESIAN_POINT('',(-0.238520105928,-1.466511751514));
#2523 = CARTESIAN_POINT('',(-0.357766596878,-1.523452310828));
#2524 = CARTESIAN_POINT('',(-0.476959114577,-1.580368067849));
#2525 = CARTESIAN_POINT('',(-0.596151613497,-1.637280837271));
#2526 = CARTESIAN_POINT('',(-0.715398000877,-1.694215462857));
#2527 = CARTESIAN_POINT('',(-0.834736199912,-1.751192269335));
#2528 = CARTESIAN_POINT('',(-1.040061739221,-1.849223008239));
#2529 = CARTESIAN_POINT('',(-1.126233525674,-1.890364972669));
#2530 = CARTESIAN_POINT('',(-1.212389265007,-1.931499959626));
#2531 = CARTESIAN_POINT('',(-1.29853138445,-1.97262988525));
#2532 = CARTESIAN_POINT('',(-1.384673642616,-2.013761218326));
#2533 = CARTESIAN_POINT('',(-1.470829761039,-2.054899511786));
#2534 = CARTESIAN_POINT('',(-1.557001843713,-2.096044622054));
#2535 = CARTESIAN_POINT('',(-1.688856091046,-2.159000765245));
#2536 = CARTESIAN_POINT('',(-1.734571687503,-2.180828274626));
#2537 = CARTESIAN_POINT('',(-1.780287395056,-2.202655642849));
#2538 = CARTESIAN_POINT('',(-1.826002399554,-2.224482528489));
#2539 = CARTESIAN_POINT('',(-1.871717076229,-2.246309289049));
#2540 = CARTESIAN_POINT('',(-1.917432084657,-2.268136495194));
#2541 = CARTESIAN_POINT('',(-1.963147504636,-2.289964310385));
#2542 = CARTESIAN_POINT('',(-2.060184558379,-2.336296845552));
#2543 = CARTESIAN_POINT('',(-2.111509076674,-2.360803710304));
#2544 = CARTESIAN_POINT('',(-2.162832502912,-2.385306445842));
#2545 = CARTESIAN_POINT('',(-2.214154889703,-2.409808889139));
#2546 = CARTESIAN_POINT('',(-2.265477348351,-2.434313154964));
#2547 = CARTESIAN_POINT('',(-2.316800955405,-2.458818684812));
#2548 = CARTESIAN_POINT('',(-2.368125540902,-2.483324798569));
#2549 = CARTESIAN_POINT('',(-2.50754699967,-2.54989537418));
#2550 = CARTESIAN_POINT('',(-2.595681019643,-2.591977733614));
#2551 = CARTESIAN_POINT('',(-2.683797763505,-2.634050715823));
#2552 = CARTESIAN_POINT('',(-2.771899381847,-2.67611489611));
#2553 = CARTESIAN_POINT('',(-2.86000050391,-2.718178584737));
#2554 = CARTESIAN_POINT('',(-2.948116053837,-2.760250247705));
#2555 = CARTESIAN_POINT('',(-3.036248974318,-2.802331119759));
#2556 = CARTESIAN_POINT('',(-3.219151190003,-2.889662936549));
#2557 = CARTESIAN_POINT('',(-3.314004572315,-2.934954117343));
#2558 = CARTESIAN_POINT('',(-3.408830834496,-2.980232679101));
#2559 = CARTESIAN_POINT('',(-3.503635756587,-3.025500328805));
#2560 = CARTESIAN_POINT('',(-3.598440055693,-3.070765799363));
#2561 = CARTESIAN_POINT('',(-3.693264762402,-3.116039371113));
#2562 = CARTESIAN_POINT('',(-3.788116403143,-3.161324999454));
#2563 = CARTESIAN_POINT('',(-4.001641075011,-3.263269588889));
#2564 = CARTESIAN_POINT('',(-4.120513266959,-3.320023672685));
#2565 = CARTESIAN_POINT('',(-4.239295889254,-3.376736755024));
#2566 = CARTESIAN_POINT('',(-4.358025570954,-3.433428132274));
#2567 = CARTESIAN_POINT('',(-4.476755614663,-3.490122891953));
#2568 = CARTESIAN_POINT('',(-4.595539188908,-3.546842549212));
#2569 = CARTESIAN_POINT('',(-4.714412709721,-3.603602913568));
#2570 = CARTESIAN_POINT('',(-4.939333659822,-3.710995169825));
#2571 = CARTESIAN_POINT('',(-5.045621056474,-3.761742080281));
#2572 = CARTESIAN_POINT('',(-5.151860359563,-3.812464312362));
#2573 = CARTESIAN_POINT('',(-5.258066068125,-3.863169800747));
#2574 = CARTESIAN_POINT('',(-5.364271548069,-3.913877133697));
#2575 = CARTESIAN_POINT('',(-5.470510513422,-3.964603333951));
#2576 = CARTESIAN_POINT('',(-5.576798828897,-4.015353944756));
#2577 = CARTESIAN_POINT('',(-5.758016325682,-4.10188121016));
#2578 = CARTESIAN_POINT('',(-5.83304889439,-4.137707291227));
#2579 = CARTESIAN_POINT('',(-5.908074704128,-4.173529898852));
#2580 = CARTESIAN_POINT('',(-5.983092116557,-4.209347212879));
#2581 = CARTESIAN_POINT('',(-6.058109574514,-4.245163809472));
#2582 = CARTESIAN_POINT('',(-6.133135467637,-4.280985827594));
#2583 = CARTESIAN_POINT('',(-6.208168035343,-4.316813506933));
#2584 = CARTESIAN_POINT('',(-6.28318530718,-4.35263109728));
#2585 = ( GEOMETRIC_REPRESENTATION_CONTEXT(2) 
PARAMETRIC_REPRESENTATION_CONTEXT() REPRESENTATION_CONTEXT('2D SPACE',''
  ) );
#2586 = ORIENTED_EDGE('',*,*,#2587,.T.);
#2587 = EDGE_CURVE('',#2374,#2588,#2590,.T.);
#2588 = VERTEX_POINT('',#2589);
#2589 = CARTESIAN_POINT('',(5.45,0.,7.152624611734));
#2590 = SURFACE_CURVE('',#2591,(#2657,#2726),.PCURVE_S1.);
#2591 = B_SPLINE_CURVE_WITH_KNOTS('',8,(#2592,#2593,#2594,#2595,#2596,
    #2597,#2598,#2599,#2600,#2601,#2602,#2603,#2604,#2605,#2606,#2607,
    #2608,#2609,#2610,#2611,#2612,#2613,#2614,#2615,#2616,#2617,#2618,
    #2619,#2620,#2621,#2622,#2623,#2624,#2625,#2626,#2627,#2628,#2629,
    #2630,#2631,#2632,#2633,#2634,#2635,#2636,#2637,#2638,#2639,#2640,
    #2641,#2642,#2643,#2644,#2645,#2646,#2647,#2648,#2649,#2650,#2651,
    #2652,#2653,#2654,#2655,#2656),.UNSPECIFIED.,.F.,.F.,(9,7,7,7,7,7,7,
    7,7,9),(0.,0.14684899606,0.244617320464,0.387403931662,
    0.486560315061,0.594463164061,0.645498421463,0.718737408332,
    0.826330797859,1.),.UNSPECIFIED.);
#2592 = CARTESIAN_POINT('',(5.45,0.,4.15263109728));
#2593 = CARTESIAN_POINT('',(5.45,0.628378513314,4.207681426828));
#2594 = CARTESIAN_POINT('',(5.367198148901,1.257481380642,4.262787037273
    ));
#2595 = CARTESIAN_POINT('',(5.201263933264,1.873422868383,4.317873750929
    ));
#2596 = CARTESIAN_POINT('',(4.955046429416,2.46356432959,4.372931271053)
  );
#2597 = CARTESIAN_POINT('',(4.633153850162,3.016082221266,4.427984958772
    ));
#2598 = CARTESIAN_POINT('',(4.242230323449,3.520161178752,4.483060370879
    ));
#2599 = CARTESIAN_POINT('',(3.790643919874,3.965902354774,4.538173172386
    ));
#2600 = CARTESIAN_POINT('',(2.956094176507,4.597720351851,4.629877124621
    ));
#2601 = CARTESIAN_POINT('',(2.600309204954,4.821041874495,4.66653832257)
  );
#2602 = CARTESIAN_POINT('',(2.225386428717,5.012781724188,4.703196724867
    ));
#2603 = CARTESIAN_POINT('',(1.834623508543,5.17106716891,4.73985079857)
  );
#2604 = CARTESIAN_POINT('',(1.431479224789,5.29444838027,4.77650437736)
  );
#2605 = CARTESIAN_POINT('',(1.01955264536,5.381872778982,4.813161511389)
  );
#2606 = CARTESIAN_POINT('',(0.602582564289,5.432717111321,4.849821147689
    ));
#2607 = CARTESIAN_POINT('',(-0.426173042536,5.467557565509,
    4.939998177404));
#2608 = CARTESIAN_POINT('',(-1.040087446633,5.410021229151,4.99357765786
    ));
#2609 = CARTESIAN_POINT('',(-1.64460277515,5.273561118237,5.047124720193
    ));
#2610 = CARTESIAN_POINT('',(-2.228001006247,5.06029673562,5.100651897131
    ));
#2611 = CARTESIAN_POINT('',(-2.779238425427,4.773991058937,
    5.154181985965));
#2612 = CARTESIAN_POINT('',(-3.288083706079,4.420250184096,
    5.207735041202));
#2613 = CARTESIAN_POINT('',(-3.745063718184,4.006283689944,
    5.261320701267));
#2614 = CARTESIAN_POINT('',(-4.41788944054,3.219437810988,5.352026041762
    ));
#2615 = CARTESIAN_POINT('',(-4.665012919312,2.872346248899,
    5.389209222066));
#2616 = CARTESIAN_POINT('',(-4.880838940552,2.503719702921,
    5.426387864013));
#2617 = CARTESIAN_POINT('',(-5.063219952568,2.116882099929,
    5.463560288843));
#2618 = CARTESIAN_POINT('',(-5.210446573993,1.715351044558,
    5.500731149318));
#2619 = CARTESIAN_POINT('',(-5.321219912676,1.302813245703,
    5.537905695266));
#2620 = CARTESIAN_POINT('',(-5.394684788263,0.883124968176,5.5750839112)
  );
#2621 = CARTESIAN_POINT('',(-5.469524250037,2.564764874526E-04,
    5.652703916197));
#2622 = CARTESIAN_POINT('',(-5.463989424012,-0.463746365928,
    5.69316621957));
#2623 = CARTESIAN_POINT('',(-5.413427542221,-0.9264175872,5.733622192072
    ));
#2624 = CARTESIAN_POINT('',(-5.318158137302,-1.382659128355,
    5.77407348054));
#2625 = CARTESIAN_POINT('',(-5.179149093199,-1.827529187279,
    5.814526052479));
#2626 = CARTESIAN_POINT('',(-4.997961936722,-2.256240257269,
    5.854985062381));
#2627 = CARTESIAN_POINT('',(-4.77680018728,-2.664183310223,
    5.895450352336));
#2628 = CARTESIAN_POINT('',(-4.396559755611,-3.228072876941,
    5.95503426616));
#2629 = CARTESIAN_POINT('',(-4.266166532896,-3.403554979133,
    5.974167434854));
#2630 = CARTESIAN_POINT('',(-4.127778007514,-3.57300419219,
    5.993300629585));
#2631 = CARTESIAN_POINT('',(-3.981722226907,-3.73599453889,
    6.012433730017));
#2632 = CARTESIAN_POINT('',(-3.828352857062,-3.892123557534,
    6.03156688865));
#2633 = CARTESIAN_POINT('',(-3.668048917369,-4.041012564348,
    6.050700262831));
#2634 = CARTESIAN_POINT('',(-3.501214515483,-4.182306915877,
    6.069833746756));
#2635 = CARTESIAN_POINT('',(-3.080104022216,-4.507070162083,
    6.116423768224));
#2636 = CARTESIAN_POINT('',(-2.819331440448,-4.682168935521,
    6.143882614211));
#2637 = CARTESIAN_POINT('',(-2.547236891207,-4.839981677897,
    6.171345975786));
#2638 = CARTESIAN_POINT('',(-2.265161904623,-4.979665729785,
    6.198791092624));
#2639 = CARTESIAN_POINT('',(-1.974516732747,-5.100501898854,
    6.226253416994));
#2640 = CARTESIAN_POINT('',(-1.67676226317,-5.201903706606,
    6.253708987529));
#2641 = CARTESIAN_POINT('',(-1.373418970812,-5.283412063594,
    6.281168774544));
#2642 = CARTESIAN_POINT('',(-0.614547888889,-5.434778064358,
    6.348963522073));
#2643 = CARTESIAN_POINT('',(-0.154183133823,-5.481274938855,
    6.389314328302));
#2644 = CARTESIAN_POINT('',(0.30990006648,-5.483135976856,6.429657344767
    ));
#2645 = CARTESIAN_POINT('',(0.772641547376,-5.440107219525,
    6.469992915169));
#2646 = CARTESIAN_POINT('',(1.229063712559,-5.352589719878,
    6.510328071586));
#2647 = CARTESIAN_POINT('',(1.674274553078,-5.221584916974,
    6.550669976979));
#2648 = CARTESIAN_POINT('',(2.103485352366,-5.048745244826,
    6.591019469962));
#2649 = CARTESIAN_POINT('',(3.171580948526,-4.49398095989,6.696464973965
    ));
#2650 = CARTESIAN_POINT('',(3.779169135124,-4.047895761715,
    6.761719160112));
#2651 = CARTESIAN_POINT('',(4.313323645548,-3.508450700439,
    6.826883673531));
#2652 = CARTESIAN_POINT('',(4.758439485194,-2.890499612278,
    6.892002424966));
#2653 = CARTESIAN_POINT('',(5.101665866307,-2.210654367062,
    6.957114475617));
#2654 = CARTESIAN_POINT('',(5.334184895932,-1.48797822765,7.022269148742
    ));
#2655 = CARTESIAN_POINT('',(5.45,-0.74315865135,7.08751785816));
#2656 = CARTESIAN_POINT('',(5.45,4.440892098501E-15,7.152624611734));
#2657 = PCURVE('',#1240,#2658);
#2658 = DEFINITIONAL_REPRESENTATION('',(#2659),#2725);
#2659 = B_SPLINE_CURVE_WITH_KNOTS('',8,(#2660,#2661,#2662,#2663,#2664,
    #2665,#2666,#2667,#2668,#2669,#2670,#2671,#2672,#2673,#2674,#2675,
    #2676,#2677,#2678,#2679,#2680,#2681,#2682,#2683,#2684,#2685,#2686,
    #2687,#2688,#2689,#2690,#2691,#2692,#2693,#2694,#2695,#2696,#2697,
    #2698,#2699,#2700,#2701,#2702,#2703,#2704,#2705,#2706,#2707,#2708,
    #2709,#2710,#2711,#2712,#2713,#2714,#2715,#2716,#2717,#2718,#2719,
    #2720,#2721,#2722,#2723,#2724),.UNSPECIFIED.,.F.,.F.,(9,7,7,7,7,7,7,
    7,7,9),(0.,0.14684899606,0.244617320464,0.387403931662,
    0.486560315061,0.594463164061,0.645498421463,0.718737408332,
    0.826330797859,1.),.UNSPECIFIED.);
#2660 = CARTESIAN_POINT('',(1.239749725137,13.925288881062));
#2661 = CARTESIAN_POINT('',(1.239748907497,14.053055999283));
#2662 = CARTESIAN_POINT('',(1.239738349181,14.180966151122));
#2663 = CARTESIAN_POINT('',(1.239751421968,14.308794756259));
#2664 = CARTESIAN_POINT('',(1.239753043516,14.43657404493));
#2665 = CARTESIAN_POINT('',(1.23974994547,14.564352078587));
#2666 = CARTESIAN_POINT('',(1.239746363815,14.692181350397));
#2667 = CARTESIAN_POINT('',(1.239745215446,14.82009351697));
#2668 = CARTESIAN_POINT('',(1.239746993095,15.032924746928));
#2669 = CARTESIAN_POINT('',(1.239748673001,15.118008379267));
#2670 = CARTESIAN_POINT('',(1.239751375388,15.203083878612));
#2671 = CARTESIAN_POINT('',(1.239754415559,15.288148779829));
#2672 = CARTESIAN_POINT('',(1.239756915673,15.373213385011));
#2673 = CARTESIAN_POINT('',(1.23975819639,15.458288183568));
#2674 = CARTESIAN_POINT('',(1.239758015532,15.543371123264));
#2675 = CARTESIAN_POINT('',(1.239754664958,15.75266662967));
#2676 = CARTESIAN_POINT('',(1.239750130632,15.877025475484));
#2677 = CARTESIAN_POINT('',(1.239743791357,16.001311981664));
#2678 = CARTESIAN_POINT('',(1.239738103867,16.125551317049));
#2679 = CARTESIAN_POINT('',(1.239736942912,16.249790196213));
#2680 = CARTESIAN_POINT('',(1.239740005374,16.374075630628));
#2681 = CARTESIAN_POINT('',(1.239744919828,16.498433765927));
#2682 = CARTESIAN_POINT('',(1.239752837678,16.708937469671));
#2683 = CARTESIAN_POINT('',(1.239755965674,16.795230222846));
#2684 = CARTESIAN_POINT('',(1.239758288284,16.881513721013));
#2685 = CARTESIAN_POINT('',(1.239759111197,16.967785178238));
#2686 = CARTESIAN_POINT('',(1.239758227955,17.05405572689));
#2687 = CARTESIAN_POINT('',(1.239756056594,17.140336889567));
#2688 = CARTESIAN_POINT('',(1.239753419151,17.226627323198));
#2689 = CARTESIAN_POINT('',(1.239748292339,17.406782342204));
#2690 = CARTESIAN_POINT('',(1.239745849881,17.500694465973));
#2691 = CARTESIAN_POINT('',(1.239744415191,17.594590302786));
#2692 = CARTESIAN_POINT('',(1.239744855197,17.688472287995));
#2693 = CARTESIAN_POINT('',(1.239746793874,17.782354862029));
#2694 = CARTESIAN_POINT('',(1.239748790333,17.87625226773));
#2695 = CARTESIAN_POINT('',(1.239749498576,17.970166263468));
#2696 = CARTESIAN_POINT('',(1.239749178292,18.108453896732));
#2697 = CARTESIAN_POINT('',(1.239748883038,18.15286015047));
#2698 = CARTESIAN_POINT('',(1.239748365646,18.197266811093));
#2699 = CARTESIAN_POINT('',(1.239747757355,18.241673391279));
#2700 = CARTESIAN_POINT('',(1.239747264909,18.286079918551));
#2701 = CARTESIAN_POINT('',(1.239747085087,18.330486450986));
#2702 = CARTESIAN_POINT('',(1.239747319245,18.374892592934));
#2703 = CARTESIAN_POINT('',(1.239748703827,18.483020301989));
#2704 = CARTESIAN_POINT('',(1.239749433225,18.546747784096));
#2705 = CARTESIAN_POINT('',(1.239756604435,18.610476279517));
#2706 = CARTESIAN_POINT('',(1.239739769259,18.674200137057));
#2707 = CARTESIAN_POINT('',(1.239748979317,18.737921791955));
#2708 = CARTESIAN_POINT('',(1.239745297632,18.801648994368));
#2709 = CARTESIAN_POINT('',(1.239746889487,18.865377228418));
#2710 = CARTESIAN_POINT('',(1.23974901363,19.022717252553));
#2711 = CARTESIAN_POINT('',(1.239750338593,19.116364498016));
#2712 = CARTESIAN_POINT('',(1.239750063636,19.209996275005));
#2713 = CARTESIAN_POINT('',(1.239747969311,19.30361371666));
#2714 = CARTESIAN_POINT('',(1.239745766834,19.397230388416));
#2715 = CARTESIAN_POINT('',(1.23974507586,19.490860312379));
#2716 = CARTESIAN_POINT('',(1.239745758312,19.584505645196));
#2717 = CARTESIAN_POINT('',(1.239750247435,19.829225047122));
#2718 = CARTESIAN_POINT('',(1.23975565304,19.980663650555));
#2719 = CARTESIAN_POINT('',(1.239761997,20.131892590316));
#2720 = CARTESIAN_POINT('',(1.239762562774,20.283024529846));
#2721 = CARTESIAN_POINT('',(1.239753146174,20.434156886884));
#2722 = CARTESIAN_POINT('',(1.239744644301,20.585386741726));
#2723 = CARTESIAN_POINT('',(1.239740288008,20.736828245281));
#2724 = CARTESIAN_POINT('',(1.239740287341,20.887933333706));
#2725 = ( GEOMETRIC_REPRESENTATION_CONTEXT(2) 
PARAMETRIC_REPRESENTATION_CONTEXT() REPRESENTATION_CONTEXT('2D SPACE',''
  ) );
#2726 = PCURVE('',#2727,#2732);
#2727 = CYLINDRICAL_SURFACE('',#2728,5.45);
#2728 = AXIS2_PLACEMENT_3D('',#2729,#2730,#2731);
#2729 = CARTESIAN_POINT('',(0.,0.,-0.2));
#2730 = DIRECTION('',(-0.,-0.,-1.));
#2731 = DIRECTION('',(1.,0.,0.));
#2732 = DEFINITIONAL_REPRESENTATION('',(#2733),#2799);
#2733 = B_SPLINE_CURVE_WITH_KNOTS('',8,(#2734,#2735,#2736,#2737,#2738,
    #2739,#2740,#2741,#2742,#2743,#2744,#2745,#2746,#2747,#2748,#2749,
    #2750,#2751,#2752,#2753,#2754,#2755,#2756,#2757,#2758,#2759,#2760,
    #2761,#2762,#2763,#2764,#2765,#2766,#2767,#2768,#2769,#2770,#2771,
    #2772,#2773,#2774,#2775,#2776,#2777,#2778,#2779,#2780,#2781,#2782,
    #2783,#2784,#2785,#2786,#2787,#2788,#2789,#2790,#2791,#2792,#2793,
    #2794,#2795,#2796,#2797,#2798),.UNSPECIFIED.,.F.,.F.,(9,7,7,7,7,7,7,
    7,7,9),(0.,0.14684899606,0.244617320464,0.387403931662,
    0.486560315061,0.594463164061,0.645498421463,0.718737408332,
    0.826330797859,1.),.UNSPECIFIED.);
#2734 = CARTESIAN_POINT('',(0.,-4.35263109728));
#2735 = CARTESIAN_POINT('',(-0.115298809782,-4.407681426828));
#2736 = CARTESIAN_POINT('',(-0.230730249159,-4.462787037273));
#2737 = CARTESIAN_POINT('',(-0.346084342554,-4.517873750929));
#2738 = CARTESIAN_POINT('',(-0.461391459797,-4.572931271053));
#2739 = CARTESIAN_POINT('',(-0.57669840344,-4.627984958773));
#2740 = CARTESIAN_POINT('',(-0.692052533834,-4.683060370879));
#2741 = CARTESIAN_POINT('',(-0.807482335908,-4.738173172386));
#2742 = CARTESIAN_POINT('',(-0.999544951562,-4.829877124621));
#2743 = CARTESIAN_POINT('',(-1.076326074096,-4.86653832257));
#2744 = CARTESIAN_POINT('',(-1.153099892311,-4.903196724867));
#2745 = CARTESIAN_POINT('',(-1.229864029906,-4.93985079857));
#2746 = CARTESIAN_POINT('',(-1.306627697598,-4.97650437736));
#2747 = CARTESIAN_POINT('',(-1.38340036949,-5.013161511389));
#2748 = CARTESIAN_POINT('',(-1.46018026924,-5.049821147689));
#2749 = CARTESIAN_POINT('',(-1.649050985133,-5.139998177404));
#2750 = CARTESIAN_POINT('',(-1.761273741956,-5.19357765786));
#2751 = CARTESIAN_POINT('',(-1.873431298256,-5.247124720193));
#2752 = CARTESIAN_POINT('',(-1.985546608684,-5.300651897131));
#2753 = CARTESIAN_POINT('',(-2.097661739375,-5.354181985965));
#2754 = CARTESIAN_POINT('',(-2.20981873552,-5.407735041203));
#2755 = CARTESIAN_POINT('',(-2.322041132286,-5.461320701267));
#2756 = CARTESIAN_POINT('',(-2.512002201918,-5.552026041762));
#2757 = CARTESIAN_POINT('',(-2.58987376194,-5.589209222066));
#2758 = CARTESIAN_POINT('',(-2.667736933253,-5.626387864013));
#2759 = CARTESIAN_POINT('',(-2.745589286006,-5.663560288843));
#2760 = CARTESIAN_POINT('',(-2.823440958245,-5.700731149318));
#2761 = CARTESIAN_POINT('',(-2.901302403533,-5.737905695266));
#2762 = CARTESIAN_POINT('',(-2.979172396446,-5.7750839112));
#2763 = CARTESIAN_POINT('',(-3.141747594475,-5.852703916197));
#2764 = CARTESIAN_POINT('',(-3.226495717519,-5.89316621957));
#2765 = CARTESIAN_POINT('',(-3.311229114978,-5.933622192072));
#2766 = CARTESIAN_POINT('',(-3.395949799621,-5.97407348054));
#2767 = CARTESIAN_POINT('',(-3.480670525942,-6.014526052479));
#2768 = CARTESIAN_POINT('',(-3.565404074021,-6.054985062381));
#2769 = CARTESIAN_POINT('',(-3.650152359695,-6.095450352336));
#2770 = CARTESIAN_POINT('',(-3.774943808221,-6.15503426616));
#2771 = CARTESIAN_POINT('',(-3.815016272259,-6.174167434854));
#2772 = CARTESIAN_POINT('',(-3.855089180441,-6.193300629585));
#2773 = CARTESIAN_POINT('',(-3.895162142171,-6.212433730017));
#2774 = CARTESIAN_POINT('',(-3.935235224119,-6.23156688865));
#2775 = CARTESIAN_POINT('',(-3.975308494014,-6.250700262831));
#2776 = CARTESIAN_POINT('',(-4.015381564441,-6.269833746756));
#2777 = CARTESIAN_POINT('',(-4.112958506451,-6.316423768224));
#2778 = CARTESIAN_POINT('',(-4.170468397168,-6.343882614211));
#2779 = CARTESIAN_POINT('',(-4.227976142536,-6.371345975785));
#2780 = CARTESIAN_POINT('',(-4.285482338382,-6.398791092625));
#2781 = CARTESIAN_POINT('',(-4.342987970711,-6.426253416993));
#2782 = CARTESIAN_POINT('',(-4.400495651216,-6.453708987529));
#2783 = CARTESIAN_POINT('',(-4.458005202194,-6.481168774544));
#2784 = CARTESIAN_POINT('',(-4.599990475014,-6.548963522073));
#2785 = CARTESIAN_POINT('',(-4.68449812928,-6.589314328302));
#2786 = CARTESIAN_POINT('',(-4.768991515726,-6.629657344767));
#2787 = CARTESIAN_POINT('',(-4.853472296884,-6.669992915169));
#2788 = CARTESIAN_POINT('',(-4.937952954717,-6.710328071586));
#2789 = CARTESIAN_POINT('',(-5.022446015534,-6.750669976979));
#2790 = CARTESIAN_POINT('',(-5.106953237194,-6.791019469962));
#2791 = CARTESIAN_POINT('',(-5.327792597838,-6.896464973965));
#2792 = CARTESIAN_POINT('',(-5.464453819051,-6.961719160112));
#2793 = CARTESIAN_POINT('',(-5.600925329119,-7.02688367353));
#2794 = CARTESIAN_POINT('',(-5.737308050072,-7.092002424966));
#2795 = CARTESIAN_POINT('',(-5.873691229265,-7.157114475616));
#2796 = CARTESIAN_POINT('',(-6.010162957819,-7.222269148742));
#2797 = CARTESIAN_POINT('',(-6.146825921611,-7.28751785816));
#2798 = CARTESIAN_POINT('',(-6.28318530718,-7.352624611734));
#2799 = ( GEOMETRIC_REPRESENTATION_CONTEXT(2) 
PARAMETRIC_REPRESENTATION_CONTEXT() REPRESENTATION_CONTEXT('2D SPACE',''
  ) );
#2800 = ORIENTED_EDGE('',*,*,#2801,.T.);
#2801 = EDGE_CURVE('',#2588,#1810,#2802,.T.);
#2802 = SURFACE_CURVE('',#2803,(#2876,#2952),.PCURVE_S1.);
#2803 = B_SPLINE_CURVE_WITH_KNOTS('',8,(#2804,#2805,#2806,#2807,#2808,
    #2809,#2810,#2811,#2812,#2813,#2814,#2815,#2816,#2817,#2818,#2819,
    #2820,#2821,#2822,#2823,#2824,#2825,#2826,#2827,#2828,#2829,#2830,
    #2831,#2832,#2833,#2834,#2835,#2836,#2837,#2838,#2839,#2840,#2841,
    #2842,#2843,#2844,#2845,#2846,#2847,#2848,#2849,#2850,#2851,#2852,
    #2853,#2854,#2855,#2856,#2857,#2858,#2859,#2860,#2861,#2862,#2863,
    #2864,#2865,#2866,#2867,#2868,#2869,#2870,#2871,#2872,#2873,#2874,
    #2875),.UNSPECIFIED.,.F.,.F.,(9,7,7,7,7,7,7,7,7,7,9),(0.,
    0.11109535512,0.256991295007,0.314724216056,0.380305539987,
    0.492727775816,0.570848577256,0.691384154352,0.818489694982,
    0.904556640584,1.),.UNSPECIFIED.);
#2804 = CARTESIAN_POINT('',(5.45,4.440892098501E-15,7.152624611734));
#2805 = CARTESIAN_POINT('',(5.45,0.475466154961,7.194279321301));
#2806 = CARTESIAN_POINT('',(5.402593219572,0.95111242285,7.235951037757)
  );
#2807 = CARTESIAN_POINT('',(5.307720762176,1.421153691908,7.277616032355
    ));
#2808 = CARTESIAN_POINT('',(5.166229664105,1.880070584269,7.319275002381
    ));
#2809 = CARTESIAN_POINT('',(4.979674890088,2.322588933982,7.360933877054
    ));
#2810 = CARTESIAN_POINT('',(4.750254425513,2.743668498822,7.402598654265
    ));
#2811 = CARTESIAN_POINT('',(4.480866399644,3.138535457667,7.444270138687
    ));
#2812 = CARTESIAN_POINT('',(3.773962220772,3.981154669187,7.540626965263
    ));
#2813 = CARTESIAN_POINT('',(3.309562572615,4.407504323505,7.595388597125
    ));
#2814 = CARTESIAN_POINT('',(2.790573719205,4.771221857589,7.65011392651)
  );
#2815 = CARTESIAN_POINT('',(2.227093687029,5.064573175734,7.704817319445
    ));
#2816 = CARTESIAN_POINT('',(1.630033530903,5.281556171432,7.75952470144)
  );
#2817 = CARTESIAN_POINT('',(1.011192036464,5.418190410262,7.814256460616
    ));
#2818 = CARTESIAN_POINT('',(0.383085633135,5.472260484126,7.869022554324
    ));
#2819 = CARTESIAN_POINT('',(-0.487562784288,5.433768014889,
    7.945373871996));
#2820 = CARTESIAN_POINT('',(-0.733852118851,5.410064159533,7.96702154223
    ));
#2821 = CARTESIAN_POINT('',(-0.978801009764,5.373603001463,7.98866886355
    ));
#2822 = CARTESIAN_POINT('',(-1.22163791341,5.324476172742,8.010315750237
    ));
#2823 = CARTESIAN_POINT('',(-1.461602674118,5.262829936487,
    8.031962600611));
#2824 = CARTESIAN_POINT('',(-1.697946849761,5.1888639628,8.053609866964)
  );
#2825 = CARTESIAN_POINT('',(-1.929934686417,5.102832726417,8.07525749435
    ));
#2826 = CARTESIAN_POINT('',(-2.414601695887,4.893973356377,
    8.121493690166));
#2827 = CARTESIAN_POINT('',(-2.665829196326,4.767723014336,
    8.146083683573));
#2828 = CARTESIAN_POINT('',(-2.909469198523,4.626752686082,
    8.170676589527));
#2829 = CARTESIAN_POINT('',(-3.14452263977,4.471598016578,8.195256479509
    ));
#2830 = CARTESIAN_POINT('',(-3.370033859668,4.3028743702,8.219848960117)
  );
#2831 = CARTESIAN_POINT('',(-3.585104639574,4.121268849102,
    8.244436639132));
#2832 = CARTESIAN_POINT('',(-3.788886592256,3.927545332872,
    8.269027403473));
#2833 = CARTESIAN_POINT('',(-4.309222669284,3.37114031722,8.33576866487)
  );
#2834 = CARTESIAN_POINT('',(-4.602526080944,2.986435845857,
    8.377937850459));
#2835 = CARTESIAN_POINT('',(-4.856359296355,2.572777178562,
    8.420097554712));
#2836 = CARTESIAN_POINT('',(-5.067466854133,2.134948722038,
    8.462248112687));
#2837 = CARTESIAN_POINT('',(-5.233311790704,1.678050931578,
    8.504398072168));
#2838 = CARTESIAN_POINT('',(-5.3520165232,1.207462098808,8.546556293656)
  );
#2839 = CARTESIAN_POINT('',(-5.422430903468,0.728853920177,
    8.588724001764));
#2840 = CARTESIAN_POINT('',(-5.459571612373,-8.575903870657E-02,
    8.660166600659));
#2841 = CARTESIAN_POINT('',(-5.451385125255,-0.420839655773,
    8.689460284554));
#2842 = CARTESIAN_POINT('',(-5.419688545111,-0.755057744015,
    8.718753052481));
#2843 = CARTESIAN_POINT('',(-5.364591866299,-1.086488505964,
    8.748044446525));
#2844 = CARTESIAN_POINT('',(-5.286387356395,-1.4132401421,8.77733570157)
  );
#2845 = CARTESIAN_POINT('',(-5.185541451084,-1.733455285976,
    8.806628036267));
#2846 = CARTESIAN_POINT('',(-5.062702539726,-2.045315794619,
    8.835920909908));
#2847 = CARTESIAN_POINT('',(-4.696575627295,-2.812609537836,
    8.910401882626));
#2848 = CARTESIAN_POINT('',(-4.423947765669,-3.254386293539,
    8.955616348824));
#2849 = CARTESIAN_POINT('',(-4.103960337956,-3.665603144465,
    9.000817206462));
#2850 = CARTESIAN_POINT('',(-3.740739166588,-4.040431329649,
    9.046007555609));
#2851 = CARTESIAN_POINT('',(-3.339085821428,-4.373742367045,
    9.091198482662));
#2852 = CARTESIAN_POINT('',(-2.904483582958,-4.6611482364,9.136400654957
    ));
#2853 = CARTESIAN_POINT('',(-2.443053759524,-4.898988611232,
    9.181617079819));
#2854 = CARTESIAN_POINT('',(-1.454278853537,-5.280480386526,
    9.274469583033));
#2855 = CARTESIAN_POINT('',(-0.924113336209,-5.418522166837,
    9.322159354453));
#2856 = CARTESIAN_POINT('',(-0.379447598929,-5.495501513518,
    9.369832896455));
#2857 = CARTESIAN_POINT('',(0.171483586598,-5.509872959451,
    9.417493285742));
#2858 = CARTESIAN_POINT('',(0.720454240062,-5.461269099104,
    9.465151348068));
#2859 = CARTESIAN_POINT('',(1.259277588401,-5.350568721405,
    9.512819575743));
#2860 = CARTESIAN_POINT('',(1.779832253191,-5.179826165166,
    9.560503608437));
#2861 = CARTESIAN_POINT('',(2.608915724665,-4.799138587774,
    9.640425063984));
#2862 = CARTESIAN_POINT('',(2.931831278339,-4.619560187775,
    9.672697640121));
#2863 = CARTESIAN_POINT('',(3.240515230549,-4.415194627411,
    9.704968523723));
#2864 = CARTESIAN_POINT('',(3.532756809115,-4.187381992115,
    9.737237340155));
#2865 = CARTESIAN_POINT('',(3.806519888437,-3.937673478299,
    9.769506593095));
#2866 = CARTESIAN_POINT('',(4.05993659514,-3.667815631454,9.801778654564
    ));
#2867 = CARTESIAN_POINT('',(4.291319426885,-3.379756584739,
    9.834053015049));
#2868 = CARTESIAN_POINT('',(4.729710645443,-2.738464295125,
    9.902110256311));
#2869 = CARTESIAN_POINT('',(4.931391995995,-2.38144018527,9.937903533884
    ));
#2870 = CARTESIAN_POINT('',(5.102172496196,-2.007579500191,9.97369344093
    ));
#2871 = CARTESIAN_POINT('',(5.240450124957,-1.620023143866,
    10.009478072178));
#2872 = CARTESIAN_POINT('',(5.345011913811,-1.222043197977,
    10.045261939669));
#2873 = CARTESIAN_POINT('',(5.415011985904,-0.817025933791,
    10.081051249772));
#2874 = CARTESIAN_POINT('',(5.450000000068,-0.408470030499,
    10.116846320154));
#2875 = CARTESIAN_POINT('',(5.45,-1.7763568394E-15,10.152631136715));
#2876 = PCURVE('',#1240,#2877);
#2877 = DEFINITIONAL_REPRESENTATION('',(#2878),#2951);
#2878 = B_SPLINE_CURVE_WITH_KNOTS('',8,(#2879,#2880,#2881,#2882,#2883,
    #2884,#2885,#2886,#2887,#2888,#2889,#2890,#2891,#2892,#2893,#2894,
    #2895,#2896,#2897,#2898,#2899,#2900,#2901,#2902,#2903,#2904,#2905,
    #2906,#2907,#2908,#2909,#2910,#2911,#2912,#2913,#2914,#2915,#2916,
    #2917,#2918,#2919,#2920,#2921,#2922,#2923,#2924,#2925,#2926,#2927,
    #2928,#2929,#2930,#2931,#2932,#2933,#2934,#2935,#2936,#2937,#2938,
    #2939,#2940,#2941,#2942,#2943,#2944,#2945,#2946,#2947,#2948,#2949,
    #2950),.UNSPECIFIED.,.F.,.F.,(9,7,7,7,7,7,7,7,7,7,9),(0.,
    0.11109535512,0.256991295007,0.314724216056,0.380305539987,
    0.492727775816,0.570848577256,0.691384154352,0.818489694982,
    0.904556640584,1.),.UNSPECIFIED.);
#2879 = CARTESIAN_POINT('',(1.239740287341,20.887933333706));
#2880 = CARTESIAN_POINT('',(1.239740286914,20.984608996781));
#2881 = CARTESIAN_POINT('',(1.239742058111,21.08132130301));
#2882 = CARTESIAN_POINT('',(1.2397456016,21.178015174935));
#2883 = CARTESIAN_POINT('',(1.239750247327,21.27469329549));
#2884 = CARTESIAN_POINT('',(1.239754572237,21.371371694727));
#2885 = CARTESIAN_POINT('',(1.239757303894,21.468066325961));
#2886 = CARTESIAN_POINT('',(1.239758143051,21.564779540298));
#2887 = CARTESIAN_POINT('',(1.239756512577,21.788414869208));
#2888 = CARTESIAN_POINT('',(1.239752903788,21.915515862838));
#2889 = CARTESIAN_POINT('',(1.239747553161,22.042535400584));
#2890 = CARTESIAN_POINT('',(1.239742675135,22.169503305849));
#2891 = CARTESIAN_POINT('',(1.239743645193,22.296471172411));
#2892 = CARTESIAN_POINT('',(1.239747455791,22.423491094133));
#2893 = CARTESIAN_POINT('',(1.23974926016,22.550593837572));
#2894 = CARTESIAN_POINT('',(1.239749327862,22.727796005299));
#2895 = CARTESIAN_POINT('',(1.239749063745,22.778038069107));
#2896 = CARTESIAN_POINT('',(1.239748540727,22.828279725022));
#2897 = CARTESIAN_POINT('',(1.239747828016,22.878520665278));
#2898 = CARTESIAN_POINT('',(1.239747174319,22.928761421971));
#2899 = CARTESIAN_POINT('',(1.239746948613,22.979002465385));
#2900 = CARTESIAN_POINT('',(1.239747387009,23.029243308327));
#2901 = CARTESIAN_POINT('',(1.239749007497,23.136549485213));
#2902 = CARTESIAN_POINT('',(1.239749905672,23.193618453055));
#2903 = CARTESIAN_POINT('',(1.239754451409,23.250689147238));
#2904 = CARTESIAN_POINT('',(1.239742312912,23.307755468462));
#2905 = CARTESIAN_POINT('',(1.23974838044,23.364821814776));
#2906 = CARTESIAN_POINT('',(1.239745502204,23.421891601919));
#2907 = CARTESIAN_POINT('',(1.23974657103,23.478962045037));
#2908 = CARTESIAN_POINT('',(1.239748523947,23.633857323128));
#2909 = CARTESIAN_POINT('',(1.239750319632,23.731724039572));
#2910 = CARTESIAN_POINT('',(1.239750563559,23.829571293488));
#2911 = CARTESIAN_POINT('',(1.239748419611,23.927401182296));
#2912 = CARTESIAN_POINT('',(1.239745871408,24.025230350046));
#2913 = CARTESIAN_POINT('',(1.239745030555,24.123075970288));
#2914 = CARTESIAN_POINT('',(1.239745671753,24.220941232822));
#2915 = CARTESIAN_POINT('',(1.239748694455,24.386746246791));
#2916 = CARTESIAN_POINT('',(1.239750469242,24.454730590003));
#2917 = CARTESIAN_POINT('',(1.239752625024,24.522712191549));
#2918 = CARTESIAN_POINT('',(1.239754794235,24.590690575934));
#2919 = CARTESIAN_POINT('',(1.239756571311,24.658669258366));
#2920 = CARTESIAN_POINT('',(1.239757640022,24.726651574387));
#2921 = CARTESIAN_POINT('',(1.239757853108,24.79463650657));
#2922 = CARTESIAN_POINT('',(1.239756355527,24.967500371096));
#2923 = CARTESIAN_POINT('',(1.239753529838,25.072442280169));
#2924 = CARTESIAN_POINT('',(1.239748947217,25.177355420105));
#2925 = CARTESIAN_POINT('',(1.239743711921,25.282245227388));
#2926 = CARTESIAN_POINT('',(1.239739904899,25.387134108526));
#2927 = CARTESIAN_POINT('',(1.239738711076,25.492044922582));
#2928 = CARTESIAN_POINT('',(1.239739912714,25.596984989352));
#2929 = CARTESIAN_POINT('',(1.239745495548,25.812475763559));
#2930 = CARTESIAN_POINT('',(1.239750050719,25.923150807791));
#2931 = CARTESIAN_POINT('',(1.239755248769,26.033787145938));
#2932 = CARTESIAN_POINT('',(1.239759252167,26.14439484944));
#2933 = CARTESIAN_POINT('',(1.239759974196,26.255002378839));
#2934 = CARTESIAN_POINT('',(1.239757781377,26.365638155202));
#2935 = CARTESIAN_POINT('',(1.239754402387,26.476312520447));
#2936 = CARTESIAN_POINT('',(1.239749091153,26.661809225666));
#2937 = CARTESIAN_POINT('',(1.239747047992,26.73671331988));
#2938 = CARTESIAN_POINT('',(1.239745521331,26.811612670432));
#2939 = CARTESIAN_POINT('',(1.239744935947,26.8865057296));
#2940 = CARTESIAN_POINT('',(1.239745370212,26.961398179428));
#2941 = CARTESIAN_POINT('',(1.23974647043,27.036296082409));
#2942 = CARTESIAN_POINT('',(1.239747635371,27.111199206535));
#2943 = CARTESIAN_POINT('',(1.239749397709,27.269149183136));
#2944 = CARTESIAN_POINT('',(1.239749747644,27.352220597841));
#2945 = CARTESIAN_POINT('',(1.23974974605,27.435284606321));
#2946 = CARTESIAN_POINT('',(1.239748008484,27.518339147738));
#2947 = CARTESIAN_POINT('',(1.239745594125,27.601393073671));
#2948 = CARTESIAN_POINT('',(1.239745883952,27.684455293726));
#2949 = CARTESIAN_POINT('',(1.239750283787,27.767524255997));
#2950 = CARTESIAN_POINT('',(1.239749752223,27.850577762389));
#2951 = ( GEOMETRIC_REPRESENTATION_CONTEXT(2) 
PARAMETRIC_REPRESENTATION_CONTEXT() REPRESENTATION_CONTEXT('2D SPACE',''
  ) );
#2952 = PCURVE('',#1826,#2953);
#2953 = DEFINITIONAL_REPRESENTATION('',(#2954),#3027);
#2954 = B_SPLINE_CURVE_WITH_KNOTS('',8,(#2955,#2956,#2957,#2958,#2959,
    #2960,#2961,#2962,#2963,#2964,#2965,#2966,#2967,#2968,#2969,#2970,
    #2971,#2972,#2973,#2974,#2975,#2976,#2977,#2978,#2979,#2980,#2981,
    #2982,#2983,#2984,#2985,#2986,#2987,#2988,#2989,#2990,#2991,#2992,
    #2993,#2994,#2995,#2996,#2997,#2998,#2999,#3000,#3001,#3002,#3003,
    #3004,#3005,#3006,#3007,#3008,#3009,#3010,#3011,#3012,#3013,#3014,
    #3015,#3016,#3017,#3018,#3019,#3020,#3021,#3022,#3023,#3024,#3025,
    #3026),.UNSPECIFIED.,.F.,.F.,(9,7,7,7,7,7,7,7,7,7,9),(0.,
    0.11109535512,0.256991295007,0.314724216056,0.380305539987,
    0.492727775816,0.570848577256,0.691384154352,0.818489694982,
    0.904556640584,1.),.UNSPECIFIED.);
#2955 = CARTESIAN_POINT('',(0.,-7.352624611734));
#2956 = CARTESIAN_POINT('',(-8.72414963231E-02,-7.394279321301));
#2957 = CARTESIAN_POINT('',(-0.174516061327,-7.435951037757));
#2958 = CARTESIAN_POINT('',(-0.261773929828,-7.477616032355));
#2959 = CARTESIAN_POINT('',(-0.349017445572,-7.519275002381));
#2960 = CARTESIAN_POINT('',(-0.436261084058,-7.560933877054));
#2961 = CARTESIAN_POINT('',(-0.523519347913,-7.602598654265));
#2962 = CARTESIAN_POINT('',(-0.610794497559,-7.644270138687));
#2963 = CARTESIAN_POINT('',(-0.812606060329,-7.740626965263));
#2964 = CARTESIAN_POINT('',(-0.927304020592,-7.795388597125));
#2965 = CARTESIAN_POINT('',(-1.041928906765,-7.850113926511));
#2966 = CARTESIAN_POINT('',(-1.156507542564,-7.904817319444));
#2967 = CARTESIAN_POINT('',(-1.271085985262,-7.95952470144));
#2968 = CARTESIAN_POINT('',(-1.385709996369,-8.014256460615));
#2969 = CARTESIAN_POINT('',(-1.500407949956,-8.069022554324));
#2970 = CARTESIAN_POINT('',(-1.660316005449,-8.145373871996));
#2971 = CARTESIAN_POINT('',(-1.705654699675,-8.16702154223));
#2972 = CARTESIAN_POINT('',(-1.750993107907,-8.18866886355));
#2973 = CARTESIAN_POINT('',(-1.796331020305,-8.210315750237));
#2974 = CARTESIAN_POINT('',(-1.841668980668,-8.231962600611));
#2975 = CARTESIAN_POINT('',(-1.887007444829,-8.253609866964));
#2976 = CARTESIAN_POINT('',(-1.932345930126,-8.27525749435));
#2977 = CARTESIAN_POINT('',(-2.029181537235,-8.321493690166));
#2978 = CARTESIAN_POINT('',(-2.080682537686,-8.346083683573));
#2979 = CARTESIAN_POINT('',(-2.132182022103,-8.370676589528));
#2980 = CARTESIAN_POINT('',(-2.183680922466,-8.395256479508));
#2981 = CARTESIAN_POINT('',(-2.235179775773,-8.419848960118));
#2982 = CARTESIAN_POINT('',(-2.286680198399,-8.444436639132));
#2983 = CARTESIAN_POINT('',(-2.338181687891,-8.469027403473));
#2984 = CARTESIAN_POINT('',(-2.477961135228,-8.53576866487));
#2985 = CARTESIAN_POINT('',(-2.566276570736,-8.577937850459));
#2986 = CARTESIAN_POINT('',(-2.654573933682,-8.620097554712));
#2987 = CARTESIAN_POINT('',(-2.742855931168,-8.662248112687));
#2988 = CARTESIAN_POINT('',(-2.831137919426,-8.704398072168));
#2989 = CARTESIAN_POINT('',(-2.919435259501,-8.746556293656));
#2990 = CARTESIAN_POINT('',(-3.007750615004,-8.788724001764));
#2991 = CARTESIAN_POINT('',(-3.157376156083,-8.860166600659));
#2992 = CARTESIAN_POINT('',(-3.218726538631,-8.889460284554));
#2993 = CARTESIAN_POINT('',(-3.280074420182,-8.918753052481));
#2994 = CARTESIAN_POINT('',(-3.34141931192,-8.948044446525));
#2995 = CARTESIAN_POINT('',(-3.402764355052,-8.97733570157));
#2996 = CARTESIAN_POINT('',(-3.464112562925,-9.006628036267));
#2997 = CARTESIAN_POINT('',(-3.525463046029,-9.035920909908));
#2998 = CARTESIAN_POINT('',(-3.681457495632,-9.110401882626));
#2999 = CARTESIAN_POINT('',(-3.776158217934,-9.155616348824));
#3000 = CARTESIAN_POINT('',(-3.870832965433,-9.200817206461));
#3001 = CARTESIAN_POINT('',(-3.965486801549,-9.24600755561));
#3002 = CARTESIAN_POINT('',(-4.060140006834,-9.291198482662));
#3003 = CARTESIAN_POINT('',(-4.154813079318,-9.336400654957));
#3004 = CARTESIAN_POINT('',(-4.24951251224,-9.381617079819));
#3005 = CARTESIAN_POINT('',(-4.443974322504,-9.474469583033));
#3006 = CARTESIAN_POINT('',(-4.543848893247,-9.522159354454));
#3007 = CARTESIAN_POINT('',(-4.643688382201,-9.569832896454));
#3008 = CARTESIAN_POINT('',(-4.743501898106,-9.617493285743));
#3009 = CARTESIAN_POINT('',(-4.843315326013,-9.665151348068));
#3010 = CARTESIAN_POINT('',(-4.943154596506,-9.712819575743));
#3011 = CARTESIAN_POINT('',(-5.043029019506,-9.760503608437));
#3012 = CARTESIAN_POINT('',(-5.210424635608,-9.840425063984));
#3013 = CARTESIAN_POINT('',(-5.278019524115,-9.872697640121));
#3014 = CARTESIAN_POINT('',(-5.345610147391,-9.904968523723));
#3015 = CARTESIAN_POINT('',(-5.413195004272,-9.937237340155));
#3016 = CARTESIAN_POINT('',(-5.480779109036,-9.969506593095));
#3017 = CARTESIAN_POINT('',(-5.548367855008,-10.00177865456));
#3018 = CARTESIAN_POINT('',(-5.615961034182,-10.03405301504));
#3019 = CARTESIAN_POINT('',(-5.758496028487,-10.10211025631));
#3020 = CARTESIAN_POINT('',(-5.833459972139,-10.13790353388));
#3021 = CARTESIAN_POINT('',(-5.908417185942,-10.17369344093));
#3022 = CARTESIAN_POINT('',(-5.983366104305,-10.20947807217));
#3023 = CARTESIAN_POINT('',(-6.05831514266,-10.24526193966));
#3024 = CARTESIAN_POINT('',(-6.133272614651,-10.28105124977));
#3025 = CARTESIAN_POINT('',(-6.20823667773,-10.31684632015));
#3026 = CARTESIAN_POINT('',(-6.28318530718,-10.35263113671));
#3027 = ( GEOMETRIC_REPRESENTATION_CONTEXT(2) 
PARAMETRIC_REPRESENTATION_CONTEXT() REPRESENTATION_CONTEXT('2D SPACE',''
  ) );
#3028 = ORIENTED_EDGE('',*,*,#1838,.T.);
#3029 = ORIENTED_EDGE('',*,*,#1998,.T.);
#3030 = ADVANCED_FACE('',(#3031),#1397,.F.);
#3031 = FACE_BOUND('',#3032,.F.);
#3032 = EDGE_LOOP('',(#3033,#3034,#3056));
#3033 = ORIENTED_EDGE('',*,*,#2344,.F.);
#3034 = ORIENTED_EDGE('',*,*,#3035,.F.);
#3035 = EDGE_CURVE('',#1384,#2345,#3036,.T.);
#3036 = SURFACE_CURVE('',#3037,(#3042,#3049),.PCURVE_S1.);
#3037 = CIRCLE('',#3038,5.45);
#3038 = AXIS2_PLACEMENT_3D('',#3039,#3040,#3041);
#3039 = CARTESIAN_POINT('',(0.,0.,1.2));
#3040 = DIRECTION('',(0.,0.,1.));
#3041 = DIRECTION('',(1.,0.,0.));
#3042 = PCURVE('',#1397,#3043);
#3043 = DEFINITIONAL_REPRESENTATION('',(#3044),#3048);
#3044 = LINE('',#3045,#3046);
#3045 = CARTESIAN_POINT('',(-0.,-1.4));
#3046 = VECTOR('',#3047,1.);
#3047 = DIRECTION('',(-1.,-0.));
#3048 = ( GEOMETRIC_REPRESENTATION_CONTEXT(2) 
PARAMETRIC_REPRESENTATION_CONTEXT() REPRESENTATION_CONTEXT('2D SPACE',''
  ) );
#3049 = PCURVE('',#2513,#3050);
#3050 = DEFINITIONAL_REPRESENTATION('',(#3051),#3055);
#3051 = LINE('',#3052,#3053);
#3052 = CARTESIAN_POINT('',(-0.,-1.4));
#3053 = VECTOR('',#3054,1.);
#3054 = DIRECTION('',(-1.,0.));
#3055 = ( GEOMETRIC_REPRESENTATION_CONTEXT(2) 
PARAMETRIC_REPRESENTATION_CONTEXT() REPRESENTATION_CONTEXT('2D SPACE',''
  ) );
#3056 = ORIENTED_EDGE('',*,*,#1383,.F.);
#3057 = ADVANCED_FACE('',(#3058),#1425,.F.);
#3058 = FACE_BOUND('',#3059,.T.);
#3059 = EDGE_LOOP('',(#3060,#3200,#3221));
#3060 = ORIENTED_EDGE('',*,*,#3061,.T.);
#3061 = EDGE_CURVE('',#1409,#3062,#3064,.T.);
#3062 = VERTEX_POINT('',#3063);
#3063 = CARTESIAN_POINT('',(5.45,0.,1.847367934507));
#3064 = SURFACE_CURVE('',#3065,(#3108,#3154),.PCURVE_S1.);
#3065 = B_SPLINE_CURVE_WITH_KNOTS('',6,(#3066,#3067,#3068,#3069,#3070,
    #3071,#3072,#3073,#3074,#3075,#3076,#3077,#3078,#3079,#3080,#3081,
    #3082,#3083,#3084,#3085,#3086,#3087,#3088,#3089,#3090,#3091,#3092,
    #3093,#3094,#3095,#3096,#3097,#3098,#3099,#3100,#3101,#3102,#3103,
    #3104,#3105,#3106,#3107),.UNSPECIFIED.,.F.,.F.,(7,5,5,5,5,5,5,5,7),(
    0.,0.128036376801,0.265108224887,0.385483131744,0.514821400407,
    0.667852779079,0.804313376737,0.926645211791,1.),.UNSPECIFIED.);
#3066 = CARTESIAN_POINT('',(5.45,0.,-1.152625493991));
#3067 = CARTESIAN_POINT('',(5.450038500194,0.730498288987,
    -1.088628868939));
#3068 = CARTESIAN_POINT('',(5.332373541391,1.461650934005,
    -1.024574525233));
#3069 = CARTESIAN_POINT('',(5.097302222271,2.168421608663,
    -0.960591464879));
#3070 = CARTESIAN_POINT('',(4.75114468454,2.827918493112,-0.896608044012
    ));
#3071 = CARTESIAN_POINT('',(4.306035981115,3.419745085092,
    -0.832552171495));
#3072 = CARTESIAN_POINT('',(3.216289782968,4.468740785984,
    -0.700032288452));
#3073 = CARTESIAN_POINT('',(2.558731298774,4.914783286437,
    -0.631431217132));
#3074 = CARTESIAN_POINT('',(1.829258070934,5.242370277521,
    -0.562924585972));
#3075 = CARTESIAN_POINT('',(1.054337755204,5.439721635624,-0.49442730902
    ));
#3076 = CARTESIAN_POINT('',(0.262032291391,5.499590802752,
    -0.425830047056));
#3077 = CARTESIAN_POINT('',(-1.200235625477,5.360407054814,
    -0.297140984182));
#3078 = CARTESIAN_POINT('',(-1.874577042004,5.191752431555,
    -0.236922732779));
#3079 = CARTESIAN_POINT('',(-2.518978368064,4.921690119083,
    -0.176766182678));
#3080 = CARTESIAN_POINT('',(-3.114898757495,4.556939963272,
    -0.116608836719));
#3081 = CARTESIAN_POINT('',(-3.646066503166,4.108613016847,
    -5.63897545768E-02));
#3082 = CARTESIAN_POINT('',(-4.585144129612,3.037109346524,
    6.842652381011E-02));
#3083 = CARTESIAN_POINT('',(-4.981635566618,2.402490293196,
    0.133136984826));
#3084 = CARTESIAN_POINT('',(-5.271477189989,1.707812003147,
    0.197781286994));
#3085 = CARTESIAN_POINT('',(-5.444058267852,0.975136394861,
    0.262424078323));
#3086 = CARTESIAN_POINT('',(-5.495027434797,0.228561930431,
    0.327131082314));
#3087 = CARTESIAN_POINT('',(-5.345348310475,-1.375568134777,
    0.468270775639));
#3088 = CARTESIAN_POINT('',(-5.096911106696,-2.231049929621,
    0.544898832031));
#3089 = CARTESIAN_POINT('',(-4.684309976522,-3.028273757949,
    0.621373254805));
#3090 = CARTESIAN_POINT('',(-4.126733313503,-3.731782085541,
    0.697856511939));
#3091 = CARTESIAN_POINT('',(-3.448632266115,-4.309508293147,
    0.774493555347));
#3092 = CARTESIAN_POINT('',(-2.011984296577,-5.124514321772,
    0.919200740084));
#3093 = CARTESIAN_POINT('',(-1.26804624133,-5.393070533001,
    0.987489288247));
#3094 = CARTESIAN_POINT('',(-0.484022938915,-5.530294338289,
    1.055680767667));
#3095 = CARTESIAN_POINT('',(0.311917557137,-5.531346284473,
    1.123877094776));
#3096 = CARTESIAN_POINT('',(1.091170023317,-5.396117315787,
    1.192168684454));
#3097 = CARTESIAN_POINT('',(2.482528077942,-4.9017424057,1.321534180095)
  );
#3098 = CARTESIAN_POINT('',(3.104730311318,-4.566668459394,
    1.382732493892));
#3099 = CARTESIAN_POINT('',(3.67106314275,-4.137696977217,1.443872943614
    ));
#3100 = CARTESIAN_POINT('',(4.164424954596,-3.626480708007,
    1.505010815803));
#3101 = CARTESIAN_POINT('',(4.571211905242,-3.048613731937,
    1.566203743637));
#3102 = CARTESIAN_POINT('',(5.067660109759,-2.04854124993,1.664021486331
    ));
#3103 = CARTESIAN_POINT('',(5.219240496489,-1.656447942646,
    1.700693550621));
#3104 = CARTESIAN_POINT('',(5.334276958678,-1.251233503721,
    1.737364713672));
#3105 = CARTESIAN_POINT('',(5.411423200052,-0.837137916799,
    1.774033120162));
#3106 = CARTESIAN_POINT('',(5.450000957287,-0.418548518817,
    1.810699653238));
#3107 = CARTESIAN_POINT('',(5.45,2.6645352591E-15,1.847367934507));
#3108 = PCURVE('',#1425,#3109);
#3109 = DEFINITIONAL_REPRESENTATION('',(#3110),#3153);
#3110 = B_SPLINE_CURVE_WITH_KNOTS('',6,(#3111,#3112,#3113,#3114,#3115,
    #3116,#3117,#3118,#3119,#3120,#3121,#3122,#3123,#3124,#3125,#3126,
    #3127,#3128,#3129,#3130,#3131,#3132,#3133,#3134,#3135,#3136,#3137,
    #3138,#3139,#3140,#3141,#3142,#3143,#3144,#3145,#3146,#3147,#3148,
    #3149,#3150,#3151,#3152),.UNSPECIFIED.,.F.,.F.,(7,5,5,5,5,5,5,5,7),(
    0.,0.128036376801,0.265108224887,0.385483131744,0.514821400407,
    0.667852779079,0.804313376737,0.926645211791,1.),.UNSPECIFIED.);
#3111 = CARTESIAN_POINT('',(0.,0.952625493991));
#3112 = CARTESIAN_POINT('',(-0.13403478915,0.888628868939));
#3113 = CARTESIAN_POINT('',(-0.268195984072,0.824574525233));
#3114 = CARTESIAN_POINT('',(-0.402214385628,0.760591464879));
#3115 = CARTESIAN_POINT('',(-0.536229708438,0.696608044012));
#3116 = CARTESIAN_POINT('',(-0.670385510892,0.632552171495));
#3117 = CARTESIAN_POINT('',(-0.94792575647,0.500032288452));
#3118 = CARTESIAN_POINT('',(-1.091595725096,0.431431217132));
#3119 = CARTESIAN_POINT('',(-1.235068696183,0.362924585972));
#3120 = CARTESIAN_POINT('',(-1.378541947523,0.29442730902));
#3121 = CARTESIAN_POINT('',(-1.522211510037,0.225830047056));
#3122 = CARTESIAN_POINT('',(-1.791731023763,9.714098418229E-02));
#3123 = CARTESIAN_POINT('',(-1.917842718412,3.692273277854E-02));
#3124 = CARTESIAN_POINT('',(-2.043848608408,-2.323381732206E-02));
#3125 = CARTESIAN_POINT('',(-2.16985139168,-8.339116328127E-02));
#3126 = CARTESIAN_POINT('',(-2.295957312249,-0.143610245423));
#3127 = CARTESIAN_POINT('',(-2.557380933954,-0.26842652381));
#3128 = CARTESIAN_POINT('',(-2.692909113886,-0.333136984826));
#3129 = CARTESIAN_POINT('',(-2.828290613572,-0.397781286994));
#3130 = CARTESIAN_POINT('',(-2.963673593695,-0.462424078323));
#3131 = CARTESIAN_POINT('',(-3.099204684883,-0.527131082314));
#3132 = CARTESIAN_POINT('',(-3.394821265341,-0.668270775639));
#3133 = CARTESIAN_POINT('',(-3.55532006212,-0.744898832031));
#3134 = CARTESIAN_POINT('',(-3.715483663545,-0.821373254805));
#3135 = CARTESIAN_POINT('',(-3.875647725365,-0.897856511939));
#3136 = CARTESIAN_POINT('',(-4.036148579344,-0.974493555347));
#3137 = CARTESIAN_POINT('',(-4.339223437139,-1.119200740084));
#3138 = CARTESIAN_POINT('',(-4.482253732529,-1.187489288246));
#3139 = CARTESIAN_POINT('',(-4.625089398302,-1.255680767667));
#3140 = CARTESIAN_POINT('',(-4.767924865128,-1.323877094776));
#3141 = CARTESIAN_POINT('',(-4.910950174125,-1.392168684454));
#3142 = CARTESIAN_POINT('',(-5.181882649224,-1.521534180095));
#3143 = CARTESIAN_POINT('',(-5.310048116963,-1.582732493892));
#3144 = CARTESIAN_POINT('',(-5.438100388314,-1.643872943614));
#3145 = CARTESIAN_POINT('',(-5.566152461478,-1.705010815803));
#3146 = CARTESIAN_POINT('',(-5.694317438667,-1.766203743637));
#3147 = CARTESIAN_POINT('',(-5.899183431657,-1.864021486331));
#3148 = CARTESIAN_POINT('',(-5.975984634644,-1.900693550621));
#3149 = CARTESIAN_POINT('',(-6.052785949597,-1.937364713672));
#3150 = CARTESIAN_POINT('',(-6.129585873046,-1.974033120162));
#3151 = CARTESIAN_POINT('',(-6.206384856646,-2.010699653238));
#3152 = CARTESIAN_POINT('',(-6.28318530718,-2.047367934507));
#3153 = ( GEOMETRIC_REPRESENTATION_CONTEXT(2) 
PARAMETRIC_REPRESENTATION_CONTEXT() REPRESENTATION_CONTEXT('2D SPACE',''
  ) );
#3154 = PCURVE('',#1531,#3155);
#3155 = DEFINITIONAL_REPRESENTATION('',(#3156),#3199);
#3156 = B_SPLINE_CURVE_WITH_KNOTS('',6,(#3157,#3158,#3159,#3160,#3161,
    #3162,#3163,#3164,#3165,#3166,#3167,#3168,#3169,#3170,#3171,#3172,
    #3173,#3174,#3175,#3176,#3177,#3178,#3179,#3180,#3181,#3182,#3183,
    #3184,#3185,#3186,#3187,#3188,#3189,#3190,#3191,#3192,#3193,#3194,
    #3195,#3196,#3197,#3198),.UNSPECIFIED.,.F.,.F.,(7,5,5,5,5,5,5,5,7),(
    0.,0.128036376801,0.265108224887,0.385483131744,0.514821400407,
    0.667852779079,0.804313376737,0.926645211791,1.),.UNSPECIFIED.);
#3157 = CARTESIAN_POINT('',(6.888400946519E-02,6.962644424323));
#3158 = CARTESIAN_POINT('',(6.888387348391E-02,7.111173559411));
#3159 = CARTESIAN_POINT('',(6.88795767676E-02,7.259842650468));
#3160 = CARTESIAN_POINT('',(6.887062002164E-02,7.408354126365));
#3161 = CARTESIAN_POINT('',(6.886419994837E-02,7.556862463073));
#3162 = CARTESIAN_POINT('',(6.886561691005E-02,7.705526066827));
#3163 = CARTESIAN_POINT('',(6.887216409866E-02,8.013078560417));
#3164 = CARTESIAN_POINT('',(6.887810166793E-02,8.172284039718));
#3165 = CARTESIAN_POINT('',(6.888421360405E-02,8.331270090643));
#3166 = CARTESIAN_POINT('',(6.887541870814E-02,8.490258336485));
#3167 = CARTESIAN_POINT('',(6.887399128287E-02,8.649466738646));
#3168 = CARTESIAN_POINT('',(6.887615267881E-02,8.948135457798));
#3169 = CARTESIAN_POINT('',(6.888301164601E-02,9.087882686524));
#3170 = CARTESIAN_POINT('',(6.887401984143E-02,9.227513991726));
#3171 = CARTESIAN_POINT('',(6.8868612147E-02,9.367141772454));
#3172 = CARTESIAN_POINT('',(6.888137097524E-02,9.506882147262));
#3173 = CARTESIAN_POINT('',(6.887424696313E-02,9.796577048592));
#3174 = CARTESIAN_POINT('',(6.887319786133E-02,9.946763953837));
#3175 = CARTESIAN_POINT('',(6.887879420232E-02,10.096786862834));
#3176 = CARTESIAN_POINT('',(6.888239911302E-02,10.24680947544));
#3177 = CARTESIAN_POINT('',(6.88769310961E-02,10.39699550641));
#3178 = CARTESIAN_POINT('',(6.886801368678E-02,10.724578248181));
#3179 = CARTESIAN_POINT('',(6.886184827948E-02,10.902432680566));
#3180 = CARTESIAN_POINT('',(6.886376597082E-02,11.079917613547));
#3181 = CARTESIAN_POINT('',(6.887879040366E-02,11.257402209815));
#3182 = CARTESIAN_POINT('',(6.888407335747E-02,11.435259306469));
#3183 = CARTESIAN_POINT('',(6.888366430975E-02,11.771108248477));
#3184 = CARTESIAN_POINT('',(6.887882438307E-02,11.929605629513));
#3185 = CARTESIAN_POINT('',(6.88676592232E-02,12.087887797363));
#3186 = CARTESIAN_POINT('',(6.886321576288E-02,12.246170432296));
#3187 = CARTESIAN_POINT('',(6.886617617966E-02,12.404662346678));
#3188 = CARTESIAN_POINT('',(6.887377368597E-02,12.704892173958));
#3189 = CARTESIAN_POINT('',(6.887991884454E-02,12.846916398498));
#3190 = CARTESIAN_POINT('',(6.888077390275E-02,12.988814835981));
#3191 = CARTESIAN_POINT('',(6.887724144729E-02,13.130714315505));
#3192 = CARTESIAN_POINT('',(6.88740961702E-02,13.272740897188));
#3193 = CARTESIAN_POINT('',(6.887478448364E-02,13.499763051698));
#3194 = CARTESIAN_POINT('',(6.887732171487E-02,13.584870453028));
#3195 = CARTESIAN_POINT('',(6.887902072289E-02,13.669977044123));
#3196 = CARTESIAN_POINT('',(6.887838592546E-02,13.755080950751));
#3197 = CARTESIAN_POINT('',(6.887599778164E-02,13.840183431178));
#3198 = CARTESIAN_POINT('',(6.887451279174E-02,13.925288876163));
#3199 = ( GEOMETRIC_REPRESENTATION_CONTEXT(2) 
PARAMETRIC_REPRESENTATION_CONTEXT() REPRESENTATION_CONTEXT('2D SPACE',''
  ) );
#3200 = ORIENTED_EDGE('',*,*,#3201,.F.);
#3201 = EDGE_CURVE('',#1384,#3062,#3202,.T.);
#3202 = SURFACE_CURVE('',#3203,(#3207,#3214),.PCURVE_S1.);
#3203 = LINE('',#3204,#3205);
#3204 = CARTESIAN_POINT('',(5.45,0.,-0.2));
#3205 = VECTOR('',#3206,1.);
#3206 = DIRECTION('',(0.,0.,1.));
#3207 = PCURVE('',#1425,#3208);
#3208 = DEFINITIONAL_REPRESENTATION('',(#3209),#3213);
#3209 = LINE('',#3210,#3211);
#3210 = CARTESIAN_POINT('',(-6.28318530718,0.));
#3211 = VECTOR('',#3212,1.);
#3212 = DIRECTION('',(-0.,-1.));
#3213 = ( GEOMETRIC_REPRESENTATION_CONTEXT(2) 
PARAMETRIC_REPRESENTATION_CONTEXT() REPRESENTATION_CONTEXT('2D SPACE',''
  ) );
#3214 = PCURVE('',#2513,#3215);
#3215 = DEFINITIONAL_REPRESENTATION('',(#3216),#3220);
#3216 = LINE('',#3217,#3218);
#3217 = CARTESIAN_POINT('',(-0.,0.));
#3218 = VECTOR('',#3219,1.);
#3219 = DIRECTION('',(-0.,-1.));
#3220 = ( GEOMETRIC_REPRESENTATION_CONTEXT(2) 
PARAMETRIC_REPRESENTATION_CONTEXT() REPRESENTATION_CONTEXT('2D SPACE',''
  ) );
#3221 = ORIENTED_EDGE('',*,*,#1408,.F.);
#3222 = ADVANCED_FACE('',(#3223),#1531,.T.);
#3223 = FACE_BOUND('',#3224,.T.);
#3224 = EDGE_LOOP('',(#3225,#3226,#3227,#3228,#3368,#3523,#3661));
#3225 = ORIENTED_EDGE('',*,*,#1437,.F.);
#3226 = ORIENTED_EDGE('',*,*,#2170,.T.);
#3227 = ORIENTED_EDGE('',*,*,#2113,.T.);
#3228 = ORIENTED_EDGE('',*,*,#3229,.F.);
#3229 = EDGE_CURVE('',#3230,#1808,#3232,.T.);
#3230 = VERTEX_POINT('',#3231);
#3231 = CARTESIAN_POINT('',(5.45,0.,7.847367934507));
#3232 = SURFACE_CURVE('',#3233,(#3276,#3322),.PCURVE_S1.);
#3233 = B_SPLINE_CURVE_WITH_KNOTS('',6,(#3234,#3235,#3236,#3237,#3238,
    #3239,#3240,#3241,#3242,#3243,#3244,#3245,#3246,#3247,#3248,#3249,
    #3250,#3251,#3252,#3253,#3254,#3255,#3256,#3257,#3258,#3259,#3260,
    #3261,#3262,#3263,#3264,#3265,#3266,#3267,#3268,#3269,#3270,#3271,
    #3272,#3273,#3274,#3275),.UNSPECIFIED.,.F.,.F.,(7,5,5,5,5,5,5,5,7),(
    0.,0.136437967633,0.251207373188,0.380339433282,0.527419227497,
    0.636167357497,0.753691387273,0.901847542695,1.),.UNSPECIFIED.);
#3234 = CARTESIAN_POINT('',(5.45,0.,7.847367934507));
#3235 = CARTESIAN_POINT('',(5.450002404526,0.7784480022,7.915566854033)
  );
#3236 = CARTESIAN_POINT('',(5.316556963132,1.557885926076,7.983853088969
    ));
#3237 = CARTESIAN_POINT('',(5.049148172013,2.307406895025,8.052025056405
    ));
#3238 = CARTESIAN_POINT('',(4.657462216546,3.000129738409,8.120223517293
    ));
#3239 = CARTESIAN_POINT('',(4.155500154291,3.611141949398,8.188501357099
    ));
#3240 = CARTESIAN_POINT('',(3.071836746641,4.549225028121,8.314081891707
    ));
#3241 = CARTESIAN_POINT('',(2.514524136851,4.906617266412,8.37145836617)
  );
#3242 = CARTESIAN_POINT('',(1.908726917929,5.181209875555,8.428834307464
    ));
#3243 = CARTESIAN_POINT('',(1.269586255343,5.365247828525,8.486211421351
    ));
#3244 = CARTESIAN_POINT('',(0.613639341594,5.454817049913,8.54359047315)
  );
#3245 = CARTESIAN_POINT('',(-0.777948614929,5.44432199714,8.665521472547
    ));
#3246 = CARTESIAN_POINT('',(-1.514478041598,5.319039467413,8.7301366694)
  );
#3247 = CARTESIAN_POINT('',(-2.225088018229,5.074531405722,
    8.794680850272));
#3248 = CARTESIAN_POINT('',(-2.886344096747,4.717503529705,
    8.859219606658));
#3249 = CARTESIAN_POINT('',(-3.477455460265,4.260649127911,
    8.923822895473));
#3250 = CARTESIAN_POINT('',(-4.553867370134,3.109516695412,
    9.061886057542));
#3251 = CARTESIAN_POINT('',(-5.014734915199,2.389606617457,
    9.135515654135));
#3252 = CARTESIAN_POINT('',(-5.335957654461,1.590823841848,
    9.209018027177));
#3253 = CARTESIAN_POINT('',(-5.504587964559,0.746547938652,
    9.282528415219));
#3254 = CARTESIAN_POINT('',(-5.51317355231,-0.108214992345,
    9.356165958993));
#3255 = CARTESIAN_POINT('',(-5.262769405639,-1.546255014567,
    9.484053395097));
#3256 = CARTESIAN_POINT('',(-5.072691700139,-2.143272728431,
    9.538417470703));
#3257 = CARTESIAN_POINT('',(-4.801707836802,-2.711119941389,
    9.592783020254));
#3258 = CARTESIAN_POINT('',(-4.455439736156,-3.236489146976,
    9.647150845509));
#3259 = CARTESIAN_POINT('',(-4.042392883305,-3.707665627401,
    9.701519652915));
#3260 = CARTESIAN_POINT('',(-3.067758135691,-4.554269930842,
    9.81463884697));
#3261 = CARTESIAN_POINT('',(-2.49614112972,-4.919472130222,
    9.873396730293));
#3262 = CARTESIAN_POINT('',(-1.873900046707,-5.197643745885,
    9.932154058203));
#3263 = CARTESIAN_POINT('',(-1.217327459019,-5.380525653635,
    9.990908864067));
#3264 = CARTESIAN_POINT('',(-0.544213774694,-5.464089910898,
    10.049662859996));
#3265 = CARTESIAN_POINT('',(0.971249522697,-5.428977072101,
    10.182481832117));
#3266 = CARTESIAN_POINT('',(1.814152035554,-5.252049118818,
    10.256660030496));
#3267 = CARTESIAN_POINT('',(2.614769431564,-4.917890936087,
    10.33069815107));
#3268 = CARTESIAN_POINT('',(3.339532476129,-4.441034460314,
    10.40472711712));
#3269 = CARTESIAN_POINT('',(3.957590307503,-3.841167955894,
    10.478901612534));
#3270 = CARTESIAN_POINT('',(4.770234999976,-2.694640729883,
    10.602026391467));
#3271 = CARTESIAN_POINT('',(5.037814254884,-2.197629520032,
    10.651096521159));
#3272 = CARTESIAN_POINT('',(5.24279190963,-1.669576664532,
    10.700167812252));
#3273 = CARTESIAN_POINT('',(5.380913524291,-1.120234462331,
    10.749238507015));
#3274 = CARTESIAN_POINT('',(5.45001048421,-0.560016969653,
    10.798307525282));
#3275 = CARTESIAN_POINT('',(5.45,-1.7763568394E-15,10.847374464452));
#3276 = PCURVE('',#1531,#3277);
#3277 = DEFINITIONAL_REPRESENTATION('',(#3278),#3321);
#3278 = B_SPLINE_CURVE_WITH_KNOTS('',6,(#3279,#3280,#3281,#3282,#3283,
    #3284,#3285,#3286,#3287,#3288,#3289,#3290,#3291,#3292,#3293,#3294,
    #3295,#3296,#3297,#3298,#3299,#3300,#3301,#3302,#3303,#3304,#3305,
    #3306,#3307,#3308,#3309,#3310,#3311,#3312,#3313,#3314,#3315,#3316,
    #3317,#3318,#3319,#3320),.UNSPECIFIED.,.F.,.F.,(7,5,5,5,5,5,5,5,7),(
    0.,0.136437967633,0.251207373188,0.380339433282,0.527419227497,
    0.636167357497,0.753691387273,0.901847542695,1.),.UNSPECIFIED.);
#3279 = CARTESIAN_POINT('',(6.887451288634E-02,27.850577757072));
#3280 = CARTESIAN_POINT('',(6.887428323162E-02,28.008860379236));
#3281 = CARTESIAN_POINT('',(6.888751665138E-02,28.167322858079));
#3282 = CARTESIAN_POINT('',(6.886254719959E-02,28.325581660737));
#3283 = CARTESIAN_POINT('',(6.887825594857E-02,28.483837117335));
#3284 = CARTESIAN_POINT('',(6.887791375089E-02,28.6423025095));
#3285 = CARTESIAN_POINT('',(6.887895361068E-02,28.933758487201));
#3286 = CARTESIAN_POINT('',(6.887495355107E-02,29.066928899538));
#3287 = CARTESIAN_POINT('',(6.886971578733E-02,29.200100018088));
#3288 = CARTESIAN_POINT('',(6.886578404485E-02,29.333271743611));
#3289 = CARTESIAN_POINT('',(6.886497776284E-02,29.466442966587));
#3290 = CARTESIAN_POINT('',(6.887161492426E-02,29.749419726948));
#3291 = CARTESIAN_POINT('',(6.887909411843E-02,29.899371992039));
#3292 = CARTESIAN_POINT('',(6.888629801447E-02,30.049159915599));
#3293 = CARTESIAN_POINT('',(6.888771885763E-02,30.198944496461));
#3294 = CARTESIAN_POINT('',(6.888190903734E-02,30.348890373981));
#3295 = CARTESIAN_POINT('',(6.887020301838E-02,30.669337303427));
#3296 = CARTESIAN_POINT('',(6.886289499529E-02,30.840234512429));
#3297 = CARTESIAN_POINT('',(6.88618337307E-02,31.010826436536));
#3298 = CARTESIAN_POINT('',(6.887398346709E-02,31.181415887156));
#3299 = CARTESIAN_POINT('',(6.887779232231E-02,31.352313861893));
#3300 = CARTESIAN_POINT('',(6.887898155542E-02,31.649123632247));
#3301 = CARTESIAN_POINT('',(6.887535299664E-02,31.775302084411));
#3302 = CARTESIAN_POINT('',(6.887308294867E-02,31.901481722812));
#3303 = CARTESIAN_POINT('',(6.88743053636E-02,32.027660961049));
#3304 = CARTESIAN_POINT('',(6.88775506303E-02,32.153839180381));
#3305 = CARTESIAN_POINT('',(6.887285778204E-02,32.416382683491));
#3306 = CARTESIAN_POINT('',(6.887562954643E-02,32.552748930141));
#3307 = CARTESIAN_POINT('',(6.88781880189E-02,32.689113951275));
#3308 = CARTESIAN_POINT('',(6.887728460117E-02,32.825478046984));
#3309 = CARTESIAN_POINT('',(6.887429494527E-02,32.961843335847));
#3310 = CARTESIAN_POINT('',(6.887631871269E-02,33.270097363841));
#3311 = CARTESIAN_POINT('',(6.888121640918E-02,33.442248450895));
#3312 = CARTESIAN_POINT('',(6.888261270903E-02,33.614080040626));
#3313 = CARTESIAN_POINT('',(6.886917980984E-02,33.785913906932));
#3314 = CARTESIAN_POINT('',(6.88658204667E-02,33.958069442919));
#3315 = CARTESIAN_POINT('',(6.886725103721E-02,34.243825138705));
#3316 = CARTESIAN_POINT('',(6.887096372574E-02,34.357705106409));
#3317 = CARTESIAN_POINT('',(6.887611628946E-02,34.471585517863));
#3318 = CARTESIAN_POINT('',(6.88810351786E-02,34.585464986356));
#3319 = CARTESIAN_POINT('',(6.888414752292E-02,34.699343452805));
#3320 = CARTESIAN_POINT('',(6.88839811317E-02,34.813222185766));
#3321 = ( GEOMETRIC_REPRESENTATION_CONTEXT(2) 
PARAMETRIC_REPRESENTATION_CONTEXT() REPRESENTATION_CONTEXT('2D SPACE',''
  ) );
#3322 = PCURVE('',#1826,#3323);
#3323 = DEFINITIONAL_REPRESENTATION('',(#3324),#3367);
#3324 = B_SPLINE_CURVE_WITH_KNOTS('',6,(#3325,#3326,#3327,#3328,#3329,
    #3330,#3331,#3332,#3333,#3334,#3335,#3336,#3337,#3338,#3339,#3340,
    #3341,#3342,#3343,#3344,#3345,#3346,#3347,#3348,#3349,#3350,#3351,
    #3352,#3353,#3354,#3355,#3356,#3357,#3358,#3359,#3360,#3361,#3362,
    #3363,#3364,#3365,#3366),.UNSPECIFIED.,.F.,.F.,(7,5,5,5,5,5,5,5,7),(
    0.,0.136437967633,0.251207373188,0.380339433282,0.527419227497,
    0.636167357497,0.753691387273,0.901847542695,1.),.UNSPECIFIED.);
#3325 = CARTESIAN_POINT('',(0.,-8.047367934507));
#3326 = CARTESIAN_POINT('',(-0.142836425728,-8.115566854033));
#3327 = CARTESIAN_POINT('',(-0.28584079717,-8.183853088969));
#3328 = CARTESIAN_POINT('',(-0.428650815993,-8.252025056405));
#3329 = CARTESIAN_POINT('',(-0.571460970714,-8.320223517293));
#3330 = CARTESIAN_POINT('',(-0.714461598202,-8.388501357099));
#3331 = CARTESIAN_POINT('',(-0.977476003454,-8.514081891707));
#3332 = CARTESIAN_POINT('',(-1.097651787574,-8.57145836617));
#3333 = CARTESIAN_POINT('',(-1.21782806308,-8.628834307464));
#3334 = CARTESIAN_POINT('',(-1.338004311223,-8.686211421351));
#3335 = CARTESIAN_POINT('',(-1.458179577725,-8.74359047315));
#3336 = CARTESIAN_POINT('',(-1.713541103389,-8.865521472547));
#3337 = CARTESIAN_POINT('',(-1.848859586757,-8.9301366694));
#3338 = CARTESIAN_POINT('',(-1.984030330271,-8.994680850272));
#3339 = CARTESIAN_POINT('',(-2.119198311878,-9.059219606658));
#3340 = CARTESIAN_POINT('',(-2.254511557181,-9.123822895473));
#3341 = CARTESIAN_POINT('',(-2.543686778184,-9.261886057542));
#3342 = CARTESIAN_POINT('',(-2.697906333255,-9.335515654135));
#3343 = CARTESIAN_POINT('',(-2.851849845762,-9.409018027177));
#3344 = CARTESIAN_POINT('',(-3.005793130673,-9.482528415219));
#3345 = CARTESIAN_POINT('',(-3.160015256384,-9.556165958993));
#3346 = CARTESIAN_POINT('',(-3.427861253706,-9.684053395097));
#3347 = CARTESIAN_POINT('',(-3.541726054898,-9.738417470703));
#3348 = CARTESIAN_POINT('',(-3.655591035119,-9.792783020254));
#3349 = CARTESIAN_POINT('',(-3.769455207916,-9.847150845509));
#3350 = CARTESIAN_POINT('',(-3.883319050139,-9.901519652914));
#3351 = CARTESIAN_POINT('',(-4.120243682418,-10.01463884697));
#3352 = CARTESIAN_POINT('',(-4.243304132901,-10.07339673029));
#3353 = CARTESIAN_POINT('',(-4.36636322537,-10.1321540582));
#3354 = CARTESIAN_POINT('',(-4.489420483095,-10.19090886406));
#3355 = CARTESIAN_POINT('',(-4.61247758063,-10.24966285999));
#3356 = CARTESIAN_POINT('',(-4.890646965299,-10.38248183211));
#3357 = CARTESIAN_POINT('',(-5.045997208721,-10.45666003049));
#3358 = CARTESIAN_POINT('',(-5.201062577248,-10.53069815107));
#3359 = CARTESIAN_POINT('',(-5.356129093394,-10.60472711712));
#3360 = CARTESIAN_POINT('',(-5.511484707407,-10.67890161253));
#3361 = CARTESIAN_POINT('',(-5.769354201212,-10.80202639146));
#3362 = CARTESIAN_POINT('',(-5.872120689344,-10.85109652115));
#3363 = CARTESIAN_POINT('',(-5.974887647873,-10.90016781225));
#3364 = CARTESIAN_POINT('',(-6.077653951427,-10.94923850701));
#3365 = CARTESIAN_POINT('',(-6.180419517646,-10.99830752528));
#3366 = CARTESIAN_POINT('',(-6.28318530718,-11.04737446445));
#3367 = ( GEOMETRIC_REPRESENTATION_CONTEXT(2) 
PARAMETRIC_REPRESENTATION_CONTEXT() REPRESENTATION_CONTEXT('2D SPACE',''
  ) );
#3368 = ORIENTED_EDGE('',*,*,#3369,.F.);
#3369 = EDGE_CURVE('',#3370,#3230,#3372,.T.);
#3370 = VERTEX_POINT('',#3371);
#3371 = CARTESIAN_POINT('',(5.45,0.,4.847374420055));
#3372 = SURFACE_CURVE('',#3373,(#3421,#3472),.PCURVE_S1.);
#3373 = B_SPLINE_CURVE_WITH_KNOTS('',6,(#3374,#3375,#3376,#3377,#3378,
    #3379,#3380,#3381,#3382,#3383,#3384,#3385,#3386,#3387,#3388,#3389,
    #3390,#3391,#3392,#3393,#3394,#3395,#3396,#3397,#3398,#3399,#3400,
    #3401,#3402,#3403,#3404,#3405,#3406,#3407,#3408,#3409,#3410,#3411,
    #3412,#3413,#3414,#3415,#3416,#3417,#3418,#3419,#3420),
  .UNSPECIFIED.,.F.,.F.,(7,5,5,5,5,5,5,5,5,7),(0.,0.140827999981,
    0.263465390968,0.38946905845,0.471902301234,0.583970626259,
    0.68057222837,0.804525135503,0.928024502411,1.),.UNSPECIFIED.);
#3374 = CARTESIAN_POINT('',(5.45,2.6645352591E-15,4.847374420055));
#3375 = CARTESIAN_POINT('',(5.45,0.803581479499,4.917774705738));
#3376 = CARTESIAN_POINT('',(5.307808027142,1.60825206732,4.988262738444)
  );
#3377 = CARTESIAN_POINT('',(5.022796172444,2.379980492647,5.058640081764
    ));
#3378 = CARTESIAN_POINT('',(4.606053511784,3.089276306992,5.129021778885
    ));
#3379 = CARTESIAN_POINT('',(4.07333657172,3.708930733505,5.199518218506)
  );
#3380 = CARTESIAN_POINT('',(2.909866345513,4.660994649284,5.331230078221
    ));
#3381 = CARTESIAN_POINT('',(2.299603615617,5.021044574724,5.392584003465
    ));
#3382 = CARTESIAN_POINT('',(1.63750609105,5.283837788187,5.453883141514)
  );
#3383 = CARTESIAN_POINT('',(0.942835935423,5.441516512573,5.515176872831
    ));
#3384 = CARTESIAN_POINT('',(0.235924300792,5.489675137437,5.576527084784
    ));
#3385 = CARTESIAN_POINT('',(-1.177753541324,5.369575602858,
    5.700825569875));
#3386 = CARTESIAN_POINT('',(-1.88516133457,5.195240120899,5.763877631059
    ));
#3387 = CARTESIAN_POINT('',(-2.559618570776,4.909128974935,
    5.826838485787));
#3388 = CARTESIAN_POINT('',(-3.180322771209,4.519942936477,
    5.889830804058));
#3389 = CARTESIAN_POINT('',(-3.728254386132,4.039749020667,
    5.952870880336));
#3390 = CARTESIAN_POINT('',(-4.489277476956,3.125722452011,
    6.057068478122));
#3391 = CARTESIAN_POINT('',(-4.752850494266,2.733006611509,
    6.098279222115));
#3392 = CARTESIAN_POINT('',(-4.974894826587,2.314048224202,
    6.139491915254));
#3393 = CARTESIAN_POINT('',(-5.152269028834,1.874305594944,
    6.180705347146));
#3394 = CARTESIAN_POINT('',(-5.282820261177,1.419703957464,6.22191751918
    ));
#3395 = CARTESIAN_POINT('',(-5.47763041693,0.327092009613,6.319148256631
    ));
#3396 = CARTESIAN_POINT('',(-5.501242773868,-0.318569373589,
    6.375196780596));
#3397 = CARTESIAN_POINT('',(-5.433392564928,-0.964098883616,
    6.431212636713));
#3398 = CARTESIAN_POINT('',(-5.275007989925,-1.593561003435,
    6.487229302684));
#3399 = CARTESIAN_POINT('',(-5.030703758226,-2.191679719338,
    6.543280165019));
#3400 = CARTESIAN_POINT('',(-4.431156222305,-3.220435844021,
    6.647600312593));
#3401 = CARTESIAN_POINT('',(-4.095675562371,-3.663150865655,
    6.695901640944));
#3402 = CARTESIAN_POINT('',(-3.707636013105,-4.063229803836,
    6.744205463043));
#3403 = CARTESIAN_POINT('',(-3.273795570634,-4.413105937878,
    6.79250774643));
#3404 = CARTESIAN_POINT('',(-2.802302837856,-4.706744837143,
    6.840805318642));
#3405 = CARTESIAN_POINT('',(-1.661635265226,-5.238485916742,
    6.951059165461));
#3406 = CARTESIAN_POINT('',(-0.973502809113,-5.437734659895,
    7.013069396373));
#3407 = CARTESIAN_POINT('',(-0.258829551448,-5.527486355362,
    7.075021128168));
#3408 = CARTESIAN_POINT('',(0.461095958313,-5.504908899847,
    7.136976537707));
#3409 = CARTESIAN_POINT('',(1.164826865744,-5.370842780818,7.19899168952
    ));
#3410 = CARTESIAN_POINT('',(2.494765102296,-4.896454493789,
    7.322700411753));
#3411 = CARTESIAN_POINT('',(3.122307510835,-4.55651035048,7.384489661394
    ));
#3412 = CARTESIAN_POINT('',(3.69232842409,-4.120676662454,7.446221364508
    ));
#3413 = CARTESIAN_POINT('',(4.187866795707,-3.601716564712,
    7.507947496372));
#3414 = CARTESIAN_POINT('',(4.594375598837,-3.015099777818,
    7.569733246225));
#3415 = CARTESIAN_POINT('',(5.081721802359,-2.011785678775,
    7.667454370228));
#3416 = CARTESIAN_POINT('',(5.227777171481,-1.626077283464,
    7.703439922482));
#3417 = CARTESIAN_POINT('',(5.338571497169,-1.227965492851,7.7394246769)
  );
#3418 = CARTESIAN_POINT('',(5.412855091665,-0.821461746007,
    7.775406683529));
#3419 = CARTESIAN_POINT('',(5.45,-0.410712654021,7.811386648596));
#3420 = CARTESIAN_POINT('',(5.45,0.,7.847367934507));
#3421 = PCURVE('',#1531,#3422);
#3422 = DEFINITIONAL_REPRESENTATION('',(#3423),#3471);
#3423 = B_SPLINE_CURVE_WITH_KNOTS('',6,(#3424,#3425,#3426,#3427,#3428,
    #3429,#3430,#3431,#3432,#3433,#3434,#3435,#3436,#3437,#3438,#3439,
    #3440,#3441,#3442,#3443,#3444,#3445,#3446,#3447,#3448,#3449,#3450,
    #3451,#3452,#3453,#3454,#3455,#3456,#3457,#3458,#3459,#3460,#3461,
    #3462,#3463,#3464,#3465,#3466,#3467,#3468,#3469,#3470),
  .UNSPECIFIED.,.F.,.F.,(7,5,5,5,5,5,5,5,5,7),(0.,0.140827999981,
    0.263465390968,0.38946905845,0.471902301234,0.583970626259,
    0.68057222837,0.804525135503,0.928024502411,1.),.UNSPECIFIED.);
#3424 = CARTESIAN_POINT('',(6.888395058678E-02,20.887933304452));
#3425 = CARTESIAN_POINT('',(6.888394986551E-02,21.051324055937));
#3426 = CARTESIAN_POINT('',(6.88788932503E-02,21.214926527774));
#3427 = CARTESIAN_POINT('',(6.886697925502E-02,21.37828302224));
#3428 = CARTESIAN_POINT('',(6.88628723693E-02,21.541637099058));
#3429 = CARTESIAN_POINT('',(6.886643253421E-02,21.705245250392));
#3430 = CARTESIAN_POINT('',(6.887480659604E-02,22.010919475135));
#3431 = CARTESIAN_POINT('',(6.887952690474E-02,22.153307145109));
#3432 = CARTESIAN_POINT('',(6.888186562654E-02,22.295571496551));
#3433 = CARTESIAN_POINT('',(6.887551735438E-02,22.437837224107));
#3434 = CARTESIAN_POINT('',(6.887417701149E-02,22.580225935866));
#3435 = CARTESIAN_POINT('',(6.887606997673E-02,22.868704781085));
#3436 = CARTESIAN_POINT('',(6.888842675434E-02,23.015021116997));
#3437 = CARTESIAN_POINT('',(6.886154854729E-02,23.161188222725));
#3438 = CARTESIAN_POINT('',(6.88805182555E-02,23.307357515289));
#3439 = CARTESIAN_POINT('',(6.887714862292E-02,23.453670615054));
#3440 = CARTESIAN_POINT('',(6.887476524429E-02,23.695504463807));
#3441 = CARTESIAN_POINT('',(6.887455455414E-02,23.791149997911));
#3442 = CARTESIAN_POINT('',(6.887543770469E-02,23.886798352501));
#3443 = CARTESIAN_POINT('',(6.88771203652E-02,23.982447182274));
#3444 = CARTESIAN_POINT('',(6.887865192891E-02,24.078093347918));
#3445 = CARTESIAN_POINT('',(6.887811769974E-02,24.303755293645));
#3446 = CARTESIAN_POINT('',(6.887540514162E-02,24.433841639541));
#3447 = CARTESIAN_POINT('',(6.886960963998E-02,24.563857045783));
#3448 = CARTESIAN_POINT('',(6.886504716614E-02,24.693872335671));
#3449 = CARTESIAN_POINT('',(6.886543616139E-02,24.823959089387));
#3450 = CARTESIAN_POINT('',(6.887077946442E-02,25.066065218236));
#3451 = CARTESIAN_POINT('',(6.887570697097E-02,25.178159002482));
#3452 = CARTESIAN_POINT('',(6.888068051138E-02,25.290258515707));
#3453 = CARTESIAN_POINT('',(6.888405130476E-02,25.402357029698));
#3454 = CARTESIAN_POINT('',(6.888492963474E-02,25.514448594607));
#3455 = CARTESIAN_POINT('',(6.88809460542E-02,25.770341108855));
#3456 = CARTESIAN_POINT('',(6.887506800513E-02,25.914268904566));
#3457 = CARTESIAN_POINT('',(6.88664444932E-02,26.058065287846));
#3458 = CARTESIAN_POINT('',(6.886387033121E-02,26.201860514293));
#3459 = CARTESIAN_POINT('',(6.88665345695E-02,26.345786039847));
#3460 = CARTESIAN_POINT('',(6.88741465696E-02,26.632887142802));
#3461 = CARTESIAN_POINT('',(6.88791072147E-02,26.776284761007));
#3462 = CARTESIAN_POINT('',(6.888217879796E-02,26.919551870912));
#3463 = CARTESIAN_POINT('',(6.887601474116E-02,27.062820856196));
#3464 = CARTESIAN_POINT('',(6.887429566367E-02,27.20622101438));
#3465 = CARTESIAN_POINT('',(6.887544941544E-02,27.433018186717));
#3466 = CARTESIAN_POINT('',(6.887805751084E-02,27.516532159906));
#3467 = CARTESIAN_POINT('',(6.887924960366E-02,27.600046484895));
#3468 = CARTESIAN_POINT('',(6.887783813625E-02,27.683558579024));
#3469 = CARTESIAN_POINT('',(6.887504727021E-02,27.767068262235));
#3470 = CARTESIAN_POINT('',(6.887451288634E-02,27.850577757072));
#3471 = ( GEOMETRIC_REPRESENTATION_CONTEXT(2) 
PARAMETRIC_REPRESENTATION_CONTEXT() REPRESENTATION_CONTEXT('2D SPACE',''
  ) );
#3472 = PCURVE('',#2727,#3473);
#3473 = DEFINITIONAL_REPRESENTATION('',(#3474),#3522);
#3474 = B_SPLINE_CURVE_WITH_KNOTS('',6,(#3475,#3476,#3477,#3478,#3479,
    #3480,#3481,#3482,#3483,#3484,#3485,#3486,#3487,#3488,#3489,#3490,
    #3491,#3492,#3493,#3494,#3495,#3496,#3497,#3498,#3499,#3500,#3501,
    #3502,#3503,#3504,#3505,#3506,#3507,#3508,#3509,#3510,#3511,#3512,
    #3513,#3514,#3515,#3516,#3517,#3518,#3519,#3520,#3521),
  .UNSPECIFIED.,.F.,.F.,(7,5,5,5,5,5,5,5,5,7),(0.,0.140827999981,
    0.263465390968,0.38946905845,0.471902301234,0.583970626259,
    0.68057222837,0.804525135503,0.928024502411,1.),.UNSPECIFIED.);
#3475 = CARTESIAN_POINT('',(0.,-5.047374420055));
#3476 = CARTESIAN_POINT('',(-0.147446143027,-5.117774705738));
#3477 = CARTESIAN_POINT('',(-0.295083353966,-5.188262738444));
#3478 = CARTESIAN_POINT('',(-0.44249814014,-5.258640081764));
#3479 = CARTESIAN_POINT('',(-0.589910078981,-5.329021778885));
#3480 = CARTESIAN_POINT('',(-0.737552417394,-5.399518218506));
#3481 = CARTESIAN_POINT('',(-1.013398128908,-5.531230078221));
#3482 = CARTESIAN_POINT('',(-1.141891577471,-5.592584003465));
#3483 = CARTESIAN_POINT('',(-1.270274100816,-5.653883141514));
#3484 = CARTESIAN_POINT('',(-1.398656305927,-5.715176872832));
#3485 = CARTESIAN_POINT('',(-1.527148022697,-5.776527084784));
#3486 = CARTESIAN_POINT('',(-1.787472833857,-5.900825569875));
#3487 = CARTESIAN_POINT('',(-1.919509950058,-5.963877631059));
#3488 = CARTESIAN_POINT('',(-2.051417080163,-6.026838485787));
#3489 = CARTESIAN_POINT('',(-2.183321697696,-6.089830804058));
#3490 = CARTESIAN_POINT('',(-2.315358793481,-6.152870880336));
#3491 = CARTESIAN_POINT('',(-2.533591799103,-6.257068478122));
#3492 = CARTESIAN_POINT('',(-2.619902549513,-6.298279222115));
#3493 = CARTESIAN_POINT('',(-2.706215899164,-6.339491915254));
#3494 = CARTESIAN_POINT('',(-2.792530113008,-6.380705347146));
#3495 = CARTESIAN_POINT('',(-2.878842440709,-6.42191751918));
#3496 = CARTESIAN_POINT('',(-3.082483389612,-6.519148256631));
#3497 = CARTESIAN_POINT('',(-3.199875999796,-6.575196780596));
#3498 = CARTESIAN_POINT('',(-3.31720446651,-6.631212636713));
#3499 = CARTESIAN_POINT('',(-3.434532306731,-6.687229302684));
#3500 = CARTESIAN_POINT('',(-3.551924126688,-6.743280165019));
#3501 = CARTESIAN_POINT('',(-3.77040349637,-6.847600312593));
#3502 = CARTESIAN_POINT('',(-3.87155817261,-6.895901640944));
#3503 = CARTESIAN_POINT('',(-3.972718150437,-6.944205463043));
#3504 = CARTESIAN_POINT('',(-4.073877411039,-6.99250774643));
#3505 = CARTESIAN_POINT('',(-4.175030508532,-7.040805318642));
#3506 = CARTESIAN_POINT('',(-4.405951499854,-7.151059165461));
#3507 = CARTESIAN_POINT('',(-4.535833854442,-7.213069396373));
#3508 = CARTESIAN_POINT('',(-4.665597239601,-7.275021128168));
#3509 = CARTESIAN_POINT('',(-4.795359344095,-7.336976537707));
#3510 = CARTESIAN_POINT('',(-4.925239767544,-7.39899168952));
#3511 = CARTESIAN_POINT('',(-5.184324672796,-7.522700411753));
#3512 = CARTESIAN_POINT('',(-5.313729496271,-7.584489661394));
#3513 = CARTESIAN_POINT('',(-5.443016984935,-7.646221364508));
#3514 = CARTESIAN_POINT('',(-5.572304734569,-7.707947496372));
#3515 = CARTESIAN_POINT('',(-5.70170925338,-7.769733246225));
#3516 = CARTESIAN_POINT('',(-5.90637213511,-7.867454370228));
#3517 = CARTESIAN_POINT('',(-5.981735473828,-7.903439922482));
#3518 = CARTESIAN_POINT('',(-6.057100020958,-7.9394246769));
#3519 = CARTESIAN_POINT('',(-6.132463560425,-7.975406683529));
#3520 = CARTESIAN_POINT('',(-6.207825187176,-8.011386648596));
#3521 = CARTESIAN_POINT('',(-6.28318530718,-8.047367934507));
#3522 = ( GEOMETRIC_REPRESENTATION_CONTEXT(2) 
PARAMETRIC_REPRESENTATION_CONTEXT() REPRESENTATION_CONTEXT('2D SPACE',''
  ) );
#3523 = ORIENTED_EDGE('',*,*,#3524,.F.);
#3524 = EDGE_CURVE('',#3062,#3370,#3525,.T.);
#3525 = SURFACE_CURVE('',#3526,(#3569,#3615),.PCURVE_S1.);
#3526 = B_SPLINE_CURVE_WITH_KNOTS('',6,(#3527,#3528,#3529,#3530,#3531,
    #3532,#3533,#3534,#3535,#3536,#3537,#3538,#3539,#3540,#3541,#3542,
    #3543,#3544,#3545,#3546,#3547,#3548,#3549,#3550,#3551,#3552,#3553,
    #3554,#3555,#3556,#3557,#3558,#3559,#3560,#3561,#3562,#3563,#3564,
    #3565,#3566,#3567,#3568),.UNSPECIFIED.,.F.,.F.,(7,5,5,5,5,5,5,5,7),(
    0.,8.160047908926E-02,0.178380360709,0.279597491614,0.445548348734,
    0.592420208276,0.715205980862,0.812423666586,1.),.UNSPECIFIED.);
#3527 = CARTESIAN_POINT('',(5.45,2.6645352591E-15,1.847367934507));
#3528 = CARTESIAN_POINT('',(5.45,0.465479057249,1.888147138371));
#3529 = CARTESIAN_POINT('',(5.402280440118,0.931042273045,1.928930914258
    ));
#3530 = CARTESIAN_POINT('',(5.306863484272,1.390397877258,1.969715110713
    ));
#3531 = CARTESIAN_POINT('',(5.164784036376,1.837524712095,2.010497660018
    ));
#3532 = CARTESIAN_POINT('',(4.978089740341,2.266672232093,2.051278578187
    ));
#3533 = CARTESIAN_POINT('',(4.479133157706,3.153515313263,2.140427546001
    ));
#3534 = CARTESIAN_POINT('',(4.149836846214,3.601897753486,2.188810995383
    ));
#3535 = CARTESIAN_POINT('',(3.767140075407,4.008336884265,2.23717869227)
  );
#3536 = CARTESIAN_POINT('',(3.337767423016,4.365097365698,2.285543680955
    ));
#3537 = CARTESIAN_POINT('',(2.869855758445,4.665966383957,2.333921410755
    ));
#3538 = CARTESIAN_POINT('',(1.853016139107,5.157735657313,2.432871071031
    ));
#3539 = CARTESIAN_POINT('',(1.301064086739,5.343100030392,2.483470657145
    ));
#3540 = CARTESIAN_POINT('',(0.727849251249,5.457212805817,2.534052902775
    ));
#3541 = CARTESIAN_POINT('',(0.144776283935,5.497312673564,2.584636429006
    ));
#3542 = CARTESIAN_POINT('',(-0.436437540985,5.463098046085,
    2.635239894383));
#3543 = CARTESIAN_POINT('',(-1.934493161119,5.182326555093,2.76877537332
    ));
#3544 = CARTESIAN_POINT('',(-2.831087461835,4.813459676459,
    2.851926045501));
#3545 = CARTESIAN_POINT('',(-3.636936382963,4.259189953504,
    2.934827528798));
#3546 = CARTESIAN_POINT('',(-4.310600670414,3.550104729052,
    3.017719828995));
#3547 = CARTESIAN_POINT('',(-4.815355257149,2.722335671137,
    3.100864094164));
#3548 = CARTESIAN_POINT('',(-5.414786851473,1.04144418432,3.257209825629
    ));
#3549 = CARTESIAN_POINT('',(-5.551071485425,0.199050200198,
    3.330731297423));
#3550 = CARTESIAN_POINT('',(-5.528393800969,-0.66018498233,
    3.404123408031));
#3551 = CARTESIAN_POINT('',(-5.348102543556,-1.500592549278,
    3.477502460042));
#3552 = CARTESIAN_POINT('',(-5.017295036226,-2.287199040218,
    3.551017927715));
#3553 = CARTESIAN_POINT('',(-4.173911561588,-3.573739590968,
    3.685791086817));
#3554 = CARTESIAN_POINT('',(-3.699208206812,-4.100816523588,
    3.747215326135));
#3555 = CARTESIAN_POINT('',(-3.145720124294,-4.550450101943,
    3.808564543009));
#3556 = CARTESIAN_POINT('',(-2.529565362926,-4.909384361496,
    3.869926079964));
#3557 = CARTESIAN_POINT('',(-1.868796552067,-5.167279113743,
    3.93134253589));
#3558 = CARTESIAN_POINT('',(-0.643728888724,-5.440194293123,
    4.041298129436));
#3559 = CARTESIAN_POINT('',(-8.75181750713E-02,-5.494693837138,
    4.089898771691));
#3560 = CARTESIAN_POINT('',(0.473161582661,-5.480818309298,
    4.138486656773));
#3561 = CARTESIAN_POINT('',(1.027930311083,-5.39839883408,4.187075687255
    ));
#3562 = CARTESIAN_POINT('',(1.566581655868,-5.249372650335,
    4.235678425225));
#3563 = CARTESIAN_POINT('',(3.068393477683,-4.629530361481,
    4.378012854855));
#3564 = CARTESIAN_POINT('',(3.965574249304,-3.986356541653,
    4.472129064546));
#3565 = CARTESIAN_POINT('',(4.690205607061,-3.138191050852,
    4.565798818881));
#3566 = CARTESIAN_POINT('',(5.197760366745,-2.144784831136,
    4.659497497608));
#3567 = CARTESIAN_POINT('',(5.45,-1.070084538951,4.753626294732));
#3568 = CARTESIAN_POINT('',(5.45,2.6645352591E-15,4.847374420055));
#3569 = PCURVE('',#1531,#3570);
#3570 = DEFINITIONAL_REPRESENTATION('',(#3571),#3614);
#3571 = B_SPLINE_CURVE_WITH_KNOTS('',6,(#3572,#3573,#3574,#3575,#3576,
    #3577,#3578,#3579,#3580,#3581,#3582,#3583,#3584,#3585,#3586,#3587,
    #3588,#3589,#3590,#3591,#3592,#3593,#3594,#3595,#3596,#3597,#3598,
    #3599,#3600,#3601,#3602,#3603,#3604,#3605,#3606,#3607,#3608,#3609,
    #3610,#3611,#3612,#3613),.UNSPECIFIED.,.F.,.F.,(7,5,5,5,5,5,5,5,7),(
    0.,8.160047908926E-02,0.178380360709,0.279597491614,0.445548348734,
    0.592420208276,0.715205980862,0.812423666586,1.),.UNSPECIFIED.);
#3572 = CARTESIAN_POINT('',(6.887451279174E-02,13.925288876163));
#3573 = CARTESIAN_POINT('',(6.887390711377E-02,14.019933929227));
#3574 = CARTESIAN_POINT('',(6.887668043175E-02,14.114583761708));
#3575 = CARTESIAN_POINT('',(6.887829816158E-02,14.209236282072));
#3576 = CARTESIAN_POINT('',(6.887716810412E-02,14.303889410065));
#3577 = CARTESIAN_POINT('',(6.887464044524E-02,14.398541076718));
#3578 = CARTESIAN_POINT('',(6.887544339378E-02,14.605443914819));
#3579 = CARTESIAN_POINT('',(6.887750226412E-02,14.717732901512));
#3580 = CARTESIAN_POINT('',(6.88796789998E-02,14.829985173712));
#3581 = CARTESIAN_POINT('',(6.887972050392E-02,14.942234564696));
#3582 = CARTESIAN_POINT('',(6.887679021503E-02,15.054518240749));
#3583 = CARTESIAN_POINT('',(6.88703297467E-02,15.284178995135));
#3584 = CARTESIAN_POINT('',(6.886636339708E-02,15.401620951038));
#3585 = CARTESIAN_POINT('',(6.886442766994E-02,15.519019404178));
#3586 = CARTESIAN_POINT('',(6.886589745128E-02,15.636415395306));
#3587 = CARTESIAN_POINT('',(6.887028635001E-02,15.753853020238));
#3588 = CARTESIAN_POINT('',(6.888194929723E-02,16.063754420305));
#3589 = CARTESIAN_POINT('',(6.88902175456E-02,16.256724112148));
#3590 = CARTESIAN_POINT('',(6.888752272069E-02,16.44913301313));
#3591 = CARTESIAN_POINT('',(6.886928345776E-02,16.641545336367));
#3592 = CARTESIAN_POINT('',(6.886535132067E-02,16.834519545667));
#3593 = CARTESIAN_POINT('',(6.886840703733E-02,17.197374503686));
#3594 = CARTESIAN_POINT('',(6.887429842247E-02,17.367999697462));
#3595 = CARTESIAN_POINT('',(6.888540557629E-02,17.538316360435));
#3596 = CARTESIAN_POINT('',(6.887762014617E-02,17.708633028682));
#3597 = CARTESIAN_POINT('',(6.887437767298E-02,17.879258941006));
#3598 = CARTESIAN_POINT('',(6.887543798264E-02,18.192049613745));
#3599 = CARTESIAN_POINT('',(6.888509333316E-02,18.334592643537));
#3600 = CARTESIAN_POINT('',(6.88706101394E-02,18.4769984715));
#3601 = CARTESIAN_POINT('',(6.887346896789E-02,18.619409434528));
#3602 = CARTESIAN_POINT('',(6.887764609276E-02,18.761942187893));
#3603 = CARTESIAN_POINT('',(6.887514447469E-02,19.017139815623));
#3604 = CARTESIAN_POINT('',(6.887339362151E-02,19.129938838937));
#3605 = CARTESIAN_POINT('',(6.887516551721E-02,19.242702728286));
#3606 = CARTESIAN_POINT('',(6.88782276664E-02,19.355467273427));
#3607 = CARTESIAN_POINT('',(6.887909310927E-02,19.468267128761));
#3608 = CARTESIAN_POINT('',(6.887637898095E-02,19.798612902757));
#3609 = CARTESIAN_POINT('',(6.886782495514E-02,20.0170591505));
#3610 = CARTESIAN_POINT('',(6.885075007292E-02,20.234482642539));
#3611 = CARTESIAN_POINT('',(6.887553964391E-02,20.451906575802));
#3612 = CARTESIAN_POINT('',(6.888395154724E-02,20.670354973652));
#3613 = CARTESIAN_POINT('',(6.888395058678E-02,20.887933304452));
#3614 = ( GEOMETRIC_REPRESENTATION_CONTEXT(2) 
PARAMETRIC_REPRESENTATION_CONTEXT() REPRESENTATION_CONTEXT('2D SPACE',''
  ) );
#3615 = PCURVE('',#2513,#3616);
#3616 = DEFINITIONAL_REPRESENTATION('',(#3617),#3660);
#3617 = B_SPLINE_CURVE_WITH_KNOTS('',6,(#3618,#3619,#3620,#3621,#3622,
    #3623,#3624,#3625,#3626,#3627,#3628,#3629,#3630,#3631,#3632,#3633,
    #3634,#3635,#3636,#3637,#3638,#3639,#3640,#3641,#3642,#3643,#3644,
    #3645,#3646,#3647,#3648,#3649,#3650,#3651,#3652,#3653,#3654,#3655,
    #3656,#3657,#3658,#3659),.UNSPECIFIED.,.F.,.F.,(7,5,5,5,5,5,5,5,7),(
    0.,8.160047908926E-02,0.178380360709,0.279597491614,0.445548348734,
    0.592420208276,0.715205980862,0.812423666586,1.),.UNSPECIFIED.);
#3618 = CARTESIAN_POINT('',(0.,-2.047367934507));
#3619 = CARTESIAN_POINT('',(-8.540900133012E-02,-2.088147138371));
#3620 = CARTESIAN_POINT('',(-0.170823889987,-2.128930914258));
#3621 = CARTESIAN_POINT('',(-0.256240740387,-2.169715110713));
#3622 = CARTESIAN_POINT('',(-0.341656800397,-2.210497660018));
#3623 = CARTESIAN_POINT('',(-0.427070491339,-2.251278578187));
#3624 = CARTESIAN_POINT('',(-0.613780548558,-2.340427546001));
#3625 = CARTESIAN_POINT('',(-0.715110651826,-2.388810995383));
#3626 = CARTESIAN_POINT('',(-0.816408489267,-2.43717869227));
#3627 = CARTESIAN_POINT('',(-0.917704412792,-2.485543680955));
#3628 = CARTESIAN_POINT('',(-1.019031409259,-2.533921410755));
#3629 = CARTESIAN_POINT('',(-1.226281518262,-2.632871071031));
#3630 = CARTESIAN_POINT('',(-1.332263182656,-2.683470657145));
#3631 = CARTESIAN_POINT('',(-1.438205108639,-2.734052902775));
#3632 = CARTESIAN_POINT('',(-1.544144514275,-2.784636429006));
#3633 = CARTESIAN_POINT('',(-1.650121521389,-2.835239894383));
#3634 = CARTESIAN_POINT('',(-1.929780268982,-2.96877537332));
#3635 = CARTESIAN_POINT('',(-2.103918671163,-3.051926045501));
#3636 = CARTESIAN_POINT('',(-2.277552172602,-3.134827528798));
#3637 = CARTESIAN_POINT('',(-2.451186837201,-3.217719828995));
#3638 = CARTESIAN_POINT('',(-2.625328627838,-3.300864094164));
#3639 = CARTESIAN_POINT('',(-2.952773915924,-3.457209825629));
#3640 = CARTESIAN_POINT('',(-3.106748925306,-3.530731297423));
#3641 = CARTESIAN_POINT('',(-3.260446908459,-3.604123408031));
#3642 = CARTESIAN_POINT('',(-3.414144149769,-3.677502460042));
#3643 = CARTESIAN_POINT('',(-3.568117197337,-3.751017927715));
#3644 = CARTESIAN_POINT('',(-3.850380959408,-3.885791086817));
#3645 = CARTESIAN_POINT('',(-3.979011772503,-3.947215326135));
#3646 = CARTESIAN_POINT('',(-4.10752645075,-4.008564543009));
#3647 = CARTESIAN_POINT('',(-4.236037244503,-4.069926079964));
#3648 = CARTESIAN_POINT('',(-4.364664092139,-4.13134253589));
#3649 = CARTESIAN_POINT('',(-4.594957484814,-4.241298129436));
#3650 = CARTESIAN_POINT('',(-4.69674760806,-4.289898771691));
#3651 = CARTESIAN_POINT('',(-4.798505883101,-4.338486656773));
#3652 = CARTESIAN_POINT('',(-4.900265391099,-4.387075687255));
#3653 = CARTESIAN_POINT('',(-5.00205766522,-4.435678425225));
#3654 = CARTESIAN_POINT('',(-5.300167368532,-4.578012854855));
#3655 = CARTESIAN_POINT('',(-5.497298507843,-4.672129064546));
#3656 = CARTESIAN_POINT('',(-5.693503745078,-4.765798818881));
#3657 = CARTESIAN_POINT('',(-5.889708329943,-4.859497497608));
#3658 = CARTESIAN_POINT('',(-6.086839520216,-4.953626294732));
#3659 = CARTESIAN_POINT('',(-6.28318530718,-5.047374420055));
#3660 = ( GEOMETRIC_REPRESENTATION_CONTEXT(2) 
PARAMETRIC_REPRESENTATION_CONTEXT() REPRESENTATION_CONTEXT('2D SPACE',''
  ) );
#3661 = ORIENTED_EDGE('',*,*,#3061,.F.);
#3662 = ADVANCED_FACE('',(#3663),#1826,.F.);
#3663 = FACE_BOUND('',#3664,.T.);
#3664 = EDGE_LOOP('',(#3665,#3666,#3687,#3688));
#3665 = ORIENTED_EDGE('',*,*,#2801,.F.);
#3666 = ORIENTED_EDGE('',*,*,#3667,.T.);
#3667 = EDGE_CURVE('',#2588,#3230,#3668,.T.);
#3668 = SURFACE_CURVE('',#3669,(#3673,#3680),.PCURVE_S1.);
#3669 = LINE('',#3670,#3671);
#3670 = CARTESIAN_POINT('',(5.45,0.,-0.2));
#3671 = VECTOR('',#3672,1.);
#3672 = DIRECTION('',(0.,0.,1.));
#3673 = PCURVE('',#1826,#3674);
#3674 = DEFINITIONAL_REPRESENTATION('',(#3675),#3679);
#3675 = LINE('',#3676,#3677);
#3676 = CARTESIAN_POINT('',(-0.,0.));
#3677 = VECTOR('',#3678,1.);
#3678 = DIRECTION('',(-0.,-1.));
#3679 = ( GEOMETRIC_REPRESENTATION_CONTEXT(2) 
PARAMETRIC_REPRESENTATION_CONTEXT() REPRESENTATION_CONTEXT('2D SPACE',''
  ) );
#3680 = PCURVE('',#2727,#3681);
#3681 = DEFINITIONAL_REPRESENTATION('',(#3682),#3686);
#3682 = LINE('',#3683,#3684);
#3683 = CARTESIAN_POINT('',(-6.28318530718,0.));
#3684 = VECTOR('',#3685,1.);
#3685 = DIRECTION('',(-0.,-1.));
#3686 = ( GEOMETRIC_REPRESENTATION_CONTEXT(2) 
PARAMETRIC_REPRESENTATION_CONTEXT() REPRESENTATION_CONTEXT('2D SPACE',''
  ) );
#3687 = ORIENTED_EDGE('',*,*,#3229,.T.);
#3688 = ORIENTED_EDGE('',*,*,#1807,.T.);
#3689 = ADVANCED_FACE('',(#3690),#2727,.F.);
#3690 = FACE_BOUND('',#3691,.T.);
#3691 = EDGE_LOOP('',(#3692,#3693,#3714,#3715));
#3692 = ORIENTED_EDGE('',*,*,#2587,.F.);
#3693 = ORIENTED_EDGE('',*,*,#3694,.T.);
#3694 = EDGE_CURVE('',#2374,#3370,#3695,.T.);
#3695 = SURFACE_CURVE('',#3696,(#3700,#3707),.PCURVE_S1.);
#3696 = LINE('',#3697,#3698);
#3697 = CARTESIAN_POINT('',(5.45,0.,-0.2));
#3698 = VECTOR('',#3699,1.);
#3699 = DIRECTION('',(0.,0.,1.));
#3700 = PCURVE('',#2727,#3701);
#3701 = DEFINITIONAL_REPRESENTATION('',(#3702),#3706);
#3702 = LINE('',#3703,#3704);
#3703 = CARTESIAN_POINT('',(-0.,0.));
#3704 = VECTOR('',#3705,1.);
#3705 = DIRECTION('',(-0.,-1.));
#3706 = ( GEOMETRIC_REPRESENTATION_CONTEXT(2) 
PARAMETRIC_REPRESENTATION_CONTEXT() REPRESENTATION_CONTEXT('2D SPACE',''
  ) );
#3707 = PCURVE('',#2513,#3708);
#3708 = DEFINITIONAL_REPRESENTATION('',(#3709),#3713);
#3709 = LINE('',#3710,#3711);
#3710 = CARTESIAN_POINT('',(-6.28318530718,0.));
#3711 = VECTOR('',#3712,1.);
#3712 = DIRECTION('',(-0.,-1.));
#3713 = ( GEOMETRIC_REPRESENTATION_CONTEXT(2) 
PARAMETRIC_REPRESENTATION_CONTEXT() REPRESENTATION_CONTEXT('2D SPACE',''
  ) );
#3714 = ORIENTED_EDGE('',*,*,#3369,.T.);
#3715 = ORIENTED_EDGE('',*,*,#3667,.F.);
#3716 = ADVANCED_FACE('',(#3717),#2513,.F.);
#3717 = FACE_BOUND('',#3718,.T.);
#3718 = EDGE_LOOP('',(#3719,#3720,#3721,#3722,#3723));
#3719 = ORIENTED_EDGE('',*,*,#2373,.F.);
#3720 = ORIENTED_EDGE('',*,*,#3035,.F.);
#3721 = ORIENTED_EDGE('',*,*,#3201,.T.);
#3722 = ORIENTED_EDGE('',*,*,#3524,.T.);
#3723 = ORIENTED_EDGE('',*,*,#3694,.F.);
#3724 = ( GEOMETRIC_REPRESENTATION_CONTEXT(3) 
GLOBAL_UNCERTAINTY_ASSIGNED_CONTEXT((#3728)) 
GLOBAL_UNIT_ASSIGNED_CONTEXT((#3725,#3726,#3727)) REPRESENTATION_CONTEXT
('Context #1','3D Context with UNIT and UNCERTAINTY') );
#3725 = ( LENGTH_UNIT() NAMED_UNIT(*) SI_UNIT(.MILLI.,.METRE.) );
#3726 = ( NAMED_UNIT(*) PLANE_ANGLE_UNIT() SI_UNIT($,.RADIAN.) );
#3727 = ( NAMED_UNIT(*) SI_UNIT($,.STERADIAN.) SOLID_ANGLE_UNIT() );
#3728 = UNCERTAINTY_MEASURE_WITH_UNIT(LENGTH_MEASURE(1.E-05),#3725,
  'distance_accuracy_value','confusion accuracy');
#3729 = PRODUCT_RELATED_PRODUCT_CATEGORY('part',$,(#7));
ENDSEC;
END-ISO-10303-21;
