ISO-10303-21;
HEADER;
FILE_DESCRIPTION(('Open CASCADE Model'),'2;1');
FILE_NAME('Open CASCADE Shape Model','2026-08-12T23:27:08',('Author'),(
    'Open CASCADE'),'Open CASCADE STEP processor 7.9','Open CASCADE 7.9'
  ,'Unknown');
FILE_SCHEMA(('AUTOMOTIVE_DESIGN { 1 0 10303 214 1 1 1 1 }'));
ENDSEC;
DATA;
#1 = APPLICATION_PROTOCOL_DEFINITION('international standard',
  'automotive_design',2000,#2);
#2 = APPLICATION_CONTEXT(
  'core data for automotive mechanical design processes');
#3 = SHAPE_DEFINITION_REPRESENTATION(#4,#10);
#4 = PRODUCT_DEFINITION_SHAPE('','',#5);
#5 = PRODUCT_DEFINITION('design','',#6,#9);
#6 = PRODUCT_DEFINITION_FORMATION('','',#7);
#7 = PRODUCT('Open CASCADE STEP translator 7.9 23',
  'Open CASCADE STEP translator 7.9 23','',(#8));
#8 = PRODUCT_CONTEXT('',#2,'mechanical');
#9 = PRODUCT_DEFINITION_CONTEXT('part definition',#2,'design');
#10 = ADVANCED_BREP_SHAPE_REPRESENTATION('',(#11,#15),#9474);
#11 = AXIS2_PLACEMENT_3D('',#12,#13,#14);
#12 = CARTESIAN_POINT('',(0.,0.,0.));
#13 = DIRECTION('',(0.,0.,1.));
#14 = DIRECTION('',(1.,0.,-0.));
#15 = MANIFOLD_SOLID_BREP('',#16);
#16 = CLOSED_SHELL('',(#17,#137,#213,#289,#535,#781,#808,#835,#862,#889,
    #916,#943,#970,#997,#1004,#1059,#1098,#1299,#1567,#1921,#4371,#6355,
    #6380,#6458,#8825,#8832,#8839,#8846,#8853,#8860,#8867,#9089,#9098,
    #9106,#9114,#9122,#9130,#9138,#9146,#9320,#9348,#9376,#9381,#9418,
    #9470));
#17 = ADVANCED_FACE('',(#18),#32,.F.);
#18 = FACE_BOUND('',#19,.F.);
#19 = EDGE_LOOP('',(#20,#55,#83,#111));
#20 = ORIENTED_EDGE('',*,*,#21,.T.);
#21 = EDGE_CURVE('',#22,#24,#26,.T.);
#22 = VERTEX_POINT('',#23);
#23 = CARTESIAN_POINT('',(9.797174393179E-16,16.,0.));
#24 = VERTEX_POINT('',#25);
#25 = CARTESIAN_POINT('',(9.797174393179E-16,16.,8.));
#26 = SURFACE_CURVE('',#27,(#31,#43),.PCURVE_S1.);
#27 = LINE('',#28,#29);
#28 = CARTESIAN_POINT('',(9.797174393179E-16,16.,0.));
#29 = VECTOR('',#30,1.);
#30 = DIRECTION('',(0.,0.,1.));
#31 = PCURVE('',#32,#37);
#32 = PLANE('',#33);
#33 = AXIS2_PLACEMENT_3D('',#34,#35,#36);
#34 = CARTESIAN_POINT('',(9.797174393179E-16,16.,0.));
#35 = DIRECTION('',(0.637733639251,-0.770256973593,0.));
#36 = DIRECTION('',(-0.770256973593,-0.637733639251,0.));
#37 = DEFINITIONAL_REPRESENTATION('',(#38),#42);
#38 = LINE('',#39,#40);
#39 = CARTESIAN_POINT('',(0.,0.));
#40 = VECTOR('',#41,1.);
#41 = DIRECTION('',(0.,-1.));
#42 = ( GEOMETRIC_REPRESENTATION_CONTEXT(2) 
PARAMETRIC_REPRESENTATION_CONTEXT() REPRESENTATION_CONTEXT('2D SPACE',''
  ) );
#43 = PCURVE('',#44,#49);
#44 = PLANE('',#45);
#45 = AXIS2_PLACEMENT_3D('',#46,#47,#48);
#46 = CARTESIAN_POINT('',(6.25,10.825317547305,0.));
#47 = DIRECTION('',(-0.637733639251,-0.770256973593,0.));
#48 = DIRECTION('',(-0.770256973593,0.637733639251,0.));
#49 = DEFINITIONAL_REPRESENTATION('',(#50),#54);
#50 = LINE('',#51,#52);
#51 = CARTESIAN_POINT('',(8.114175157477,0.));
#52 = VECTOR('',#53,1.);
#53 = DIRECTION('',(0.,-1.));
#54 = ( GEOMETRIC_REPRESENTATION_CONTEXT(2) 
PARAMETRIC_REPRESENTATION_CONTEXT() REPRESENTATION_CONTEXT('2D SPACE',''
  ) );
#55 = ORIENTED_EDGE('',*,*,#56,.T.);
#56 = EDGE_CURVE('',#24,#57,#59,.T.);
#57 = VERTEX_POINT('',#58);
#58 = CARTESIAN_POINT('',(-6.25,10.825317547305,8.));
#59 = SURFACE_CURVE('',#60,(#64,#71),.PCURVE_S1.);
#60 = LINE('',#61,#62);
#61 = CARTESIAN_POINT('',(9.797174393179E-16,16.,8.));
#62 = VECTOR('',#63,1.);
#63 = DIRECTION('',(-0.770256973593,-0.637733639251,0.));
#64 = PCURVE('',#32,#65);
#65 = DEFINITIONAL_REPRESENTATION('',(#66),#70);
#66 = LINE('',#67,#68);
#67 = CARTESIAN_POINT('',(0.,-8.));
#68 = VECTOR('',#69,1.);
#69 = DIRECTION('',(1.,0.));
#70 = ( GEOMETRIC_REPRESENTATION_CONTEXT(2) 
PARAMETRIC_REPRESENTATION_CONTEXT() REPRESENTATION_CONTEXT('2D SPACE',''
  ) );
#71 = PCURVE('',#72,#77);
#72 = PLANE('',#73);
#73 = AXIS2_PLACEMENT_3D('',#74,#75,#76);
#74 = CARTESIAN_POINT('',(-4.800229988073E-16,-4.378403978039E-16,8.));
#75 = DIRECTION('',(0.,0.,1.));
#76 = DIRECTION('',(1.,0.,-0.));
#77 = DEFINITIONAL_REPRESENTATION('',(#78),#82);
#78 = LINE('',#79,#80);
#79 = CARTESIAN_POINT('',(1.459740438125E-15,16.));
#80 = VECTOR('',#81,1.);
#81 = DIRECTION('',(-0.770256973593,-0.637733639251));
#82 = ( GEOMETRIC_REPRESENTATION_CONTEXT(2) 
PARAMETRIC_REPRESENTATION_CONTEXT() REPRESENTATION_CONTEXT('2D SPACE',''
  ) );
#83 = ORIENTED_EDGE('',*,*,#84,.F.);
#84 = EDGE_CURVE('',#85,#57,#87,.T.);
#85 = VERTEX_POINT('',#86);
#86 = CARTESIAN_POINT('',(-6.25,10.825317547305,0.));
#87 = SURFACE_CURVE('',#88,(#92,#99),.PCURVE_S1.);
#88 = LINE('',#89,#90);
#89 = CARTESIAN_POINT('',(-6.25,10.825317547305,0.));
#90 = VECTOR('',#91,1.);
#91 = DIRECTION('',(0.,0.,1.));
#92 = PCURVE('',#32,#93);
#93 = DEFINITIONAL_REPRESENTATION('',(#94),#98);
#94 = LINE('',#95,#96);
#95 = CARTESIAN_POINT('',(8.114175157477,0.));
#96 = VECTOR('',#97,1.);
#97 = DIRECTION('',(0.,-1.));
#98 = ( GEOMETRIC_REPRESENTATION_CONTEXT(2) 
PARAMETRIC_REPRESENTATION_CONTEXT() REPRESENTATION_CONTEXT('2D SPACE',''
  ) );
#99 = PCURVE('',#100,#105);
#100 = PLANE('',#101);
#101 = AXIS2_PLACEMENT_3D('',#102,#103,#104);
#102 = CARTESIAN_POINT('',(-6.25,10.825317547305,0.));
#103 = DIRECTION('',(0.348195286948,-0.937422019235,0.));
#104 = DIRECTION('',(-0.937422019235,-0.348195286948,0.));
#105 = DEFINITIONAL_REPRESENTATION('',(#106),#110);
#106 = LINE('',#107,#108);
#107 = CARTESIAN_POINT('',(0.,0.));
#108 = VECTOR('',#109,1.);
#109 = DIRECTION('',(0.,-1.));
#110 = ( GEOMETRIC_REPRESENTATION_CONTEXT(2) 
PARAMETRIC_REPRESENTATION_CONTEXT() REPRESENTATION_CONTEXT('2D SPACE',''
  ) );
#111 = ORIENTED_EDGE('',*,*,#112,.F.);
#112 = EDGE_CURVE('',#22,#85,#113,.T.);
#113 = SURFACE_CURVE('',#114,(#118,#125),.PCURVE_S1.);
#114 = LINE('',#115,#116);
#115 = CARTESIAN_POINT('',(9.797174393179E-16,16.,0.));
#116 = VECTOR('',#117,1.);
#117 = DIRECTION('',(-0.770256973593,-0.637733639251,0.));
#118 = PCURVE('',#32,#119);
#119 = DEFINITIONAL_REPRESENTATION('',(#120),#124);
#120 = LINE('',#121,#122);
#121 = CARTESIAN_POINT('',(0.,0.));
#122 = VECTOR('',#123,1.);
#123 = DIRECTION('',(1.,0.));
#124 = ( GEOMETRIC_REPRESENTATION_CONTEXT(2) 
PARAMETRIC_REPRESENTATION_CONTEXT() REPRESENTATION_CONTEXT('2D SPACE',''
  ) );
#125 = PCURVE('',#126,#131);
#126 = PLANE('',#127);
#127 = AXIS2_PLACEMENT_3D('',#128,#129,#130);
#128 = CARTESIAN_POINT('',(-4.800229988073E-16,-4.378403978039E-16,0.));
#129 = DIRECTION('',(0.,0.,1.));
#130 = DIRECTION('',(1.,0.,-0.));
#131 = DEFINITIONAL_REPRESENTATION('',(#132),#136);
#132 = LINE('',#133,#134);
#133 = CARTESIAN_POINT('',(1.459740438125E-15,16.));
#134 = VECTOR('',#135,1.);
#135 = DIRECTION('',(-0.770256973593,-0.637733639251));
#136 = ( GEOMETRIC_REPRESENTATION_CONTEXT(2) 
PARAMETRIC_REPRESENTATION_CONTEXT() REPRESENTATION_CONTEXT('2D SPACE',''
  ) );
#137 = ADVANCED_FACE('',(#138),#44,.F.);
#138 = FACE_BOUND('',#139,.F.);
#139 = EDGE_LOOP('',(#140,#170,#191,#192));
#140 = ORIENTED_EDGE('',*,*,#141,.T.);
#141 = EDGE_CURVE('',#142,#144,#146,.T.);
#142 = VERTEX_POINT('',#143);
#143 = CARTESIAN_POINT('',(6.25,10.825317547305,0.));
#144 = VERTEX_POINT('',#145);
#145 = CARTESIAN_POINT('',(6.25,10.825317547305,8.));
#146 = SURFACE_CURVE('',#147,(#151,#158),.PCURVE_S1.);
#147 = LINE('',#148,#149);
#148 = CARTESIAN_POINT('',(6.25,10.825317547305,0.));
#149 = VECTOR('',#150,1.);
#150 = DIRECTION('',(0.,0.,1.));
#151 = PCURVE('',#44,#152);
#152 = DEFINITIONAL_REPRESENTATION('',(#153),#157);
#153 = LINE('',#154,#155);
#154 = CARTESIAN_POINT('',(0.,0.));
#155 = VECTOR('',#156,1.);
#156 = DIRECTION('',(0.,-1.));
#157 = ( GEOMETRIC_REPRESENTATION_CONTEXT(2) 
PARAMETRIC_REPRESENTATION_CONTEXT() REPRESENTATION_CONTEXT('2D SPACE',''
  ) );
#158 = PCURVE('',#159,#164);
#159 = PLANE('',#160);
#160 = AXIS2_PLACEMENT_3D('',#161,#162,#163);
#161 = CARTESIAN_POINT('',(13.856406460551,8.,0.));
#162 = DIRECTION('',(-0.348195286948,-0.937422019235,0.));
#163 = DIRECTION('',(-0.937422019235,0.348195286948,0.));
#164 = DEFINITIONAL_REPRESENTATION('',(#165),#169);
#165 = LINE('',#166,#167);
#166 = CARTESIAN_POINT('',(8.114175157477,0.));
#167 = VECTOR('',#168,1.);
#168 = DIRECTION('',(0.,-1.));
#169 = ( GEOMETRIC_REPRESENTATION_CONTEXT(2) 
PARAMETRIC_REPRESENTATION_CONTEXT() REPRESENTATION_CONTEXT('2D SPACE',''
  ) );
#170 = ORIENTED_EDGE('',*,*,#171,.T.);
#171 = EDGE_CURVE('',#144,#24,#172,.T.);
#172 = SURFACE_CURVE('',#173,(#177,#184),.PCURVE_S1.);
#173 = LINE('',#174,#175);
#174 = CARTESIAN_POINT('',(6.25,10.825317547305,8.));
#175 = VECTOR('',#176,1.);
#176 = DIRECTION('',(-0.770256973593,0.637733639251,0.));
#177 = PCURVE('',#44,#178);
#178 = DEFINITIONAL_REPRESENTATION('',(#179),#183);
#179 = LINE('',#180,#181);
#180 = CARTESIAN_POINT('',(0.,-8.));
#181 = VECTOR('',#182,1.);
#182 = DIRECTION('',(1.,0.));
#183 = ( GEOMETRIC_REPRESENTATION_CONTEXT(2) 
PARAMETRIC_REPRESENTATION_CONTEXT() REPRESENTATION_CONTEXT('2D SPACE',''
  ) );
#184 = PCURVE('',#72,#185);
#185 = DEFINITIONAL_REPRESENTATION('',(#186),#190);
#186 = LINE('',#187,#188);
#187 = CARTESIAN_POINT('',(6.25,10.825317547305));
#188 = VECTOR('',#189,1.);
#189 = DIRECTION('',(-0.770256973593,0.637733639251));
#190 = ( GEOMETRIC_REPRESENTATION_CONTEXT(2) 
PARAMETRIC_REPRESENTATION_CONTEXT() REPRESENTATION_CONTEXT('2D SPACE',''
  ) );
#191 = ORIENTED_EDGE('',*,*,#21,.F.);
#192 = ORIENTED_EDGE('',*,*,#193,.F.);
#193 = EDGE_CURVE('',#142,#22,#194,.T.);
#194 = SURFACE_CURVE('',#195,(#199,#206),.PCURVE_S1.);
#195 = LINE('',#196,#197);
#196 = CARTESIAN_POINT('',(6.25,10.825317547305,0.));
#197 = VECTOR('',#198,1.);
#198 = DIRECTION('',(-0.770256973593,0.637733639251,0.));
#199 = PCURVE('',#44,#200);
#200 = DEFINITIONAL_REPRESENTATION('',(#201),#205);
#201 = LINE('',#202,#203);
#202 = CARTESIAN_POINT('',(0.,0.));
#203 = VECTOR('',#204,1.);
#204 = DIRECTION('',(1.,0.));
#205 = ( GEOMETRIC_REPRESENTATION_CONTEXT(2) 
PARAMETRIC_REPRESENTATION_CONTEXT() REPRESENTATION_CONTEXT('2D SPACE',''
  ) );
#206 = PCURVE('',#126,#207);
#207 = DEFINITIONAL_REPRESENTATION('',(#208),#212);
#208 = LINE('',#209,#210);
#209 = CARTESIAN_POINT('',(6.25,10.825317547305));
#210 = VECTOR('',#211,1.);
#211 = DIRECTION('',(-0.770256973593,0.637733639251));
#212 = ( GEOMETRIC_REPRESENTATION_CONTEXT(2) 
PARAMETRIC_REPRESENTATION_CONTEXT() REPRESENTATION_CONTEXT('2D SPACE',''
  ) );
#213 = ADVANCED_FACE('',(#214),#100,.F.);
#214 = FACE_BOUND('',#215,.F.);
#215 = EDGE_LOOP('',(#216,#217,#240,#268));
#216 = ORIENTED_EDGE('',*,*,#84,.T.);
#217 = ORIENTED_EDGE('',*,*,#218,.T.);
#218 = EDGE_CURVE('',#57,#219,#221,.T.);
#219 = VERTEX_POINT('',#220);
#220 = CARTESIAN_POINT('',(-13.85640646055,8.,8.));
#221 = SURFACE_CURVE('',#222,(#226,#233),.PCURVE_S1.);
#222 = LINE('',#223,#224);
#223 = CARTESIAN_POINT('',(-6.25,10.825317547305,8.));
#224 = VECTOR('',#225,1.);
#225 = DIRECTION('',(-0.937422019235,-0.348195286948,0.));
#226 = PCURVE('',#100,#227);
#227 = DEFINITIONAL_REPRESENTATION('',(#228),#232);
#228 = LINE('',#229,#230);
#229 = CARTESIAN_POINT('',(0.,-8.));
#230 = VECTOR('',#231,1.);
#231 = DIRECTION('',(1.,0.));
#232 = ( GEOMETRIC_REPRESENTATION_CONTEXT(2) 
PARAMETRIC_REPRESENTATION_CONTEXT() REPRESENTATION_CONTEXT('2D SPACE',''
  ) );
#233 = PCURVE('',#72,#234);
#234 = DEFINITIONAL_REPRESENTATION('',(#235),#239);
#235 = LINE('',#236,#237);
#236 = CARTESIAN_POINT('',(-6.25,10.825317547305));
#237 = VECTOR('',#238,1.);
#238 = DIRECTION('',(-0.937422019235,-0.348195286948));
#239 = ( GEOMETRIC_REPRESENTATION_CONTEXT(2) 
PARAMETRIC_REPRESENTATION_CONTEXT() REPRESENTATION_CONTEXT('2D SPACE',''
  ) );
#240 = ORIENTED_EDGE('',*,*,#241,.F.);
#241 = EDGE_CURVE('',#242,#219,#244,.T.);
#242 = VERTEX_POINT('',#243);
#243 = CARTESIAN_POINT('',(-13.85640646055,8.,0.));
#244 = SURFACE_CURVE('',#245,(#249,#256),.PCURVE_S1.);
#245 = LINE('',#246,#247);
#246 = CARTESIAN_POINT('',(-13.85640646055,8.,0.));
#247 = VECTOR('',#248,1.);
#248 = DIRECTION('',(0.,0.,1.));
#249 = PCURVE('',#100,#250);
#250 = DEFINITIONAL_REPRESENTATION('',(#251),#255);
#251 = LINE('',#252,#253);
#252 = CARTESIAN_POINT('',(8.114175157477,0.));
#253 = VECTOR('',#254,1.);
#254 = DIRECTION('',(0.,-1.));
#255 = ( GEOMETRIC_REPRESENTATION_CONTEXT(2) 
PARAMETRIC_REPRESENTATION_CONTEXT() REPRESENTATION_CONTEXT('2D SPACE',''
  ) );
#256 = PCURVE('',#257,#262);
#257 = PLANE('',#258);
#258 = AXIS2_PLACEMENT_3D('',#259,#260,#261);
#259 = CARTESIAN_POINT('',(-13.85640646055,8.,0.));
#260 = DIRECTION('',(0.985928926199,0.167165045643,-0.));
#261 = DIRECTION('',(0.167165045643,-0.985928926199,0.));
#262 = DEFINITIONAL_REPRESENTATION('',(#263),#267);
#263 = LINE('',#264,#265);
#264 = CARTESIAN_POINT('',(0.,0.));
#265 = VECTOR('',#266,1.);
#266 = DIRECTION('',(0.,-1.));
#267 = ( GEOMETRIC_REPRESENTATION_CONTEXT(2) 
PARAMETRIC_REPRESENTATION_CONTEXT() REPRESENTATION_CONTEXT('2D SPACE',''
  ) );
#268 = ORIENTED_EDGE('',*,*,#269,.F.);
#269 = EDGE_CURVE('',#85,#242,#270,.T.);
#270 = SURFACE_CURVE('',#271,(#275,#282),.PCURVE_S1.);
#271 = LINE('',#272,#273);
#272 = CARTESIAN_POINT('',(-6.25,10.825317547305,0.));
#273 = VECTOR('',#274,1.);
#274 = DIRECTION('',(-0.937422019235,-0.348195286948,0.));
#275 = PCURVE('',#100,#276);
#276 = DEFINITIONAL_REPRESENTATION('',(#277),#281);
#277 = LINE('',#278,#279);
#278 = CARTESIAN_POINT('',(0.,0.));
#279 = VECTOR('',#280,1.);
#280 = DIRECTION('',(1.,0.));
#281 = ( GEOMETRIC_REPRESENTATION_CONTEXT(2) 
PARAMETRIC_REPRESENTATION_CONTEXT() REPRESENTATION_CONTEXT('2D SPACE',''
  ) );
#282 = PCURVE('',#126,#283);
#283 = DEFINITIONAL_REPRESENTATION('',(#284),#288);
#284 = LINE('',#285,#286);
#285 = CARTESIAN_POINT('',(-6.25,10.825317547305));
#286 = VECTOR('',#287,1.);
#287 = DIRECTION('',(-0.937422019235,-0.348195286948));
#288 = ( GEOMETRIC_REPRESENTATION_CONTEXT(2) 
PARAMETRIC_REPRESENTATION_CONTEXT() REPRESENTATION_CONTEXT('2D SPACE',''
  ) );
#289 = ADVANCED_FACE('',(#290),#126,.F.);
#290 = FACE_BOUND('',#291,.F.);
#291 = EDGE_LOOP('',(#292,#293,#294,#317,#345,#373,#401,#429,#457,#485,
    #513,#534));
#292 = ORIENTED_EDGE('',*,*,#112,.T.);
#293 = ORIENTED_EDGE('',*,*,#269,.T.);
#294 = ORIENTED_EDGE('',*,*,#295,.T.);
#295 = EDGE_CURVE('',#242,#296,#298,.T.);
#296 = VERTEX_POINT('',#297);
#297 = CARTESIAN_POINT('',(-12.5,1.530808498934E-15,0.));
#298 = SURFACE_CURVE('',#299,(#303,#310),.PCURVE_S1.);
#299 = LINE('',#300,#301);
#300 = CARTESIAN_POINT('',(-13.85640646055,8.,0.));
#301 = VECTOR('',#302,1.);
#302 = DIRECTION('',(0.167165045643,-0.985928926199,0.));
#303 = PCURVE('',#126,#304);
#304 = DEFINITIONAL_REPRESENTATION('',(#305),#309);
#305 = LINE('',#306,#307);
#306 = CARTESIAN_POINT('',(-13.85640646055,8.));
#307 = VECTOR('',#308,1.);
#308 = DIRECTION('',(0.167165045643,-0.985928926199));
#309 = ( GEOMETRIC_REPRESENTATION_CONTEXT(2) 
PARAMETRIC_REPRESENTATION_CONTEXT() REPRESENTATION_CONTEXT('2D SPACE',''
  ) );
#310 = PCURVE('',#257,#311);
#311 = DEFINITIONAL_REPRESENTATION('',(#312),#316);
#312 = LINE('',#313,#314);
#313 = CARTESIAN_POINT('',(0.,0.));
#314 = VECTOR('',#315,1.);
#315 = DIRECTION('',(1.,0.));
#316 = ( GEOMETRIC_REPRESENTATION_CONTEXT(2) 
PARAMETRIC_REPRESENTATION_CONTEXT() REPRESENTATION_CONTEXT('2D SPACE',''
  ) );
#317 = ORIENTED_EDGE('',*,*,#318,.T.);
#318 = EDGE_CURVE('',#296,#319,#321,.T.);
#319 = VERTEX_POINT('',#320);
#320 = CARTESIAN_POINT('',(-13.85640646055,-8.,0.));
#321 = SURFACE_CURVE('',#322,(#326,#333),.PCURVE_S1.);
#322 = LINE('',#323,#324);
#323 = CARTESIAN_POINT('',(-12.5,1.530808498934E-15,0.));
#324 = VECTOR('',#325,1.);
#325 = DIRECTION('',(-0.167165045643,-0.985928926199,0.));
#326 = PCURVE('',#126,#327);
#327 = DEFINITIONAL_REPRESENTATION('',(#328),#332);
#328 = LINE('',#329,#330);
#329 = CARTESIAN_POINT('',(-12.5,1.968648896738E-15));
#330 = VECTOR('',#331,1.);
#331 = DIRECTION('',(-0.167165045643,-0.985928926199));
#332 = ( GEOMETRIC_REPRESENTATION_CONTEXT(2) 
PARAMETRIC_REPRESENTATION_CONTEXT() REPRESENTATION_CONTEXT('2D SPACE',''
  ) );
#333 = PCURVE('',#334,#339);
#334 = PLANE('',#335);
#335 = AXIS2_PLACEMENT_3D('',#336,#337,#338);
#336 = CARTESIAN_POINT('',(-12.5,1.530808498934E-15,0.));
#337 = DIRECTION('',(0.985928926199,-0.167165045643,0.));
#338 = DIRECTION('',(-0.167165045643,-0.985928926199,0.));
#339 = DEFINITIONAL_REPRESENTATION('',(#340),#344);
#340 = LINE('',#341,#342);
#341 = CARTESIAN_POINT('',(0.,0.));
#342 = VECTOR('',#343,1.);
#343 = DIRECTION('',(1.,0.));
#344 = ( GEOMETRIC_REPRESENTATION_CONTEXT(2) 
PARAMETRIC_REPRESENTATION_CONTEXT() REPRESENTATION_CONTEXT('2D SPACE',''
  ) );
#345 = ORIENTED_EDGE('',*,*,#346,.T.);
#346 = EDGE_CURVE('',#319,#347,#349,.T.);
#347 = VERTEX_POINT('',#348);
#348 = CARTESIAN_POINT('',(-6.25,-10.8253175473,0.));
#349 = SURFACE_CURVE('',#350,(#354,#361),.PCURVE_S1.);
#350 = LINE('',#351,#352);
#351 = CARTESIAN_POINT('',(-13.85640646055,-8.,0.));
#352 = VECTOR('',#353,1.);
#353 = DIRECTION('',(0.937422019235,-0.348195286948,0.));
#354 = PCURVE('',#126,#355);
#355 = DEFINITIONAL_REPRESENTATION('',(#356),#360);
#356 = LINE('',#357,#358);
#357 = CARTESIAN_POINT('',(-13.85640646055,-8.));
#358 = VECTOR('',#359,1.);
#359 = DIRECTION('',(0.937422019235,-0.348195286948));
#360 = ( GEOMETRIC_REPRESENTATION_CONTEXT(2) 
PARAMETRIC_REPRESENTATION_CONTEXT() REPRESENTATION_CONTEXT('2D SPACE',''
  ) );
#361 = PCURVE('',#362,#367);
#362 = PLANE('',#363);
#363 = AXIS2_PLACEMENT_3D('',#364,#365,#366);
#364 = CARTESIAN_POINT('',(-13.85640646055,-8.,0.));
#365 = DIRECTION('',(0.348195286948,0.937422019235,-0.));
#366 = DIRECTION('',(0.937422019235,-0.348195286948,0.));
#367 = DEFINITIONAL_REPRESENTATION('',(#368),#372);
#368 = LINE('',#369,#370);
#369 = CARTESIAN_POINT('',(0.,0.));
#370 = VECTOR('',#371,1.);
#371 = DIRECTION('',(1.,0.));
#372 = ( GEOMETRIC_REPRESENTATION_CONTEXT(2) 
PARAMETRIC_REPRESENTATION_CONTEXT() REPRESENTATION_CONTEXT('2D SPACE',''
  ) );
#373 = ORIENTED_EDGE('',*,*,#374,.T.);
#374 = EDGE_CURVE('',#347,#375,#377,.T.);
#375 = VERTEX_POINT('',#376);
#376 = CARTESIAN_POINT('',(-2.939152317954E-15,-16.,0.));
#377 = SURFACE_CURVE('',#378,(#382,#389),.PCURVE_S1.);
#378 = LINE('',#379,#380);
#379 = CARTESIAN_POINT('',(-6.25,-10.8253175473,0.));
#380 = VECTOR('',#381,1.);
#381 = DIRECTION('',(0.770256973593,-0.637733639251,0.));
#382 = PCURVE('',#126,#383);
#383 = DEFINITIONAL_REPRESENTATION('',(#384),#388);
#384 = LINE('',#385,#386);
#385 = CARTESIAN_POINT('',(-6.25,-10.8253175473));
#386 = VECTOR('',#387,1.);
#387 = DIRECTION('',(0.770256973593,-0.637733639251));
#388 = ( GEOMETRIC_REPRESENTATION_CONTEXT(2) 
PARAMETRIC_REPRESENTATION_CONTEXT() REPRESENTATION_CONTEXT('2D SPACE',''
  ) );
#389 = PCURVE('',#390,#395);
#390 = PLANE('',#391);
#391 = AXIS2_PLACEMENT_3D('',#392,#393,#394);
#392 = CARTESIAN_POINT('',(-6.25,-10.8253175473,0.));
#393 = DIRECTION('',(0.637733639251,0.770256973593,-0.));
#394 = DIRECTION('',(0.770256973593,-0.637733639251,0.));
#395 = DEFINITIONAL_REPRESENTATION('',(#396),#400);
#396 = LINE('',#397,#398);
#397 = CARTESIAN_POINT('',(0.,0.));
#398 = VECTOR('',#399,1.);
#399 = DIRECTION('',(1.,0.));
#400 = ( GEOMETRIC_REPRESENTATION_CONTEXT(2) 
PARAMETRIC_REPRESENTATION_CONTEXT() REPRESENTATION_CONTEXT('2D SPACE',''
  ) );
#401 = ORIENTED_EDGE('',*,*,#402,.T.);
#402 = EDGE_CURVE('',#375,#403,#405,.T.);
#403 = VERTEX_POINT('',#404);
#404 = CARTESIAN_POINT('',(6.25,-10.8253175473,0.));
#405 = SURFACE_CURVE('',#406,(#410,#417),.PCURVE_S1.);
#406 = LINE('',#407,#408);
#407 = CARTESIAN_POINT('',(-2.939152317954E-15,-16.,0.));
#408 = VECTOR('',#409,1.);
#409 = DIRECTION('',(0.770256973593,0.637733639251,0.));
#410 = PCURVE('',#126,#411);
#411 = DEFINITIONAL_REPRESENTATION('',(#412),#416);
#412 = LINE('',#413,#414);
#413 = CARTESIAN_POINT('',(-2.459129319146E-15,-16.));
#414 = VECTOR('',#415,1.);
#415 = DIRECTION('',(0.770256973593,0.637733639251));
#416 = ( GEOMETRIC_REPRESENTATION_CONTEXT(2) 
PARAMETRIC_REPRESENTATION_CONTEXT() REPRESENTATION_CONTEXT('2D SPACE',''
  ) );
#417 = PCURVE('',#418,#423);
#418 = PLANE('',#419);
#419 = AXIS2_PLACEMENT_3D('',#420,#421,#422);
#420 = CARTESIAN_POINT('',(-2.939152317954E-15,-16.,0.));
#421 = DIRECTION('',(-0.637733639251,0.770256973593,0.));
#422 = DIRECTION('',(0.770256973593,0.637733639251,0.));
#423 = DEFINITIONAL_REPRESENTATION('',(#424),#428);
#424 = LINE('',#425,#426);
#425 = CARTESIAN_POINT('',(0.,0.));
#426 = VECTOR('',#427,1.);
#427 = DIRECTION('',(1.,0.));
#428 = ( GEOMETRIC_REPRESENTATION_CONTEXT(2) 
PARAMETRIC_REPRESENTATION_CONTEXT() REPRESENTATION_CONTEXT('2D SPACE',''
  ) );
#429 = ORIENTED_EDGE('',*,*,#430,.T.);
#430 = EDGE_CURVE('',#403,#431,#433,.T.);
#431 = VERTEX_POINT('',#432);
#432 = CARTESIAN_POINT('',(13.856406460551,-8.,0.));
#433 = SURFACE_CURVE('',#434,(#438,#445),.PCURVE_S1.);
#434 = LINE('',#435,#436);
#435 = CARTESIAN_POINT('',(6.25,-10.8253175473,0.));
#436 = VECTOR('',#437,1.);
#437 = DIRECTION('',(0.937422019235,0.348195286948,0.));
#438 = PCURVE('',#126,#439);
#439 = DEFINITIONAL_REPRESENTATION('',(#440),#444);
#440 = LINE('',#441,#442);
#441 = CARTESIAN_POINT('',(6.25,-10.8253175473));
#442 = VECTOR('',#443,1.);
#443 = DIRECTION('',(0.937422019235,0.348195286948));
#444 = ( GEOMETRIC_REPRESENTATION_CONTEXT(2) 
PARAMETRIC_REPRESENTATION_CONTEXT() REPRESENTATION_CONTEXT('2D SPACE',''
  ) );
#445 = PCURVE('',#446,#451);
#446 = PLANE('',#447);
#447 = AXIS2_PLACEMENT_3D('',#448,#449,#450);
#448 = CARTESIAN_POINT('',(6.25,-10.8253175473,0.));
#449 = DIRECTION('',(-0.348195286948,0.937422019235,0.));
#450 = DIRECTION('',(0.937422019235,0.348195286948,0.));
#451 = DEFINITIONAL_REPRESENTATION('',(#452),#456);
#452 = LINE('',#453,#454);
#453 = CARTESIAN_POINT('',(0.,0.));
#454 = VECTOR('',#455,1.);
#455 = DIRECTION('',(1.,0.));
#456 = ( GEOMETRIC_REPRESENTATION_CONTEXT(2) 
PARAMETRIC_REPRESENTATION_CONTEXT() REPRESENTATION_CONTEXT('2D SPACE',''
  ) );
#457 = ORIENTED_EDGE('',*,*,#458,.T.);
#458 = EDGE_CURVE('',#431,#459,#461,.T.);
#459 = VERTEX_POINT('',#460);
#460 = CARTESIAN_POINT('',(12.5,-3.061616997868E-15,0.));
#461 = SURFACE_CURVE('',#462,(#466,#473),.PCURVE_S1.);
#462 = LINE('',#463,#464);
#463 = CARTESIAN_POINT('',(13.856406460551,-8.,0.));
#464 = VECTOR('',#465,1.);
#465 = DIRECTION('',(-0.167165045643,0.985928926199,0.));
#466 = PCURVE('',#126,#467);
#467 = DEFINITIONAL_REPRESENTATION('',(#468),#472);
#468 = LINE('',#469,#470);
#469 = CARTESIAN_POINT('',(13.856406460551,-8.));
#470 = VECTOR('',#471,1.);
#471 = DIRECTION('',(-0.167165045643,0.985928926199));
#472 = ( GEOMETRIC_REPRESENTATION_CONTEXT(2) 
PARAMETRIC_REPRESENTATION_CONTEXT() REPRESENTATION_CONTEXT('2D SPACE',''
  ) );
#473 = PCURVE('',#474,#479);
#474 = PLANE('',#475);
#475 = AXIS2_PLACEMENT_3D('',#476,#477,#478);
#476 = CARTESIAN_POINT('',(13.856406460551,-8.,0.));
#477 = DIRECTION('',(-0.985928926199,-0.167165045643,0.));
#478 = DIRECTION('',(-0.167165045643,0.985928926199,0.));
#479 = DEFINITIONAL_REPRESENTATION('',(#480),#484);
#480 = LINE('',#481,#482);
#481 = CARTESIAN_POINT('',(0.,0.));
#482 = VECTOR('',#483,1.);
#483 = DIRECTION('',(1.,0.));
#484 = ( GEOMETRIC_REPRESENTATION_CONTEXT(2) 
PARAMETRIC_REPRESENTATION_CONTEXT() REPRESENTATION_CONTEXT('2D SPACE',''
  ) );
#485 = ORIENTED_EDGE('',*,*,#486,.T.);
#486 = EDGE_CURVE('',#459,#487,#489,.T.);
#487 = VERTEX_POINT('',#488);
#488 = CARTESIAN_POINT('',(13.856406460551,8.,0.));
#489 = SURFACE_CURVE('',#490,(#494,#501),.PCURVE_S1.);
#490 = LINE('',#491,#492);
#491 = CARTESIAN_POINT('',(12.5,-3.061616997868E-15,0.));
#492 = VECTOR('',#493,1.);
#493 = DIRECTION('',(0.167165045643,0.985928926199,0.));
#494 = PCURVE('',#126,#495);
#495 = DEFINITIONAL_REPRESENTATION('',(#496),#500);
#496 = LINE('',#497,#498);
#497 = CARTESIAN_POINT('',(12.5,-2.623776600064E-15));
#498 = VECTOR('',#499,1.);
#499 = DIRECTION('',(0.167165045643,0.985928926199));
#500 = ( GEOMETRIC_REPRESENTATION_CONTEXT(2) 
PARAMETRIC_REPRESENTATION_CONTEXT() REPRESENTATION_CONTEXT('2D SPACE',''
  ) );
#501 = PCURVE('',#502,#507);
#502 = PLANE('',#503);
#503 = AXIS2_PLACEMENT_3D('',#504,#505,#506);
#504 = CARTESIAN_POINT('',(12.5,-3.061616997868E-15,0.));
#505 = DIRECTION('',(-0.985928926199,0.167165045643,0.));
#506 = DIRECTION('',(0.167165045643,0.985928926199,0.));
#507 = DEFINITIONAL_REPRESENTATION('',(#508),#512);
#508 = LINE('',#509,#510);
#509 = CARTESIAN_POINT('',(0.,0.));
#510 = VECTOR('',#511,1.);
#511 = DIRECTION('',(1.,0.));
#512 = ( GEOMETRIC_REPRESENTATION_CONTEXT(2) 
PARAMETRIC_REPRESENTATION_CONTEXT() REPRESENTATION_CONTEXT('2D SPACE',''
  ) );
#513 = ORIENTED_EDGE('',*,*,#514,.T.);
#514 = EDGE_CURVE('',#487,#142,#515,.T.);
#515 = SURFACE_CURVE('',#516,(#520,#527),.PCURVE_S1.);
#516 = LINE('',#517,#518);
#517 = CARTESIAN_POINT('',(13.856406460551,8.,0.));
#518 = VECTOR('',#519,1.);
#519 = DIRECTION('',(-0.937422019235,0.348195286948,0.));
#520 = PCURVE('',#126,#521);
#521 = DEFINITIONAL_REPRESENTATION('',(#522),#526);
#522 = LINE('',#523,#524);
#523 = CARTESIAN_POINT('',(13.856406460551,8.));
#524 = VECTOR('',#525,1.);
#525 = DIRECTION('',(-0.937422019235,0.348195286948));
#526 = ( GEOMETRIC_REPRESENTATION_CONTEXT(2) 
PARAMETRIC_REPRESENTATION_CONTEXT() REPRESENTATION_CONTEXT('2D SPACE',''
  ) );
#527 = PCURVE('',#159,#528);
#528 = DEFINITIONAL_REPRESENTATION('',(#529),#533);
#529 = LINE('',#530,#531);
#530 = CARTESIAN_POINT('',(0.,0.));
#531 = VECTOR('',#532,1.);
#532 = DIRECTION('',(1.,0.));
#533 = ( GEOMETRIC_REPRESENTATION_CONTEXT(2) 
PARAMETRIC_REPRESENTATION_CONTEXT() REPRESENTATION_CONTEXT('2D SPACE',''
  ) );
#534 = ORIENTED_EDGE('',*,*,#193,.T.);
#535 = ADVANCED_FACE('',(#536,#746),#72,.T.);
#536 = FACE_BOUND('',#537,.T.);
#537 = EDGE_LOOP('',(#538,#539,#540,#563,#586,#609,#632,#655,#678,#701,
    #724,#745));
#538 = ORIENTED_EDGE('',*,*,#56,.T.);
#539 = ORIENTED_EDGE('',*,*,#218,.T.);
#540 = ORIENTED_EDGE('',*,*,#541,.T.);
#541 = EDGE_CURVE('',#219,#542,#544,.T.);
#542 = VERTEX_POINT('',#543);
#543 = CARTESIAN_POINT('',(-12.5,1.530808498934E-15,8.));
#544 = SURFACE_CURVE('',#545,(#549,#556),.PCURVE_S1.);
#545 = LINE('',#546,#547);
#546 = CARTESIAN_POINT('',(-13.85640646055,8.,8.));
#547 = VECTOR('',#548,1.);
#548 = DIRECTION('',(0.167165045643,-0.985928926199,0.));
#549 = PCURVE('',#72,#550);
#550 = DEFINITIONAL_REPRESENTATION('',(#551),#555);
#551 = LINE('',#552,#553);
#552 = CARTESIAN_POINT('',(-13.85640646055,8.));
#553 = VECTOR('',#554,1.);
#554 = DIRECTION('',(0.167165045643,-0.985928926199));
#555 = ( GEOMETRIC_REPRESENTATION_CONTEXT(2) 
PARAMETRIC_REPRESENTATION_CONTEXT() REPRESENTATION_CONTEXT('2D SPACE',''
  ) );
#556 = PCURVE('',#257,#557);
#557 = DEFINITIONAL_REPRESENTATION('',(#558),#562);
#558 = LINE('',#559,#560);
#559 = CARTESIAN_POINT('',(0.,-8.));
#560 = VECTOR('',#561,1.);
#561 = DIRECTION('',(1.,0.));
#562 = ( GEOMETRIC_REPRESENTATION_CONTEXT(2) 
PARAMETRIC_REPRESENTATION_CONTEXT() REPRESENTATION_CONTEXT('2D SPACE',''
  ) );
#563 = ORIENTED_EDGE('',*,*,#564,.T.);
#564 = EDGE_CURVE('',#542,#565,#567,.T.);
#565 = VERTEX_POINT('',#566);
#566 = CARTESIAN_POINT('',(-13.85640646055,-8.,8.));
#567 = SURFACE_CURVE('',#568,(#572,#579),.PCURVE_S1.);
#568 = LINE('',#569,#570);
#569 = CARTESIAN_POINT('',(-12.5,1.530808498934E-15,8.));
#570 = VECTOR('',#571,1.);
#571 = DIRECTION('',(-0.167165045643,-0.985928926199,0.));
#572 = PCURVE('',#72,#573);
#573 = DEFINITIONAL_REPRESENTATION('',(#574),#578);
#574 = LINE('',#575,#576);
#575 = CARTESIAN_POINT('',(-12.5,1.968648896738E-15));
#576 = VECTOR('',#577,1.);
#577 = DIRECTION('',(-0.167165045643,-0.985928926199));
#578 = ( GEOMETRIC_REPRESENTATION_CONTEXT(2) 
PARAMETRIC_REPRESENTATION_CONTEXT() REPRESENTATION_CONTEXT('2D SPACE',''
  ) );
#579 = PCURVE('',#334,#580);
#580 = DEFINITIONAL_REPRESENTATION('',(#581),#585);
#581 = LINE('',#582,#583);
#582 = CARTESIAN_POINT('',(0.,-8.));
#583 = VECTOR('',#584,1.);
#584 = DIRECTION('',(1.,0.));
#585 = ( GEOMETRIC_REPRESENTATION_CONTEXT(2) 
PARAMETRIC_REPRESENTATION_CONTEXT() REPRESENTATION_CONTEXT('2D SPACE',''
  ) );
#586 = ORIENTED_EDGE('',*,*,#587,.T.);
#587 = EDGE_CURVE('',#565,#588,#590,.T.);
#588 = VERTEX_POINT('',#589);
#589 = CARTESIAN_POINT('',(-6.25,-10.8253175473,8.));
#590 = SURFACE_CURVE('',#591,(#595,#602),.PCURVE_S1.);
#591 = LINE('',#592,#593);
#592 = CARTESIAN_POINT('',(-13.85640646055,-8.,8.));
#593 = VECTOR('',#594,1.);
#594 = DIRECTION('',(0.937422019235,-0.348195286948,0.));
#595 = PCURVE('',#72,#596);
#596 = DEFINITIONAL_REPRESENTATION('',(#597),#601);
#597 = LINE('',#598,#599);
#598 = CARTESIAN_POINT('',(-13.85640646055,-8.));
#599 = VECTOR('',#600,1.);
#600 = DIRECTION('',(0.937422019235,-0.348195286948));
#601 = ( GEOMETRIC_REPRESENTATION_CONTEXT(2) 
PARAMETRIC_REPRESENTATION_CONTEXT() REPRESENTATION_CONTEXT('2D SPACE',''
  ) );
#602 = PCURVE('',#362,#603);
#603 = DEFINITIONAL_REPRESENTATION('',(#604),#608);
#604 = LINE('',#605,#606);
#605 = CARTESIAN_POINT('',(0.,-8.));
#606 = VECTOR('',#607,1.);
#607 = DIRECTION('',(1.,0.));
#608 = ( GEOMETRIC_REPRESENTATION_CONTEXT(2) 
PARAMETRIC_REPRESENTATION_CONTEXT() REPRESENTATION_CONTEXT('2D SPACE',''
  ) );
#609 = ORIENTED_EDGE('',*,*,#610,.T.);
#610 = EDGE_CURVE('',#588,#611,#613,.T.);
#611 = VERTEX_POINT('',#612);
#612 = CARTESIAN_POINT('',(-2.939152317954E-15,-16.,8.));
#613 = SURFACE_CURVE('',#614,(#618,#625),.PCURVE_S1.);
#614 = LINE('',#615,#616);
#615 = CARTESIAN_POINT('',(-6.25,-10.8253175473,8.));
#616 = VECTOR('',#617,1.);
#617 = DIRECTION('',(0.770256973593,-0.637733639251,0.));
#618 = PCURVE('',#72,#619);
#619 = DEFINITIONAL_REPRESENTATION('',(#620),#624);
#620 = LINE('',#621,#622);
#621 = CARTESIAN_POINT('',(-6.25,-10.8253175473));
#622 = VECTOR('',#623,1.);
#623 = DIRECTION('',(0.770256973593,-0.637733639251));
#624 = ( GEOMETRIC_REPRESENTATION_CONTEXT(2) 
PARAMETRIC_REPRESENTATION_CONTEXT() REPRESENTATION_CONTEXT('2D SPACE',''
  ) );
#625 = PCURVE('',#390,#626);
#626 = DEFINITIONAL_REPRESENTATION('',(#627),#631);
#627 = LINE('',#628,#629);
#628 = CARTESIAN_POINT('',(0.,-8.));
#629 = VECTOR('',#630,1.);
#630 = DIRECTION('',(1.,0.));
#631 = ( GEOMETRIC_REPRESENTATION_CONTEXT(2) 
PARAMETRIC_REPRESENTATION_CONTEXT() REPRESENTATION_CONTEXT('2D SPACE',''
  ) );
#632 = ORIENTED_EDGE('',*,*,#633,.T.);
#633 = EDGE_CURVE('',#611,#634,#636,.T.);
#634 = VERTEX_POINT('',#635);
#635 = CARTESIAN_POINT('',(6.25,-10.8253175473,8.));
#636 = SURFACE_CURVE('',#637,(#641,#648),.PCURVE_S1.);
#637 = LINE('',#638,#639);
#638 = CARTESIAN_POINT('',(-2.939152317954E-15,-16.,8.));
#639 = VECTOR('',#640,1.);
#640 = DIRECTION('',(0.770256973593,0.637733639251,0.));
#641 = PCURVE('',#72,#642);
#642 = DEFINITIONAL_REPRESENTATION('',(#643),#647);
#643 = LINE('',#644,#645);
#644 = CARTESIAN_POINT('',(-2.459129319146E-15,-16.));
#645 = VECTOR('',#646,1.);
#646 = DIRECTION('',(0.770256973593,0.637733639251));
#647 = ( GEOMETRIC_REPRESENTATION_CONTEXT(2) 
PARAMETRIC_REPRESENTATION_CONTEXT() REPRESENTATION_CONTEXT('2D SPACE',''
  ) );
#648 = PCURVE('',#418,#649);
#649 = DEFINITIONAL_REPRESENTATION('',(#650),#654);
#650 = LINE('',#651,#652);
#651 = CARTESIAN_POINT('',(0.,-8.));
#652 = VECTOR('',#653,1.);
#653 = DIRECTION('',(1.,0.));
#654 = ( GEOMETRIC_REPRESENTATION_CONTEXT(2) 
PARAMETRIC_REPRESENTATION_CONTEXT() REPRESENTATION_CONTEXT('2D SPACE',''
  ) );
#655 = ORIENTED_EDGE('',*,*,#656,.T.);
#656 = EDGE_CURVE('',#634,#657,#659,.T.);
#657 = VERTEX_POINT('',#658);
#658 = CARTESIAN_POINT('',(13.856406460551,-8.,8.));
#659 = SURFACE_CURVE('',#660,(#664,#671),.PCURVE_S1.);
#660 = LINE('',#661,#662);
#661 = CARTESIAN_POINT('',(6.25,-10.8253175473,8.));
#662 = VECTOR('',#663,1.);
#663 = DIRECTION('',(0.937422019235,0.348195286948,0.));
#664 = PCURVE('',#72,#665);
#665 = DEFINITIONAL_REPRESENTATION('',(#666),#670);
#666 = LINE('',#667,#668);
#667 = CARTESIAN_POINT('',(6.25,-10.8253175473));
#668 = VECTOR('',#669,1.);
#669 = DIRECTION('',(0.937422019235,0.348195286948));
#670 = ( GEOMETRIC_REPRESENTATION_CONTEXT(2) 
PARAMETRIC_REPRESENTATION_CONTEXT() REPRESENTATION_CONTEXT('2D SPACE',''
  ) );
#671 = PCURVE('',#446,#672);
#672 = DEFINITIONAL_REPRESENTATION('',(#673),#677);
#673 = LINE('',#674,#675);
#674 = CARTESIAN_POINT('',(0.,-8.));
#675 = VECTOR('',#676,1.);
#676 = DIRECTION('',(1.,0.));
#677 = ( GEOMETRIC_REPRESENTATION_CONTEXT(2) 
PARAMETRIC_REPRESENTATION_CONTEXT() REPRESENTATION_CONTEXT('2D SPACE',''
  ) );
#678 = ORIENTED_EDGE('',*,*,#679,.T.);
#679 = EDGE_CURVE('',#657,#680,#682,.T.);
#680 = VERTEX_POINT('',#681);
#681 = CARTESIAN_POINT('',(12.5,-3.061616997868E-15,8.));
#682 = SURFACE_CURVE('',#683,(#687,#694),.PCURVE_S1.);
#683 = LINE('',#684,#685);
#684 = CARTESIAN_POINT('',(13.856406460551,-8.,8.));
#685 = VECTOR('',#686,1.);
#686 = DIRECTION('',(-0.167165045643,0.985928926199,0.));
#687 = PCURVE('',#72,#688);
#688 = DEFINITIONAL_REPRESENTATION('',(#689),#693);
#689 = LINE('',#690,#691);
#690 = CARTESIAN_POINT('',(13.856406460551,-8.));
#691 = VECTOR('',#692,1.);
#692 = DIRECTION('',(-0.167165045643,0.985928926199));
#693 = ( GEOMETRIC_REPRESENTATION_CONTEXT(2) 
PARAMETRIC_REPRESENTATION_CONTEXT() REPRESENTATION_CONTEXT('2D SPACE',''
  ) );
#694 = PCURVE('',#474,#695);
#695 = DEFINITIONAL_REPRESENTATION('',(#696),#700);
#696 = LINE('',#697,#698);
#697 = CARTESIAN_POINT('',(0.,-8.));
#698 = VECTOR('',#699,1.);
#699 = DIRECTION('',(1.,0.));
#700 = ( GEOMETRIC_REPRESENTATION_CONTEXT(2) 
PARAMETRIC_REPRESENTATION_CONTEXT() REPRESENTATION_CONTEXT('2D SPACE',''
  ) );
#701 = ORIENTED_EDGE('',*,*,#702,.T.);
#702 = EDGE_CURVE('',#680,#703,#705,.T.);
#703 = VERTEX_POINT('',#704);
#704 = CARTESIAN_POINT('',(13.856406460551,8.,8.));
#705 = SURFACE_CURVE('',#706,(#710,#717),.PCURVE_S1.);
#706 = LINE('',#707,#708);
#707 = CARTESIAN_POINT('',(12.5,-3.061616997868E-15,8.));
#708 = VECTOR('',#709,1.);
#709 = DIRECTION('',(0.167165045643,0.985928926199,0.));
#710 = PCURVE('',#72,#711);
#711 = DEFINITIONAL_REPRESENTATION('',(#712),#716);
#712 = LINE('',#713,#714);
#713 = CARTESIAN_POINT('',(12.5,-2.623776600064E-15));
#714 = VECTOR('',#715,1.);
#715 = DIRECTION('',(0.167165045643,0.985928926199));
#716 = ( GEOMETRIC_REPRESENTATION_CONTEXT(2) 
PARAMETRIC_REPRESENTATION_CONTEXT() REPRESENTATION_CONTEXT('2D SPACE',''
  ) );
#717 = PCURVE('',#502,#718);
#718 = DEFINITIONAL_REPRESENTATION('',(#719),#723);
#719 = LINE('',#720,#721);
#720 = CARTESIAN_POINT('',(0.,-8.));
#721 = VECTOR('',#722,1.);
#722 = DIRECTION('',(1.,0.));
#723 = ( GEOMETRIC_REPRESENTATION_CONTEXT(2) 
PARAMETRIC_REPRESENTATION_CONTEXT() REPRESENTATION_CONTEXT('2D SPACE',''
  ) );
#724 = ORIENTED_EDGE('',*,*,#725,.T.);
#725 = EDGE_CURVE('',#703,#144,#726,.T.);
#726 = SURFACE_CURVE('',#727,(#731,#738),.PCURVE_S1.);
#727 = LINE('',#728,#729);
#728 = CARTESIAN_POINT('',(13.856406460551,8.,8.));
#729 = VECTOR('',#730,1.);
#730 = DIRECTION('',(-0.937422019235,0.348195286948,0.));
#731 = PCURVE('',#72,#732);
#732 = DEFINITIONAL_REPRESENTATION('',(#733),#737);
#733 = LINE('',#734,#735);
#734 = CARTESIAN_POINT('',(13.856406460551,8.));
#735 = VECTOR('',#736,1.);
#736 = DIRECTION('',(-0.937422019235,0.348195286948));
#737 = ( GEOMETRIC_REPRESENTATION_CONTEXT(2) 
PARAMETRIC_REPRESENTATION_CONTEXT() REPRESENTATION_CONTEXT('2D SPACE',''
  ) );
#738 = PCURVE('',#159,#739);
#739 = DEFINITIONAL_REPRESENTATION('',(#740),#744);
#740 = LINE('',#741,#742);
#741 = CARTESIAN_POINT('',(0.,-8.));
#742 = VECTOR('',#743,1.);
#743 = DIRECTION('',(1.,0.));
#744 = ( GEOMETRIC_REPRESENTATION_CONTEXT(2) 
PARAMETRIC_REPRESENTATION_CONTEXT() REPRESENTATION_CONTEXT('2D SPACE',''
  ) );
#745 = ORIENTED_EDGE('',*,*,#171,.T.);
#746 = FACE_BOUND('',#747,.T.);
#747 = EDGE_LOOP('',(#748));
#748 = ORIENTED_EDGE('',*,*,#749,.T.);
#749 = EDGE_CURVE('',#750,#750,#752,.T.);
#750 = VERTEX_POINT('',#751);
#751 = CARTESIAN_POINT('',(11.5,0.,8.));
#752 = SURFACE_CURVE('',#753,(#758,#769),.PCURVE_S1.);
#753 = CIRCLE('',#754,11.5);
#754 = AXIS2_PLACEMENT_3D('',#755,#756,#757);
#755 = CARTESIAN_POINT('',(0.,0.,8.));
#756 = DIRECTION('',(0.,0.,-1.));
#757 = DIRECTION('',(1.,0.,0.));
#758 = PCURVE('',#72,#759);
#759 = DEFINITIONAL_REPRESENTATION('',(#760),#768);
#760 = ( BOUNDED_CURVE() B_SPLINE_CURVE(2,(#761,#762,#763,#764,#765,#766
,#767),.UNSPECIFIED.,.T.,.F.) B_SPLINE_CURVE_WITH_KNOTS((1,2,2,2,2,1),(
    -2.094395102393,0.,2.094395102393,4.188790204786,6.28318530718,
8.377580409573),.UNSPECIFIED.) CURVE() GEOMETRIC_REPRESENTATION_ITEM() 
RATIONAL_B_SPLINE_CURVE((1.,0.5,1.,0.5,1.,0.5,1.)) REPRESENTATION_ITEM(
  '') );
#761 = CARTESIAN_POINT('',(11.5,4.378403978039E-16));
#762 = CARTESIAN_POINT('',(11.5,-19.91858428704));
#763 = CARTESIAN_POINT('',(-5.75,-9.959292143521));
#764 = CARTESIAN_POINT('',(-23.,-2.378847240235E-15));
#765 = CARTESIAN_POINT('',(-5.75,9.959292143521));
#766 = CARTESIAN_POINT('',(11.5,19.918584287042));
#767 = CARTESIAN_POINT('',(11.5,4.378403978039E-16));
#768 = ( GEOMETRIC_REPRESENTATION_CONTEXT(2) 
PARAMETRIC_REPRESENTATION_CONTEXT() REPRESENTATION_CONTEXT('2D SPACE',''
  ) );
#769 = PCURVE('',#770,#775);
#770 = CYLINDRICAL_SURFACE('',#771,11.5);
#771 = AXIS2_PLACEMENT_3D('',#772,#773,#774);
#772 = CARTESIAN_POINT('',(0.,0.,7.99));
#773 = DIRECTION('',(-0.,-0.,-1.));
#774 = DIRECTION('',(1.,0.,0.));
#775 = DEFINITIONAL_REPRESENTATION('',(#776),#780);
#776 = LINE('',#777,#778);
#777 = CARTESIAN_POINT('',(-6.28318530718,-1.E-02));
#778 = VECTOR('',#779,1.);
#779 = DIRECTION('',(1.,-0.));
#780 = ( GEOMETRIC_REPRESENTATION_CONTEXT(2) 
PARAMETRIC_REPRESENTATION_CONTEXT() REPRESENTATION_CONTEXT('2D SPACE',''
  ) );
#781 = ADVANCED_FACE('',(#782),#159,.F.);
#782 = FACE_BOUND('',#783,.F.);
#783 = EDGE_LOOP('',(#784,#805,#806,#807));
#784 = ORIENTED_EDGE('',*,*,#785,.T.);
#785 = EDGE_CURVE('',#487,#703,#786,.T.);
#786 = SURFACE_CURVE('',#787,(#791,#798),.PCURVE_S1.);
#787 = LINE('',#788,#789);
#788 = CARTESIAN_POINT('',(13.856406460551,8.,0.));
#789 = VECTOR('',#790,1.);
#790 = DIRECTION('',(0.,0.,1.));
#791 = PCURVE('',#159,#792);
#792 = DEFINITIONAL_REPRESENTATION('',(#793),#797);
#793 = LINE('',#794,#795);
#794 = CARTESIAN_POINT('',(0.,0.));
#795 = VECTOR('',#796,1.);
#796 = DIRECTION('',(0.,-1.));
#797 = ( GEOMETRIC_REPRESENTATION_CONTEXT(2) 
PARAMETRIC_REPRESENTATION_CONTEXT() REPRESENTATION_CONTEXT('2D SPACE',''
  ) );
#798 = PCURVE('',#502,#799);
#799 = DEFINITIONAL_REPRESENTATION('',(#800),#804);
#800 = LINE('',#801,#802);
#801 = CARTESIAN_POINT('',(8.114175157477,0.));
#802 = VECTOR('',#803,1.);
#803 = DIRECTION('',(0.,-1.));
#804 = ( GEOMETRIC_REPRESENTATION_CONTEXT(2) 
PARAMETRIC_REPRESENTATION_CONTEXT() REPRESENTATION_CONTEXT('2D SPACE',''
  ) );
#805 = ORIENTED_EDGE('',*,*,#725,.T.);
#806 = ORIENTED_EDGE('',*,*,#141,.F.);
#807 = ORIENTED_EDGE('',*,*,#514,.F.);
#808 = ADVANCED_FACE('',(#809),#257,.F.);
#809 = FACE_BOUND('',#810,.F.);
#810 = EDGE_LOOP('',(#811,#812,#813,#834));
#811 = ORIENTED_EDGE('',*,*,#241,.T.);
#812 = ORIENTED_EDGE('',*,*,#541,.T.);
#813 = ORIENTED_EDGE('',*,*,#814,.F.);
#814 = EDGE_CURVE('',#296,#542,#815,.T.);
#815 = SURFACE_CURVE('',#816,(#820,#827),.PCURVE_S1.);
#816 = LINE('',#817,#818);
#817 = CARTESIAN_POINT('',(-12.5,1.530808498934E-15,0.));
#818 = VECTOR('',#819,1.);
#819 = DIRECTION('',(0.,0.,1.));
#820 = PCURVE('',#257,#821);
#821 = DEFINITIONAL_REPRESENTATION('',(#822),#826);
#822 = LINE('',#823,#824);
#823 = CARTESIAN_POINT('',(8.114175157477,0.));
#824 = VECTOR('',#825,1.);
#825 = DIRECTION('',(0.,-1.));
#826 = ( GEOMETRIC_REPRESENTATION_CONTEXT(2) 
PARAMETRIC_REPRESENTATION_CONTEXT() REPRESENTATION_CONTEXT('2D SPACE',''
  ) );
#827 = PCURVE('',#334,#828);
#828 = DEFINITIONAL_REPRESENTATION('',(#829),#833);
#829 = LINE('',#830,#831);
#830 = CARTESIAN_POINT('',(0.,0.));
#831 = VECTOR('',#832,1.);
#832 = DIRECTION('',(0.,-1.));
#833 = ( GEOMETRIC_REPRESENTATION_CONTEXT(2) 
PARAMETRIC_REPRESENTATION_CONTEXT() REPRESENTATION_CONTEXT('2D SPACE',''
  ) );
#834 = ORIENTED_EDGE('',*,*,#295,.F.);
#835 = ADVANCED_FACE('',(#836),#334,.F.);
#836 = FACE_BOUND('',#837,.F.);
#837 = EDGE_LOOP('',(#838,#839,#840,#861));
#838 = ORIENTED_EDGE('',*,*,#814,.T.);
#839 = ORIENTED_EDGE('',*,*,#564,.T.);
#840 = ORIENTED_EDGE('',*,*,#841,.F.);
#841 = EDGE_CURVE('',#319,#565,#842,.T.);
#842 = SURFACE_CURVE('',#843,(#847,#854),.PCURVE_S1.);
#843 = LINE('',#844,#845);
#844 = CARTESIAN_POINT('',(-13.85640646055,-8.,0.));
#845 = VECTOR('',#846,1.);
#846 = DIRECTION('',(0.,0.,1.));
#847 = PCURVE('',#334,#848);
#848 = DEFINITIONAL_REPRESENTATION('',(#849),#853);
#849 = LINE('',#850,#851);
#850 = CARTESIAN_POINT('',(8.114175157477,0.));
#851 = VECTOR('',#852,1.);
#852 = DIRECTION('',(0.,-1.));
#853 = ( GEOMETRIC_REPRESENTATION_CONTEXT(2) 
PARAMETRIC_REPRESENTATION_CONTEXT() REPRESENTATION_CONTEXT('2D SPACE',''
  ) );
#854 = PCURVE('',#362,#855);
#855 = DEFINITIONAL_REPRESENTATION('',(#856),#860);
#856 = LINE('',#857,#858);
#857 = CARTESIAN_POINT('',(0.,0.));
#858 = VECTOR('',#859,1.);
#859 = DIRECTION('',(0.,-1.));
#860 = ( GEOMETRIC_REPRESENTATION_CONTEXT(2) 
PARAMETRIC_REPRESENTATION_CONTEXT() REPRESENTATION_CONTEXT('2D SPACE',''
  ) );
#861 = ORIENTED_EDGE('',*,*,#318,.F.);
#862 = ADVANCED_FACE('',(#863),#362,.F.);
#863 = FACE_BOUND('',#864,.F.);
#864 = EDGE_LOOP('',(#865,#866,#867,#888));
#865 = ORIENTED_EDGE('',*,*,#841,.T.);
#866 = ORIENTED_EDGE('',*,*,#587,.T.);
#867 = ORIENTED_EDGE('',*,*,#868,.F.);
#868 = EDGE_CURVE('',#347,#588,#869,.T.);
#869 = SURFACE_CURVE('',#870,(#874,#881),.PCURVE_S1.);
#870 = LINE('',#871,#872);
#871 = CARTESIAN_POINT('',(-6.25,-10.8253175473,0.));
#872 = VECTOR('',#873,1.);
#873 = DIRECTION('',(0.,0.,1.));
#874 = PCURVE('',#362,#875);
#875 = DEFINITIONAL_REPRESENTATION('',(#876),#880);
#876 = LINE('',#877,#878);
#877 = CARTESIAN_POINT('',(8.114175157477,0.));
#878 = VECTOR('',#879,1.);
#879 = DIRECTION('',(0.,-1.));
#880 = ( GEOMETRIC_REPRESENTATION_CONTEXT(2) 
PARAMETRIC_REPRESENTATION_CONTEXT() REPRESENTATION_CONTEXT('2D SPACE',''
  ) );
#881 = PCURVE('',#390,#882);
#882 = DEFINITIONAL_REPRESENTATION('',(#883),#887);
#883 = LINE('',#884,#885);
#884 = CARTESIAN_POINT('',(0.,0.));
#885 = VECTOR('',#886,1.);
#886 = DIRECTION('',(0.,-1.));
#887 = ( GEOMETRIC_REPRESENTATION_CONTEXT(2) 
PARAMETRIC_REPRESENTATION_CONTEXT() REPRESENTATION_CONTEXT('2D SPACE',''
  ) );
#888 = ORIENTED_EDGE('',*,*,#346,.F.);
#889 = ADVANCED_FACE('',(#890),#390,.F.);
#890 = FACE_BOUND('',#891,.F.);
#891 = EDGE_LOOP('',(#892,#893,#894,#915));
#892 = ORIENTED_EDGE('',*,*,#868,.T.);
#893 = ORIENTED_EDGE('',*,*,#610,.T.);
#894 = ORIENTED_EDGE('',*,*,#895,.F.);
#895 = EDGE_CURVE('',#375,#611,#896,.T.);
#896 = SURFACE_CURVE('',#897,(#901,#908),.PCURVE_S1.);
#897 = LINE('',#898,#899);
#898 = CARTESIAN_POINT('',(-2.939152317954E-15,-16.,0.));
#899 = VECTOR('',#900,1.);
#900 = DIRECTION('',(0.,0.,1.));
#901 = PCURVE('',#390,#902);
#902 = DEFINITIONAL_REPRESENTATION('',(#903),#907);
#903 = LINE('',#904,#905);
#904 = CARTESIAN_POINT('',(8.114175157477,0.));
#905 = VECTOR('',#906,1.);
#906 = DIRECTION('',(0.,-1.));
#907 = ( GEOMETRIC_REPRESENTATION_CONTEXT(2) 
PARAMETRIC_REPRESENTATION_CONTEXT() REPRESENTATION_CONTEXT('2D SPACE',''
  ) );
#908 = PCURVE('',#418,#909);
#909 = DEFINITIONAL_REPRESENTATION('',(#910),#914);
#910 = LINE('',#911,#912);
#911 = CARTESIAN_POINT('',(0.,0.));
#912 = VECTOR('',#913,1.);
#913 = DIRECTION('',(0.,-1.));
#914 = ( GEOMETRIC_REPRESENTATION_CONTEXT(2) 
PARAMETRIC_REPRESENTATION_CONTEXT() REPRESENTATION_CONTEXT('2D SPACE',''
  ) );
#915 = ORIENTED_EDGE('',*,*,#374,.F.);
#916 = ADVANCED_FACE('',(#917),#418,.F.);
#917 = FACE_BOUND('',#918,.F.);
#918 = EDGE_LOOP('',(#919,#920,#921,#942));
#919 = ORIENTED_EDGE('',*,*,#895,.T.);
#920 = ORIENTED_EDGE('',*,*,#633,.T.);
#921 = ORIENTED_EDGE('',*,*,#922,.F.);
#922 = EDGE_CURVE('',#403,#634,#923,.T.);
#923 = SURFACE_CURVE('',#924,(#928,#935),.PCURVE_S1.);
#924 = LINE('',#925,#926);
#925 = CARTESIAN_POINT('',(6.25,-10.8253175473,0.));
#926 = VECTOR('',#927,1.);
#927 = DIRECTION('',(0.,0.,1.));
#928 = PCURVE('',#418,#929);
#929 = DEFINITIONAL_REPRESENTATION('',(#930),#934);
#930 = LINE('',#931,#932);
#931 = CARTESIAN_POINT('',(8.114175157477,0.));
#932 = VECTOR('',#933,1.);
#933 = DIRECTION('',(0.,-1.));
#934 = ( GEOMETRIC_REPRESENTATION_CONTEXT(2) 
PARAMETRIC_REPRESENTATION_CONTEXT() REPRESENTATION_CONTEXT('2D SPACE',''
  ) );
#935 = PCURVE('',#446,#936);
#936 = DEFINITIONAL_REPRESENTATION('',(#937),#941);
#937 = LINE('',#938,#939);
#938 = CARTESIAN_POINT('',(0.,0.));
#939 = VECTOR('',#940,1.);
#940 = DIRECTION('',(0.,-1.));
#941 = ( GEOMETRIC_REPRESENTATION_CONTEXT(2) 
PARAMETRIC_REPRESENTATION_CONTEXT() REPRESENTATION_CONTEXT('2D SPACE',''
  ) );
#942 = ORIENTED_EDGE('',*,*,#402,.F.);
#943 = ADVANCED_FACE('',(#944),#446,.F.);
#944 = FACE_BOUND('',#945,.F.);
#945 = EDGE_LOOP('',(#946,#947,#948,#969));
#946 = ORIENTED_EDGE('',*,*,#922,.T.);
#947 = ORIENTED_EDGE('',*,*,#656,.T.);
#948 = ORIENTED_EDGE('',*,*,#949,.F.);
#949 = EDGE_CURVE('',#431,#657,#950,.T.);
#950 = SURFACE_CURVE('',#951,(#955,#962),.PCURVE_S1.);
#951 = LINE('',#952,#953);
#952 = CARTESIAN_POINT('',(13.856406460551,-8.,0.));
#953 = VECTOR('',#954,1.);
#954 = DIRECTION('',(0.,0.,1.));
#955 = PCURVE('',#446,#956);
#956 = DEFINITIONAL_REPRESENTATION('',(#957),#961);
#957 = LINE('',#958,#959);
#958 = CARTESIAN_POINT('',(8.114175157477,0.));
#959 = VECTOR('',#960,1.);
#960 = DIRECTION('',(0.,-1.));
#961 = ( GEOMETRIC_REPRESENTATION_CONTEXT(2) 
PARAMETRIC_REPRESENTATION_CONTEXT() REPRESENTATION_CONTEXT('2D SPACE',''
  ) );
#962 = PCURVE('',#474,#963);
#963 = DEFINITIONAL_REPRESENTATION('',(#964),#968);
#964 = LINE('',#965,#966);
#965 = CARTESIAN_POINT('',(0.,0.));
#966 = VECTOR('',#967,1.);
#967 = DIRECTION('',(0.,-1.));
#968 = ( GEOMETRIC_REPRESENTATION_CONTEXT(2) 
PARAMETRIC_REPRESENTATION_CONTEXT() REPRESENTATION_CONTEXT('2D SPACE',''
  ) );
#969 = ORIENTED_EDGE('',*,*,#430,.F.);
#970 = ADVANCED_FACE('',(#971),#474,.F.);
#971 = FACE_BOUND('',#972,.F.);
#972 = EDGE_LOOP('',(#973,#974,#975,#996));
#973 = ORIENTED_EDGE('',*,*,#949,.T.);
#974 = ORIENTED_EDGE('',*,*,#679,.T.);
#975 = ORIENTED_EDGE('',*,*,#976,.F.);
#976 = EDGE_CURVE('',#459,#680,#977,.T.);
#977 = SURFACE_CURVE('',#978,(#982,#989),.PCURVE_S1.);
#978 = LINE('',#979,#980);
#979 = CARTESIAN_POINT('',(12.5,-3.061616997868E-15,0.));
#980 = VECTOR('',#981,1.);
#981 = DIRECTION('',(0.,0.,1.));
#982 = PCURVE('',#474,#983);
#983 = DEFINITIONAL_REPRESENTATION('',(#984),#988);
#984 = LINE('',#985,#986);
#985 = CARTESIAN_POINT('',(8.114175157477,0.));
#986 = VECTOR('',#987,1.);
#987 = DIRECTION('',(0.,-1.));
#988 = ( GEOMETRIC_REPRESENTATION_CONTEXT(2) 
PARAMETRIC_REPRESENTATION_CONTEXT() REPRESENTATION_CONTEXT('2D SPACE',''
  ) );
#989 = PCURVE('',#502,#990);
#990 = DEFINITIONAL_REPRESENTATION('',(#991),#995);
#991 = LINE('',#992,#993);
#992 = CARTESIAN_POINT('',(0.,0.));
#993 = VECTOR('',#994,1.);
#994 = DIRECTION('',(0.,-1.));
#995 = ( GEOMETRIC_REPRESENTATION_CONTEXT(2) 
PARAMETRIC_REPRESENTATION_CONTEXT() REPRESENTATION_CONTEXT('2D SPACE',''
  ) );
#996 = ORIENTED_EDGE('',*,*,#458,.F.);
#997 = ADVANCED_FACE('',(#998),#502,.F.);
#998 = FACE_BOUND('',#999,.F.);
#999 = EDGE_LOOP('',(#1000,#1001,#1002,#1003));
#1000 = ORIENTED_EDGE('',*,*,#976,.T.);
#1001 = ORIENTED_EDGE('',*,*,#702,.T.);
#1002 = ORIENTED_EDGE('',*,*,#785,.F.);
#1003 = ORIENTED_EDGE('',*,*,#486,.F.);
#1004 = ADVANCED_FACE('',(#1005),#770,.T.);
#1005 = FACE_BOUND('',#1006,.F.);
#1006 = EDGE_LOOP('',(#1007,#1008,#1031,#1058));
#1007 = ORIENTED_EDGE('',*,*,#749,.T.);
#1008 = ORIENTED_EDGE('',*,*,#1009,.T.);
#1009 = EDGE_CURVE('',#750,#1010,#1012,.T.);
#1010 = VERTEX_POINT('',#1011);
#1011 = CARTESIAN_POINT('',(11.5,0.,9.99));
#1012 = SEAM_CURVE('',#1013,(#1017,#1024),.PCURVE_S1.);
#1013 = LINE('',#1014,#1015);
#1014 = CARTESIAN_POINT('',(11.5,0.,7.99));
#1015 = VECTOR('',#1016,1.);
#1016 = DIRECTION('',(0.,0.,1.));
#1017 = PCURVE('',#770,#1018);
#1018 = DEFINITIONAL_REPRESENTATION('',(#1019),#1023);
#1019 = LINE('',#1020,#1021);
#1020 = CARTESIAN_POINT('',(-6.28318530718,0.));
#1021 = VECTOR('',#1022,1.);
#1022 = DIRECTION('',(-0.,-1.));
#1023 = ( GEOMETRIC_REPRESENTATION_CONTEXT(2) 
PARAMETRIC_REPRESENTATION_CONTEXT() REPRESENTATION_CONTEXT('2D SPACE',''
  ) );
#1024 = PCURVE('',#770,#1025);
#1025 = DEFINITIONAL_REPRESENTATION('',(#1026),#1030);
#1026 = LINE('',#1027,#1028);
#1027 = CARTESIAN_POINT('',(-0.,0.));
#1028 = VECTOR('',#1029,1.);
#1029 = DIRECTION('',(-0.,-1.));
#1030 = ( GEOMETRIC_REPRESENTATION_CONTEXT(2) 
PARAMETRIC_REPRESENTATION_CONTEXT() REPRESENTATION_CONTEXT('2D SPACE',''
  ) );
#1031 = ORIENTED_EDGE('',*,*,#1032,.T.);
#1032 = EDGE_CURVE('',#1010,#1010,#1033,.T.);
#1033 = SURFACE_CURVE('',#1034,(#1039,#1046),.PCURVE_S1.);
#1034 = CIRCLE('',#1035,11.5);
#1035 = AXIS2_PLACEMENT_3D('',#1036,#1037,#1038);
#1036 = CARTESIAN_POINT('',(0.,0.,9.99));
#1037 = DIRECTION('',(0.,0.,1.));
#1038 = DIRECTION('',(1.,0.,0.));
#1039 = PCURVE('',#770,#1040);
#1040 = DEFINITIONAL_REPRESENTATION('',(#1041),#1045);
#1041 = LINE('',#1042,#1043);
#1042 = CARTESIAN_POINT('',(-0.,-2.));
#1043 = VECTOR('',#1044,1.);
#1044 = DIRECTION('',(-1.,0.));
#1045 = ( GEOMETRIC_REPRESENTATION_CONTEXT(2) 
PARAMETRIC_REPRESENTATION_CONTEXT() REPRESENTATION_CONTEXT('2D SPACE',''
  ) );
#1046 = PCURVE('',#1047,#1052);
#1047 = PLANE('',#1048);
#1048 = AXIS2_PLACEMENT_3D('',#1049,#1050,#1051);
#1049 = CARTESIAN_POINT('',(-4.756313504485E-16,9.574461116723E-16,9.99)
  );
#1050 = DIRECTION('',(0.,0.,1.));
#1051 = DIRECTION('',(1.,0.,-0.));
#1052 = DEFINITIONAL_REPRESENTATION('',(#1053),#1057);
#1053 = CIRCLE('',#1054,11.5);
#1054 = AXIS2_PLACEMENT_2D('',#1055,#1056);
#1055 = CARTESIAN_POINT('',(4.756313504485E-16,-9.574461116723E-16));
#1056 = DIRECTION('',(1.,0.));
#1057 = ( GEOMETRIC_REPRESENTATION_CONTEXT(2) 
PARAMETRIC_REPRESENTATION_CONTEXT() REPRESENTATION_CONTEXT('2D SPACE',''
  ) );
#1058 = ORIENTED_EDGE('',*,*,#1009,.F.);
#1059 = ADVANCED_FACE('',(#1060,#1063),#1047,.T.);
#1060 = FACE_BOUND('',#1061,.T.);
#1061 = EDGE_LOOP('',(#1062));
#1062 = ORIENTED_EDGE('',*,*,#1032,.T.);
#1063 = FACE_BOUND('',#1064,.T.);
#1064 = EDGE_LOOP('',(#1065));
#1065 = ORIENTED_EDGE('',*,*,#1066,.T.);
#1066 = EDGE_CURVE('',#1067,#1067,#1069,.T.);
#1067 = VERTEX_POINT('',#1068);
#1068 = CARTESIAN_POINT('',(5.85,0.,9.99));
#1069 = SURFACE_CURVE('',#1070,(#1075,#1086),.PCURVE_S1.);
#1070 = CIRCLE('',#1071,5.85);
#1071 = AXIS2_PLACEMENT_3D('',#1072,#1073,#1074);
#1072 = CARTESIAN_POINT('',(0.,0.,9.99));
#1073 = DIRECTION('',(0.,0.,-1.));
#1074 = DIRECTION('',(1.,0.,0.));
#1075 = PCURVE('',#1047,#1076);
#1076 = DEFINITIONAL_REPRESENTATION('',(#1077),#1085);
#1077 = ( BOUNDED_CURVE() B_SPLINE_CURVE(2,(#1078,#1079,#1080,#1081,
#1082,#1083,#1084),.UNSPECIFIED.,.T.,.F.) B_SPLINE_CURVE_WITH_KNOTS((1,2
    ,2,2,2,1),(-2.094395102393,0.,2.094395102393,4.188790204786,
6.28318530718,8.377580409573),.UNSPECIFIED.) CURVE() 
GEOMETRIC_REPRESENTATION_ITEM() RATIONAL_B_SPLINE_CURVE((1.,0.5,1.,0.5,
1.,0.5,1.)) REPRESENTATION_ITEM('') );
#1078 = CARTESIAN_POINT('',(5.85,-9.574461116723E-16));
#1079 = CARTESIAN_POINT('',(5.85,-10.13249722427));
#1080 = CARTESIAN_POINT('',(-2.925,-5.066248612139));
#1081 = CARTESIAN_POINT('',(-11.7,-2.390282866675E-15));
#1082 = CARTESIAN_POINT('',(-2.925,5.066248612139));
#1083 = CARTESIAN_POINT('',(5.85,10.132497224278));
#1084 = CARTESIAN_POINT('',(5.85,-9.574461116723E-16));
#1085 = ( GEOMETRIC_REPRESENTATION_CONTEXT(2) 
PARAMETRIC_REPRESENTATION_CONTEXT() REPRESENTATION_CONTEXT('2D SPACE',''
  ) );
#1086 = PCURVE('',#1087,#1092);
#1087 = CYLINDRICAL_SURFACE('',#1088,5.85);
#1088 = AXIS2_PLACEMENT_3D('',#1089,#1090,#1091);
#1089 = CARTESIAN_POINT('',(0.,0.,8.));
#1090 = DIRECTION('',(-0.,-0.,-1.));
#1091 = DIRECTION('',(1.,0.,0.));
#1092 = DEFINITIONAL_REPRESENTATION('',(#1093),#1097);
#1093 = LINE('',#1094,#1095);
#1094 = CARTESIAN_POINT('',(-6.28318530718,-1.99));
#1095 = VECTOR('',#1096,1.);
#1096 = DIRECTION('',(1.,-0.));
#1097 = ( GEOMETRIC_REPRESENTATION_CONTEXT(2) 
PARAMETRIC_REPRESENTATION_CONTEXT() REPRESENTATION_CONTEXT('2D SPACE',''
  ) );
#1098 = ADVANCED_FACE('',(#1099),#1087,.T.);
#1099 = FACE_BOUND('',#1100,.F.);
#1100 = EDGE_LOOP('',(#1101,#1124,#1125,#1126,#1244,#1273));
#1101 = ORIENTED_EDGE('',*,*,#1102,.F.);
#1102 = EDGE_CURVE('',#1067,#1103,#1105,.T.);
#1103 = VERTEX_POINT('',#1104);
#1104 = CARTESIAN_POINT('',(5.85,-1.055607797833E-16,41.6));
#1105 = SEAM_CURVE('',#1106,(#1110,#1117),.PCURVE_S1.);
#1106 = LINE('',#1107,#1108);
#1107 = CARTESIAN_POINT('',(5.85,0.,8.));
#1108 = VECTOR('',#1109,1.);
#1109 = DIRECTION('',(0.,0.,1.));
#1110 = PCURVE('',#1087,#1111);
#1111 = DEFINITIONAL_REPRESENTATION('',(#1112),#1116);
#1112 = LINE('',#1113,#1114);
#1113 = CARTESIAN_POINT('',(-6.28318530718,0.));
#1114 = VECTOR('',#1115,1.);
#1115 = DIRECTION('',(-0.,-1.));
#1116 = ( GEOMETRIC_REPRESENTATION_CONTEXT(2) 
PARAMETRIC_REPRESENTATION_CONTEXT() REPRESENTATION_CONTEXT('2D SPACE',''
  ) );
#1117 = PCURVE('',#1087,#1118);
#1118 = DEFINITIONAL_REPRESENTATION('',(#1119),#1123);
#1119 = LINE('',#1120,#1121);
#1120 = CARTESIAN_POINT('',(-0.,0.));
#1121 = VECTOR('',#1122,1.);
#1122 = DIRECTION('',(-0.,-1.));
#1123 = ( GEOMETRIC_REPRESENTATION_CONTEXT(2) 
PARAMETRIC_REPRESENTATION_CONTEXT() REPRESENTATION_CONTEXT('2D SPACE',''
  ) );
#1124 = ORIENTED_EDGE('',*,*,#1066,.T.);
#1125 = ORIENTED_EDGE('',*,*,#1102,.T.);
#1126 = ORIENTED_EDGE('',*,*,#1127,.T.);
#1127 = EDGE_CURVE('',#1103,#1128,#1130,.T.);
#1128 = VERTEX_POINT('',#1129);
#1129 = CARTESIAN_POINT('',(3.9147519297,4.347092974496,42.));
#1130 = SURFACE_CURVE('',#1131,(#1141,#1154),.PCURVE_S1.);
#1131 = B_SPLINE_CURVE_WITH_KNOTS('',8,(#1132,#1133,#1134,#1135,#1136,
    #1137,#1138,#1139,#1140),.UNSPECIFIED.,.F.,.F.,(9,9),(0.,1.),
  .PIECEWISE_BEZIER_KNOTS.);
#1132 = CARTESIAN_POINT('',(5.85,-9.474911116156E-15,41.6));
#1133 = CARTESIAN_POINT('',(5.85,0.612379435372,41.649981131665));
#1134 = CARTESIAN_POINT('',(5.776738129976,1.225240105484,
    41.699978793724));
#1135 = CARTESIAN_POINT('',(5.630014110168,1.827603201451,
    41.749938673787));
#1136 = CARTESIAN_POINT('',(5.411837101059,2.409273643119,
    41.799917270343));
#1137 = CARTESIAN_POINT('',(5.125599928361,2.960640475729,
    41.849921338491));
#1138 = CARTESIAN_POINT('',(4.776177845991,3.472753971706,41.89995142514
    ));
#1139 = CARTESIAN_POINT('',(4.369796974689,3.937305565194,
    41.950000325245));
#1140 = CARTESIAN_POINT('',(3.914746469127,4.34709789198,42.0000006));
#1141 = PCURVE('',#1087,#1142);
#1142 = DEFINITIONAL_REPRESENTATION('',(#1143),#1153);
#1143 = B_SPLINE_CURVE_WITH_KNOTS('',8,(#1144,#1145,#1146,#1147,#1148,
    #1149,#1150,#1151,#1152),.UNSPECIFIED.,.F.,.F.,(9,9),(0.,1.),
  .PIECEWISE_BEZIER_KNOTS.);
#1144 = CARTESIAN_POINT('',(0.,-33.6));
#1145 = CARTESIAN_POINT('',(-0.104680245363,-33.64998113166));
#1146 = CARTESIAN_POINT('',(-0.209442634307,-33.69997879372));
#1147 = CARTESIAN_POINT('',(-0.314159332387,-33.74993867378));
#1148 = CARTESIAN_POINT('',(-0.418843280362,-33.79991727034));
#1149 = CARTESIAN_POINT('',(-0.523526709144,-33.84992133849));
#1150 = CARTESIAN_POINT('',(-0.628241666147,-33.89995142514));
#1151 = CARTESIAN_POINT('',(-0.733002425289,-33.95000032524));
#1152 = CARTESIAN_POINT('',(-0.837681573739,-34.0000006));
#1153 = ( GEOMETRIC_REPRESENTATION_CONTEXT(2) 
PARAMETRIC_REPRESENTATION_CONTEXT() REPRESENTATION_CONTEXT('2D SPACE',''
  ) );
#1154 = PCURVE('',#1155,#1232);
#1155 = B_SPLINE_SURFACE_WITH_KNOTS('',1,10,(
    (#1156,#1157,#1158,#1159,#1160,#1161,#1162,#1163,#1164,#1165,#1166
      ,#1167,#1168,#1169,#1170,#1171,#1172,#1173,#1174,#1175,#1176,#1177
      ,#1178,#1179,#1180,#1181,#1182,#1183,#1184,#1185,#1186,#1187,#1188
      ,#1189,#1190,#1191,#1192,#1193)
    ,(#1194,#1195,#1196,#1197,#1198,#1199,#1200,#1201,#1202,#1203,#1204
      ,#1205,#1206,#1207,#1208,#1209,#1210,#1211,#1212,#1213,#1214,#1215
      ,#1216,#1217,#1218,#1219,#1220,#1221,#1222,#1223,#1224,#1225,#1226
      ,#1227,#1228,#1229,#1230,#1231
    )),.UNSPECIFIED.,.F.,.F.,.F.,(2,2),(11,9,9,9,11),(0.,1.131370849898)
  ,(0.,6.962644440466,13.925288880933,20.887933321399,27.850577761866),
  .UNSPECIFIED.);
#1156 = CARTESIAN_POINT('',(5.2,-8.631797642742E-15,40.95));
#1157 = CARTESIAN_POINT('',(5.1999996736,3.267254927378,41.250000124359)
  );
#1158 = CARTESIAN_POINT('',(2.919515879932,6.537145900558,41.54999977783
    ));
#1159 = CARTESIAN_POINT('',(-1.646776599995,7.994425149887,
    41.85000041494));
#1160 = CARTESIAN_POINT('',(-6.86112514114,5.952845535699,
    42.149999680209));
#1161 = CARTESIAN_POINT('',(-9.623219945552,-4.361203094488E-06,
    42.450000104875));
#1162 = CARTESIAN_POINT('',(-6.861127459933,-5.952838738407,
    42.750000223458));
#1163 = CARTESIAN_POINT('',(-1.646774076013,-7.994428206297,
    43.04999975802));
#1164 = CARTESIAN_POINT('',(2.919514540056,-6.537145258435,
    43.350000188027));
#1165 = CARTESIAN_POINT('',(5.200000053534,-3.267254936179,
    43.649999978886));
#1166 = CARTESIAN_POINT('',(5.199999807428,3.267254931702,
    44.250000073732));
#1167 = CARTESIAN_POINT('',(2.919515675711,6.537145893881,44.54999985505
    ));
#1168 = CARTESIAN_POINT('',(-1.64677634715,7.994425158317,
    44.850000319382));
#1169 = CARTESIAN_POINT('',(-6.861125397445,5.952845526966,
    45.149999777049));
#1170 = CARTESIAN_POINT('',(-9.623219733308,-4.353853402759E-06,
    45.450000024669));
#1171 = CARTESIAN_POINT('',(-6.861127601301,-5.95283874332,
    45.750000276913));
#1172 = CARTESIAN_POINT('',(-1.6467740031,-7.994428203796,
    46.049999730425));
#1173 = CARTESIAN_POINT('',(2.91951451355,-6.537145259318,
    46.350000198064));
#1174 = CARTESIAN_POINT('',(5.200000058242,-3.267254936029,
    46.649999977106));
#1175 = CARTESIAN_POINT('',(5.199999805147,3.267254931625,
    47.250000074583));
#1176 = CARTESIAN_POINT('',(2.919515679217,6.537145894079,
    47.549999853785));
#1177 = CARTESIAN_POINT('',(-1.64677635189,7.994425157875,
    47.850000321051));
#1178 = CARTESIAN_POINT('',(-6.861125391506,5.952845527688,
    48.149999774942));
#1179 = CARTESIAN_POINT('',(-9.623219740176,-4.354693258525E-06,
    48.450000027193));
#1180 = CARTESIAN_POINT('',(-6.861127594312,-5.952838742618,
    48.750000274255));
#1181 = CARTESIAN_POINT('',(-1.646774009073,-7.994428204223,
    49.049999732742));
#1182 = CARTESIAN_POINT('',(2.919514517745,-6.53714525912,
    49.350000196433));
#1183 = CARTESIAN_POINT('',(5.200000055832,-3.26725493611,
    49.649999978036));
#1184 = CARTESIAN_POINT('',(5.199999809811,3.267254931776,
    50.250000072794));
#1185 = CARTESIAN_POINT('',(2.919515653214,6.537145893237,
    50.549999863747));
#1186 = CARTESIAN_POINT('',(-1.646776280226,7.994425160203,
    50.850000293592));
#1187 = CARTESIAN_POINT('',(-6.86112553092,5.952845523142,
    51.149999828372));
#1188 = CARTESIAN_POINT('',(-9.623219530286,-4.347833384796E-06,
    51.44999994673));
#1189 = CARTESIAN_POINT('',(-6.861127848112,-5.952838750922,
    51.750000371571));
#1190 = CARTESIAN_POINT('',(-1.646773758733,-7.994428196031,
    52.049999636739));
#1191 = CARTESIAN_POINT('',(2.919514315775,-6.537145265727,
    52.350000273892));
#1192 = CARTESIAN_POINT('',(5.200000187992,-3.267254931788,
    52.649999927348));
#1193 = CARTESIAN_POINT('',(5.199999864255,-4.408790215815E-09,
    52.950000051712));
#1194 = CARTESIAN_POINT('',(6.,1.732111382705E-15,41.75));
#1195 = CARTESIAN_POINT('',(5.999999922228,3.769912563863,
    42.049999875639));
#1196 = CARTESIAN_POINT('',(3.36867197712,7.542849037758,42.350000222179
    ));
#1197 = CARTESIAN_POINT('',(-1.900128049832,9.224358737163,
    42.649999585031));
#1198 = CARTESIAN_POINT('',(-7.916678518832,6.868646975591,
    42.950000319849));
#1199 = CARTESIAN_POINT('',(-11.10372258542,-1.035084250905E-06,
    43.249999895044));
#1200 = CARTESIAN_POINT('',(-7.916679063735,-6.86864538003,
    43.549999776623));
#1201 = CARTESIAN_POINT('',(-1.900127441964,-9.224359453802,
    43.85000024192));
#1202 = CARTESIAN_POINT('',(3.368671666416,-7.542848890873,
    44.149999812007));
#1203 = CARTESIAN_POINT('',(6.000000015066,-3.769912555059,
    44.450000021099));
#1204 = CARTESIAN_POINT('',(5.999999952982,3.769912559547,
    45.049999926294));
#1205 = CARTESIAN_POINT('',(3.368671930187,7.542849044324,
    45.350000144828));
#1206 = CARTESIAN_POINT('',(-1.90012799172,9.224358729073,
    45.649999680868));
#1207 = CARTESIAN_POINT('',(-7.91667857775,6.86864698375,45.950000222655
    ));
#1208 = CARTESIAN_POINT('',(-11.10372253662,-1.041817791746E-06,
    46.249999975524));
#1209 = CARTESIAN_POINT('',(-7.916679096246,-6.868645375544,
    46.549999723056));
#1210 = CARTESIAN_POINT('',(-1.900127425194,-9.224359456126,
    46.850000269519));
#1211 = CARTESIAN_POINT('',(3.368671660318,-7.54284889002,
    47.149999801981));
#1212 = CARTESIAN_POINT('',(6.000000016148,-3.769912555212,
    47.450000022884));
#1213 = CARTESIAN_POINT('',(5.999999952457,3.76991255962,48.049999925417
    ));
#1214 = CARTESIAN_POINT('',(3.368671931,7.542849044231,48.350000146237)
  );
#1215 = CARTESIAN_POINT('',(-1.900127992834,9.224358729157,
    48.649999678892));
#1216 = CARTESIAN_POINT('',(-7.91667857633,6.86864698368,48.950000225137
    ));
#1217 = CARTESIAN_POINT('',(-11.10372253829,-1.041734149695E-06,
    49.249999972744));
#1218 = CARTESIAN_POINT('',(-7.916679094539,-6.868645375668,
    49.549999725772));
#1219 = CARTESIAN_POINT('',(-1.900127426657,-9.22435945598,
    49.850000267258));
#1220 = CARTESIAN_POINT('',(3.368671661348,-7.542848890146,
    50.149999803561));
#1221 = CARTESIAN_POINT('',(6.000000015555,-3.769912555133,
    50.450000021966));
#1222 = CARTESIAN_POINT('',(5.999999953606,3.769912559467,
    51.049999927205));
#1223 = CARTESIAN_POINT('',(3.368671924592,7.542849045083,
    51.350000136255));
#1224 = CARTESIAN_POINT('',(-1.900127975173,9.224358726811,
    51.649999706406));
#1225 = CARTESIAN_POINT('',(-7.916678610689,6.868646988242,
    51.950000171621));
#1226 = CARTESIAN_POINT('',(-11.10372248656,-1.04860086366E-06,
    52.250000053294));
#1227 = CARTESIAN_POINT('',(-7.916679157094,-6.868645367366,
    52.549999628393));
#1228 = CARTESIAN_POINT('',(-1.900127364953,-9.224359464168,
    52.850000363293));
#1229 = CARTESIAN_POINT('',(3.368671611565,-7.542848883541,
    53.14999972609));
#1230 = CARTESIAN_POINT('',(6.000000048132,-3.769912559455,
    53.450000072657));
#1231 = CARTESIAN_POINT('',(5.99999996768,4.40908846115E-09,
    53.749999948288));
#1232 = DEFINITIONAL_REPRESENTATION('',(#1233),#1243);
#1233 = B_SPLINE_CURVE_WITH_KNOTS('',8,(#1234,#1235,#1236,#1237,#1238,
    #1239,#1240,#1241,#1242),.UNSPECIFIED.,.F.,.F.,(9,9),(0.,1.),
  .PIECEWISE_BEZIER_KNOTS.);
#1234 = CARTESIAN_POINT('',(0.919238815543,0.));
#1235 = CARTESIAN_POINT('',(0.91923884485,0.116000264796));
#1236 = CARTESIAN_POINT('',(0.919216505922,0.232075583951));
#1237 = CARTESIAN_POINT('',(0.919164885793,0.34811126042));
#1238 = CARTESIAN_POINT('',(0.919155698485,0.464120735413));
#1239 = CARTESIAN_POINT('',(0.919181456519,0.580131977048));
#1240 = CARTESIAN_POINT('',(0.919223284103,0.696177233038));
#1241 = CARTESIAN_POINT('',(0.919262241632,0.812270863639));
#1242 = CARTESIAN_POINT('',(0.919288834894,0.92827193239));
#1243 = ( GEOMETRIC_REPRESENTATION_CONTEXT(2) 
PARAMETRIC_REPRESENTATION_CONTEXT() REPRESENTATION_CONTEXT('2D SPACE',''
  ) );
#1244 = ORIENTED_EDGE('',*,*,#1245,.T.);
#1245 = EDGE_CURVE('',#1128,#1246,#1248,.T.);
#1246 = VERTEX_POINT('',#1247);
#1247 = CARTESIAN_POINT('',(5.85,0.,42.));
#1248 = SURFACE_CURVE('',#1249,(#1254,#1261),.PCURVE_S1.);
#1249 = CIRCLE('',#1250,5.85);
#1250 = AXIS2_PLACEMENT_3D('',#1251,#1252,#1253);
#1251 = CARTESIAN_POINT('',(0.,0.,42.));
#1252 = DIRECTION('',(0.,0.,1.));
#1253 = DIRECTION('',(1.,0.,0.));
#1254 = PCURVE('',#1087,#1255);
#1255 = DEFINITIONAL_REPRESENTATION('',(#1256),#1260);
#1256 = LINE('',#1257,#1258);
#1257 = CARTESIAN_POINT('',(-0.,-34.));
#1258 = VECTOR('',#1259,1.);
#1259 = DIRECTION('',(-1.,0.));
#1260 = ( GEOMETRIC_REPRESENTATION_CONTEXT(2) 
PARAMETRIC_REPRESENTATION_CONTEXT() REPRESENTATION_CONTEXT('2D SPACE',''
  ) );
#1261 = PCURVE('',#1262,#1267);
#1262 = PLANE('',#1263);
#1263 = AXIS2_PLACEMENT_3D('',#1264,#1265,#1266);
#1264 = CARTESIAN_POINT('',(-4.675009000135E-16,2.286947741797E-16,42.)
  );
#1265 = DIRECTION('',(0.,0.,1.));
#1266 = DIRECTION('',(1.,0.,-0.));
#1267 = DEFINITIONAL_REPRESENTATION('',(#1268),#1272);
#1268 = CIRCLE('',#1269,5.85);
#1269 = AXIS2_PLACEMENT_2D('',#1270,#1271);
#1270 = CARTESIAN_POINT('',(4.675009000135E-16,-2.286947741797E-16));
#1271 = DIRECTION('',(1.,0.));
#1272 = ( GEOMETRIC_REPRESENTATION_CONTEXT(2) 
PARAMETRIC_REPRESENTATION_CONTEXT() REPRESENTATION_CONTEXT('2D SPACE',''
  ) );
#1273 = ORIENTED_EDGE('',*,*,#1274,.F.);
#1274 = EDGE_CURVE('',#1103,#1246,#1275,.T.);
#1275 = SURFACE_CURVE('',#1276,(#1280,#1287),.PCURVE_S1.);
#1276 = LINE('',#1277,#1278);
#1277 = CARTESIAN_POINT('',(5.85,0.,8.));
#1278 = VECTOR('',#1279,1.);
#1279 = DIRECTION('',(0.,0.,1.));
#1280 = PCURVE('',#1087,#1281);
#1281 = DEFINITIONAL_REPRESENTATION('',(#1282),#1286);
#1282 = LINE('',#1283,#1284);
#1283 = CARTESIAN_POINT('',(-6.28318530718,0.));
#1284 = VECTOR('',#1285,1.);
#1285 = DIRECTION('',(-0.,-1.));
#1286 = ( GEOMETRIC_REPRESENTATION_CONTEXT(2) 
PARAMETRIC_REPRESENTATION_CONTEXT() REPRESENTATION_CONTEXT('2D SPACE',''
  ) );
#1287 = PCURVE('',#1288,#1293);
#1288 = PLANE('',#1289);
#1289 = AXIS2_PLACEMENT_3D('',#1290,#1291,#1292);
#1290 = CARTESIAN_POINT('',(5.468387004799,-2.00635724545E-15,42.));
#1291 = DIRECTION('',(-5.089607854707E-16,-1.,1.770923208933E-15));
#1292 = DIRECTION('',(0.,-1.770923208933E-15,-1.));
#1293 = DEFINITIONAL_REPRESENTATION('',(#1294),#1298);
#1294 = LINE('',#1295,#1296);
#1295 = CARTESIAN_POINT('',(34.,0.381612995201));
#1296 = VECTOR('',#1297,1.);
#1297 = DIRECTION('',(-1.,9.01330467427E-31));
#1298 = ( GEOMETRIC_REPRESENTATION_CONTEXT(2) 
PARAMETRIC_REPRESENTATION_CONTEXT() REPRESENTATION_CONTEXT('2D SPACE',''
  ) );
#1299 = ADVANCED_FACE('',(#1300),#1288,.T.);
#1300 = FACE_BOUND('',#1301,.T.);
#1301 = EDGE_LOOP('',(#1302,#1303,#1324,#1422,#1520,#1548));
#1302 = ORIENTED_EDGE('',*,*,#1274,.F.);
#1303 = ORIENTED_EDGE('',*,*,#1304,.T.);
#1304 = EDGE_CURVE('',#1103,#1305,#1307,.T.);
#1305 = VERTEX_POINT('',#1306);
#1306 = CARTESIAN_POINT('',(6.,-2.305817883755E-15,41.75));
#1307 = SURFACE_CURVE('',#1308,(#1311,#1317),.PCURVE_S1.);
#1308 = B_SPLINE_CURVE_WITH_KNOTS('',1,(#1309,#1310),.UNSPECIFIED.,.F.,
  .F.,(2,2),(0.,1.131370849898),.PIECEWISE_BEZIER_KNOTS.);
#1309 = CARTESIAN_POINT('',(5.2,-8.631797642742E-15,40.95));
#1310 = CARTESIAN_POINT('',(6.,1.732111382705E-15,41.75));
#1311 = PCURVE('',#1288,#1312);
#1312 = DEFINITIONAL_REPRESENTATION('',(#1313),#1316);
#1313 = B_SPLINE_CURVE_WITH_KNOTS('',1,(#1314,#1315),.UNSPECIFIED.,.F.,
  .F.,(2,2),(0.,1.131370849898),.PIECEWISE_BEZIER_KNOTS.);
#1314 = CARTESIAN_POINT('',(1.05,-0.268387004799));
#1315 = CARTESIAN_POINT('',(0.25,0.531612995201));
#1316 = ( GEOMETRIC_REPRESENTATION_CONTEXT(2) 
PARAMETRIC_REPRESENTATION_CONTEXT() REPRESENTATION_CONTEXT('2D SPACE',''
  ) );
#1317 = PCURVE('',#1155,#1318);
#1318 = DEFINITIONAL_REPRESENTATION('',(#1319),#1323);
#1319 = LINE('',#1320,#1321);
#1320 = CARTESIAN_POINT('',(0.,0.));
#1321 = VECTOR('',#1322,1.);
#1322 = DIRECTION('',(1.,0.));
#1323 = ( GEOMETRIC_REPRESENTATION_CONTEXT(2) 
PARAMETRIC_REPRESENTATION_CONTEXT() REPRESENTATION_CONTEXT('2D SPACE',''
  ) );
#1324 = ORIENTED_EDGE('',*,*,#1325,.T.);
#1325 = EDGE_CURVE('',#1305,#1326,#1328,.T.);
#1326 = VERTEX_POINT('',#1327);
#1327 = CARTESIAN_POINT('',(6.,-3.861762548002E-15,42.25));
#1328 = SURFACE_CURVE('',#1329,(#1332,#1338),.PCURVE_S1.);
#1329 = B_SPLINE_CURVE_WITH_KNOTS('',1,(#1330,#1331),.UNSPECIFIED.,.F.,
  .F.,(2,2),(0.,0.5),.PIECEWISE_BEZIER_KNOTS.);
#1330 = CARTESIAN_POINT('',(6.,-2.305817883755E-15,41.75));
#1331 = CARTESIAN_POINT('',(6.,-7.73338365447E-15,42.25));
#1332 = PCURVE('',#1288,#1333);
#1333 = DEFINITIONAL_REPRESENTATION('',(#1334),#1337);
#1334 = B_SPLINE_CURVE_WITH_KNOTS('',1,(#1335,#1336),.UNSPECIFIED.,.F.,
  .F.,(2,2),(0.,0.5),.PIECEWISE_BEZIER_KNOTS.);
#1335 = CARTESIAN_POINT('',(0.25,0.531612995201));
#1336 = CARTESIAN_POINT('',(-0.25,0.531612995201));
#1337 = ( GEOMETRIC_REPRESENTATION_CONTEXT(2) 
PARAMETRIC_REPRESENTATION_CONTEXT() REPRESENTATION_CONTEXT('2D SPACE',''
  ) );
#1338 = PCURVE('',#1339,#1416);
#1339 = B_SPLINE_SURFACE_WITH_KNOTS('',1,10,(
    (#1340,#1341,#1342,#1343,#1344,#1345,#1346,#1347,#1348,#1349,#1350
      ,#1351,#1352,#1353,#1354,#1355,#1356,#1357,#1358,#1359,#1360,#1361
      ,#1362,#1363,#1364,#1365,#1366,#1367,#1368,#1369,#1370,#1371,#1372
      ,#1373,#1374,#1375,#1376,#1377)
    ,(#1378,#1379,#1380,#1381,#1382,#1383,#1384,#1385,#1386,#1387,#1388
      ,#1389,#1390,#1391,#1392,#1393,#1394,#1395,#1396,#1397,#1398,#1399
      ,#1400,#1401,#1402,#1403,#1404,#1405,#1406,#1407,#1408,#1409,#1410
      ,#1411,#1412,#1413,#1414,#1415
    )),.UNSPECIFIED.,.F.,.F.,.F.,(2,2),(11,9,9,9,11),(0.,0.5),(0.,
    6.962644440466,13.925288880933,20.887933321399,27.850577761866),
  .UNSPECIFIED.);
#1340 = CARTESIAN_POINT('',(6.,-2.305817883755E-15,41.75));
#1341 = CARTESIAN_POINT('',(5.999999922228,3.769912563863,
    42.049999875639));
#1342 = CARTESIAN_POINT('',(3.368671977119,7.542849037758,
    42.350000222179));
#1343 = CARTESIAN_POINT('',(-1.900128049832,9.224358737163,
    42.649999585032));
#1344 = CARTESIAN_POINT('',(-7.916678518833,6.86864697559,
    42.950000319849));
#1345 = CARTESIAN_POINT('',(-11.10372258542,-1.03508387097E-06,
    43.249999895044));
#1346 = CARTESIAN_POINT('',(-7.916679063736,-6.868645380031,
    43.549999776622));
#1347 = CARTESIAN_POINT('',(-1.900127441964,-9.224359453801,
    43.850000241921));
#1348 = CARTESIAN_POINT('',(3.368671666415,-7.542848890873,
    44.149999812007));
#1349 = CARTESIAN_POINT('',(6.000000015066,-3.769912555059,
    44.450000021099));
#1350 = CARTESIAN_POINT('',(5.999999952982,3.769912559547,
    45.049999926294));
#1351 = CARTESIAN_POINT('',(3.368671930187,7.542849044324,
    45.350000144829));
#1352 = CARTESIAN_POINT('',(-1.900127991719,9.224358729072,
    45.649999680867));
#1353 = CARTESIAN_POINT('',(-7.916678577751,6.868646983751,
    45.950000222656));
#1354 = CARTESIAN_POINT('',(-11.10372253662,-1.041818756145E-06,
    46.249999975523));
#1355 = CARTESIAN_POINT('',(-7.916679096247,-6.868645375544,
    46.549999723056));
#1356 = CARTESIAN_POINT('',(-1.900127425193,-9.224359456127,
    46.850000269519));
#1357 = CARTESIAN_POINT('',(3.368671660318,-7.54284889002,
    47.149999801981));
#1358 = CARTESIAN_POINT('',(6.000000016148,-3.769912555212,
    47.450000022884));
#1359 = CARTESIAN_POINT('',(5.999999952457,3.76991255962,48.049999925417
    ));
#1360 = CARTESIAN_POINT('',(3.368671931,7.542849044231,48.350000146237)
  );
#1361 = CARTESIAN_POINT('',(-1.900127992834,9.224358729157,
    48.649999678892));
#1362 = CARTESIAN_POINT('',(-7.91667857633,6.868646983682,
    48.950000225138));
#1363 = CARTESIAN_POINT('',(-11.10372253829,-1.041735715933E-06,
    49.249999972743));
#1364 = CARTESIAN_POINT('',(-7.916679094539,-6.868645375667,
    49.549999725772));
#1365 = CARTESIAN_POINT('',(-1.900127426657,-9.224359455981,
    49.850000267258));
#1366 = CARTESIAN_POINT('',(3.368671661348,-7.542848890146,
    50.149999803562));
#1367 = CARTESIAN_POINT('',(6.000000015556,-3.769912555133,
    50.450000021966));
#1368 = CARTESIAN_POINT('',(5.999999953606,3.769912559467,
    51.049999927205));
#1369 = CARTESIAN_POINT('',(3.368671924592,7.542849045083,
    51.350000136254));
#1370 = CARTESIAN_POINT('',(-1.900127975174,9.224358726811,
    51.649999706409));
#1371 = CARTESIAN_POINT('',(-7.916678610688,6.868646988243,
    51.950000171616));
#1372 = CARTESIAN_POINT('',(-11.10372248656,-1.048601551451E-06,
    52.250000053301));
#1373 = CARTESIAN_POINT('',(-7.916679157093,-6.868645367366,
    52.549999628387));
#1374 = CARTESIAN_POINT('',(-1.900127364954,-9.224359464168,
    52.850000363298));
#1375 = CARTESIAN_POINT('',(3.368671611565,-7.542848883541,
    53.149999726088));
#1376 = CARTESIAN_POINT('',(6.000000048132,-3.769912559455,
    53.450000072657));
#1377 = CARTESIAN_POINT('',(5.99999996768,4.409091737864E-09,
    53.749999948288));
#1378 = CARTESIAN_POINT('',(6.,-7.73338365447E-15,42.25));
#1379 = CARTESIAN_POINT('',(6.000000077679,3.76991258417,42.549999875639
    ));
#1380 = CARTESIAN_POINT('',(3.368671624174,7.54284892665,42.850000222178
    ));
#1381 = CARTESIAN_POINT('',(-1.900127381981,9.224359512449,
    43.149999585035));
#1382 = CARTESIAN_POINT('',(-7.916679204757,6.868645398569,
    43.450000319843));
#1383 = CARTESIAN_POINT('',(-11.10372254641,1.040409967789E-06,
    43.749999895052));
#1384 = CARTESIAN_POINT('',(-7.916678648238,-6.868647031027,
    44.049999776616));
#1385 = CARTESIAN_POINT('',(-1.900127978671,-9.224358777916,
    44.350000241925));
#1386 = CARTESIAN_POINT('',(3.368671948308,-7.542849083228,
    44.649999812005));
#1387 = CARTESIAN_POINT('',(5.999999988681,-3.769912575368,44.9500000211
    ));
#1388 = CARTESIAN_POINT('',(6.000000045132,3.769912579853,
    45.549999926293));
#1389 = CARTESIAN_POINT('',(3.368671673841,7.542848933253,
    45.850000144831));
#1390 = CARTESIAN_POINT('',(-1.900127443473,9.224359504238,
    46.149999680863));
#1391 = CARTESIAN_POINT('',(-7.916679142429,6.868645406938,
    46.450000222662));
#1392 = CARTESIAN_POINT('',(-11.10372259802,1.033445104013E-06,
    46.749999975518));
#1393 = CARTESIAN_POINT('',(-7.916678613869,-6.868647026375,
    47.04999972306));
#1394 = CARTESIAN_POINT('',(-1.900127996395,-9.224358780314,
    47.350000269518));
#1395 = CARTESIAN_POINT('',(3.368671954751,-7.542849082361,
    47.649999801981));
#1396 = CARTESIAN_POINT('',(5.999999987537,-3.76991257552,
    47.950000022884));
#1397 = CARTESIAN_POINT('',(6.000000045687,3.769912579927,
    48.549999925417));
#1398 = CARTESIAN_POINT('',(3.36867167299,7.542848933124,48.850000146238
    ));
#1399 = CARTESIAN_POINT('',(-1.900127442327,9.224359504452,
    49.149999678891));
#1400 = CARTESIAN_POINT('',(-7.91667914385,6.868645406627,49.45000022514
    ));
#1401 = CARTESIAN_POINT('',(-11.10372259639,1.033814376736E-06,
    49.749999972741));
#1402 = CARTESIAN_POINT('',(-7.916678615513,-6.868647026722,
    50.049999725774));
#1403 = CARTESIAN_POINT('',(-1.900127994997,-9.224358780056,
    50.350000267257));
#1404 = CARTESIAN_POINT('',(3.368671953772,-7.542849082517,
    50.649999803562));
#1405 = CARTESIAN_POINT('',(5.999999988099,-3.76991257544,
    50.950000021966));
#1406 = CARTESIAN_POINT('',(6.0000000446,3.769912579774,51.549999927204)
  );
#1407 = CARTESIAN_POINT('',(3.368671679048,7.542848933971,
    51.850000136259));
#1408 = CARTESIAN_POINT('',(-1.900127459025,9.224359502114,
    52.149999706395));
#1409 = CARTESIAN_POINT('',(-7.916679111367,6.868645411182,
    52.45000017164));
#1410 = CARTESIAN_POINT('',(-11.10372264529,1.026948357145E-06,
    52.750000053269));
#1411 = CARTESIAN_POINT('',(-7.916678556385,-6.868647018416,
    53.049999628417));
#1412 = CARTESIAN_POINT('',(-1.900128053314,-9.224358788248,
    53.350000363277));
#1413 = CARTESIAN_POINT('',(3.368672000818,-7.54284907591,
    53.649999726097));
#1414 = CARTESIAN_POINT('',(5.999999957315,-3.769912579762,
    53.950000072655));
#1415 = CARTESIAN_POINT('',(6.00000003232,4.408956170581E-09,
    54.249999948288));
#1416 = DEFINITIONAL_REPRESENTATION('',(#1417),#1421);
#1417 = LINE('',#1418,#1419);
#1418 = CARTESIAN_POINT('',(0.,0.));
#1419 = VECTOR('',#1420,1.);
#1420 = DIRECTION('',(1.,0.));
#1421 = ( GEOMETRIC_REPRESENTATION_CONTEXT(2) 
PARAMETRIC_REPRESENTATION_CONTEXT() REPRESENTATION_CONTEXT('2D SPACE',''
  ) );
#1422 = ORIENTED_EDGE('',*,*,#1423,.T.);
#1423 = EDGE_CURVE('',#1326,#1424,#1426,.T.);
#1424 = VERTEX_POINT('',#1425);
#1425 = CARTESIAN_POINT('',(5.2,1.51936921538E-15,43.05));
#1426 = SURFACE_CURVE('',#1427,(#1430,#1436),.PCURVE_S1.);
#1427 = B_SPLINE_CURVE_WITH_KNOTS('',1,(#1428,#1429),.UNSPECIFIED.,.F.,
  .F.,(2,2),(0.,1.131370849898),.PIECEWISE_BEZIER_KNOTS.);
#1428 = CARTESIAN_POINT('',(6.,-3.861762548002E-15,42.25));
#1429 = CARTESIAN_POINT('',(5.2,-1.746082220887E-15,43.05));
#1430 = PCURVE('',#1288,#1431);
#1431 = DEFINITIONAL_REPRESENTATION('',(#1432),#1435);
#1432 = B_SPLINE_CURVE_WITH_KNOTS('',1,(#1433,#1434),.UNSPECIFIED.,.F.,
  .F.,(2,2),(0.,1.131370849898),.PIECEWISE_BEZIER_KNOTS.);
#1433 = CARTESIAN_POINT('',(-0.25,0.531612995201));
#1434 = CARTESIAN_POINT('',(-1.05,-0.268387004799));
#1435 = ( GEOMETRIC_REPRESENTATION_CONTEXT(2) 
PARAMETRIC_REPRESENTATION_CONTEXT() REPRESENTATION_CONTEXT('2D SPACE',''
  ) );
#1436 = PCURVE('',#1437,#1514);
#1437 = B_SPLINE_SURFACE_WITH_KNOTS('',1,10,(
    (#1438,#1439,#1440,#1441,#1442,#1443,#1444,#1445,#1446,#1447,#1448
      ,#1449,#1450,#1451,#1452,#1453,#1454,#1455,#1456,#1457,#1458,#1459
      ,#1460,#1461,#1462,#1463,#1464,#1465,#1466,#1467,#1468,#1469,#1470
      ,#1471,#1472,#1473,#1474,#1475)
    ,(#1476,#1477,#1478,#1479,#1480,#1481,#1482,#1483,#1484,#1485,#1486
      ,#1487,#1488,#1489,#1490,#1491,#1492,#1493,#1494,#1495,#1496,#1497
      ,#1498,#1499,#1500,#1501,#1502,#1503,#1504,#1505,#1506,#1507,#1508
      ,#1509,#1510,#1511,#1512,#1513
    )),.UNSPECIFIED.,.F.,.F.,.F.,(2,2),(11,9,9,9,11),(0.,1.131370849898)
  ,(0.,6.962644440466,13.925288880933,20.887933321399,27.850577761866),
  .UNSPECIFIED.);
#1438 = CARTESIAN_POINT('',(6.,-3.861762548002E-15,42.25));
#1439 = CARTESIAN_POINT('',(6.000000077679,3.76991258417,42.549999875639
    ));
#1440 = CARTESIAN_POINT('',(3.368671624174,7.542848926649,
    42.850000222179));
#1441 = CARTESIAN_POINT('',(-1.900127381981,9.224359512449,
    43.149999585032));
#1442 = CARTESIAN_POINT('',(-7.916679204757,6.868645398569,
    43.450000319847));
#1443 = CARTESIAN_POINT('',(-11.10372254641,1.04040993965E-06,
    43.749999895048));
#1444 = CARTESIAN_POINT('',(-7.916678648238,-6.868647031027,
    44.049999776619));
#1445 = CARTESIAN_POINT('',(-1.900127978672,-9.224358777916,
    44.350000241923));
#1446 = CARTESIAN_POINT('',(3.368671948309,-7.542849083228,
    44.649999812006));
#1447 = CARTESIAN_POINT('',(5.999999988681,-3.769912575368,
    44.950000021099));
#1448 = CARTESIAN_POINT('',(6.000000045132,3.769912579853,
    45.549999926294));
#1449 = CARTESIAN_POINT('',(3.368671673841,7.542848933253,
    45.850000144827));
#1450 = CARTESIAN_POINT('',(-1.900127443472,9.224359504238,
    46.149999680873));
#1451 = CARTESIAN_POINT('',(-7.916679142429,6.868645406937,
    46.450000222647));
#1452 = CARTESIAN_POINT('',(-11.10372259802,1.033445577323E-06,
    46.749999975534));
#1453 = CARTESIAN_POINT('',(-7.91667861387,-6.868647026376,
    47.049999723046));
#1454 = CARTESIAN_POINT('',(-1.900127996395,-9.224358780313,
    47.350000269526));
#1455 = CARTESIAN_POINT('',(3.368671954751,-7.542849082361,
    47.649999801977));
#1456 = CARTESIAN_POINT('',(5.999999987537,-3.76991257552,
    47.950000022885));
#1457 = CARTESIAN_POINT('',(6.000000045687,3.769912579927,
    48.549999925416));
#1458 = CARTESIAN_POINT('',(3.36867167299,7.542848933124,48.85000014624)
  );
#1459 = CARTESIAN_POINT('',(-1.900127442328,9.224359504452,
    49.149999678888));
#1460 = CARTESIAN_POINT('',(-7.91667914385,6.868645406627,
    49.450000225144));
#1461 = CARTESIAN_POINT('',(-11.10372259639,1.033813960702E-06,
    49.749999972737));
#1462 = CARTESIAN_POINT('',(-7.916678615513,-6.868647026722,
    50.049999725778));
#1463 = CARTESIAN_POINT('',(-1.900127994997,-9.224358780056,
    50.350000267255));
#1464 = CARTESIAN_POINT('',(3.368671953772,-7.542849082517,
    50.649999803563));
#1465 = CARTESIAN_POINT('',(5.999999988099,-3.76991257544,
    50.950000021966));
#1466 = CARTESIAN_POINT('',(6.0000000446,3.769912579774,51.549999927205)
  );
#1467 = CARTESIAN_POINT('',(3.368671679048,7.542848933971,
    51.850000136257));
#1468 = CARTESIAN_POINT('',(-1.900127459025,9.224359502114,52.1499997064
    ));
#1469 = CARTESIAN_POINT('',(-7.916679111368,6.868645411182,
    52.450000171632));
#1470 = CARTESIAN_POINT('',(-11.10372264529,1.026948118988E-06,
    52.750000053279));
#1471 = CARTESIAN_POINT('',(-7.916678556386,-6.868647018416,
    53.049999628408));
#1472 = CARTESIAN_POINT('',(-1.900128053313,-9.224358788248,
    53.350000363283));
#1473 = CARTESIAN_POINT('',(3.368672000818,-7.54284907591,
    53.649999726095));
#1474 = CARTESIAN_POINT('',(5.999999957315,-3.769912579762,
    53.950000072656));
#1475 = CARTESIAN_POINT('',(6.00000003232,4.408952751299E-09,
    54.249999948288));
#1476 = CARTESIAN_POINT('',(5.2,-1.746082220887E-15,43.05));
#1477 = CARTESIAN_POINT('',(5.200000326493,3.267255012668,43.35000012436
    ));
#1478 = CARTESIAN_POINT('',(2.919514397562,6.537145433903,
    43.649999777826));
#1479 = CARTESIAN_POINT('',(-1.646773795021,7.994428406087,
    43.95000041495));
#1480 = CARTESIAN_POINT('',(-6.861128022023,5.952838912208,
    44.249999680191));
#1481 = CARTESIAN_POINT('',(-9.6232197817,4.355873033691E-06,
    44.550000104898));
#1482 = CARTESIAN_POINT('',(-6.861125714845,-5.952845672594,
    44.850000223437));
#1483 = CARTESIAN_POINT('',(-1.646776330182,-7.994425367577,
    45.149999758034));
#1484 = CARTESIAN_POINT('',(2.919515724006,-6.537146066328,
    45.450000188021));
#1485 = CARTESIAN_POINT('',(5.199999942721,-3.267255021476,
    45.749999978887));
#1486 = CARTESIAN_POINT('',(5.200000194456,3.267255016984,
    46.350000073732));
#1487 = CARTESIAN_POINT('',(2.919514599061,6.537145427383,
    46.649999855048));
#1488 = CARTESIAN_POINT('',(-1.646774044517,7.994428414015,
    46.950000319386));
#1489 = CARTESIAN_POINT('',(-6.861127769087,5.952838904349,
    47.249999777041));
#1490 = CARTESIAN_POINT('',(-9.623219991174,4.362258272711E-06,
    47.550000024679));
#1491 = CARTESIAN_POINT('',(-6.861125575313,-5.952845676817,
    47.850000276904));
#1492 = CARTESIAN_POINT('',(-1.64677640215,-7.994425365376,
    48.149999730432));
#1493 = CARTESIAN_POINT('',(2.91951575017,-6.537146067152,
    48.450000198061));
#1494 = CARTESIAN_POINT('',(5.199999938073,-3.267255021322,
    48.749999977107));
#1495 = CARTESIAN_POINT('',(5.20000019671,3.267255016911,49.350000074583
    ));
#1496 = CARTESIAN_POINT('',(2.919514595574,6.537145427427,
    49.649999853784));
#1497 = CARTESIAN_POINT('',(-1.646774039761,7.994428414114,
    49.950000321054));
#1498 = CARTESIAN_POINT('',(-6.861127775093,5.95283890406,
    50.249999774937));
#1499 = CARTESIAN_POINT('',(-9.623219984205,4.362613694163E-06,
    50.550000027196));
#1500 = CARTESIAN_POINT('',(-6.861125582402,-5.952845677048,
    50.850000274252));
#1501 = CARTESIAN_POINT('',(-1.6467763961,-7.994425365339,
    51.149999732743));
#1502 = CARTESIAN_POINT('',(2.919515745924,-6.537146067079,
    51.450000196433));
#1503 = CARTESIAN_POINT('',(5.199999940513,-3.267255021399,
    51.749999978036));
#1504 = CARTESIAN_POINT('',(5.200000191983,3.267255017065,
    52.350000072794));
#1505 = CARTESIAN_POINT('',(2.919514621931,6.537145426566,
    52.649999863748));
#1506 = CARTESIAN_POINT('',(-1.646774112404,7.994428416476,
    52.950000293592));
#1507 = CARTESIAN_POINT('',(-6.861127633772,5.952838899488,
    53.249999828372));
#1508 = CARTESIAN_POINT('',(-9.623220196964,4.369475113763E-06,
    53.549999946731));
#1509 = CARTESIAN_POINT('',(-6.86112532514,-5.952845685333,
    53.850000371569));
#1510 = CARTESIAN_POINT('',(-1.646776649847,-7.994425357167,
    54.149999636741));
#1511 = CARTESIAN_POINT('',(2.919515950638,-6.537146073677,
    54.450000273891));
#1512 = CARTESIAN_POINT('',(5.199999806559,-3.267255017078,
    54.749999927349));
#1513 = CARTESIAN_POINT('',(5.200000135745,-4.40931716434E-09,
    55.050000051712));
#1514 = DEFINITIONAL_REPRESENTATION('',(#1515),#1519);
#1515 = LINE('',#1516,#1517);
#1516 = CARTESIAN_POINT('',(0.,0.));
#1517 = VECTOR('',#1518,1.);
#1518 = DIRECTION('',(1.,0.));
#1519 = ( GEOMETRIC_REPRESENTATION_CONTEXT(2) 
PARAMETRIC_REPRESENTATION_CONTEXT() REPRESENTATION_CONTEXT('2D SPACE',''
  ) );
#1520 = ORIENTED_EDGE('',*,*,#1521,.F.);
#1521 = EDGE_CURVE('',#1522,#1424,#1524,.T.);
#1522 = VERTEX_POINT('',#1523);
#1523 = CARTESIAN_POINT('',(5.2,0.,42.));
#1524 = SURFACE_CURVE('',#1525,(#1529,#1536),.PCURVE_S1.);
#1525 = LINE('',#1526,#1527);
#1526 = CARTESIAN_POINT('',(5.2,0.,42.));
#1527 = VECTOR('',#1528,1.);
#1528 = DIRECTION('',(0.,0.,1.));
#1529 = PCURVE('',#1288,#1530);
#1530 = DEFINITIONAL_REPRESENTATION('',(#1531),#1535);
#1531 = LINE('',#1532,#1533);
#1532 = CARTESIAN_POINT('',(-7.105427357601E-15,-0.268387004799));
#1533 = VECTOR('',#1534,1.);
#1534 = DIRECTION('',(-1.,9.01330467427E-31));
#1535 = ( GEOMETRIC_REPRESENTATION_CONTEXT(2) 
PARAMETRIC_REPRESENTATION_CONTEXT() REPRESENTATION_CONTEXT('2D SPACE',''
  ) );
#1536 = PCURVE('',#1537,#1542);
#1537 = CYLINDRICAL_SURFACE('',#1538,5.2);
#1538 = AXIS2_PLACEMENT_3D('',#1539,#1540,#1541);
#1539 = CARTESIAN_POINT('',(0.,0.,42.));
#1540 = DIRECTION('',(-0.,-0.,-1.));
#1541 = DIRECTION('',(1.,0.,0.));
#1542 = DEFINITIONAL_REPRESENTATION('',(#1543),#1547);
#1543 = LINE('',#1544,#1545);
#1544 = CARTESIAN_POINT('',(-6.28318530718,0.));
#1545 = VECTOR('',#1546,1.);
#1546 = DIRECTION('',(-0.,-1.));
#1547 = ( GEOMETRIC_REPRESENTATION_CONTEXT(2) 
PARAMETRIC_REPRESENTATION_CONTEXT() REPRESENTATION_CONTEXT('2D SPACE',''
  ) );
#1548 = ORIENTED_EDGE('',*,*,#1549,.T.);
#1549 = EDGE_CURVE('',#1522,#1246,#1550,.T.);
#1550 = SURFACE_CURVE('',#1551,(#1555,#1561),.PCURVE_S1.);
#1551 = LINE('',#1552,#1553);
#1552 = CARTESIAN_POINT('',(2.734193502399,-6.1475997284E-16,42.));
#1553 = VECTOR('',#1554,1.);
#1554 = DIRECTION('',(1.,-5.089607854707E-16,0.));
#1555 = PCURVE('',#1288,#1556);
#1556 = DEFINITIONAL_REPRESENTATION('',(#1557),#1560);
#1557 = B_SPLINE_CURVE_WITH_KNOTS('',1,(#1558,#1559),.UNSPECIFIED.,.F.,
  .F.,(2,2),(2.465806497601,3.115806497601),.PIECEWISE_BEZIER_KNOTS.);
#1558 = CARTESIAN_POINT('',(-7.105427357601E-15,-0.268387004799));
#1559 = CARTESIAN_POINT('',(-7.105427357601E-15,0.381612995201));
#1560 = ( GEOMETRIC_REPRESENTATION_CONTEXT(2) 
PARAMETRIC_REPRESENTATION_CONTEXT() REPRESENTATION_CONTEXT('2D SPACE',''
  ) );
#1561 = PCURVE('',#1262,#1562);
#1562 = DEFINITIONAL_REPRESENTATION('',(#1563),#1566);
#1563 = B_SPLINE_CURVE_WITH_KNOTS('',1,(#1564,#1565),.UNSPECIFIED.,.F.,
  .F.,(2,2),(2.465806497601,3.115806497601),.PIECEWISE_BEZIER_KNOTS.);
#1564 = CARTESIAN_POINT('',(5.2,-2.098453558857E-15));
#1565 = CARTESIAN_POINT('',(5.85,-2.429278069413E-15));
#1566 = ( GEOMETRIC_REPRESENTATION_CONTEXT(2) 
PARAMETRIC_REPRESENTATION_CONTEXT() REPRESENTATION_CONTEXT('2D SPACE',''
  ) );
#1567 = ADVANCED_FACE('',(#1568),#1262,.T.);
#1568 = FACE_BOUND('',#1569,.T.);
#1569 = EDGE_LOOP('',(#1570,#1571,#1572,#1596,#1843));
#1570 = ORIENTED_EDGE('',*,*,#1245,.T.);
#1571 = ORIENTED_EDGE('',*,*,#1549,.F.);
#1572 = ORIENTED_EDGE('',*,*,#1573,.F.);
#1573 = EDGE_CURVE('',#1574,#1522,#1576,.T.);
#1574 = VERTEX_POINT('',#1575);
#1575 = CARTESIAN_POINT('',(0.880458574879,5.124918799154,42.));
#1576 = SURFACE_CURVE('',#1577,(#1582,#1589),.PCURVE_S1.);
#1577 = CIRCLE('',#1578,5.2);
#1578 = AXIS2_PLACEMENT_3D('',#1579,#1580,#1581);
#1579 = CARTESIAN_POINT('',(0.,0.,42.));
#1580 = DIRECTION('',(0.,0.,1.));
#1581 = DIRECTION('',(1.,0.,0.));
#1582 = PCURVE('',#1262,#1583);
#1583 = DEFINITIONAL_REPRESENTATION('',(#1584),#1588);
#1584 = CIRCLE('',#1585,5.2);
#1585 = AXIS2_PLACEMENT_2D('',#1586,#1587);
#1586 = CARTESIAN_POINT('',(4.675009000135E-16,-2.286947741797E-16));
#1587 = DIRECTION('',(1.,0.));
#1588 = ( GEOMETRIC_REPRESENTATION_CONTEXT(2) 
PARAMETRIC_REPRESENTATION_CONTEXT() REPRESENTATION_CONTEXT('2D SPACE',''
  ) );
#1589 = PCURVE('',#1537,#1590);
#1590 = DEFINITIONAL_REPRESENTATION('',(#1591),#1595);
#1591 = LINE('',#1592,#1593);
#1592 = CARTESIAN_POINT('',(-0.,0.));
#1593 = VECTOR('',#1594,1.);
#1594 = DIRECTION('',(-1.,0.));
#1595 = ( GEOMETRIC_REPRESENTATION_CONTEXT(2) 
PARAMETRIC_REPRESENTATION_CONTEXT() REPRESENTATION_CONTEXT('2D SPACE',''
  ) );
#1596 = ORIENTED_EDGE('',*,*,#1597,.T.);
#1597 = EDGE_CURVE('',#1574,#1598,#1600,.T.);
#1598 = VERTEX_POINT('',#1599);
#1599 = CARTESIAN_POINT('',(-3.056488154122,4.206895345574,42.));
#1600 = SURFACE_CURVE('',#1601,(#1654,#1710),.PCURVE_S1.);
#1601 = B_SPLINE_CURVE_WITH_KNOTS('',6,(#1602,#1603,#1604,#1605,#1606,
    #1607,#1608,#1609,#1610,#1611,#1612,#1613,#1614,#1615,#1616,#1617,
    #1618,#1619,#1620,#1621,#1622,#1623,#1624,#1625,#1626,#1627,#1628,
    #1629,#1630,#1631,#1632,#1633,#1634,#1635,#1636,#1637,#1638,#1639,
    #1640,#1641,#1642,#1643,#1644,#1645,#1646,#1647,#1648,#1649,#1650,
    #1651,#1652,#1653),.UNSPECIFIED.,.F.,.F.,(7,5,5,5,5,5,5,5,5,5,7),(0.
    ,8.200382675584E-02,0.188005758593,0.310001435866,0.356000007432,
    0.457998465931,0.609998029838,0.665998323145,0.783998345113,
    0.931998721019,1.),.UNSPECIFIED.);
#1602 = CARTESIAN_POINT('',(5.2,-6.223743142816E-16,42.));
#1603 = CARTESIAN_POINT('',(5.200000000002,0.156290681743,42.));
#1604 = CARTESIAN_POINT('',(5.194364291663,0.312582108576,42.));
#1605 = CARTESIAN_POINT('',(5.183092823257,0.468619204542,42.));
#1606 = CARTESIAN_POINT('',(5.166200615979,0.624148268513,42.));
#1607 = CARTESIAN_POINT('',(5.143717763942,0.778916974196,42.));
#1608 = CARTESIAN_POINT('',(5.079458721323,1.1314282777,42.));
#1609 = CARTESIAN_POINT('',(5.033961539895,1.328494446556,42.));
#1610 = CARTESIAN_POINT('',(4.979296128995,1.523329392782,42.));
#1611 = CARTESIAN_POINT('',(4.915601903096,1.715402158918,42.));
#1612 = CARTESIAN_POINT('',(4.843059452041,1.904194313952,42.));
#1613 = CARTESIAN_POINT('',(4.668474731562,2.302119547185,42.));
#1614 = CARTESIAN_POINT('',(4.563630983958,2.510028107441,42.));
#1615 = CARTESIAN_POINT('',(4.44769831619,2.712153777042,42.));
#1616 = CARTESIAN_POINT('',(4.321080671841,2.907763343646,42.));
#1617 = CARTESIAN_POINT('',(4.184246137001,3.096162861334,42.));
#1618 = CARTESIAN_POINT('',(3.9824806769,3.344769299187,42.));
#1619 = CARTESIAN_POINT('',(3.925857998384,3.411722647968,42.));
#1620 = CARTESIAN_POINT('',(3.867886452565,3.477523482393,42.));
#1621 = CARTESIAN_POINT('',(3.808595490771,3.542137978385,42.));
#1622 = CARTESIAN_POINT('',(3.748015684695,3.605533324088,42.));
#1623 = CARTESIAN_POINT('',(3.549059807039,3.805478359244,42.));
#1624 = CARTESIAN_POINT('',(3.405758524606,3.937128970216,42.));
#1625 = CARTESIAN_POINT('',(3.256621990998,4.062281476382,42.));
#1626 = CARTESIAN_POINT('',(3.102020087199,4.180616264593,42.));
#1627 = CARTESIAN_POINT('',(2.942345463278,4.291842184941,42.));
#1628 = CARTESIAN_POINT('',(2.533123749979,4.550461814341,42.));
#1629 = CARTESIAN_POINT('',(2.277882011372,4.688862826973,42.));
#1630 = CARTESIAN_POINT('',(2.01367051698,4.810023607587,42.));
#1631 = CARTESIAN_POINT('',(1.741947097015,4.91324221921,42.));
#1632 = CARTESIAN_POINT('',(1.464234332411,4.997970849177,42.));
#1633 = CARTESIAN_POINT('',(1.078191105264,5.088105500633,42.));
#1634 = CARTESIAN_POINT('',(0.973658027692,5.109812796588,42.));
#1635 = CARTESIAN_POINT('',(0.868606133144,5.128941743738,42.));
#1636 = CARTESIAN_POINT('',(0.763114912477,5.145477141434,42.));
#1637 = CARTESIAN_POINT('',(0.657264417537,5.159407067837,42.));
#1638 = CARTESIAN_POINT('',(0.327507097001,5.194566792051,42.));
#1639 = CARTESIAN_POINT('',(0.102639063618,5.20680416033,42.));
#1640 = CARTESIAN_POINT('',(-0.122710810972,5.207354020688,42.));
#1641 = CARTESIAN_POINT('',(-0.347785217791,5.196201105624,42.));
#1642 = CARTESIAN_POINT('',(-0.57182834379,5.173395858776,42.));
#1643 = CARTESIAN_POINT('',(-1.072851958515,5.095982072069,42.));
#1644 = CARTESIAN_POINT('',(-1.348820102758,5.034759975152,42.));
#1645 = CARTESIAN_POINT('',(-1.620499262927,4.955619654236,42.));
#1646 = CARTESIAN_POINT('',(-1.886445499858,4.858948250419,42.));
#1647 = CARTESIAN_POINT('',(-2.145265520448,4.745287432954,42.));
#1648 = CARTESIAN_POINT('',(-2.51064879426,4.555622186898,42.));
#1649 = CARTESIAN_POINT('',(-2.623892388331,4.492471534468,42.));
#1650 = CARTESIAN_POINT('',(-2.735221320788,4.42594731855,42.));
#1651 = CARTESIAN_POINT('',(-2.844510490077,4.356122674208,42.));
#1652 = CARTESIAN_POINT('',(-2.951638598881,4.283076877519,42.));
#1653 = CARTESIAN_POINT('',(-3.056488154122,4.206895345574,42.));
#1654 = PCURVE('',#1262,#1655);
#1655 = DEFINITIONAL_REPRESENTATION('',(#1656),#1709);
#1656 = B_SPLINE_CURVE_WITH_KNOTS('',6,(#1657,#1658,#1659,#1660,#1661,
    #1662,#1663,#1664,#1665,#1666,#1667,#1668,#1669,#1670,#1671,#1672,
    #1673,#1674,#1675,#1676,#1677,#1678,#1679,#1680,#1681,#1682,#1683,
    #1684,#1685,#1686,#1687,#1688,#1689,#1690,#1691,#1692,#1693,#1694,
    #1695,#1696,#1697,#1698,#1699,#1700,#1701,#1702,#1703,#1704,#1705,
    #1706,#1707,#1708),.UNSPECIFIED.,.F.,.F.,(7,5,5,5,5,5,5,5,5,5,7),(0.
    ,8.200382675584E-02,0.188005758593,0.310001435866,0.356000007432,
    0.457998465931,0.609998029838,0.665998323145,0.783998345113,
    0.931998721019,1.),.UNSPECIFIED.);
#1657 = CARTESIAN_POINT('',(5.2,-8.510690884614E-16));
#1658 = CARTESIAN_POINT('',(5.200000000002,0.156290681743));
#1659 = CARTESIAN_POINT('',(5.194364291663,0.312582108576));
#1660 = CARTESIAN_POINT('',(5.183092823257,0.468619204542));
#1661 = CARTESIAN_POINT('',(5.166200615979,0.624148268513));
#1662 = CARTESIAN_POINT('',(5.143717763942,0.778916974196));
#1663 = CARTESIAN_POINT('',(5.079458721323,1.1314282777));
#1664 = CARTESIAN_POINT('',(5.033961539895,1.328494446556));
#1665 = CARTESIAN_POINT('',(4.979296128995,1.523329392782));
#1666 = CARTESIAN_POINT('',(4.915601903096,1.715402158918));
#1667 = CARTESIAN_POINT('',(4.843059452041,1.904194313952));
#1668 = CARTESIAN_POINT('',(4.668474731562,2.302119547185));
#1669 = CARTESIAN_POINT('',(4.563630983958,2.510028107441));
#1670 = CARTESIAN_POINT('',(4.44769831619,2.712153777042));
#1671 = CARTESIAN_POINT('',(4.321080671841,2.907763343646));
#1672 = CARTESIAN_POINT('',(4.184246137001,3.096162861334));
#1673 = CARTESIAN_POINT('',(3.9824806769,3.344769299187));
#1674 = CARTESIAN_POINT('',(3.925857998384,3.411722647968));
#1675 = CARTESIAN_POINT('',(3.867886452565,3.477523482393));
#1676 = CARTESIAN_POINT('',(3.808595490771,3.542137978385));
#1677 = CARTESIAN_POINT('',(3.748015684695,3.605533324088));
#1678 = CARTESIAN_POINT('',(3.549059807039,3.805478359244));
#1679 = CARTESIAN_POINT('',(3.405758524606,3.937128970216));
#1680 = CARTESIAN_POINT('',(3.256621990998,4.062281476382));
#1681 = CARTESIAN_POINT('',(3.102020087199,4.180616264593));
#1682 = CARTESIAN_POINT('',(2.942345463278,4.291842184941));
#1683 = CARTESIAN_POINT('',(2.533123749979,4.550461814341));
#1684 = CARTESIAN_POINT('',(2.277882011372,4.688862826973));
#1685 = CARTESIAN_POINT('',(2.01367051698,4.810023607587));
#1686 = CARTESIAN_POINT('',(1.741947097015,4.91324221921));
#1687 = CARTESIAN_POINT('',(1.464234332411,4.997970849177));
#1688 = CARTESIAN_POINT('',(1.078191105264,5.088105500633));
#1689 = CARTESIAN_POINT('',(0.973658027692,5.109812796588));
#1690 = CARTESIAN_POINT('',(0.868606133144,5.128941743738));
#1691 = CARTESIAN_POINT('',(0.763114912477,5.145477141434));
#1692 = CARTESIAN_POINT('',(0.657264417537,5.159407067837));
#1693 = CARTESIAN_POINT('',(0.327507097001,5.194566792051));
#1694 = CARTESIAN_POINT('',(0.102639063618,5.20680416033));
#1695 = CARTESIAN_POINT('',(-0.122710810972,5.207354020688));
#1696 = CARTESIAN_POINT('',(-0.347785217791,5.196201105624));
#1697 = CARTESIAN_POINT('',(-0.57182834379,5.173395858776));
#1698 = CARTESIAN_POINT('',(-1.072851958515,5.095982072069));
#1699 = CARTESIAN_POINT('',(-1.348820102758,5.034759975152));
#1700 = CARTESIAN_POINT('',(-1.620499262927,4.955619654236));
#1701 = CARTESIAN_POINT('',(-1.886445499858,4.858948250419));
#1702 = CARTESIAN_POINT('',(-2.145265520448,4.745287432954));
#1703 = CARTESIAN_POINT('',(-2.51064879426,4.555622186898));
#1704 = CARTESIAN_POINT('',(-2.623892388331,4.492471534468));
#1705 = CARTESIAN_POINT('',(-2.735221320788,4.42594731855));
#1706 = CARTESIAN_POINT('',(-2.844510490077,4.356122674208));
#1707 = CARTESIAN_POINT('',(-2.951638598881,4.283076877519));
#1708 = CARTESIAN_POINT('',(-3.056488154122,4.206895345574));
#1709 = ( GEOMETRIC_REPRESENTATION_CONTEXT(2) 
PARAMETRIC_REPRESENTATION_CONTEXT() REPRESENTATION_CONTEXT('2D SPACE',''
  ) );
#1710 = PCURVE('',#1711,#1788);
#1711 = B_SPLINE_SURFACE_WITH_KNOTS('',1,10,(
    (#1712,#1713,#1714,#1715,#1716,#1717,#1718,#1719,#1720,#1721,#1722
      ,#1723,#1724,#1725,#1726,#1727,#1728,#1729,#1730,#1731,#1732,#1733
      ,#1734,#1735,#1736,#1737,#1738,#1739,#1740,#1741,#1742,#1743,#1744
      ,#1745,#1746,#1747,#1748,#1749)
    ,(#1750,#1751,#1752,#1753,#1754,#1755,#1756,#1757,#1758,#1759,#1760
      ,#1761,#1762,#1763,#1764,#1765,#1766,#1767,#1768,#1769,#1770,#1771
      ,#1772,#1773,#1774,#1775,#1776,#1777,#1778,#1779,#1780,#1781,#1782
      ,#1783,#1784,#1785,#1786,#1787
    )),.UNSPECIFIED.,.F.,.F.,.F.,(2,2),(11,9,9,9,11),(0.,2.1),(0.,
    6.962644440466,13.925288880933,20.887933321399,27.850577761866),
  .UNSPECIFIED.);
#1712 = CARTESIAN_POINT('',(5.2,1.51936921538E-15,43.05));
#1713 = CARTESIAN_POINT('',(5.200000326493,3.267255012668,43.35000012436
    ));
#1714 = CARTESIAN_POINT('',(2.919514397561,6.537145433903,
    43.649999777827));
#1715 = CARTESIAN_POINT('',(-1.64677379502,7.994428406087,
    43.950000414948));
#1716 = CARTESIAN_POINT('',(-6.861128022024,5.952838912208,
    44.249999680196));
#1717 = CARTESIAN_POINT('',(-9.623219781698,4.355872835956E-06,
    44.550000104892));
#1718 = CARTESIAN_POINT('',(-6.861125714847,-5.952845672594,
    44.850000223442));
#1719 = CARTESIAN_POINT('',(-1.646776330181,-7.994425367577,
    45.14999975803));
#1720 = CARTESIAN_POINT('',(2.919515724006,-6.537146066328,
    45.450000188022));
#1721 = CARTESIAN_POINT('',(5.199999942721,-3.267255021476,
    45.749999978886));
#1722 = CARTESIAN_POINT('',(5.200000194456,3.267255016984,
    46.350000073731));
#1723 = CARTESIAN_POINT('',(2.919514599061,6.537145427383,
    46.649999855049));
#1724 = CARTESIAN_POINT('',(-1.646774044517,7.994428414014,
    46.950000319384));
#1725 = CARTESIAN_POINT('',(-6.861127769088,5.952838904349,
    47.249999777044));
#1726 = CARTESIAN_POINT('',(-9.623219991174,4.36225766737E-06,
    47.550000024677));
#1727 = CARTESIAN_POINT('',(-6.861125575314,-5.952845676816,
    47.850000276906));
#1728 = CARTESIAN_POINT('',(-1.64677640215,-7.994425365377,
    48.149999730431));
#1729 = CARTESIAN_POINT('',(2.919515750169,-6.537146067152,
    48.450000198062));
#1730 = CARTESIAN_POINT('',(5.199999938073,-3.267255021322,
    48.749999977107));
#1731 = CARTESIAN_POINT('',(5.20000019671,3.267255016911,49.350000074583
    ));
#1732 = CARTESIAN_POINT('',(2.919514595574,6.537145427427,
    49.649999853784));
#1733 = CARTESIAN_POINT('',(-1.646774039761,7.994428414114,
    49.950000321054));
#1734 = CARTESIAN_POINT('',(-6.861127775093,5.95283890406,
    50.249999774936));
#1735 = CARTESIAN_POINT('',(-9.623219984204,4.362613873876E-06,
    50.550000027199));
#1736 = CARTESIAN_POINT('',(-6.861125582403,-5.952845677048,
    50.850000274248));
#1737 = CARTESIAN_POINT('',(-1.6467763961,-7.994425365339,
    51.149999732746));
#1738 = CARTESIAN_POINT('',(2.919515745924,-6.537146067079,
    51.450000196431));
#1739 = CARTESIAN_POINT('',(5.199999940513,-3.267255021399,
    51.749999978036));
#1740 = CARTESIAN_POINT('',(5.200000191983,3.267255017065,
    52.350000072794));
#1741 = CARTESIAN_POINT('',(2.919514621931,6.537145426566,
    52.649999863749));
#1742 = CARTESIAN_POINT('',(-1.646774112405,7.994428416476,
    52.950000293588));
#1743 = CARTESIAN_POINT('',(-6.861127633771,5.952838899488,
    53.249999828378));
#1744 = CARTESIAN_POINT('',(-9.623220196965,4.369474966422E-06,
    53.549999946723));
#1745 = CARTESIAN_POINT('',(-6.861125325139,-5.952845685333,
    53.850000371577));
#1746 = CARTESIAN_POINT('',(-1.646776649848,-7.994425357167,
    54.149999636736));
#1747 = CARTESIAN_POINT('',(2.919515950639,-6.537146073677,
    54.450000273893));
#1748 = CARTESIAN_POINT('',(5.199999806559,-3.267255017078,
    54.749999927348));
#1749 = CARTESIAN_POINT('',(5.200000135745,-4.40931743079E-09,
    55.050000051712));
#1750 = CARTESIAN_POINT('',(5.2,-1.682482217683E-15,40.95));
#1751 = CARTESIAN_POINT('',(5.1999996736,3.267254927378,41.250000124359)
  );
#1752 = CARTESIAN_POINT('',(2.919515879932,6.537145900558,41.54999977783
    ));
#1753 = CARTESIAN_POINT('',(-1.646776599995,7.994425149888,
    41.85000041494));
#1754 = CARTESIAN_POINT('',(-6.86112514114,5.952845535698,
    42.149999680209));
#1755 = CARTESIAN_POINT('',(-9.623219945552,-4.361202752408E-06,
    42.450000104875));
#1756 = CARTESIAN_POINT('',(-6.861127459933,-5.952838738407,
    42.750000223458));
#1757 = CARTESIAN_POINT('',(-1.646774076013,-7.994428206297,
    43.04999975802));
#1758 = CARTESIAN_POINT('',(2.919514540056,-6.537145258435,
    43.350000188027));
#1759 = CARTESIAN_POINT('',(5.200000053534,-3.267254936179,
    43.649999978886));
#1760 = CARTESIAN_POINT('',(5.199999807428,3.267254931702,
    44.250000073732));
#1761 = CARTESIAN_POINT('',(2.919515675711,6.537145893881,44.54999985505
    ));
#1762 = CARTESIAN_POINT('',(-1.64677634715,7.994425158318,
    44.850000319382));
#1763 = CARTESIAN_POINT('',(-6.861125397444,5.952845526966,
    45.149999777049));
#1764 = CARTESIAN_POINT('',(-9.623219733308,-4.353853182915E-06,
    45.450000024669));
#1765 = CARTESIAN_POINT('',(-6.8611276013,-5.95283874332,45.750000276913
    ));
#1766 = CARTESIAN_POINT('',(-1.6467740031,-7.994428203796,
    46.049999730425));
#1767 = CARTESIAN_POINT('',(2.91951451355,-6.537145259318,
    46.350000198064));
#1768 = CARTESIAN_POINT('',(5.200000058242,-3.267254936029,
    46.649999977106));
#1769 = CARTESIAN_POINT('',(5.199999805147,3.267254931625,
    47.250000074583));
#1770 = CARTESIAN_POINT('',(2.919515679217,6.537145894079,
    47.549999853785));
#1771 = CARTESIAN_POINT('',(-1.646776351889,7.994425157875,
    47.850000321051));
#1772 = CARTESIAN_POINT('',(-6.861125391507,5.952845527687,
    48.149999774942));
#1773 = CARTESIAN_POINT('',(-9.623219740175,-4.354692597843E-06,
    48.450000027193));
#1774 = CARTESIAN_POINT('',(-6.861127594313,-5.952838742618,
    48.750000274255));
#1775 = CARTESIAN_POINT('',(-1.646774009073,-7.994428204223,
    49.049999732742));
#1776 = CARTESIAN_POINT('',(2.919514517745,-6.53714525912,
    49.350000196433));
#1777 = CARTESIAN_POINT('',(5.200000055832,-3.26725493611,
    49.649999978036));
#1778 = CARTESIAN_POINT('',(5.199999809811,3.267254931776,
    50.250000072794));
#1779 = CARTESIAN_POINT('',(2.919515653215,6.537145893238,
    50.549999863747));
#1780 = CARTESIAN_POINT('',(-1.646776280227,7.994425160202,
    50.850000293592));
#1781 = CARTESIAN_POINT('',(-6.861125530919,5.952845523143,
    51.149999828372));
#1782 = CARTESIAN_POINT('',(-9.623219530287,-4.347834636795E-06,
    51.44999994673));
#1783 = CARTESIAN_POINT('',(-6.861127848111,-5.952838750921,
    51.750000371571));
#1784 = CARTESIAN_POINT('',(-1.646773758734,-7.994428196031,
    52.049999636739));
#1785 = CARTESIAN_POINT('',(2.919514315775,-6.537145265727,
    52.350000273892));
#1786 = CARTESIAN_POINT('',(5.200000187992,-3.267254931788,
    52.649999927348));
#1787 = CARTESIAN_POINT('',(5.199999864255,-4.408783459548E-09,
    52.950000051712));
#1788 = DEFINITIONAL_REPRESENTATION('',(#1789),#1842);
#1789 = B_SPLINE_CURVE_WITH_KNOTS('',6,(#1790,#1791,#1792,#1793,#1794,
    #1795,#1796,#1797,#1798,#1799,#1800,#1801,#1802,#1803,#1804,#1805,
    #1806,#1807,#1808,#1809,#1810,#1811,#1812,#1813,#1814,#1815,#1816,
    #1817,#1818,#1819,#1820,#1821,#1822,#1823,#1824,#1825,#1826,#1827,
    #1828,#1829,#1830,#1831,#1832,#1833,#1834,#1835,#1836,#1837,#1838,
    #1839,#1840,#1841),.UNSPECIFIED.,.F.,.F.,(7,5,5,5,5,5,5,5,5,5,7),(0.
    ,8.200382675584E-02,0.188005758593,0.310001435866,0.356000007432,
    0.457998465931,0.609998029838,0.665998323145,0.783998345113,
    0.931998721019,1.),.UNSPECIFIED.);
#1790 = CARTESIAN_POINT('',(1.05,0.));
#1791 = CARTESIAN_POINT('',(1.064350647375,3.330613791458E-02));
#1792 = CARTESIAN_POINT('',(1.078700746618,6.661100637752E-02));
#1793 = CARTESIAN_POINT('',(1.093050572237,9.991524202025E-02));
#1794 = CARTESIAN_POINT('',(1.107400321895,0.133219303193));
#1795 = CARTESIAN_POINT('',(1.121750116408,0.166523469963));
#1796 = CARTESIAN_POINT('',(1.154649321355,0.242878615511));
#1797 = CARTESIAN_POINT('',(1.173198876204,0.285929930273));
#1798 = CARTESIAN_POINT('',(1.19174874078,0.328981965354));
#1799 = CARTESIAN_POINT('',(1.210298927695,0.372034749576));
#1800 = CARTESIAN_POINT('',(1.228849385689,0.415088163639));
#1801 = CARTESIAN_POINT('',(1.268749560644,0.50769174104));
#1802 = CARTESIAN_POINT('',(1.290099655671,0.557242781971));
#1803 = CARTESIAN_POINT('',(1.311449632862,0.606793549685));
#1804 = CARTESIAN_POINT('',(1.332799681204,0.656344482575));
#1805 = CARTESIAN_POINT('',(1.35415000521,0.705896055169));
#1806 = CARTESIAN_POINT('',(1.383550032761,0.774130035821));
#1807 = CARTESIAN_POINT('',(1.391600056201,0.792813186443));
#1808 = CARTESIAN_POINT('',(1.399650066806,0.811496307251));
#1809 = CARTESIAN_POINT('',(1.407700062067,0.83017939242));
#1810 = CARTESIAN_POINT('',(1.415750040095,0.848862437564));
#1811 = CARTESIAN_POINT('',(1.441650194418,0.908973626689));
#1812 = CARTESIAN_POINT('',(1.459500335375,0.950401688538));
#1813 = CARTESIAN_POINT('',(1.477350398079,0.99182956862));
#1814 = CARTESIAN_POINT('',(1.49520036659,1.033257229944));
#1815 = CARTESIAN_POINT('',(1.51305023344,1.074684655197));
#1816 = CARTESIAN_POINT('',(1.557499976908,1.177847240997));
#1817 = CARTESIAN_POINT('',(1.58410057662,1.239584079632));
#1818 = CARTESIAN_POINT('',(1.610700187811,1.301318623869));
#1819 = CARTESIAN_POINT('',(1.637299763752,1.363053086225));
#1820 = CARTESIAN_POINT('',(1.663900249923,1.424789661124));
#1821 = CARTESIAN_POINT('',(1.700299986879,1.509269135474));
#1822 = CARTESIAN_POINT('',(1.710099979799,1.53201375728));
#1823 = CARTESIAN_POINT('',(1.719899978275,1.554758391988));
#1824 = CARTESIAN_POINT('',(1.729699981768,1.577503038357));
#1825 = CARTESIAN_POINT('',(1.739499989339,1.600247694203));
#1826 = CARTESIAN_POINT('',(1.769949917033,1.6709183668));
#1827 = CARTESIAN_POINT('',(1.790600070517,1.718844925214));
#1828 = CARTESIAN_POINT('',(1.811249987756,1.766770935422));
#1829 = CARTESIAN_POINT('',(1.831899909427,1.814696956013));
#1830 = CARTESIAN_POINT('',(1.852550073519,1.862623539333));
#1831 = CARTESIAN_POINT('',(1.89909996792,1.970660327168));
#1832 = CARTESIAN_POINT('',(1.925000554053,2.030772518002));
#1833 = CARTESIAN_POINT('',(1.950900314986,2.090882793779));
#1834 = CARTESIAN_POINT('',(1.976799997705,2.150992888136));
#1835 = CARTESIAN_POINT('',(2.002700361396,2.211104563022));
#1836 = CARTESIAN_POINT('',(2.040500026998,2.298833107616));
#1837 = CARTESIAN_POINT('',(2.052400044199,2.326451637394));
#1838 = CARTESIAN_POINT('',(2.064300050247,2.354070141292));
#1839 = CARTESIAN_POINT('',(2.076200044717,2.381688618321));
#1840 = CARTESIAN_POINT('',(2.088100027739,2.40930706878));
#1841 = CARTESIAN_POINT('',(2.1,2.43692549426));
#1842 = ( GEOMETRIC_REPRESENTATION_CONTEXT(2) 
PARAMETRIC_REPRESENTATION_CONTEXT() REPRESENTATION_CONTEXT('2D SPACE',''
  ) );
#1843 = ORIENTED_EDGE('',*,*,#1844,.F.);
#1844 = EDGE_CURVE('',#1128,#1598,#1845,.T.);
#1845 = SURFACE_CURVE('',#1846,(#1869,#1895),.PCURVE_S1.);
#1846 = B_SPLINE_CURVE_WITH_KNOTS('',6,(#1847,#1848,#1849,#1850,#1851,
    #1852,#1853,#1854,#1855,#1856,#1857,#1858,#1859,#1860,#1861,#1862,
    #1863,#1864,#1865,#1866,#1867,#1868),.UNSPECIFIED.,.F.,.F.,(7,5,5,5,
    7),(0.,0.289456088271,0.547761485583,0.782874622228,1.),
  .UNSPECIFIED.);
#1847 = CARTESIAN_POINT('',(5.196155356478,3.000055480851,42.));
#1848 = CARTESIAN_POINT('',(4.937661244183,3.37543787376,42.));
#1849 = CARTESIAN_POINT('',(4.644888966606,3.727104260655,42.));
#1850 = CARTESIAN_POINT('',(4.320322854689,4.050840288103,42.));
#1851 = CARTESIAN_POINT('',(3.967090782275,4.342883375341,42.));
#1852 = CARTESIAN_POINT('',(3.588879193873,4.599845691849,42.));
#1853 = CARTESIAN_POINT('',(2.834206955912,5.014402966576,42.));
#1854 = CARTESIAN_POINT('',(2.461881515776,5.179746964398,42.));
#1855 = CARTESIAN_POINT('',(2.076226775936,5.312924091704,42.));
#1856 = CARTESIAN_POINT('',(1.680633090852,5.412384559205,42.));
#1857 = CARTESIAN_POINT('',(1.27873938969,5.476995696026,42.));
#1858 = CARTESIAN_POINT('',(0.506489712459,5.532774557676,42.));
#1859 = CARTESIAN_POINT('',(0.136497084668,5.530018995416,42.));
#1860 = CARTESIAN_POINT('',(-0.232552090999,5.497492649106,42.));
#1861 = CARTESIAN_POINT('',(-0.597651473481,5.435167764351,42.));
#1862 = CARTESIAN_POINT('',(-0.955749000347,5.343389297548,42.));
#1863 = CARTESIAN_POINT('',(-1.625164497184,5.111784342002,42.));
#1864 = CARTESIAN_POINT('',(-1.937997384321,4.976160081509,42.));
#1865 = CARTESIAN_POINT('',(-2.239839709925,4.816749136879,42.));
#1866 = CARTESIAN_POINT('',(-2.528352835264,4.634508496549,42.));
#1867 = CARTESIAN_POINT('',(-2.801279119034,4.430687764017,42.));
#1868 = CARTESIAN_POINT('',(-3.056488154122,4.206895345575,42.));
#1869 = PCURVE('',#1262,#1870);
#1870 = DEFINITIONAL_REPRESENTATION('',(#1871),#1894);
#1871 = B_SPLINE_CURVE_WITH_KNOTS('',6,(#1872,#1873,#1874,#1875,#1876,
    #1877,#1878,#1879,#1880,#1881,#1882,#1883,#1884,#1885,#1886,#1887,
    #1888,#1889,#1890,#1891,#1892,#1893),.UNSPECIFIED.,.F.,.F.,(7,5,5,5,
    7),(0.,0.289456088271,0.547761485583,0.782874622228,1.),
  .UNSPECIFIED.);
#1872 = CARTESIAN_POINT('',(5.196155356478,3.000055480851));
#1873 = CARTESIAN_POINT('',(4.937661244183,3.37543787376));
#1874 = CARTESIAN_POINT('',(4.644888966606,3.727104260655));
#1875 = CARTESIAN_POINT('',(4.320322854689,4.050840288103));
#1876 = CARTESIAN_POINT('',(3.967090782275,4.342883375341));
#1877 = CARTESIAN_POINT('',(3.588879193873,4.599845691849));
#1878 = CARTESIAN_POINT('',(2.834206955912,5.014402966576));
#1879 = CARTESIAN_POINT('',(2.461881515776,5.179746964398));
#1880 = CARTESIAN_POINT('',(2.076226775936,5.312924091704));
#1881 = CARTESIAN_POINT('',(1.680633090852,5.412384559205));
#1882 = CARTESIAN_POINT('',(1.27873938969,5.476995696026));
#1883 = CARTESIAN_POINT('',(0.506489712459,5.532774557676));
#1884 = CARTESIAN_POINT('',(0.136497084668,5.530018995416));
#1885 = CARTESIAN_POINT('',(-0.232552090999,5.497492649106));
#1886 = CARTESIAN_POINT('',(-0.597651473481,5.435167764351));
#1887 = CARTESIAN_POINT('',(-0.955749000347,5.343389297548));
#1888 = CARTESIAN_POINT('',(-1.625164497184,5.111784342002));
#1889 = CARTESIAN_POINT('',(-1.937997384321,4.976160081509));
#1890 = CARTESIAN_POINT('',(-2.239839709925,4.816749136879));
#1891 = CARTESIAN_POINT('',(-2.528352835264,4.634508496549));
#1892 = CARTESIAN_POINT('',(-2.801279119034,4.430687764017));
#1893 = CARTESIAN_POINT('',(-3.056488154122,4.206895345575));
#1894 = ( GEOMETRIC_REPRESENTATION_CONTEXT(2) 
PARAMETRIC_REPRESENTATION_CONTEXT() REPRESENTATION_CONTEXT('2D SPACE',''
  ) );
#1895 = PCURVE('',#1155,#1896);
#1896 = DEFINITIONAL_REPRESENTATION('',(#1897),#1920);
#1897 = B_SPLINE_CURVE_WITH_KNOTS('',6,(#1898,#1899,#1900,#1901,#1902,
    #1903,#1904,#1905,#1906,#1907,#1908,#1909,#1910,#1911,#1912,#1913,
    #1914,#1915,#1916,#1917,#1918,#1919),.UNSPECIFIED.,.F.,.F.,(7,5,5,5,
    7),(0.,0.289456088271,0.547761485583,0.782874622228,1.),
  .UNSPECIFIED.);
#1898 = CARTESIAN_POINT('',(1.131370849898,0.580220431718));
#1899 = CARTESIAN_POINT('',(1.080237907075,0.664135261191));
#1900 = CARTESIAN_POINT('',(1.028747493611,0.748636739497));
#1901 = CARTESIAN_POINT('',(0.976903093713,0.83371914987));
#1902 = CARTESIAN_POINT('',(0.924691237482,0.919404597627));
#1903 = CARTESIAN_POINT('',(0.872094452705,1.005721756258));
#1904 = CARTESIAN_POINT('',(0.771832351292,1.170262987477));
#1905 = CARTESIAN_POINT('',(0.724238032455,1.248370544775));
#1906 = CARTESIAN_POINT('',(0.676329776583,1.326993307469));
#1907 = CARTESIAN_POINT('',(0.628096558568,1.406149368838));
#1908 = CARTESIAN_POINT('',(0.579524857644,1.485860917969));
#1909 = CARTESIAN_POINT('',(0.486092615933,1.639193590453));
#1910 = CARTESIAN_POINT('',(0.441285057122,1.712727764535));
#1911 = CARTESIAN_POINT('',(0.396189479824,1.786734608816));
#1912 = CARTESIAN_POINT('',(0.350796706956,1.861229184006));
#1913 = CARTESIAN_POINT('',(0.305095673783,1.936229648652));
#1914 = CARTESIAN_POINT('',(0.216592388184,2.081473357504));
#1915 = CARTESIAN_POINT('',(0.17383167525,2.151648430774));
#1916 = CARTESIAN_POINT('',(0.130800268031,2.222267743566));
#1917 = CARTESIAN_POINT('',(8.748993503202E-02,2.29334480469));
#1918 = CARTESIAN_POINT('',(4.389088860449E-02,2.364895676733));
#1919 = CARTESIAN_POINT('',(0.,2.43692549426));
#1920 = ( GEOMETRIC_REPRESENTATION_CONTEXT(2) 
PARAMETRIC_REPRESENTATION_CONTEXT() REPRESENTATION_CONTEXT('2D SPACE',''
  ) );
#1921 = ADVANCED_FACE('',(#1922),#1155,.F.);
#1922 = FACE_BOUND('',#1923,.F.);
#1923 = EDGE_LOOP('',(#1924,#1981,#1982,#1983,#1984,#2041,#2067,#2201,
    #2239,#2296,#2357,#2491,#2529,#2590,#2651,#2712,#2773,#2834,#2968,
    #3029,#3163,#3201,#3262,#3323,#3384,#3445,#3506,#3640,#3701,#3835,
    #3873,#3934,#3995,#4056,#4117,#4178,#4312));
#1924 = ORIENTED_EDGE('',*,*,#1925,.F.);
#1925 = EDGE_CURVE('',#1598,#1926,#1928,.T.);
#1926 = VERTEX_POINT('',#1927);
#1927 = CARTESIAN_POINT('',(-3.344816908528,3.981482117051,
    42.033611001963));
#1928 = SURFACE_CURVE('',#1929,(#1968,#1975),.PCURVE_S1.);
#1929 = B_SPLINE_CURVE_WITH_KNOTS('',10,(#1930,#1931,#1932,#1933,#1934,
    #1935,#1936,#1937,#1938,#1939,#1940,#1941,#1942,#1943,#1944,#1945,
    #1946,#1947,#1948,#1949,#1950,#1951,#1952,#1953,#1954,#1955,#1956,
    #1957,#1958,#1959,#1960,#1961,#1962,#1963,#1964,#1965,#1966,#1967),
  .UNSPECIFIED.,.F.,.F.,(11,9,9,9,11),(0.,6.962644440466,13.925288880933
    ,20.887933321399,27.850577761866),.UNSPECIFIED.);
#1930 = CARTESIAN_POINT('',(5.2,-8.631797642742E-15,40.95));
#1931 = CARTESIAN_POINT('',(5.1999996736,3.267254927378,41.250000124359)
  );
#1932 = CARTESIAN_POINT('',(2.919515879932,6.537145900558,41.54999977783
    ));
#1933 = CARTESIAN_POINT('',(-1.646776599995,7.994425149887,
    41.85000041494));
#1934 = CARTESIAN_POINT('',(-6.86112514114,5.952845535699,
    42.149999680209));
#1935 = CARTESIAN_POINT('',(-9.623219945552,-4.361203094488E-06,
    42.450000104875));
#1936 = CARTESIAN_POINT('',(-6.861127459933,-5.952838738407,
    42.750000223458));
#1937 = CARTESIAN_POINT('',(-1.646774076013,-7.994428206297,
    43.04999975802));
#1938 = CARTESIAN_POINT('',(2.919514540056,-6.537145258435,
    43.350000188027));
#1939 = CARTESIAN_POINT('',(5.200000053534,-3.267254936179,
    43.649999978886));
#1940 = CARTESIAN_POINT('',(5.199999807428,3.267254931702,
    44.250000073732));
#1941 = CARTESIAN_POINT('',(2.919515675711,6.537145893881,44.54999985505
    ));
#1942 = CARTESIAN_POINT('',(-1.64677634715,7.994425158317,
    44.850000319382));
#1943 = CARTESIAN_POINT('',(-6.861125397445,5.952845526966,
    45.149999777049));
#1944 = CARTESIAN_POINT('',(-9.623219733308,-4.353853402759E-06,
    45.450000024669));
#1945 = CARTESIAN_POINT('',(-6.861127601301,-5.95283874332,
    45.750000276913));
#1946 = CARTESIAN_POINT('',(-1.6467740031,-7.994428203796,
    46.049999730425));
#1947 = CARTESIAN_POINT('',(2.91951451355,-6.537145259318,
    46.350000198064));
#1948 = CARTESIAN_POINT('',(5.200000058242,-3.267254936029,
    46.649999977106));
#1949 = CARTESIAN_POINT('',(5.199999805147,3.267254931625,
    47.250000074583));
#1950 = CARTESIAN_POINT('',(2.919515679217,6.537145894079,
    47.549999853785));
#1951 = CARTESIAN_POINT('',(-1.64677635189,7.994425157875,
    47.850000321051));
#1952 = CARTESIAN_POINT('',(-6.861125391506,5.952845527688,
    48.149999774942));
#1953 = CARTESIAN_POINT('',(-9.623219740176,-4.354693258525E-06,
    48.450000027193));
#1954 = CARTESIAN_POINT('',(-6.861127594312,-5.952838742618,
    48.750000274255));
#1955 = CARTESIAN_POINT('',(-1.646774009073,-7.994428204223,
    49.049999732742));
#1956 = CARTESIAN_POINT('',(2.919514517745,-6.53714525912,
    49.350000196433));
#1957 = CARTESIAN_POINT('',(5.200000055832,-3.26725493611,
    49.649999978036));
#1958 = CARTESIAN_POINT('',(5.199999809811,3.267254931776,
    50.250000072794));
#1959 = CARTESIAN_POINT('',(2.919515653214,6.537145893237,
    50.549999863747));
#1960 = CARTESIAN_POINT('',(-1.646776280226,7.994425160203,
    50.850000293592));
#1961 = CARTESIAN_POINT('',(-6.86112553092,5.952845523142,
    51.149999828372));
#1962 = CARTESIAN_POINT('',(-9.623219530286,-4.347833384796E-06,
    51.44999994673));
#1963 = CARTESIAN_POINT('',(-6.861127848112,-5.952838750922,
    51.750000371571));
#1964 = CARTESIAN_POINT('',(-1.646773758733,-7.994428196031,
    52.049999636739));
#1965 = CARTESIAN_POINT('',(2.919514315775,-6.537145265727,
    52.350000273892));
#1966 = CARTESIAN_POINT('',(5.200000187992,-3.267254931788,
    52.649999927348));
#1967 = CARTESIAN_POINT('',(5.199999864255,-4.408790215815E-09,
    52.950000051712));
#1968 = PCURVE('',#1155,#1969);
#1969 = DEFINITIONAL_REPRESENTATION('',(#1970),#1974);
#1970 = LINE('',#1971,#1972);
#1971 = CARTESIAN_POINT('',(0.,0.));
#1972 = VECTOR('',#1973,1.);
#1973 = DIRECTION('',(0.,1.));
#1974 = ( GEOMETRIC_REPRESENTATION_CONTEXT(2) 
PARAMETRIC_REPRESENTATION_CONTEXT() REPRESENTATION_CONTEXT('2D SPACE',''
  ) );
#1975 = PCURVE('',#1711,#1976);
#1976 = DEFINITIONAL_REPRESENTATION('',(#1977),#1980);
#1977 = B_SPLINE_CURVE_WITH_KNOTS('',1,(#1978,#1979),.UNSPECIFIED.,.F.,
  .F.,(2,2),(0.,27.850577761866),.PIECEWISE_BEZIER_KNOTS.);
#1978 = CARTESIAN_POINT('',(2.1,0.));
#1979 = CARTESIAN_POINT('',(2.1,27.850577761866));
#1980 = ( GEOMETRIC_REPRESENTATION_CONTEXT(2) 
PARAMETRIC_REPRESENTATION_CONTEXT() REPRESENTATION_CONTEXT('2D SPACE',''
  ) );
#1981 = ORIENTED_EDGE('',*,*,#1844,.F.);
#1982 = ORIENTED_EDGE('',*,*,#1127,.F.);
#1983 = ORIENTED_EDGE('',*,*,#1304,.T.);
#1984 = ORIENTED_EDGE('',*,*,#1985,.T.);
#1985 = EDGE_CURVE('',#1305,#1986,#1988,.T.);
#1986 = VERTEX_POINT('',#1987);
#1987 = CARTESIAN_POINT('',(5.99999996768,4.409091737864E-09,
    53.749999948288));
#1988 = SURFACE_CURVE('',#1989,(#2028,#2035),.PCURVE_S1.);
#1989 = B_SPLINE_CURVE_WITH_KNOTS('',10,(#1990,#1991,#1992,#1993,#1994,
    #1995,#1996,#1997,#1998,#1999,#2000,#2001,#2002,#2003,#2004,#2005,
    #2006,#2007,#2008,#2009,#2010,#2011,#2012,#2013,#2014,#2015,#2016,
    #2017,#2018,#2019,#2020,#2021,#2022,#2023,#2024,#2025,#2026,#2027),
  .UNSPECIFIED.,.F.,.F.,(11,9,9,9,11),(0.,6.962644440466,13.925288880933
    ,20.887933321399,27.850577761866),.UNSPECIFIED.);
#1990 = CARTESIAN_POINT('',(6.,1.732111382705E-15,41.75));
#1991 = CARTESIAN_POINT('',(5.999999922228,3.769912563863,
    42.049999875639));
#1992 = CARTESIAN_POINT('',(3.36867197712,7.542849037758,42.350000222179
    ));
#1993 = CARTESIAN_POINT('',(-1.900128049832,9.224358737163,
    42.649999585031));
#1994 = CARTESIAN_POINT('',(-7.916678518832,6.868646975591,
    42.950000319849));
#1995 = CARTESIAN_POINT('',(-11.10372258542,-1.035084250905E-06,
    43.249999895044));
#1996 = CARTESIAN_POINT('',(-7.916679063735,-6.86864538003,
    43.549999776623));
#1997 = CARTESIAN_POINT('',(-1.900127441964,-9.224359453802,
    43.85000024192));
#1998 = CARTESIAN_POINT('',(3.368671666416,-7.542848890873,
    44.149999812007));
#1999 = CARTESIAN_POINT('',(6.000000015066,-3.769912555059,
    44.450000021099));
#2000 = CARTESIAN_POINT('',(5.999999952982,3.769912559547,
    45.049999926294));
#2001 = CARTESIAN_POINT('',(3.368671930187,7.542849044324,
    45.350000144828));
#2002 = CARTESIAN_POINT('',(-1.90012799172,9.224358729073,
    45.649999680868));
#2003 = CARTESIAN_POINT('',(-7.91667857775,6.86864698375,45.950000222655
    ));
#2004 = CARTESIAN_POINT('',(-11.10372253662,-1.041817791746E-06,
    46.249999975524));
#2005 = CARTESIAN_POINT('',(-7.916679096246,-6.868645375544,
    46.549999723056));
#2006 = CARTESIAN_POINT('',(-1.900127425194,-9.224359456126,
    46.850000269519));
#2007 = CARTESIAN_POINT('',(3.368671660318,-7.54284889002,
    47.149999801981));
#2008 = CARTESIAN_POINT('',(6.000000016148,-3.769912555212,
    47.450000022884));
#2009 = CARTESIAN_POINT('',(5.999999952457,3.76991255962,48.049999925417
    ));
#2010 = CARTESIAN_POINT('',(3.368671931,7.542849044231,48.350000146237)
  );
#2011 = CARTESIAN_POINT('',(-1.900127992834,9.224358729157,
    48.649999678892));
#2012 = CARTESIAN_POINT('',(-7.91667857633,6.86864698368,48.950000225137
    ));
#2013 = CARTESIAN_POINT('',(-11.10372253829,-1.041734149695E-06,
    49.249999972744));
#2014 = CARTESIAN_POINT('',(-7.916679094539,-6.868645375668,
    49.549999725772));
#2015 = CARTESIAN_POINT('',(-1.900127426657,-9.22435945598,
    49.850000267258));
#2016 = CARTESIAN_POINT('',(3.368671661348,-7.542848890146,
    50.149999803561));
#2017 = CARTESIAN_POINT('',(6.000000015555,-3.769912555133,
    50.450000021966));
#2018 = CARTESIAN_POINT('',(5.999999953606,3.769912559467,
    51.049999927205));
#2019 = CARTESIAN_POINT('',(3.368671924592,7.542849045083,
    51.350000136255));
#2020 = CARTESIAN_POINT('',(-1.900127975173,9.224358726811,
    51.649999706406));
#2021 = CARTESIAN_POINT('',(-7.916678610689,6.868646988242,
    51.950000171621));
#2022 = CARTESIAN_POINT('',(-11.10372248656,-1.04860086366E-06,
    52.250000053294));
#2023 = CARTESIAN_POINT('',(-7.916679157094,-6.868645367366,
    52.549999628393));
#2024 = CARTESIAN_POINT('',(-1.900127364953,-9.224359464168,
    52.850000363293));
#2025 = CARTESIAN_POINT('',(3.368671611565,-7.542848883541,
    53.14999972609));
#2026 = CARTESIAN_POINT('',(6.000000048132,-3.769912559455,
    53.450000072657));
#2027 = CARTESIAN_POINT('',(5.99999996768,4.40908846115E-09,
    53.749999948288));
#2028 = PCURVE('',#1155,#2029);
#2029 = DEFINITIONAL_REPRESENTATION('',(#2030),#2034);
#2030 = LINE('',#2031,#2032);
#2031 = CARTESIAN_POINT('',(1.131370849898,0.));
#2032 = VECTOR('',#2033,1.);
#2033 = DIRECTION('',(0.,1.));
#2034 = ( GEOMETRIC_REPRESENTATION_CONTEXT(2) 
PARAMETRIC_REPRESENTATION_CONTEXT() REPRESENTATION_CONTEXT('2D SPACE',''
  ) );
#2035 = PCURVE('',#1339,#2036);
#2036 = DEFINITIONAL_REPRESENTATION('',(#2037),#2040);
#2037 = B_SPLINE_CURVE_WITH_KNOTS('',1,(#2038,#2039),.UNSPECIFIED.,.F.,
  .F.,(2,2),(0.,27.850577761866),.PIECEWISE_BEZIER_KNOTS.);
#2038 = CARTESIAN_POINT('',(0.,0.));
#2039 = CARTESIAN_POINT('',(0.,27.850577761866));
#2040 = ( GEOMETRIC_REPRESENTATION_CONTEXT(2) 
PARAMETRIC_REPRESENTATION_CONTEXT() REPRESENTATION_CONTEXT('2D SPACE',''
  ) );
#2041 = ORIENTED_EDGE('',*,*,#2042,.F.);
#2042 = EDGE_CURVE('',#2043,#1986,#2045,.T.);
#2043 = VERTEX_POINT('',#2044);
#2044 = CARTESIAN_POINT('',(5.199999864255,-4.408783459548E-09,
    52.950000051712));
#2045 = SURFACE_CURVE('',#2046,(#2049,#2056),.PCURVE_S1.);
#2046 = B_SPLINE_CURVE_WITH_KNOTS('',1,(#2047,#2048),.UNSPECIFIED.,.F.,
  .F.,(2,2),(0.,1.131370849898),.PIECEWISE_BEZIER_KNOTS.);
#2047 = CARTESIAN_POINT('',(5.199999864255,-4.408790215815E-09,
    52.950000051712));
#2048 = CARTESIAN_POINT('',(5.99999996768,4.40908846115E-09,
    53.749999948288));
#2049 = PCURVE('',#1155,#2050);
#2050 = DEFINITIONAL_REPRESENTATION('',(#2051),#2055);
#2051 = LINE('',#2052,#2053);
#2052 = CARTESIAN_POINT('',(0.,27.850577761866));
#2053 = VECTOR('',#2054,1.);
#2054 = DIRECTION('',(1.,0.));
#2055 = ( GEOMETRIC_REPRESENTATION_CONTEXT(2) 
PARAMETRIC_REPRESENTATION_CONTEXT() REPRESENTATION_CONTEXT('2D SPACE',''
  ) );
#2056 = PCURVE('',#2057,#2062);
#2057 = PLANE('',#2058);
#2058 = AXIS2_PLACEMENT_3D('',#2059,#2060,#2061);
#2059 = CARTESIAN_POINT('',(5.468387004799,-1.4507312589E-09,
    54.000000017015));
#2060 = DIRECTION('',(1.102259151701E-08,-1.,-2.550334252504E-13));
#2061 = DIRECTION('',(-1.,-1.102259151701E-08,-4.842602904075E-38));
#2062 = DEFINITIONAL_REPRESENTATION('',(#2063),#2066);
#2063 = B_SPLINE_CURVE_WITH_KNOTS('',1,(#2064,#2065),.UNSPECIFIED.,.F.,
  .F.,(2,2),(0.,1.131370849898),.PIECEWISE_BEZIER_KNOTS.);
#2064 = CARTESIAN_POINT('',(0.268387140543,1.049999965303));
#2065 = CARTESIAN_POINT('',(-0.531612962881,0.250000068727));
#2066 = ( GEOMETRIC_REPRESENTATION_CONTEXT(2) 
PARAMETRIC_REPRESENTATION_CONTEXT() REPRESENTATION_CONTEXT('2D SPACE',''
  ) );
#2067 = ORIENTED_EDGE('',*,*,#2068,.F.);
#2068 = EDGE_CURVE('',#2069,#2043,#2071,.T.);
#2069 = VERTEX_POINT('',#2070);
#2070 = CARTESIAN_POINT('',(4.063140715733,-3.245132897777,
    52.628221218428));
#2071 = SURFACE_CURVE('',#2072,(#2111,#2118),.PCURVE_S1.);
#2072 = B_SPLINE_CURVE_WITH_KNOTS('',10,(#2073,#2074,#2075,#2076,#2077,
    #2078,#2079,#2080,#2081,#2082,#2083,#2084,#2085,#2086,#2087,#2088,
    #2089,#2090,#2091,#2092,#2093,#2094,#2095,#2096,#2097,#2098,#2099,
    #2100,#2101,#2102,#2103,#2104,#2105,#2106,#2107,#2108,#2109,#2110),
  .UNSPECIFIED.,.F.,.F.,(11,9,9,9,11),(0.,6.962644440466,13.925288880933
    ,20.887933321399,27.850577761866),.UNSPECIFIED.);
#2073 = CARTESIAN_POINT('',(5.2,-8.631797642742E-15,40.95));
#2074 = CARTESIAN_POINT('',(5.1999996736,3.267254927378,41.250000124359)
  );
#2075 = CARTESIAN_POINT('',(2.919515879932,6.537145900558,41.54999977783
    ));
#2076 = CARTESIAN_POINT('',(-1.646776599995,7.994425149887,
    41.85000041494));
#2077 = CARTESIAN_POINT('',(-6.86112514114,5.952845535699,
    42.149999680209));
#2078 = CARTESIAN_POINT('',(-9.623219945552,-4.361203094488E-06,
    42.450000104875));
#2079 = CARTESIAN_POINT('',(-6.861127459933,-5.952838738407,
    42.750000223458));
#2080 = CARTESIAN_POINT('',(-1.646774076013,-7.994428206297,
    43.04999975802));
#2081 = CARTESIAN_POINT('',(2.919514540056,-6.537145258435,
    43.350000188027));
#2082 = CARTESIAN_POINT('',(5.200000053534,-3.267254936179,
    43.649999978886));
#2083 = CARTESIAN_POINT('',(5.199999807428,3.267254931702,
    44.250000073732));
#2084 = CARTESIAN_POINT('',(2.919515675711,6.537145893881,44.54999985505
    ));
#2085 = CARTESIAN_POINT('',(-1.64677634715,7.994425158317,
    44.850000319382));
#2086 = CARTESIAN_POINT('',(-6.861125397445,5.952845526966,
    45.149999777049));
#2087 = CARTESIAN_POINT('',(-9.623219733308,-4.353853402759E-06,
    45.450000024669));
#2088 = CARTESIAN_POINT('',(-6.861127601301,-5.95283874332,
    45.750000276913));
#2089 = CARTESIAN_POINT('',(-1.6467740031,-7.994428203796,
    46.049999730425));
#2090 = CARTESIAN_POINT('',(2.91951451355,-6.537145259318,
    46.350000198064));
#2091 = CARTESIAN_POINT('',(5.200000058242,-3.267254936029,
    46.649999977106));
#2092 = CARTESIAN_POINT('',(5.199999805147,3.267254931625,
    47.250000074583));
#2093 = CARTESIAN_POINT('',(2.919515679217,6.537145894079,
    47.549999853785));
#2094 = CARTESIAN_POINT('',(-1.64677635189,7.994425157875,
    47.850000321051));
#2095 = CARTESIAN_POINT('',(-6.861125391506,5.952845527688,
    48.149999774942));
#2096 = CARTESIAN_POINT('',(-9.623219740176,-4.354693258525E-06,
    48.450000027193));
#2097 = CARTESIAN_POINT('',(-6.861127594312,-5.952838742618,
    48.750000274255));
#2098 = CARTESIAN_POINT('',(-1.646774009073,-7.994428204223,
    49.049999732742));
#2099 = CARTESIAN_POINT('',(2.919514517745,-6.53714525912,
    49.350000196433));
#2100 = CARTESIAN_POINT('',(5.200000055832,-3.26725493611,
    49.649999978036));
#2101 = CARTESIAN_POINT('',(5.199999809811,3.267254931776,
    50.250000072794));
#2102 = CARTESIAN_POINT('',(2.919515653214,6.537145893237,
    50.549999863747));
#2103 = CARTESIAN_POINT('',(-1.646776280226,7.994425160203,
    50.850000293592));
#2104 = CARTESIAN_POINT('',(-6.86112553092,5.952845523142,
    51.149999828372));
#2105 = CARTESIAN_POINT('',(-9.623219530286,-4.347833384796E-06,
    51.44999994673));
#2106 = CARTESIAN_POINT('',(-6.861127848112,-5.952838750922,
    51.750000371571));
#2107 = CARTESIAN_POINT('',(-1.646773758733,-7.994428196031,
    52.049999636739));
#2108 = CARTESIAN_POINT('',(2.919514315775,-6.537145265727,
    52.350000273892));
#2109 = CARTESIAN_POINT('',(5.200000187992,-3.267254931788,
    52.649999927348));
#2110 = CARTESIAN_POINT('',(5.199999864255,-4.408790215815E-09,
    52.950000051712));
#2111 = PCURVE('',#1155,#2112);
#2112 = DEFINITIONAL_REPRESENTATION('',(#2113),#2117);
#2113 = LINE('',#2114,#2115);
#2114 = CARTESIAN_POINT('',(0.,0.));
#2115 = VECTOR('',#2116,1.);
#2116 = DIRECTION('',(0.,1.));
#2117 = ( GEOMETRIC_REPRESENTATION_CONTEXT(2) 
PARAMETRIC_REPRESENTATION_CONTEXT() REPRESENTATION_CONTEXT('2D SPACE',''
  ) );
#2118 = PCURVE('',#2119,#2196);
#2119 = B_SPLINE_SURFACE_WITH_KNOTS('',1,10,(
    (#2120,#2121,#2122,#2123,#2124,#2125,#2126,#2127,#2128,#2129,#2130
      ,#2131,#2132,#2133,#2134,#2135,#2136,#2137,#2138,#2139,#2140,#2141
      ,#2142,#2143,#2144,#2145,#2146,#2147,#2148,#2149,#2150,#2151,#2152
      ,#2153,#2154,#2155,#2156,#2157)
    ,(#2158,#2159,#2160,#2161,#2162,#2163,#2164,#2165,#2166,#2167,#2168
      ,#2169,#2170,#2171,#2172,#2173,#2174,#2175,#2176,#2177,#2178,#2179
      ,#2180,#2181,#2182,#2183,#2184,#2185,#2186,#2187,#2188,#2189,#2190
      ,#2191,#2192,#2193,#2194,#2195
    )),.UNSPECIFIED.,.F.,.F.,.F.,(2,2),(11,9,9,9,11),(0.,2.1),(0.,
    6.962644440466,13.925288880933,20.887933321399,27.850577761866),
  .UNSPECIFIED.);
#2120 = CARTESIAN_POINT('',(5.2,1.51936921538E-15,43.05));
#2121 = CARTESIAN_POINT('',(5.200000326493,3.267255012668,43.35000012436
    ));
#2122 = CARTESIAN_POINT('',(2.919514397561,6.537145433903,
    43.649999777827));
#2123 = CARTESIAN_POINT('',(-1.64677379502,7.994428406087,
    43.950000414948));
#2124 = CARTESIAN_POINT('',(-6.861128022024,5.952838912208,
    44.249999680196));
#2125 = CARTESIAN_POINT('',(-9.623219781698,4.355872835956E-06,
    44.550000104892));
#2126 = CARTESIAN_POINT('',(-6.861125714847,-5.952845672594,
    44.850000223442));
#2127 = CARTESIAN_POINT('',(-1.646776330181,-7.994425367577,
    45.14999975803));
#2128 = CARTESIAN_POINT('',(2.919515724006,-6.537146066328,
    45.450000188022));
#2129 = CARTESIAN_POINT('',(5.199999942721,-3.267255021476,
    45.749999978886));
#2130 = CARTESIAN_POINT('',(5.200000194456,3.267255016984,
    46.350000073731));
#2131 = CARTESIAN_POINT('',(2.919514599061,6.537145427383,
    46.649999855049));
#2132 = CARTESIAN_POINT('',(-1.646774044517,7.994428414014,
    46.950000319384));
#2133 = CARTESIAN_POINT('',(-6.861127769088,5.952838904349,
    47.249999777044));
#2134 = CARTESIAN_POINT('',(-9.623219991174,4.36225766737E-06,
    47.550000024677));
#2135 = CARTESIAN_POINT('',(-6.861125575314,-5.952845676816,
    47.850000276906));
#2136 = CARTESIAN_POINT('',(-1.64677640215,-7.994425365377,
    48.149999730431));
#2137 = CARTESIAN_POINT('',(2.919515750169,-6.537146067152,
    48.450000198062));
#2138 = CARTESIAN_POINT('',(5.199999938073,-3.267255021322,
    48.749999977107));
#2139 = CARTESIAN_POINT('',(5.20000019671,3.267255016911,49.350000074583
    ));
#2140 = CARTESIAN_POINT('',(2.919514595574,6.537145427427,
    49.649999853784));
#2141 = CARTESIAN_POINT('',(-1.646774039761,7.994428414114,
    49.950000321054));
#2142 = CARTESIAN_POINT('',(-6.861127775093,5.95283890406,
    50.249999774936));
#2143 = CARTESIAN_POINT('',(-9.623219984204,4.362613873876E-06,
    50.550000027199));
#2144 = CARTESIAN_POINT('',(-6.861125582403,-5.952845677048,
    50.850000274248));
#2145 = CARTESIAN_POINT('',(-1.6467763961,-7.994425365339,
    51.149999732746));
#2146 = CARTESIAN_POINT('',(2.919515745924,-6.537146067079,
    51.450000196431));
#2147 = CARTESIAN_POINT('',(5.199999940513,-3.267255021399,
    51.749999978036));
#2148 = CARTESIAN_POINT('',(5.200000191983,3.267255017065,
    52.350000072794));
#2149 = CARTESIAN_POINT('',(2.919514621931,6.537145426566,
    52.649999863749));
#2150 = CARTESIAN_POINT('',(-1.646774112405,7.994428416476,
    52.950000293588));
#2151 = CARTESIAN_POINT('',(-6.861127633771,5.952838899488,
    53.249999828378));
#2152 = CARTESIAN_POINT('',(-9.623220196965,4.369474966422E-06,
    53.549999946723));
#2153 = CARTESIAN_POINT('',(-6.861125325139,-5.952845685333,
    53.850000371577));
#2154 = CARTESIAN_POINT('',(-1.646776649848,-7.994425357167,
    54.149999636736));
#2155 = CARTESIAN_POINT('',(2.919515950639,-6.537146073677,
    54.450000273893));
#2156 = CARTESIAN_POINT('',(5.199999806559,-3.267255017078,
    54.749999927348));
#2157 = CARTESIAN_POINT('',(5.200000135745,-4.40931743079E-09,
    55.050000051712));
#2158 = CARTESIAN_POINT('',(5.2,-1.682482217683E-15,40.95));
#2159 = CARTESIAN_POINT('',(5.1999996736,3.267254927378,41.250000124359)
  );
#2160 = CARTESIAN_POINT('',(2.919515879932,6.537145900558,41.54999977783
    ));
#2161 = CARTESIAN_POINT('',(-1.646776599995,7.994425149888,
    41.85000041494));
#2162 = CARTESIAN_POINT('',(-6.86112514114,5.952845535698,
    42.149999680209));
#2163 = CARTESIAN_POINT('',(-9.623219945552,-4.361202752408E-06,
    42.450000104875));
#2164 = CARTESIAN_POINT('',(-6.861127459933,-5.952838738407,
    42.750000223458));
#2165 = CARTESIAN_POINT('',(-1.646774076013,-7.994428206297,
    43.04999975802));
#2166 = CARTESIAN_POINT('',(2.919514540056,-6.537145258435,
    43.350000188027));
#2167 = CARTESIAN_POINT('',(5.200000053534,-3.267254936179,
    43.649999978886));
#2168 = CARTESIAN_POINT('',(5.199999807428,3.267254931702,
    44.250000073732));
#2169 = CARTESIAN_POINT('',(2.919515675711,6.537145893881,44.54999985505
    ));
#2170 = CARTESIAN_POINT('',(-1.64677634715,7.994425158318,
    44.850000319382));
#2171 = CARTESIAN_POINT('',(-6.861125397444,5.952845526966,
    45.149999777049));
#2172 = CARTESIAN_POINT('',(-9.623219733308,-4.353853182915E-06,
    45.450000024669));
#2173 = CARTESIAN_POINT('',(-6.8611276013,-5.95283874332,45.750000276913
    ));
#2174 = CARTESIAN_POINT('',(-1.6467740031,-7.994428203796,
    46.049999730425));
#2175 = CARTESIAN_POINT('',(2.91951451355,-6.537145259318,
    46.350000198064));
#2176 = CARTESIAN_POINT('',(5.200000058242,-3.267254936029,
    46.649999977106));
#2177 = CARTESIAN_POINT('',(5.199999805147,3.267254931625,
    47.250000074583));
#2178 = CARTESIAN_POINT('',(2.919515679217,6.537145894079,
    47.549999853785));
#2179 = CARTESIAN_POINT('',(-1.646776351889,7.994425157875,
    47.850000321051));
#2180 = CARTESIAN_POINT('',(-6.861125391507,5.952845527687,
    48.149999774942));
#2181 = CARTESIAN_POINT('',(-9.623219740175,-4.354692597843E-06,
    48.450000027193));
#2182 = CARTESIAN_POINT('',(-6.861127594313,-5.952838742618,
    48.750000274255));
#2183 = CARTESIAN_POINT('',(-1.646774009073,-7.994428204223,
    49.049999732742));
#2184 = CARTESIAN_POINT('',(2.919514517745,-6.53714525912,
    49.350000196433));
#2185 = CARTESIAN_POINT('',(5.200000055832,-3.26725493611,
    49.649999978036));
#2186 = CARTESIAN_POINT('',(5.199999809811,3.267254931776,
    50.250000072794));
#2187 = CARTESIAN_POINT('',(2.919515653215,6.537145893238,
    50.549999863747));
#2188 = CARTESIAN_POINT('',(-1.646776280227,7.994425160202,
    50.850000293592));
#2189 = CARTESIAN_POINT('',(-6.861125530919,5.952845523143,
    51.149999828372));
#2190 = CARTESIAN_POINT('',(-9.623219530287,-4.347834636795E-06,
    51.44999994673));
#2191 = CARTESIAN_POINT('',(-6.861127848111,-5.952838750921,
    51.750000371571));
#2192 = CARTESIAN_POINT('',(-1.646773758734,-7.994428196031,
    52.049999636739));
#2193 = CARTESIAN_POINT('',(2.919514315775,-6.537145265727,
    52.350000273892));
#2194 = CARTESIAN_POINT('',(5.200000187992,-3.267254931788,
    52.649999927348));
#2195 = CARTESIAN_POINT('',(5.199999864255,-4.408783459548E-09,
    52.950000051712));
#2196 = DEFINITIONAL_REPRESENTATION('',(#2197),#2200);
#2197 = B_SPLINE_CURVE_WITH_KNOTS('',1,(#2198,#2199),.UNSPECIFIED.,.F.,
  .F.,(2,2),(0.,27.850577761866),.PIECEWISE_BEZIER_KNOTS.);
#2198 = CARTESIAN_POINT('',(2.1,0.));
#2199 = CARTESIAN_POINT('',(2.1,27.850577761866));
#2200 = ( GEOMETRIC_REPRESENTATION_CONTEXT(2) 
PARAMETRIC_REPRESENTATION_CONTEXT() REPRESENTATION_CONTEXT('2D SPACE',''
  ) );
#2201 = ORIENTED_EDGE('',*,*,#2202,.T.);
#2202 = EDGE_CURVE('',#2069,#2203,#2205,.T.);
#2203 = VERTEX_POINT('',#2204);
#2204 = CARTESIAN_POINT('',(0.880140641714,-5.124973409788,
    52.281205146289));
#2205 = SURFACE_CURVE('',#2206,(#2215,#2227),.PCURVE_S1.);
#2206 = B_SPLINE_CURVE_WITH_KNOTS('',7,(#2207,#2208,#2209,#2210,#2211,
    #2212,#2213,#2214),.UNSPECIFIED.,.F.,.F.,(8,8),(0.,1.),
  .PIECEWISE_BEZIER_KNOTS.);
#2207 = CARTESIAN_POINT('',(4.063140589602,-3.24513305569,52.62822119987
    ));
#2208 = CARTESIAN_POINT('',(3.726262343032,-3.666928912409,
    52.578674555289));
#2209 = CARTESIAN_POINT('',(3.338128005605,-4.048137807738,
    52.529105055229));
#2210 = CARTESIAN_POINT('',(2.904893306533,-4.380874135182,
    52.479550027942));
#2211 = CARTESIAN_POINT('',(2.433932301795,-4.65901615902,
    52.429984755353));
#2212 = CARTESIAN_POINT('',(1.93338087179,-4.877759855087,
    52.380400592962));
#2213 = CARTESIAN_POINT('',(1.412159897225,-5.033606674768,
    52.330790179304));
#2214 = CARTESIAN_POINT('',(0.880141223135,-5.124973309915,
    52.281205200457));
#2215 = PCURVE('',#1155,#2216);
#2216 = DEFINITIONAL_REPRESENTATION('',(#2217),#2226);
#2217 = B_SPLINE_CURVE_WITH_KNOTS('',7,(#2218,#2219,#2220,#2221,#2222,
    #2223,#2224,#2225),.UNSPECIFIED.,.F.,.F.,(8,8),(0.,1.),
  .PIECEWISE_BEZIER_KNOTS.);
#2218 = CARTESIAN_POINT('',(0.,27.10376724232));
#2219 = CARTESIAN_POINT('',(2.984496712064E-05,26.98872637155));
#2220 = CARTESIAN_POINT('',(6.206322988738E-05,26.873628561817));
#2221 = CARTESIAN_POINT('',(8.319418159165E-05,26.75858253876));
#2222 = CARTESIAN_POINT('',(7.955942184197E-05,26.643553381868));
#2223 = CARTESIAN_POINT('',(5.763210984088E-05,26.528510404493));
#2224 = CARTESIAN_POINT('',(2.824715606224E-05,26.413418739783));
#2225 = CARTESIAN_POINT('',(0.,26.298384238675));
#2226 = ( GEOMETRIC_REPRESENTATION_CONTEXT(2) 
PARAMETRIC_REPRESENTATION_CONTEXT() REPRESENTATION_CONTEXT('2D SPACE',''
  ) );
#2227 = PCURVE('',#1537,#2228);
#2228 = DEFINITIONAL_REPRESENTATION('',(#2229),#2238);
#2229 = B_SPLINE_CURVE_WITH_KNOTS('',7,(#2230,#2231,#2232,#2233,#2234,
    #2235,#2236,#2237),.UNSPECIFIED.,.F.,.F.,(8,8),(0.,1.),
  .PIECEWISE_BEZIER_KNOTS.);
#2230 = CARTESIAN_POINT('',(-5.609252176229,-10.62822119987));
#2231 = CARTESIAN_POINT('',(-5.505441872987,-10.57867455528));
#2232 = CARTESIAN_POINT('',(-5.401578935316,-10.52910505522));
#2233 = CARTESIAN_POINT('',(-5.297759976472,-10.47955002794));
#2234 = CARTESIAN_POINT('',(-5.193954224386,-10.42998475535));
#2235 = CARTESIAN_POINT('',(-5.090136110485,-10.38040059296));
#2236 = CARTESIAN_POINT('',(-4.986274727157,-10.3307901793));
#2237 = CARTESIAN_POINT('',(-4.882465664764,-10.28120520045));
#2238 = ( GEOMETRIC_REPRESENTATION_CONTEXT(2) 
PARAMETRIC_REPRESENTATION_CONTEXT() REPRESENTATION_CONTEXT('2D SPACE',''
  ) );
#2239 = ORIENTED_EDGE('',*,*,#2240,.F.);
#2240 = EDGE_CURVE('',#2241,#2203,#2243,.T.);
#2241 = VERTEX_POINT('',#2242);
#2242 = CARTESIAN_POINT('',(-3.344563429511,-3.981695049345,
    51.866419448178));
#2243 = SURFACE_CURVE('',#2244,(#2283,#2290),.PCURVE_S1.);
#2244 = B_SPLINE_CURVE_WITH_KNOTS('',10,(#2245,#2246,#2247,#2248,#2249,
    #2250,#2251,#2252,#2253,#2254,#2255,#2256,#2257,#2258,#2259,#2260,
    #2261,#2262,#2263,#2264,#2265,#2266,#2267,#2268,#2269,#2270,#2271,
    #2272,#2273,#2274,#2275,#2276,#2277,#2278,#2279,#2280,#2281,#2282),
  .UNSPECIFIED.,.F.,.F.,(11,9,9,9,11),(0.,6.962644440466,13.925288880933
    ,20.887933321399,27.850577761866),.UNSPECIFIED.);
#2245 = CARTESIAN_POINT('',(5.2,-8.631797642742E-15,40.95));
#2246 = CARTESIAN_POINT('',(5.1999996736,3.267254927378,41.250000124359)
  );
#2247 = CARTESIAN_POINT('',(2.919515879932,6.537145900558,41.54999977783
    ));
#2248 = CARTESIAN_POINT('',(-1.646776599995,7.994425149887,
    41.85000041494));
#2249 = CARTESIAN_POINT('',(-6.86112514114,5.952845535699,
    42.149999680209));
#2250 = CARTESIAN_POINT('',(-9.623219945552,-4.361203094488E-06,
    42.450000104875));
#2251 = CARTESIAN_POINT('',(-6.861127459933,-5.952838738407,
    42.750000223458));
#2252 = CARTESIAN_POINT('',(-1.646774076013,-7.994428206297,
    43.04999975802));
#2253 = CARTESIAN_POINT('',(2.919514540056,-6.537145258435,
    43.350000188027));
#2254 = CARTESIAN_POINT('',(5.200000053534,-3.267254936179,
    43.649999978886));
#2255 = CARTESIAN_POINT('',(5.199999807428,3.267254931702,
    44.250000073732));
#2256 = CARTESIAN_POINT('',(2.919515675711,6.537145893881,44.54999985505
    ));
#2257 = CARTESIAN_POINT('',(-1.64677634715,7.994425158317,
    44.850000319382));
#2258 = CARTESIAN_POINT('',(-6.861125397445,5.952845526966,
    45.149999777049));
#2259 = CARTESIAN_POINT('',(-9.623219733308,-4.353853402759E-06,
    45.450000024669));
#2260 = CARTESIAN_POINT('',(-6.861127601301,-5.95283874332,
    45.750000276913));
#2261 = CARTESIAN_POINT('',(-1.6467740031,-7.994428203796,
    46.049999730425));
#2262 = CARTESIAN_POINT('',(2.91951451355,-6.537145259318,
    46.350000198064));
#2263 = CARTESIAN_POINT('',(5.200000058242,-3.267254936029,
    46.649999977106));
#2264 = CARTESIAN_POINT('',(5.199999805147,3.267254931625,
    47.250000074583));
#2265 = CARTESIAN_POINT('',(2.919515679217,6.537145894079,
    47.549999853785));
#2266 = CARTESIAN_POINT('',(-1.64677635189,7.994425157875,
    47.850000321051));
#2267 = CARTESIAN_POINT('',(-6.861125391506,5.952845527688,
    48.149999774942));
#2268 = CARTESIAN_POINT('',(-9.623219740176,-4.354693258525E-06,
    48.450000027193));
#2269 = CARTESIAN_POINT('',(-6.861127594312,-5.952838742618,
    48.750000274255));
#2270 = CARTESIAN_POINT('',(-1.646774009073,-7.994428204223,
    49.049999732742));
#2271 = CARTESIAN_POINT('',(2.919514517745,-6.53714525912,
    49.350000196433));
#2272 = CARTESIAN_POINT('',(5.200000055832,-3.26725493611,
    49.649999978036));
#2273 = CARTESIAN_POINT('',(5.199999809811,3.267254931776,
    50.250000072794));
#2274 = CARTESIAN_POINT('',(2.919515653214,6.537145893237,
    50.549999863747));
#2275 = CARTESIAN_POINT('',(-1.646776280226,7.994425160203,
    50.850000293592));
#2276 = CARTESIAN_POINT('',(-6.86112553092,5.952845523142,
    51.149999828372));
#2277 = CARTESIAN_POINT('',(-9.623219530286,-4.347833384796E-06,
    51.44999994673));
#2278 = CARTESIAN_POINT('',(-6.861127848112,-5.952838750922,
    51.750000371571));
#2279 = CARTESIAN_POINT('',(-1.646773758733,-7.994428196031,
    52.049999636739));
#2280 = CARTESIAN_POINT('',(2.919514315775,-6.537145265727,
    52.350000273892));
#2281 = CARTESIAN_POINT('',(5.200000187992,-3.267254931788,
    52.649999927348));
#2282 = CARTESIAN_POINT('',(5.199999864255,-4.408790215815E-09,
    52.950000051712));
#2283 = PCURVE('',#1155,#2284);
#2284 = DEFINITIONAL_REPRESENTATION('',(#2285),#2289);
#2285 = LINE('',#2286,#2287);
#2286 = CARTESIAN_POINT('',(0.,0.));
#2287 = VECTOR('',#2288,1.);
#2288 = DIRECTION('',(0.,1.));
#2289 = ( GEOMETRIC_REPRESENTATION_CONTEXT(2) 
PARAMETRIC_REPRESENTATION_CONTEXT() REPRESENTATION_CONTEXT('2D SPACE',''
  ) );
#2290 = PCURVE('',#2119,#2291);
#2291 = DEFINITIONAL_REPRESENTATION('',(#2292),#2295);
#2292 = B_SPLINE_CURVE_WITH_KNOTS('',1,(#2293,#2294),.UNSPECIFIED.,.F.,
  .F.,(2,2),(0.,27.850577761866),.PIECEWISE_BEZIER_KNOTS.);
#2293 = CARTESIAN_POINT('',(2.1,0.));
#2294 = CARTESIAN_POINT('',(2.1,27.850577761866));
#2295 = ( GEOMETRIC_REPRESENTATION_CONTEXT(2) 
PARAMETRIC_REPRESENTATION_CONTEXT() REPRESENTATION_CONTEXT('2D SPACE',''
  ) );
#2296 = ORIENTED_EDGE('',*,*,#2297,.F.);
#2297 = EDGE_CURVE('',#2298,#2241,#2300,.T.);
#2298 = VERTEX_POINT('',#2299);
#2299 = CARTESIAN_POINT('',(-3.344816610229,3.98148236765,
    51.033610966187));
#2300 = SURFACE_CURVE('',#2301,(#2340,#2347),.PCURVE_S1.);
#2301 = B_SPLINE_CURVE_WITH_KNOTS('',10,(#2302,#2303,#2304,#2305,#2306,
    #2307,#2308,#2309,#2310,#2311,#2312,#2313,#2314,#2315,#2316,#2317,
    #2318,#2319,#2320,#2321,#2322,#2323,#2324,#2325,#2326,#2327,#2328,
    #2329,#2330,#2331,#2332,#2333,#2334,#2335,#2336,#2337,#2338,#2339),
  .UNSPECIFIED.,.F.,.F.,(11,9,9,9,11),(0.,6.962644440466,13.925288880933
    ,20.887933321399,27.850577761866),.UNSPECIFIED.);
#2302 = CARTESIAN_POINT('',(5.2,-8.631797642742E-15,40.95));
#2303 = CARTESIAN_POINT('',(5.1999996736,3.267254927378,41.250000124359)
  );
#2304 = CARTESIAN_POINT('',(2.919515879932,6.537145900558,41.54999977783
    ));
#2305 = CARTESIAN_POINT('',(-1.646776599995,7.994425149887,
    41.85000041494));
#2306 = CARTESIAN_POINT('',(-6.86112514114,5.952845535699,
    42.149999680209));
#2307 = CARTESIAN_POINT('',(-9.623219945552,-4.361203094488E-06,
    42.450000104875));
#2308 = CARTESIAN_POINT('',(-6.861127459933,-5.952838738407,
    42.750000223458));
#2309 = CARTESIAN_POINT('',(-1.646774076013,-7.994428206297,
    43.04999975802));
#2310 = CARTESIAN_POINT('',(2.919514540056,-6.537145258435,
    43.350000188027));
#2311 = CARTESIAN_POINT('',(5.200000053534,-3.267254936179,
    43.649999978886));
#2312 = CARTESIAN_POINT('',(5.199999807428,3.267254931702,
    44.250000073732));
#2313 = CARTESIAN_POINT('',(2.919515675711,6.537145893881,44.54999985505
    ));
#2314 = CARTESIAN_POINT('',(-1.64677634715,7.994425158317,
    44.850000319382));
#2315 = CARTESIAN_POINT('',(-6.861125397445,5.952845526966,
    45.149999777049));
#2316 = CARTESIAN_POINT('',(-9.623219733308,-4.353853402759E-06,
    45.450000024669));
#2317 = CARTESIAN_POINT('',(-6.861127601301,-5.95283874332,
    45.750000276913));
#2318 = CARTESIAN_POINT('',(-1.6467740031,-7.994428203796,
    46.049999730425));
#2319 = CARTESIAN_POINT('',(2.91951451355,-6.537145259318,
    46.350000198064));
#2320 = CARTESIAN_POINT('',(5.200000058242,-3.267254936029,
    46.649999977106));
#2321 = CARTESIAN_POINT('',(5.199999805147,3.267254931625,
    47.250000074583));
#2322 = CARTESIAN_POINT('',(2.919515679217,6.537145894079,
    47.549999853785));
#2323 = CARTESIAN_POINT('',(-1.64677635189,7.994425157875,
    47.850000321051));
#2324 = CARTESIAN_POINT('',(-6.861125391506,5.952845527688,
    48.149999774942));
#2325 = CARTESIAN_POINT('',(-9.623219740176,-4.354693258525E-06,
    48.450000027193));
#2326 = CARTESIAN_POINT('',(-6.861127594312,-5.952838742618,
    48.750000274255));
#2327 = CARTESIAN_POINT('',(-1.646774009073,-7.994428204223,
    49.049999732742));
#2328 = CARTESIAN_POINT('',(2.919514517745,-6.53714525912,
    49.350000196433));
#2329 = CARTESIAN_POINT('',(5.200000055832,-3.26725493611,
    49.649999978036));
#2330 = CARTESIAN_POINT('',(5.199999809811,3.267254931776,
    50.250000072794));
#2331 = CARTESIAN_POINT('',(2.919515653214,6.537145893237,
    50.549999863747));
#2332 = CARTESIAN_POINT('',(-1.646776280226,7.994425160203,
    50.850000293592));
#2333 = CARTESIAN_POINT('',(-6.86112553092,5.952845523142,
    51.149999828372));
#2334 = CARTESIAN_POINT('',(-9.623219530286,-4.347833384796E-06,
    51.44999994673));
#2335 = CARTESIAN_POINT('',(-6.861127848112,-5.952838750922,
    51.750000371571));
#2336 = CARTESIAN_POINT('',(-1.646773758733,-7.994428196031,
    52.049999636739));
#2337 = CARTESIAN_POINT('',(2.919514315775,-6.537145265727,
    52.350000273892));
#2338 = CARTESIAN_POINT('',(5.200000187992,-3.267254931788,
    52.649999927348));
#2339 = CARTESIAN_POINT('',(5.199999864255,-4.408790215815E-09,
    52.950000051712));
#2340 = PCURVE('',#1155,#2341);
#2341 = DEFINITIONAL_REPRESENTATION('',(#2342),#2346);
#2342 = LINE('',#2343,#2344);
#2343 = CARTESIAN_POINT('',(0.,0.));
#2344 = VECTOR('',#2345,1.);
#2345 = DIRECTION('',(0.,1.));
#2346 = ( GEOMETRIC_REPRESENTATION_CONTEXT(2) 
PARAMETRIC_REPRESENTATION_CONTEXT() REPRESENTATION_CONTEXT('2D SPACE',''
  ) );
#2347 = PCURVE('',#1537,#2348);
#2348 = DEFINITIONAL_REPRESENTATION('',(#2349),#2356);
#2349 = B_SPLINE_CURVE_WITH_KNOTS('',5,(#2350,#2351,#2352,#2353,#2354,
    #2355),.UNSPECIFIED.,.F.,.F.,(6,6),(23.4028658853,25.335715666097),
  .PIECEWISE_BEZIER_KNOTS.);
#2350 = CARTESIAN_POINT('',(-2.269510843666,-9.033610966187));
#2351 = CARTESIAN_POINT('',(-2.618364025734,-9.200172661068));
#2352 = CARTESIAN_POINT('',(-2.967225251848,-9.366734356583));
#2353 = CARTESIAN_POINT('',(-3.316023651514,-9.533296057789));
#2354 = CARTESIAN_POINT('',(-3.664884868524,-9.699857753304));
#2355 = CARTESIAN_POINT('',(-4.013738051378,-9.866419448178));
#2356 = ( GEOMETRIC_REPRESENTATION_CONTEXT(2) 
PARAMETRIC_REPRESENTATION_CONTEXT() REPRESENTATION_CONTEXT('2D SPACE',''
  ) );
#2357 = ORIENTED_EDGE('',*,*,#2358,.F.);
#2358 = EDGE_CURVE('',#2359,#2298,#2361,.T.);
#2359 = VERTEX_POINT('',#2360);
#2360 = CARTESIAN_POINT('',(0.879726854564,5.125044454573,
    50.618833454484));
#2361 = SURFACE_CURVE('',#2362,(#2401,#2408),.PCURVE_S1.);
#2362 = B_SPLINE_CURVE_WITH_KNOTS('',10,(#2363,#2364,#2365,#2366,#2367,
    #2368,#2369,#2370,#2371,#2372,#2373,#2374,#2375,#2376,#2377,#2378,
    #2379,#2380,#2381,#2382,#2383,#2384,#2385,#2386,#2387,#2388,#2389,
    #2390,#2391,#2392,#2393,#2394,#2395,#2396,#2397,#2398,#2399,#2400),
  .UNSPECIFIED.,.F.,.F.,(11,9,9,9,11),(0.,6.962644440466,13.925288880933
    ,20.887933321399,27.850577761866),.UNSPECIFIED.);
#2363 = CARTESIAN_POINT('',(5.2,-8.631797642742E-15,40.95));
#2364 = CARTESIAN_POINT('',(5.1999996736,3.267254927378,41.250000124359)
  );
#2365 = CARTESIAN_POINT('',(2.919515879932,6.537145900558,41.54999977783
    ));
#2366 = CARTESIAN_POINT('',(-1.646776599995,7.994425149887,
    41.85000041494));
#2367 = CARTESIAN_POINT('',(-6.86112514114,5.952845535699,
    42.149999680209));
#2368 = CARTESIAN_POINT('',(-9.623219945552,-4.361203094488E-06,
    42.450000104875));
#2369 = CARTESIAN_POINT('',(-6.861127459933,-5.952838738407,
    42.750000223458));
#2370 = CARTESIAN_POINT('',(-1.646774076013,-7.994428206297,
    43.04999975802));
#2371 = CARTESIAN_POINT('',(2.919514540056,-6.537145258435,
    43.350000188027));
#2372 = CARTESIAN_POINT('',(5.200000053534,-3.267254936179,
    43.649999978886));
#2373 = CARTESIAN_POINT('',(5.199999807428,3.267254931702,
    44.250000073732));
#2374 = CARTESIAN_POINT('',(2.919515675711,6.537145893881,44.54999985505
    ));
#2375 = CARTESIAN_POINT('',(-1.64677634715,7.994425158317,
    44.850000319382));
#2376 = CARTESIAN_POINT('',(-6.861125397445,5.952845526966,
    45.149999777049));
#2377 = CARTESIAN_POINT('',(-9.623219733308,-4.353853402759E-06,
    45.450000024669));
#2378 = CARTESIAN_POINT('',(-6.861127601301,-5.95283874332,
    45.750000276913));
#2379 = CARTESIAN_POINT('',(-1.6467740031,-7.994428203796,
    46.049999730425));
#2380 = CARTESIAN_POINT('',(2.91951451355,-6.537145259318,
    46.350000198064));
#2381 = CARTESIAN_POINT('',(5.200000058242,-3.267254936029,
    46.649999977106));
#2382 = CARTESIAN_POINT('',(5.199999805147,3.267254931625,
    47.250000074583));
#2383 = CARTESIAN_POINT('',(2.919515679217,6.537145894079,
    47.549999853785));
#2384 = CARTESIAN_POINT('',(-1.64677635189,7.994425157875,
    47.850000321051));
#2385 = CARTESIAN_POINT('',(-6.861125391506,5.952845527688,
    48.149999774942));
#2386 = CARTESIAN_POINT('',(-9.623219740176,-4.354693258525E-06,
    48.450000027193));
#2387 = CARTESIAN_POINT('',(-6.861127594312,-5.952838742618,
    48.750000274255));
#2388 = CARTESIAN_POINT('',(-1.646774009073,-7.994428204223,
    49.049999732742));
#2389 = CARTESIAN_POINT('',(2.919514517745,-6.53714525912,
    49.350000196433));
#2390 = CARTESIAN_POINT('',(5.200000055832,-3.26725493611,
    49.649999978036));
#2391 = CARTESIAN_POINT('',(5.199999809811,3.267254931776,
    50.250000072794));
#2392 = CARTESIAN_POINT('',(2.919515653214,6.537145893237,
    50.549999863747));
#2393 = CARTESIAN_POINT('',(-1.646776280226,7.994425160203,
    50.850000293592));
#2394 = CARTESIAN_POINT('',(-6.86112553092,5.952845523142,
    51.149999828372));
#2395 = CARTESIAN_POINT('',(-9.623219530286,-4.347833384796E-06,
    51.44999994673));
#2396 = CARTESIAN_POINT('',(-6.861127848112,-5.952838750922,
    51.750000371571));
#2397 = CARTESIAN_POINT('',(-1.646773758733,-7.994428196031,
    52.049999636739));
#2398 = CARTESIAN_POINT('',(2.919514315775,-6.537145265727,
    52.350000273892));
#2399 = CARTESIAN_POINT('',(5.200000187992,-3.267254931788,
    52.649999927348));
#2400 = CARTESIAN_POINT('',(5.199999864255,-4.408790215815E-09,
    52.950000051712));
#2401 = PCURVE('',#1155,#2402);
#2402 = DEFINITIONAL_REPRESENTATION('',(#2403),#2407);
#2403 = LINE('',#2404,#2405);
#2404 = CARTESIAN_POINT('',(0.,0.));
#2405 = VECTOR('',#2406,1.);
#2406 = DIRECTION('',(0.,1.));
#2407 = ( GEOMETRIC_REPRESENTATION_CONTEXT(2) 
PARAMETRIC_REPRESENTATION_CONTEXT() REPRESENTATION_CONTEXT('2D SPACE',''
  ) );
#2408 = PCURVE('',#2409,#2486);
#2409 = B_SPLINE_SURFACE_WITH_KNOTS('',1,10,(
    (#2410,#2411,#2412,#2413,#2414,#2415,#2416,#2417,#2418,#2419,#2420
      ,#2421,#2422,#2423,#2424,#2425,#2426,#2427,#2428,#2429,#2430,#2431
      ,#2432,#2433,#2434,#2435,#2436,#2437,#2438,#2439,#2440,#2441,#2442
      ,#2443,#2444,#2445,#2446,#2447)
    ,(#2448,#2449,#2450,#2451,#2452,#2453,#2454,#2455,#2456,#2457,#2458
      ,#2459,#2460,#2461,#2462,#2463,#2464,#2465,#2466,#2467,#2468,#2469
      ,#2470,#2471,#2472,#2473,#2474,#2475,#2476,#2477,#2478,#2479,#2480
      ,#2481,#2482,#2483,#2484,#2485
    )),.UNSPECIFIED.,.F.,.F.,.F.,(2,2),(11,9,9,9,11),(0.,2.1),(0.,
    6.962644440466,13.925288880933,20.887933321399,27.850577761866),
  .UNSPECIFIED.);
#2410 = CARTESIAN_POINT('',(5.2,1.51936921538E-15,43.05));
#2411 = CARTESIAN_POINT('',(5.200000326493,3.267255012668,43.35000012436
    ));
#2412 = CARTESIAN_POINT('',(2.919514397561,6.537145433903,
    43.649999777827));
#2413 = CARTESIAN_POINT('',(-1.64677379502,7.994428406087,
    43.950000414948));
#2414 = CARTESIAN_POINT('',(-6.861128022024,5.952838912208,
    44.249999680196));
#2415 = CARTESIAN_POINT('',(-9.623219781698,4.355872835956E-06,
    44.550000104892));
#2416 = CARTESIAN_POINT('',(-6.861125714847,-5.952845672594,
    44.850000223442));
#2417 = CARTESIAN_POINT('',(-1.646776330181,-7.994425367577,
    45.14999975803));
#2418 = CARTESIAN_POINT('',(2.919515724006,-6.537146066328,
    45.450000188022));
#2419 = CARTESIAN_POINT('',(5.199999942721,-3.267255021476,
    45.749999978886));
#2420 = CARTESIAN_POINT('',(5.200000194456,3.267255016984,
    46.350000073731));
#2421 = CARTESIAN_POINT('',(2.919514599061,6.537145427383,
    46.649999855049));
#2422 = CARTESIAN_POINT('',(-1.646774044517,7.994428414014,
    46.950000319384));
#2423 = CARTESIAN_POINT('',(-6.861127769088,5.952838904349,
    47.249999777044));
#2424 = CARTESIAN_POINT('',(-9.623219991174,4.36225766737E-06,
    47.550000024677));
#2425 = CARTESIAN_POINT('',(-6.861125575314,-5.952845676816,
    47.850000276906));
#2426 = CARTESIAN_POINT('',(-1.64677640215,-7.994425365377,
    48.149999730431));
#2427 = CARTESIAN_POINT('',(2.919515750169,-6.537146067152,
    48.450000198062));
#2428 = CARTESIAN_POINT('',(5.199999938073,-3.267255021322,
    48.749999977107));
#2429 = CARTESIAN_POINT('',(5.20000019671,3.267255016911,49.350000074583
    ));
#2430 = CARTESIAN_POINT('',(2.919514595574,6.537145427427,
    49.649999853784));
#2431 = CARTESIAN_POINT('',(-1.646774039761,7.994428414114,
    49.950000321054));
#2432 = CARTESIAN_POINT('',(-6.861127775093,5.95283890406,
    50.249999774936));
#2433 = CARTESIAN_POINT('',(-9.623219984204,4.362613873876E-06,
    50.550000027199));
#2434 = CARTESIAN_POINT('',(-6.861125582403,-5.952845677048,
    50.850000274248));
#2435 = CARTESIAN_POINT('',(-1.6467763961,-7.994425365339,
    51.149999732746));
#2436 = CARTESIAN_POINT('',(2.919515745924,-6.537146067079,
    51.450000196431));
#2437 = CARTESIAN_POINT('',(5.199999940513,-3.267255021399,
    51.749999978036));
#2438 = CARTESIAN_POINT('',(5.200000191983,3.267255017065,
    52.350000072794));
#2439 = CARTESIAN_POINT('',(2.919514621931,6.537145426566,
    52.649999863749));
#2440 = CARTESIAN_POINT('',(-1.646774112405,7.994428416476,
    52.950000293588));
#2441 = CARTESIAN_POINT('',(-6.861127633771,5.952838899488,
    53.249999828378));
#2442 = CARTESIAN_POINT('',(-9.623220196965,4.369474966422E-06,
    53.549999946723));
#2443 = CARTESIAN_POINT('',(-6.861125325139,-5.952845685333,
    53.850000371577));
#2444 = CARTESIAN_POINT('',(-1.646776649848,-7.994425357167,
    54.149999636736));
#2445 = CARTESIAN_POINT('',(2.919515950639,-6.537146073677,
    54.450000273893));
#2446 = CARTESIAN_POINT('',(5.199999806559,-3.267255017078,
    54.749999927348));
#2447 = CARTESIAN_POINT('',(5.200000135745,-4.40931743079E-09,
    55.050000051712));
#2448 = CARTESIAN_POINT('',(5.2,-1.682482217683E-15,40.95));
#2449 = CARTESIAN_POINT('',(5.1999996736,3.267254927378,41.250000124359)
  );
#2450 = CARTESIAN_POINT('',(2.919515879932,6.537145900558,41.54999977783
    ));
#2451 = CARTESIAN_POINT('',(-1.646776599995,7.994425149888,
    41.85000041494));
#2452 = CARTESIAN_POINT('',(-6.86112514114,5.952845535698,
    42.149999680209));
#2453 = CARTESIAN_POINT('',(-9.623219945552,-4.361202752408E-06,
    42.450000104875));
#2454 = CARTESIAN_POINT('',(-6.861127459933,-5.952838738407,
    42.750000223458));
#2455 = CARTESIAN_POINT('',(-1.646774076013,-7.994428206297,
    43.04999975802));
#2456 = CARTESIAN_POINT('',(2.919514540056,-6.537145258435,
    43.350000188027));
#2457 = CARTESIAN_POINT('',(5.200000053534,-3.267254936179,
    43.649999978886));
#2458 = CARTESIAN_POINT('',(5.199999807428,3.267254931702,
    44.250000073732));
#2459 = CARTESIAN_POINT('',(2.919515675711,6.537145893881,44.54999985505
    ));
#2460 = CARTESIAN_POINT('',(-1.64677634715,7.994425158318,
    44.850000319382));
#2461 = CARTESIAN_POINT('',(-6.861125397444,5.952845526966,
    45.149999777049));
#2462 = CARTESIAN_POINT('',(-9.623219733308,-4.353853182915E-06,
    45.450000024669));
#2463 = CARTESIAN_POINT('',(-6.8611276013,-5.95283874332,45.750000276913
    ));
#2464 = CARTESIAN_POINT('',(-1.6467740031,-7.994428203796,
    46.049999730425));
#2465 = CARTESIAN_POINT('',(2.91951451355,-6.537145259318,
    46.350000198064));
#2466 = CARTESIAN_POINT('',(5.200000058242,-3.267254936029,
    46.649999977106));
#2467 = CARTESIAN_POINT('',(5.199999805147,3.267254931625,
    47.250000074583));
#2468 = CARTESIAN_POINT('',(2.919515679217,6.537145894079,
    47.549999853785));
#2469 = CARTESIAN_POINT('',(-1.646776351889,7.994425157875,
    47.850000321051));
#2470 = CARTESIAN_POINT('',(-6.861125391507,5.952845527687,
    48.149999774942));
#2471 = CARTESIAN_POINT('',(-9.623219740175,-4.354692597843E-06,
    48.450000027193));
#2472 = CARTESIAN_POINT('',(-6.861127594313,-5.952838742618,
    48.750000274255));
#2473 = CARTESIAN_POINT('',(-1.646774009073,-7.994428204223,
    49.049999732742));
#2474 = CARTESIAN_POINT('',(2.919514517745,-6.53714525912,
    49.350000196433));
#2475 = CARTESIAN_POINT('',(5.200000055832,-3.26725493611,
    49.649999978036));
#2476 = CARTESIAN_POINT('',(5.199999809811,3.267254931776,
    50.250000072794));
#2477 = CARTESIAN_POINT('',(2.919515653215,6.537145893238,
    50.549999863747));
#2478 = CARTESIAN_POINT('',(-1.646776280227,7.994425160202,
    50.850000293592));
#2479 = CARTESIAN_POINT('',(-6.861125530919,5.952845523143,
    51.149999828372));
#2480 = CARTESIAN_POINT('',(-9.623219530287,-4.347834636795E-06,
    51.44999994673));
#2481 = CARTESIAN_POINT('',(-6.861127848111,-5.952838750921,
    51.750000371571));
#2482 = CARTESIAN_POINT('',(-1.646773758734,-7.994428196031,
    52.049999636739));
#2483 = CARTESIAN_POINT('',(2.919514315775,-6.537145265727,
    52.350000273892));
#2484 = CARTESIAN_POINT('',(5.200000187992,-3.267254931788,
    52.649999927348));
#2485 = CARTESIAN_POINT('',(5.199999864255,-4.408783459548E-09,
    52.950000051712));
#2486 = DEFINITIONAL_REPRESENTATION('',(#2487),#2490);
#2487 = B_SPLINE_CURVE_WITH_KNOTS('',1,(#2488,#2489),.UNSPECIFIED.,.F.,
  .F.,(2,2),(0.,27.850577761866),.PIECEWISE_BEZIER_KNOTS.);
#2488 = CARTESIAN_POINT('',(2.1,0.));
#2489 = CARTESIAN_POINT('',(2.1,27.850577761866));
#2490 = ( GEOMETRIC_REPRESENTATION_CONTEXT(2) 
PARAMETRIC_REPRESENTATION_CONTEXT() REPRESENTATION_CONTEXT('2D SPACE',''
  ) );
#2491 = ORIENTED_EDGE('',*,*,#2492,.T.);
#2492 = EDGE_CURVE('',#2359,#2493,#2495,.T.);
#2493 = VERTEX_POINT('',#2494);
#2494 = CARTESIAN_POINT('',(4.062859894607,3.245484474934,
    50.271820151238));
#2495 = SURFACE_CURVE('',#2496,(#2505,#2517),.PCURVE_S1.);
#2496 = B_SPLINE_CURVE_WITH_KNOTS('',7,(#2497,#2498,#2499,#2500,#2501,
    #2502,#2503,#2504),.UNSPECIFIED.,.F.,.F.,(8,8),(0.,1.),
  .PIECEWISE_BEZIER_KNOTS.);
#2497 = CARTESIAN_POINT('',(0.879726820314,5.125044460453,
    50.618833457675));
#2498 = CARTESIAN_POINT('',(1.411755227566,5.03372044119,50.569288214127
    ));
#2499 = CARTESIAN_POINT('',(1.932993098608,4.877914443936,
    50.519718954964));
#2500 = CARTESIAN_POINT('',(2.433562472879,4.659209123338,
    50.470165736533));
#2501 = CARTESIAN_POINT('',(2.904541690931,4.381105514954,
    50.420605940579));
#2502 = CARTESIAN_POINT('',(3.337795316658,4.048409287591,
    50.371021842708));
#2503 = CARTESIAN_POINT('',(3.725952540306,3.667241862098,
    50.321407916477));
#2504 = CARTESIAN_POINT('',(4.062859518078,3.245484946254,
    50.271820206631));
#2505 = PCURVE('',#1155,#2506);
#2506 = DEFINITIONAL_REPRESENTATION('',(#2507),#2516);
#2507 = B_SPLINE_CURVE_WITH_KNOTS('',7,(#2508,#2509,#2510,#2511,#2512,
    #2513,#2514,#2515),.UNSPECIFIED.,.F.,.F.,(8,8),(0.,1.),
  .PIECEWISE_BEZIER_KNOTS.);
#2508 = CARTESIAN_POINT('',(0.,22.440216445449));
#2509 = CARTESIAN_POINT('',(2.825584767385E-05,22.325181437583));
#2510 = CARTESIAN_POINT('',(5.764938704864E-05,22.210088825613));
#2511 = CARTESIAN_POINT('',(7.958196753398E-05,22.095045686677));
#2512 = CARTESIAN_POINT('',(8.321577786864E-05,21.980017312088));
#2513 = CARTESIAN_POINT('',(6.207855362251E-05,21.864973186698));
#2514 = CARTESIAN_POINT('',(2.985230218191E-05,21.749878029899));
#2515 = CARTESIAN_POINT('',(0.,21.634839820818));
#2516 = ( GEOMETRIC_REPRESENTATION_CONTEXT(2) 
PARAMETRIC_REPRESENTATION_CONTEXT() REPRESENTATION_CONTEXT('2D SPACE',''
  ) );
#2517 = PCURVE('',#1537,#2518);
#2518 = DEFINITIONAL_REPRESENTATION('',(#2519),#2528);
#2519 = B_SPLINE_CURVE_WITH_KNOTS('',7,(#2520,#2521,#2522,#2523,#2524,
    #2525,#2526,#2527),.UNSPECIFIED.,.F.,.F.,(8,8),(0.,1.),
  .PIECEWISE_BEZIER_KNOTS.);
#2520 = CARTESIAN_POINT('',(-1.400800501362,-8.618833457675));
#2521 = CARTESIAN_POINT('',(-1.296990981004,-8.569288214127));
#2522 = CARTESIAN_POINT('',(-1.193128741606,-8.519718954964));
#2523 = CARTESIAN_POINT('',(-1.089310479676,-8.470165736533));
#2524 = CARTESIAN_POINT('',(-0.985505431761,-8.420605940579));
#2525 = CARTESIAN_POINT('',(-0.881688183786,-8.371021842708));
#2526 = CARTESIAN_POINT('',(-0.77782763982,-8.321407916477));
#2527 = CARTESIAN_POINT('',(-0.674019739506,-8.271820206631));
#2528 = ( GEOMETRIC_REPRESENTATION_CONTEXT(2) 
PARAMETRIC_REPRESENTATION_CONTEXT() REPRESENTATION_CONTEXT('2D SPACE',''
  ) );
#2529 = ORIENTED_EDGE('',*,*,#2530,.F.);
#2530 = EDGE_CURVE('',#2531,#2493,#2533,.T.);
#2531 = VERTEX_POINT('',#2532);
#2532 = CARTESIAN_POINT('',(5.199678796672,5.779629259426E-02,
    49.955306970147));
#2533 = SURFACE_CURVE('',#2534,(#2573,#2580),.PCURVE_S1.);
#2534 = B_SPLINE_CURVE_WITH_KNOTS('',10,(#2535,#2536,#2537,#2538,#2539,
    #2540,#2541,#2542,#2543,#2544,#2545,#2546,#2547,#2548,#2549,#2550,
    #2551,#2552,#2553,#2554,#2555,#2556,#2557,#2558,#2559,#2560,#2561,
    #2562,#2563,#2564,#2565,#2566,#2567,#2568,#2569,#2570,#2571,#2572),
  .UNSPECIFIED.,.F.,.F.,(11,9,9,9,11),(0.,6.962644440466,13.925288880933
    ,20.887933321399,27.850577761866),.UNSPECIFIED.);
#2535 = CARTESIAN_POINT('',(5.2,-8.631797642742E-15,40.95));
#2536 = CARTESIAN_POINT('',(5.1999996736,3.267254927378,41.250000124359)
  );
#2537 = CARTESIAN_POINT('',(2.919515879932,6.537145900558,41.54999977783
    ));
#2538 = CARTESIAN_POINT('',(-1.646776599995,7.994425149887,
    41.85000041494));
#2539 = CARTESIAN_POINT('',(-6.86112514114,5.952845535699,
    42.149999680209));
#2540 = CARTESIAN_POINT('',(-9.623219945552,-4.361203094488E-06,
    42.450000104875));
#2541 = CARTESIAN_POINT('',(-6.861127459933,-5.952838738407,
    42.750000223458));
#2542 = CARTESIAN_POINT('',(-1.646774076013,-7.994428206297,
    43.04999975802));
#2543 = CARTESIAN_POINT('',(2.919514540056,-6.537145258435,
    43.350000188027));
#2544 = CARTESIAN_POINT('',(5.200000053534,-3.267254936179,
    43.649999978886));
#2545 = CARTESIAN_POINT('',(5.199999807428,3.267254931702,
    44.250000073732));
#2546 = CARTESIAN_POINT('',(2.919515675711,6.537145893881,44.54999985505
    ));
#2547 = CARTESIAN_POINT('',(-1.64677634715,7.994425158317,
    44.850000319382));
#2548 = CARTESIAN_POINT('',(-6.861125397445,5.952845526966,
    45.149999777049));
#2549 = CARTESIAN_POINT('',(-9.623219733308,-4.353853402759E-06,
    45.450000024669));
#2550 = CARTESIAN_POINT('',(-6.861127601301,-5.95283874332,
    45.750000276913));
#2551 = CARTESIAN_POINT('',(-1.6467740031,-7.994428203796,
    46.049999730425));
#2552 = CARTESIAN_POINT('',(2.91951451355,-6.537145259318,
    46.350000198064));
#2553 = CARTESIAN_POINT('',(5.200000058242,-3.267254936029,
    46.649999977106));
#2554 = CARTESIAN_POINT('',(5.199999805147,3.267254931625,
    47.250000074583));
#2555 = CARTESIAN_POINT('',(2.919515679217,6.537145894079,
    47.549999853785));
#2556 = CARTESIAN_POINT('',(-1.64677635189,7.994425157875,
    47.850000321051));
#2557 = CARTESIAN_POINT('',(-6.861125391506,5.952845527688,
    48.149999774942));
#2558 = CARTESIAN_POINT('',(-9.623219740176,-4.354693258525E-06,
    48.450000027193));
#2559 = CARTESIAN_POINT('',(-6.861127594312,-5.952838742618,
    48.750000274255));
#2560 = CARTESIAN_POINT('',(-1.646774009073,-7.994428204223,
    49.049999732742));
#2561 = CARTESIAN_POINT('',(2.919514517745,-6.53714525912,
    49.350000196433));
#2562 = CARTESIAN_POINT('',(5.200000055832,-3.26725493611,
    49.649999978036));
#2563 = CARTESIAN_POINT('',(5.199999809811,3.267254931776,
    50.250000072794));
#2564 = CARTESIAN_POINT('',(2.919515653214,6.537145893237,
    50.549999863747));
#2565 = CARTESIAN_POINT('',(-1.646776280226,7.994425160203,
    50.850000293592));
#2566 = CARTESIAN_POINT('',(-6.86112553092,5.952845523142,
    51.149999828372));
#2567 = CARTESIAN_POINT('',(-9.623219530286,-4.347833384796E-06,
    51.44999994673));
#2568 = CARTESIAN_POINT('',(-6.861127848112,-5.952838750922,
    51.750000371571));
#2569 = CARTESIAN_POINT('',(-1.646773758733,-7.994428196031,
    52.049999636739));
#2570 = CARTESIAN_POINT('',(2.919514315775,-6.537145265727,
    52.350000273892));
#2571 = CARTESIAN_POINT('',(5.200000187992,-3.267254931788,
    52.649999927348));
#2572 = CARTESIAN_POINT('',(5.199999864255,-4.408790215815E-09,
    52.950000051712));
#2573 = PCURVE('',#1155,#2574);
#2574 = DEFINITIONAL_REPRESENTATION('',(#2575),#2579);
#2575 = LINE('',#2576,#2577);
#2576 = CARTESIAN_POINT('',(0.,0.));
#2577 = VECTOR('',#2578,1.);
#2578 = DIRECTION('',(0.,1.));
#2579 = ( GEOMETRIC_REPRESENTATION_CONTEXT(2) 
PARAMETRIC_REPRESENTATION_CONTEXT() REPRESENTATION_CONTEXT('2D SPACE',''
  ) );
#2580 = PCURVE('',#1537,#2581);
#2581 = DEFINITIONAL_REPRESENTATION('',(#2582),#2589);
#2582 = B_SPLINE_CURVE_WITH_KNOTS('',5,(#2583,#2584,#2585,#2586,#2587,
    #2588),.UNSPECIFIED.,.F.,.F.,(6,6),(20.900250109281,21.634839692257)
  ,.PIECEWISE_BEZIER_KNOTS.);
#2583 = CARTESIAN_POINT('',(-1.111490050901E-02,-7.955306970147));
#2584 = CARTESIAN_POINT('',(-0.143697167831,-8.018609615759));
#2585 = CARTESIAN_POINT('',(-0.276300224434,-8.081912249199));
#2586 = CARTESIAN_POINT('',(-0.408869743422,-8.145214882348));
#2587 = CARTESIAN_POINT('',(-0.541444189975,-8.20851751621));
#2588 = CARTESIAN_POINT('',(-0.674019623495,-8.271820151238));
#2589 = ( GEOMETRIC_REPRESENTATION_CONTEXT(2) 
PARAMETRIC_REPRESENTATION_CONTEXT() REPRESENTATION_CONTEXT('2D SPACE',''
  ) );
#2590 = ORIENTED_EDGE('',*,*,#2591,.F.);
#2591 = EDGE_CURVE('',#2592,#2531,#2594,.T.);
#2592 = VERTEX_POINT('',#2593);
#2593 = CARTESIAN_POINT('',(5.199999966411,-1.999637419334E-12,
    49.950000025613));
#2594 = SURFACE_CURVE('',#2595,(#2634,#2641),.PCURVE_S1.);
#2595 = B_SPLINE_CURVE_WITH_KNOTS('',10,(#2596,#2597,#2598,#2599,#2600,
    #2601,#2602,#2603,#2604,#2605,#2606,#2607,#2608,#2609,#2610,#2611,
    #2612,#2613,#2614,#2615,#2616,#2617,#2618,#2619,#2620,#2621,#2622,
    #2623,#2624,#2625,#2626,#2627,#2628,#2629,#2630,#2631,#2632,#2633),
  .UNSPECIFIED.,.F.,.F.,(11,9,9,9,11),(0.,6.962644440466,13.925288880933
    ,20.887933321399,27.850577761866),.UNSPECIFIED.);
#2596 = CARTESIAN_POINT('',(5.2,-8.631797642742E-15,40.95));
#2597 = CARTESIAN_POINT('',(5.1999996736,3.267254927378,41.250000124359)
  );
#2598 = CARTESIAN_POINT('',(2.919515879932,6.537145900558,41.54999977783
    ));
#2599 = CARTESIAN_POINT('',(-1.646776599995,7.994425149887,
    41.85000041494));
#2600 = CARTESIAN_POINT('',(-6.86112514114,5.952845535699,
    42.149999680209));
#2601 = CARTESIAN_POINT('',(-9.623219945552,-4.361203094488E-06,
    42.450000104875));
#2602 = CARTESIAN_POINT('',(-6.861127459933,-5.952838738407,
    42.750000223458));
#2603 = CARTESIAN_POINT('',(-1.646774076013,-7.994428206297,
    43.04999975802));
#2604 = CARTESIAN_POINT('',(2.919514540056,-6.537145258435,
    43.350000188027));
#2605 = CARTESIAN_POINT('',(5.200000053534,-3.267254936179,
    43.649999978886));
#2606 = CARTESIAN_POINT('',(5.199999807428,3.267254931702,
    44.250000073732));
#2607 = CARTESIAN_POINT('',(2.919515675711,6.537145893881,44.54999985505
    ));
#2608 = CARTESIAN_POINT('',(-1.64677634715,7.994425158317,
    44.850000319382));
#2609 = CARTESIAN_POINT('',(-6.861125397445,5.952845526966,
    45.149999777049));
#2610 = CARTESIAN_POINT('',(-9.623219733308,-4.353853402759E-06,
    45.450000024669));
#2611 = CARTESIAN_POINT('',(-6.861127601301,-5.95283874332,
    45.750000276913));
#2612 = CARTESIAN_POINT('',(-1.6467740031,-7.994428203796,
    46.049999730425));
#2613 = CARTESIAN_POINT('',(2.91951451355,-6.537145259318,
    46.350000198064));
#2614 = CARTESIAN_POINT('',(5.200000058242,-3.267254936029,
    46.649999977106));
#2615 = CARTESIAN_POINT('',(5.199999805147,3.267254931625,
    47.250000074583));
#2616 = CARTESIAN_POINT('',(2.919515679217,6.537145894079,
    47.549999853785));
#2617 = CARTESIAN_POINT('',(-1.64677635189,7.994425157875,
    47.850000321051));
#2618 = CARTESIAN_POINT('',(-6.861125391506,5.952845527688,
    48.149999774942));
#2619 = CARTESIAN_POINT('',(-9.623219740176,-4.354693258525E-06,
    48.450000027193));
#2620 = CARTESIAN_POINT('',(-6.861127594312,-5.952838742618,
    48.750000274255));
#2621 = CARTESIAN_POINT('',(-1.646774009073,-7.994428204223,
    49.049999732742));
#2622 = CARTESIAN_POINT('',(2.919514517745,-6.53714525912,
    49.350000196433));
#2623 = CARTESIAN_POINT('',(5.200000055832,-3.26725493611,
    49.649999978036));
#2624 = CARTESIAN_POINT('',(5.199999809811,3.267254931776,
    50.250000072794));
#2625 = CARTESIAN_POINT('',(2.919515653214,6.537145893237,
    50.549999863747));
#2626 = CARTESIAN_POINT('',(-1.646776280226,7.994425160203,
    50.850000293592));
#2627 = CARTESIAN_POINT('',(-6.86112553092,5.952845523142,
    51.149999828372));
#2628 = CARTESIAN_POINT('',(-9.623219530286,-4.347833384796E-06,
    51.44999994673));
#2629 = CARTESIAN_POINT('',(-6.861127848112,-5.952838750922,
    51.750000371571));
#2630 = CARTESIAN_POINT('',(-1.646773758733,-7.994428196031,
    52.049999636739));
#2631 = CARTESIAN_POINT('',(2.919514315775,-6.537145265727,
    52.350000273892));
#2632 = CARTESIAN_POINT('',(5.200000187992,-3.267254931788,
    52.649999927348));
#2633 = CARTESIAN_POINT('',(5.199999864255,-4.408790215815E-09,
    52.950000051712));
#2634 = PCURVE('',#1155,#2635);
#2635 = DEFINITIONAL_REPRESENTATION('',(#2636),#2640);
#2636 = LINE('',#2637,#2638);
#2637 = CARTESIAN_POINT('',(0.,0.));
#2638 = VECTOR('',#2639,1.);
#2639 = DIRECTION('',(0.,1.));
#2640 = ( GEOMETRIC_REPRESENTATION_CONTEXT(2) 
PARAMETRIC_REPRESENTATION_CONTEXT() REPRESENTATION_CONTEXT('2D SPACE',''
  ) );
#2641 = PCURVE('',#1537,#2642);
#2642 = DEFINITIONAL_REPRESENTATION('',(#2643),#2650);
#2643 = B_SPLINE_CURVE_WITH_KNOTS('',5,(#2644,#2645,#2646,#2647,#2648,
    #2649),.UNSPECIFIED.,.F.,.F.,(6,6),(20.887933321399,20.900250109281)
  ,.PIECEWISE_BEZIER_KNOTS.);
#2644 = CARTESIAN_POINT('',(4.167430844859E-10,-7.950000025415));
#2645 = CARTESIAN_POINT('',(-2.222966087965E-03,-7.951061414368));
#2646 = CARTESIAN_POINT('',(-4.44593984247E-03,-7.952122803318));
#2647 = CARTESIAN_POINT('',(-6.668920254477E-03,-7.953184192264));
#2648 = CARTESIAN_POINT('',(-8.891907287635E-03,-7.954245581207));
#2649 = CARTESIAN_POINT('',(-1.111490050901E-02,-7.955306970147));
#2650 = ( GEOMETRIC_REPRESENTATION_CONTEXT(2) 
PARAMETRIC_REPRESENTATION_CONTEXT() REPRESENTATION_CONTEXT('2D SPACE',''
  ) );
#2651 = ORIENTED_EDGE('',*,*,#2652,.F.);
#2652 = EDGE_CURVE('',#2653,#2592,#2655,.T.);
#2653 = VERTEX_POINT('',#2654);
#2654 = CARTESIAN_POINT('',(5.199697826108,-5.605815883871E-02,
    49.944852684556));
#2655 = SURFACE_CURVE('',#2656,(#2695,#2702),.PCURVE_S1.);
#2656 = B_SPLINE_CURVE_WITH_KNOTS('',10,(#2657,#2658,#2659,#2660,#2661,
    #2662,#2663,#2664,#2665,#2666,#2667,#2668,#2669,#2670,#2671,#2672,
    #2673,#2674,#2675,#2676,#2677,#2678,#2679,#2680,#2681,#2682,#2683,
    #2684,#2685,#2686,#2687,#2688,#2689,#2690,#2691,#2692,#2693,#2694),
  .UNSPECIFIED.,.F.,.F.,(11,9,9,9,11),(0.,6.962644440466,13.925288880933
    ,20.887933321399,27.850577761866),.UNSPECIFIED.);
#2657 = CARTESIAN_POINT('',(5.2,-8.631797642742E-15,40.95));
#2658 = CARTESIAN_POINT('',(5.1999996736,3.267254927378,41.250000124359)
  );
#2659 = CARTESIAN_POINT('',(2.919515879932,6.537145900558,41.54999977783
    ));
#2660 = CARTESIAN_POINT('',(-1.646776599995,7.994425149887,
    41.85000041494));
#2661 = CARTESIAN_POINT('',(-6.86112514114,5.952845535699,
    42.149999680209));
#2662 = CARTESIAN_POINT('',(-9.623219945552,-4.361203094488E-06,
    42.450000104875));
#2663 = CARTESIAN_POINT('',(-6.861127459933,-5.952838738407,
    42.750000223458));
#2664 = CARTESIAN_POINT('',(-1.646774076013,-7.994428206297,
    43.04999975802));
#2665 = CARTESIAN_POINT('',(2.919514540056,-6.537145258435,
    43.350000188027));
#2666 = CARTESIAN_POINT('',(5.200000053534,-3.267254936179,
    43.649999978886));
#2667 = CARTESIAN_POINT('',(5.199999807428,3.267254931702,
    44.250000073732));
#2668 = CARTESIAN_POINT('',(2.919515675711,6.537145893881,44.54999985505
    ));
#2669 = CARTESIAN_POINT('',(-1.64677634715,7.994425158317,
    44.850000319382));
#2670 = CARTESIAN_POINT('',(-6.861125397445,5.952845526966,
    45.149999777049));
#2671 = CARTESIAN_POINT('',(-9.623219733308,-4.353853402759E-06,
    45.450000024669));
#2672 = CARTESIAN_POINT('',(-6.861127601301,-5.95283874332,
    45.750000276913));
#2673 = CARTESIAN_POINT('',(-1.6467740031,-7.994428203796,
    46.049999730425));
#2674 = CARTESIAN_POINT('',(2.91951451355,-6.537145259318,
    46.350000198064));
#2675 = CARTESIAN_POINT('',(5.200000058242,-3.267254936029,
    46.649999977106));
#2676 = CARTESIAN_POINT('',(5.199999805147,3.267254931625,
    47.250000074583));
#2677 = CARTESIAN_POINT('',(2.919515679217,6.537145894079,
    47.549999853785));
#2678 = CARTESIAN_POINT('',(-1.64677635189,7.994425157875,
    47.850000321051));
#2679 = CARTESIAN_POINT('',(-6.861125391506,5.952845527688,
    48.149999774942));
#2680 = CARTESIAN_POINT('',(-9.623219740176,-4.354693258525E-06,
    48.450000027193));
#2681 = CARTESIAN_POINT('',(-6.861127594312,-5.952838742618,
    48.750000274255));
#2682 = CARTESIAN_POINT('',(-1.646774009073,-7.994428204223,
    49.049999732742));
#2683 = CARTESIAN_POINT('',(2.919514517745,-6.53714525912,
    49.350000196433));
#2684 = CARTESIAN_POINT('',(5.200000055832,-3.26725493611,
    49.649999978036));
#2685 = CARTESIAN_POINT('',(5.199999809811,3.267254931776,
    50.250000072794));
#2686 = CARTESIAN_POINT('',(2.919515653214,6.537145893237,
    50.549999863747));
#2687 = CARTESIAN_POINT('',(-1.646776280226,7.994425160203,
    50.850000293592));
#2688 = CARTESIAN_POINT('',(-6.86112553092,5.952845523142,
    51.149999828372));
#2689 = CARTESIAN_POINT('',(-9.623219530286,-4.347833384796E-06,
    51.44999994673));
#2690 = CARTESIAN_POINT('',(-6.861127848112,-5.952838750922,
    51.750000371571));
#2691 = CARTESIAN_POINT('',(-1.646773758733,-7.994428196031,
    52.049999636739));
#2692 = CARTESIAN_POINT('',(2.919514315775,-6.537145265727,
    52.350000273892));
#2693 = CARTESIAN_POINT('',(5.200000187992,-3.267254931788,
    52.649999927348));
#2694 = CARTESIAN_POINT('',(5.199999864255,-4.408790215815E-09,
    52.950000051712));
#2695 = PCURVE('',#1155,#2696);
#2696 = DEFINITIONAL_REPRESENTATION('',(#2697),#2701);
#2697 = LINE('',#2698,#2699);
#2698 = CARTESIAN_POINT('',(0.,0.));
#2699 = VECTOR('',#2700,1.);
#2700 = DIRECTION('',(0.,1.));
#2701 = ( GEOMETRIC_REPRESENTATION_CONTEXT(2) 
PARAMETRIC_REPRESENTATION_CONTEXT() REPRESENTATION_CONTEXT('2D SPACE',''
  ) );
#2702 = PCURVE('',#1537,#2703);
#2703 = DEFINITIONAL_REPRESENTATION('',(#2704),#2711);
#2704 = B_SPLINE_CURVE_WITH_KNOTS('',5,(#2705,#2706,#2707,#2708,#2709,
    #2710),.UNSPECIFIED.,.F.,.F.,(6,6),(20.875986955134,20.887933321399)
  ,.PIECEWISE_BEZIER_KNOTS.);
#2705 = CARTESIAN_POINT('',(-6.272404683195,-7.944852684556));
#2706 = CARTESIAN_POINT('',(-6.274560820202,-7.945882152721));
#2707 = CARTESIAN_POINT('',(-6.276716951366,-7.946911620889));
#2708 = CARTESIAN_POINT('',(-6.278873076282,-7.947941089061));
#2709 = CARTESIAN_POINT('',(-6.281029194933,-7.948970557236));
#2710 = CARTESIAN_POINT('',(-6.283185306763,-7.950000025415));
#2711 = ( GEOMETRIC_REPRESENTATION_CONTEXT(2) 
PARAMETRIC_REPRESENTATION_CONTEXT() REPRESENTATION_CONTEXT('2D SPACE',''
  ) );
#2712 = ORIENTED_EDGE('',*,*,#2713,.F.);
#2713 = EDGE_CURVE('',#2714,#2653,#2716,.T.);
#2714 = VERTEX_POINT('',#2715);
#2715 = CARTESIAN_POINT('',(4.063145648406,-3.245126721706,
    49.628221944394));
#2716 = SURFACE_CURVE('',#2717,(#2756,#2763),.PCURVE_S1.);
#2717 = B_SPLINE_CURVE_WITH_KNOTS('',10,(#2718,#2719,#2720,#2721,#2722,
    #2723,#2724,#2725,#2726,#2727,#2728,#2729,#2730,#2731,#2732,#2733,
    #2734,#2735,#2736,#2737,#2738,#2739,#2740,#2741,#2742,#2743,#2744,
    #2745,#2746,#2747,#2748,#2749,#2750,#2751,#2752,#2753,#2754,#2755),
  .UNSPECIFIED.,.F.,.F.,(11,9,9,9,11),(0.,6.962644440466,13.925288880933
    ,20.887933321399,27.850577761866),.UNSPECIFIED.);
#2718 = CARTESIAN_POINT('',(5.2,-8.631797642742E-15,40.95));
#2719 = CARTESIAN_POINT('',(5.1999996736,3.267254927378,41.250000124359)
  );
#2720 = CARTESIAN_POINT('',(2.919515879932,6.537145900558,41.54999977783
    ));
#2721 = CARTESIAN_POINT('',(-1.646776599995,7.994425149887,
    41.85000041494));
#2722 = CARTESIAN_POINT('',(-6.86112514114,5.952845535699,
    42.149999680209));
#2723 = CARTESIAN_POINT('',(-9.623219945552,-4.361203094488E-06,
    42.450000104875));
#2724 = CARTESIAN_POINT('',(-6.861127459933,-5.952838738407,
    42.750000223458));
#2725 = CARTESIAN_POINT('',(-1.646774076013,-7.994428206297,
    43.04999975802));
#2726 = CARTESIAN_POINT('',(2.919514540056,-6.537145258435,
    43.350000188027));
#2727 = CARTESIAN_POINT('',(5.200000053534,-3.267254936179,
    43.649999978886));
#2728 = CARTESIAN_POINT('',(5.199999807428,3.267254931702,
    44.250000073732));
#2729 = CARTESIAN_POINT('',(2.919515675711,6.537145893881,44.54999985505
    ));
#2730 = CARTESIAN_POINT('',(-1.64677634715,7.994425158317,
    44.850000319382));
#2731 = CARTESIAN_POINT('',(-6.861125397445,5.952845526966,
    45.149999777049));
#2732 = CARTESIAN_POINT('',(-9.623219733308,-4.353853402759E-06,
    45.450000024669));
#2733 = CARTESIAN_POINT('',(-6.861127601301,-5.95283874332,
    45.750000276913));
#2734 = CARTESIAN_POINT('',(-1.6467740031,-7.994428203796,
    46.049999730425));
#2735 = CARTESIAN_POINT('',(2.91951451355,-6.537145259318,
    46.350000198064));
#2736 = CARTESIAN_POINT('',(5.200000058242,-3.267254936029,
    46.649999977106));
#2737 = CARTESIAN_POINT('',(5.199999805147,3.267254931625,
    47.250000074583));
#2738 = CARTESIAN_POINT('',(2.919515679217,6.537145894079,
    47.549999853785));
#2739 = CARTESIAN_POINT('',(-1.64677635189,7.994425157875,
    47.850000321051));
#2740 = CARTESIAN_POINT('',(-6.861125391506,5.952845527688,
    48.149999774942));
#2741 = CARTESIAN_POINT('',(-9.623219740176,-4.354693258525E-06,
    48.450000027193));
#2742 = CARTESIAN_POINT('',(-6.861127594312,-5.952838742618,
    48.750000274255));
#2743 = CARTESIAN_POINT('',(-1.646774009073,-7.994428204223,
    49.049999732742));
#2744 = CARTESIAN_POINT('',(2.919514517745,-6.53714525912,
    49.350000196433));
#2745 = CARTESIAN_POINT('',(5.200000055832,-3.26725493611,
    49.649999978036));
#2746 = CARTESIAN_POINT('',(5.199999809811,3.267254931776,
    50.250000072794));
#2747 = CARTESIAN_POINT('',(2.919515653214,6.537145893237,
    50.549999863747));
#2748 = CARTESIAN_POINT('',(-1.646776280226,7.994425160203,
    50.850000293592));
#2749 = CARTESIAN_POINT('',(-6.86112553092,5.952845523142,
    51.149999828372));
#2750 = CARTESIAN_POINT('',(-9.623219530286,-4.347833384796E-06,
    51.44999994673));
#2751 = CARTESIAN_POINT('',(-6.861127848112,-5.952838750922,
    51.750000371571));
#2752 = CARTESIAN_POINT('',(-1.646773758733,-7.994428196031,
    52.049999636739));
#2753 = CARTESIAN_POINT('',(2.919514315775,-6.537145265727,
    52.350000273892));
#2754 = CARTESIAN_POINT('',(5.200000187992,-3.267254931788,
    52.649999927348));
#2755 = CARTESIAN_POINT('',(5.199999864255,-4.408790215815E-09,
    52.950000051712));
#2756 = PCURVE('',#1155,#2757);
#2757 = DEFINITIONAL_REPRESENTATION('',(#2758),#2762);
#2758 = LINE('',#2759,#2760);
#2759 = CARTESIAN_POINT('',(0.,0.));
#2760 = VECTOR('',#2761,1.);
#2761 = DIRECTION('',(0.,1.));
#2762 = ( GEOMETRIC_REPRESENTATION_CONTEXT(2) 
PARAMETRIC_REPRESENTATION_CONTEXT() REPRESENTATION_CONTEXT('2D SPACE',''
  ) );
#2763 = PCURVE('',#1537,#2764);
#2764 = DEFINITIONAL_REPRESENTATION('',(#2765),#2772);
#2765 = B_SPLINE_CURVE_WITH_KNOTS('',5,(#2766,#2767,#2768,#2769,#2770,
    #2771),.UNSPECIFIED.,.F.,.F.,(6,6),(20.141124529445,20.875986955134)
  ,.PIECEWISE_BEZIER_KNOTS.);
#2766 = CARTESIAN_POINT('',(-5.609253735118,-7.628221944394));
#2767 = CARTESIAN_POINT('',(-5.741878411548,-7.691548091353));
#2768 = CARTESIAN_POINT('',(-5.874502104704,-7.754874237066));
#2769 = CARTESIAN_POINT('',(-6.007120861071,-7.818200381979));
#2770 = CARTESIAN_POINT('',(-6.139773217194,-7.881526526954));
#2771 = CARTESIAN_POINT('',(-6.272404683195,-7.944852684556));
#2772 = ( GEOMETRIC_REPRESENTATION_CONTEXT(2) 
PARAMETRIC_REPRESENTATION_CONTEXT() REPRESENTATION_CONTEXT('2D SPACE',''
  ) );
#2773 = ORIENTED_EDGE('',*,*,#2774,.F.);
#2774 = EDGE_CURVE('',#2775,#2714,#2777,.T.);
#2775 = VERTEX_POINT('',#2776);
#2776 = CARTESIAN_POINT('',(0.880141303728,-5.124973296086,
    49.281205207913));
#2777 = SURFACE_CURVE('',#2778,(#2817,#2824),.PCURVE_S1.);
#2778 = B_SPLINE_CURVE_WITH_KNOTS('',10,(#2779,#2780,#2781,#2782,#2783,
    #2784,#2785,#2786,#2787,#2788,#2789,#2790,#2791,#2792,#2793,#2794,
    #2795,#2796,#2797,#2798,#2799,#2800,#2801,#2802,#2803,#2804,#2805,
    #2806,#2807,#2808,#2809,#2810,#2811,#2812,#2813,#2814,#2815,#2816),
  .UNSPECIFIED.,.F.,.F.,(11,9,9,9,11),(0.,6.962644440466,13.925288880933
    ,20.887933321399,27.850577761866),.UNSPECIFIED.);
#2779 = CARTESIAN_POINT('',(5.2,-8.631797642742E-15,40.95));
#2780 = CARTESIAN_POINT('',(5.1999996736,3.267254927378,41.250000124359)
  );
#2781 = CARTESIAN_POINT('',(2.919515879932,6.537145900558,41.54999977783
    ));
#2782 = CARTESIAN_POINT('',(-1.646776599995,7.994425149887,
    41.85000041494));
#2783 = CARTESIAN_POINT('',(-6.86112514114,5.952845535699,
    42.149999680209));
#2784 = CARTESIAN_POINT('',(-9.623219945552,-4.361203094488E-06,
    42.450000104875));
#2785 = CARTESIAN_POINT('',(-6.861127459933,-5.952838738407,
    42.750000223458));
#2786 = CARTESIAN_POINT('',(-1.646774076013,-7.994428206297,
    43.04999975802));
#2787 = CARTESIAN_POINT('',(2.919514540056,-6.537145258435,
    43.350000188027));
#2788 = CARTESIAN_POINT('',(5.200000053534,-3.267254936179,
    43.649999978886));
#2789 = CARTESIAN_POINT('',(5.199999807428,3.267254931702,
    44.250000073732));
#2790 = CARTESIAN_POINT('',(2.919515675711,6.537145893881,44.54999985505
    ));
#2791 = CARTESIAN_POINT('',(-1.64677634715,7.994425158317,
    44.850000319382));
#2792 = CARTESIAN_POINT('',(-6.861125397445,5.952845526966,
    45.149999777049));
#2793 = CARTESIAN_POINT('',(-9.623219733308,-4.353853402759E-06,
    45.450000024669));
#2794 = CARTESIAN_POINT('',(-6.861127601301,-5.95283874332,
    45.750000276913));
#2795 = CARTESIAN_POINT('',(-1.6467740031,-7.994428203796,
    46.049999730425));
#2796 = CARTESIAN_POINT('',(2.91951451355,-6.537145259318,
    46.350000198064));
#2797 = CARTESIAN_POINT('',(5.200000058242,-3.267254936029,
    46.649999977106));
#2798 = CARTESIAN_POINT('',(5.199999805147,3.267254931625,
    47.250000074583));
#2799 = CARTESIAN_POINT('',(2.919515679217,6.537145894079,
    47.549999853785));
#2800 = CARTESIAN_POINT('',(-1.64677635189,7.994425157875,
    47.850000321051));
#2801 = CARTESIAN_POINT('',(-6.861125391506,5.952845527688,
    48.149999774942));
#2802 = CARTESIAN_POINT('',(-9.623219740176,-4.354693258525E-06,
    48.450000027193));
#2803 = CARTESIAN_POINT('',(-6.861127594312,-5.952838742618,
    48.750000274255));
#2804 = CARTESIAN_POINT('',(-1.646774009073,-7.994428204223,
    49.049999732742));
#2805 = CARTESIAN_POINT('',(2.919514517745,-6.53714525912,
    49.350000196433));
#2806 = CARTESIAN_POINT('',(5.200000055832,-3.26725493611,
    49.649999978036));
#2807 = CARTESIAN_POINT('',(5.199999809811,3.267254931776,
    50.250000072794));
#2808 = CARTESIAN_POINT('',(2.919515653214,6.537145893237,
    50.549999863747));
#2809 = CARTESIAN_POINT('',(-1.646776280226,7.994425160203,
    50.850000293592));
#2810 = CARTESIAN_POINT('',(-6.86112553092,5.952845523142,
    51.149999828372));
#2811 = CARTESIAN_POINT('',(-9.623219530286,-4.347833384796E-06,
    51.44999994673));
#2812 = CARTESIAN_POINT('',(-6.861127848112,-5.952838750922,
    51.750000371571));
#2813 = CARTESIAN_POINT('',(-1.646773758733,-7.994428196031,
    52.049999636739));
#2814 = CARTESIAN_POINT('',(2.919514315775,-6.537145265727,
    52.350000273892));
#2815 = CARTESIAN_POINT('',(5.200000187992,-3.267254931788,
    52.649999927348));
#2816 = CARTESIAN_POINT('',(5.199999864255,-4.408790215815E-09,
    52.950000051712));
#2817 = PCURVE('',#1155,#2818);
#2818 = DEFINITIONAL_REPRESENTATION('',(#2819),#2823);
#2819 = LINE('',#2820,#2821);
#2820 = CARTESIAN_POINT('',(0.,0.));
#2821 = VECTOR('',#2822,1.);
#2822 = DIRECTION('',(0.,1.));
#2823 = ( GEOMETRIC_REPRESENTATION_CONTEXT(2) 
PARAMETRIC_REPRESENTATION_CONTEXT() REPRESENTATION_CONTEXT('2D SPACE',''
  ) );
#2824 = PCURVE('',#1537,#2825);
#2825 = DEFINITIONAL_REPRESENTATION('',(#2826),#2833);
#2826 = B_SPLINE_CURVE_WITH_KNOTS('',5,(#2827,#2828,#2829,#2830,#2831,
    #2832),.UNSPECIFIED.,.F.,.F.,(6,6),(19.335739815611,20.141124529445)
  ,.PIECEWISE_BEZIER_KNOTS.);
#2827 = CARTESIAN_POINT('',(-4.88246568049,-7.281205207913));
#2828 = CARTESIAN_POINT('',(-5.027824214143,-7.350608555725));
#2829 = CARTESIAN_POINT('',(-5.173184092027,-7.420011903857));
#2830 = CARTESIAN_POINT('',(-5.318546561759,-7.489415252136));
#2831 = CARTESIAN_POINT('',(-5.463901512252,-7.558818599));
#2832 = CARTESIAN_POINT('',(-5.609253735118,-7.628221944394));
#2833 = ( GEOMETRIC_REPRESENTATION_CONTEXT(2) 
PARAMETRIC_REPRESENTATION_CONTEXT() REPRESENTATION_CONTEXT('2D SPACE',''
  ) );
#2834 = ORIENTED_EDGE('',*,*,#2835,.F.);
#2835 = EDGE_CURVE('',#2836,#2775,#2838,.T.);
#2836 = VERTEX_POINT('',#2837);
#2837 = CARTESIAN_POINT('',(-3.344564184097,-3.981694415504,
    48.866419357708));
#2838 = SURFACE_CURVE('',#2839,(#2878,#2885),.PCURVE_S1.);
#2839 = B_SPLINE_CURVE_WITH_KNOTS('',10,(#2840,#2841,#2842,#2843,#2844,
    #2845,#2846,#2847,#2848,#2849,#2850,#2851,#2852,#2853,#2854,#2855,
    #2856,#2857,#2858,#2859,#2860,#2861,#2862,#2863,#2864,#2865,#2866,
    #2867,#2868,#2869,#2870,#2871,#2872,#2873,#2874,#2875,#2876,#2877),
  .UNSPECIFIED.,.F.,.F.,(11,9,9,9,11),(0.,6.962644440466,13.925288880933
    ,20.887933321399,27.850577761866),.UNSPECIFIED.);
#2840 = CARTESIAN_POINT('',(5.2,-8.631797642742E-15,40.95));
#2841 = CARTESIAN_POINT('',(5.1999996736,3.267254927378,41.250000124359)
  );
#2842 = CARTESIAN_POINT('',(2.919515879932,6.537145900558,41.54999977783
    ));
#2843 = CARTESIAN_POINT('',(-1.646776599995,7.994425149887,
    41.85000041494));
#2844 = CARTESIAN_POINT('',(-6.86112514114,5.952845535699,
    42.149999680209));
#2845 = CARTESIAN_POINT('',(-9.623219945552,-4.361203094488E-06,
    42.450000104875));
#2846 = CARTESIAN_POINT('',(-6.861127459933,-5.952838738407,
    42.750000223458));
#2847 = CARTESIAN_POINT('',(-1.646774076013,-7.994428206297,
    43.04999975802));
#2848 = CARTESIAN_POINT('',(2.919514540056,-6.537145258435,
    43.350000188027));
#2849 = CARTESIAN_POINT('',(5.200000053534,-3.267254936179,
    43.649999978886));
#2850 = CARTESIAN_POINT('',(5.199999807428,3.267254931702,
    44.250000073732));
#2851 = CARTESIAN_POINT('',(2.919515675711,6.537145893881,44.54999985505
    ));
#2852 = CARTESIAN_POINT('',(-1.64677634715,7.994425158317,
    44.850000319382));
#2853 = CARTESIAN_POINT('',(-6.861125397445,5.952845526966,
    45.149999777049));
#2854 = CARTESIAN_POINT('',(-9.623219733308,-4.353853402759E-06,
    45.450000024669));
#2855 = CARTESIAN_POINT('',(-6.861127601301,-5.95283874332,
    45.750000276913));
#2856 = CARTESIAN_POINT('',(-1.6467740031,-7.994428203796,
    46.049999730425));
#2857 = CARTESIAN_POINT('',(2.91951451355,-6.537145259318,
    46.350000198064));
#2858 = CARTESIAN_POINT('',(5.200000058242,-3.267254936029,
    46.649999977106));
#2859 = CARTESIAN_POINT('',(5.199999805147,3.267254931625,
    47.250000074583));
#2860 = CARTESIAN_POINT('',(2.919515679217,6.537145894079,
    47.549999853785));
#2861 = CARTESIAN_POINT('',(-1.64677635189,7.994425157875,
    47.850000321051));
#2862 = CARTESIAN_POINT('',(-6.861125391506,5.952845527688,
    48.149999774942));
#2863 = CARTESIAN_POINT('',(-9.623219740176,-4.354693258525E-06,
    48.450000027193));
#2864 = CARTESIAN_POINT('',(-6.861127594312,-5.952838742618,
    48.750000274255));
#2865 = CARTESIAN_POINT('',(-1.646774009073,-7.994428204223,
    49.049999732742));
#2866 = CARTESIAN_POINT('',(2.919514517745,-6.53714525912,
    49.350000196433));
#2867 = CARTESIAN_POINT('',(5.200000055832,-3.26725493611,
    49.649999978036));
#2868 = CARTESIAN_POINT('',(5.199999809811,3.267254931776,
    50.250000072794));
#2869 = CARTESIAN_POINT('',(2.919515653214,6.537145893237,
    50.549999863747));
#2870 = CARTESIAN_POINT('',(-1.646776280226,7.994425160203,
    50.850000293592));
#2871 = CARTESIAN_POINT('',(-6.86112553092,5.952845523142,
    51.149999828372));
#2872 = CARTESIAN_POINT('',(-9.623219530286,-4.347833384796E-06,
    51.44999994673));
#2873 = CARTESIAN_POINT('',(-6.861127848112,-5.952838750922,
    51.750000371571));
#2874 = CARTESIAN_POINT('',(-1.646773758733,-7.994428196031,
    52.049999636739));
#2875 = CARTESIAN_POINT('',(2.919514315775,-6.537145265727,
    52.350000273892));
#2876 = CARTESIAN_POINT('',(5.200000187992,-3.267254931788,
    52.649999927348));
#2877 = CARTESIAN_POINT('',(5.199999864255,-4.408790215815E-09,
    52.950000051712));
#2878 = PCURVE('',#1155,#2879);
#2879 = DEFINITIONAL_REPRESENTATION('',(#2880),#2884);
#2880 = LINE('',#2881,#2882);
#2881 = CARTESIAN_POINT('',(0.,0.));
#2882 = VECTOR('',#2883,1.);
#2883 = DIRECTION('',(0.,1.));
#2884 = ( GEOMETRIC_REPRESENTATION_CONTEXT(2) 
PARAMETRIC_REPRESENTATION_CONTEXT() REPRESENTATION_CONTEXT('2D SPACE',''
  ) );
#2885 = PCURVE('',#2886,#2963);
#2886 = B_SPLINE_SURFACE_WITH_KNOTS('',1,10,(
    (#2887,#2888,#2889,#2890,#2891,#2892,#2893,#2894,#2895,#2896,#2897
      ,#2898,#2899,#2900,#2901,#2902,#2903,#2904,#2905,#2906,#2907,#2908
      ,#2909,#2910,#2911,#2912,#2913,#2914,#2915,#2916,#2917,#2918,#2919
      ,#2920,#2921,#2922,#2923,#2924)
    ,(#2925,#2926,#2927,#2928,#2929,#2930,#2931,#2932,#2933,#2934,#2935
      ,#2936,#2937,#2938,#2939,#2940,#2941,#2942,#2943,#2944,#2945,#2946
      ,#2947,#2948,#2949,#2950,#2951,#2952,#2953,#2954,#2955,#2956,#2957
      ,#2958,#2959,#2960,#2961,#2962
    )),.UNSPECIFIED.,.F.,.F.,.F.,(2,2),(11,9,9,9,11),(0.,2.1),(0.,
    6.962644440466,13.925288880933,20.887933321399,27.850577761866),
  .UNSPECIFIED.);
#2887 = CARTESIAN_POINT('',(5.2,1.51936921538E-15,43.05));
#2888 = CARTESIAN_POINT('',(5.200000326493,3.267255012668,43.35000012436
    ));
#2889 = CARTESIAN_POINT('',(2.919514397561,6.537145433903,
    43.649999777827));
#2890 = CARTESIAN_POINT('',(-1.64677379502,7.994428406087,
    43.950000414948));
#2891 = CARTESIAN_POINT('',(-6.861128022024,5.952838912208,
    44.249999680196));
#2892 = CARTESIAN_POINT('',(-9.623219781698,4.355872835956E-06,
    44.550000104892));
#2893 = CARTESIAN_POINT('',(-6.861125714847,-5.952845672594,
    44.850000223442));
#2894 = CARTESIAN_POINT('',(-1.646776330181,-7.994425367577,
    45.14999975803));
#2895 = CARTESIAN_POINT('',(2.919515724006,-6.537146066328,
    45.450000188022));
#2896 = CARTESIAN_POINT('',(5.199999942721,-3.267255021476,
    45.749999978886));
#2897 = CARTESIAN_POINT('',(5.200000194456,3.267255016984,
    46.350000073731));
#2898 = CARTESIAN_POINT('',(2.919514599061,6.537145427383,
    46.649999855049));
#2899 = CARTESIAN_POINT('',(-1.646774044517,7.994428414014,
    46.950000319384));
#2900 = CARTESIAN_POINT('',(-6.861127769088,5.952838904349,
    47.249999777044));
#2901 = CARTESIAN_POINT('',(-9.623219991174,4.36225766737E-06,
    47.550000024677));
#2902 = CARTESIAN_POINT('',(-6.861125575314,-5.952845676816,
    47.850000276906));
#2903 = CARTESIAN_POINT('',(-1.64677640215,-7.994425365377,
    48.149999730431));
#2904 = CARTESIAN_POINT('',(2.919515750169,-6.537146067152,
    48.450000198062));
#2905 = CARTESIAN_POINT('',(5.199999938073,-3.267255021322,
    48.749999977107));
#2906 = CARTESIAN_POINT('',(5.20000019671,3.267255016911,49.350000074583
    ));
#2907 = CARTESIAN_POINT('',(2.919514595574,6.537145427427,
    49.649999853784));
#2908 = CARTESIAN_POINT('',(-1.646774039761,7.994428414114,
    49.950000321054));
#2909 = CARTESIAN_POINT('',(-6.861127775093,5.95283890406,
    50.249999774936));
#2910 = CARTESIAN_POINT('',(-9.623219984204,4.362613873876E-06,
    50.550000027199));
#2911 = CARTESIAN_POINT('',(-6.861125582403,-5.952845677048,
    50.850000274248));
#2912 = CARTESIAN_POINT('',(-1.6467763961,-7.994425365339,
    51.149999732746));
#2913 = CARTESIAN_POINT('',(2.919515745924,-6.537146067079,
    51.450000196431));
#2914 = CARTESIAN_POINT('',(5.199999940513,-3.267255021399,
    51.749999978036));
#2915 = CARTESIAN_POINT('',(5.200000191983,3.267255017065,
    52.350000072794));
#2916 = CARTESIAN_POINT('',(2.919514621931,6.537145426566,
    52.649999863749));
#2917 = CARTESIAN_POINT('',(-1.646774112405,7.994428416476,
    52.950000293588));
#2918 = CARTESIAN_POINT('',(-6.861127633771,5.952838899488,
    53.249999828378));
#2919 = CARTESIAN_POINT('',(-9.623220196965,4.369474966422E-06,
    53.549999946723));
#2920 = CARTESIAN_POINT('',(-6.861125325139,-5.952845685333,
    53.850000371577));
#2921 = CARTESIAN_POINT('',(-1.646776649848,-7.994425357167,
    54.149999636736));
#2922 = CARTESIAN_POINT('',(2.919515950639,-6.537146073677,
    54.450000273893));
#2923 = CARTESIAN_POINT('',(5.199999806559,-3.267255017078,
    54.749999927348));
#2924 = CARTESIAN_POINT('',(5.200000135745,-4.40931743079E-09,
    55.050000051712));
#2925 = CARTESIAN_POINT('',(5.2,-1.682482217683E-15,40.95));
#2926 = CARTESIAN_POINT('',(5.1999996736,3.267254927378,41.250000124359)
  );
#2927 = CARTESIAN_POINT('',(2.919515879932,6.537145900558,41.54999977783
    ));
#2928 = CARTESIAN_POINT('',(-1.646776599995,7.994425149888,
    41.85000041494));
#2929 = CARTESIAN_POINT('',(-6.86112514114,5.952845535698,
    42.149999680209));
#2930 = CARTESIAN_POINT('',(-9.623219945552,-4.361202752408E-06,
    42.450000104875));
#2931 = CARTESIAN_POINT('',(-6.861127459933,-5.952838738407,
    42.750000223458));
#2932 = CARTESIAN_POINT('',(-1.646774076013,-7.994428206297,
    43.04999975802));
#2933 = CARTESIAN_POINT('',(2.919514540056,-6.537145258435,
    43.350000188027));
#2934 = CARTESIAN_POINT('',(5.200000053534,-3.267254936179,
    43.649999978886));
#2935 = CARTESIAN_POINT('',(5.199999807428,3.267254931702,
    44.250000073732));
#2936 = CARTESIAN_POINT('',(2.919515675711,6.537145893881,44.54999985505
    ));
#2937 = CARTESIAN_POINT('',(-1.64677634715,7.994425158318,
    44.850000319382));
#2938 = CARTESIAN_POINT('',(-6.861125397444,5.952845526966,
    45.149999777049));
#2939 = CARTESIAN_POINT('',(-9.623219733308,-4.353853182915E-06,
    45.450000024669));
#2940 = CARTESIAN_POINT('',(-6.8611276013,-5.95283874332,45.750000276913
    ));
#2941 = CARTESIAN_POINT('',(-1.6467740031,-7.994428203796,
    46.049999730425));
#2942 = CARTESIAN_POINT('',(2.91951451355,-6.537145259318,
    46.350000198064));
#2943 = CARTESIAN_POINT('',(5.200000058242,-3.267254936029,
    46.649999977106));
#2944 = CARTESIAN_POINT('',(5.199999805147,3.267254931625,
    47.250000074583));
#2945 = CARTESIAN_POINT('',(2.919515679217,6.537145894079,
    47.549999853785));
#2946 = CARTESIAN_POINT('',(-1.646776351889,7.994425157875,
    47.850000321051));
#2947 = CARTESIAN_POINT('',(-6.861125391507,5.952845527687,
    48.149999774942));
#2948 = CARTESIAN_POINT('',(-9.623219740175,-4.354692597843E-06,
    48.450000027193));
#2949 = CARTESIAN_POINT('',(-6.861127594313,-5.952838742618,
    48.750000274255));
#2950 = CARTESIAN_POINT('',(-1.646774009073,-7.994428204223,
    49.049999732742));
#2951 = CARTESIAN_POINT('',(2.919514517745,-6.53714525912,
    49.350000196433));
#2952 = CARTESIAN_POINT('',(5.200000055832,-3.26725493611,
    49.649999978036));
#2953 = CARTESIAN_POINT('',(5.199999809811,3.267254931776,
    50.250000072794));
#2954 = CARTESIAN_POINT('',(2.919515653215,6.537145893238,
    50.549999863747));
#2955 = CARTESIAN_POINT('',(-1.646776280227,7.994425160202,
    50.850000293592));
#2956 = CARTESIAN_POINT('',(-6.861125530919,5.952845523143,
    51.149999828372));
#2957 = CARTESIAN_POINT('',(-9.623219530287,-4.347834636795E-06,
    51.44999994673));
#2958 = CARTESIAN_POINT('',(-6.861127848111,-5.952838750921,
    51.750000371571));
#2959 = CARTESIAN_POINT('',(-1.646773758734,-7.994428196031,
    52.049999636739));
#2960 = CARTESIAN_POINT('',(2.919514315775,-6.537145265727,
    52.350000273892));
#2961 = CARTESIAN_POINT('',(5.200000187992,-3.267254931788,
    52.649999927348));
#2962 = CARTESIAN_POINT('',(5.199999864255,-4.408783459548E-09,
    52.950000051712));
#2963 = DEFINITIONAL_REPRESENTATION('',(#2964),#2967);
#2964 = B_SPLINE_CURVE_WITH_KNOTS('',1,(#2965,#2966),.UNSPECIFIED.,.F.,
  .F.,(2,2),(0.,27.850577761866),.PIECEWISE_BEZIER_KNOTS.);
#2965 = CARTESIAN_POINT('',(2.1,0.));
#2966 = CARTESIAN_POINT('',(2.1,27.850577761866));
#2967 = ( GEOMETRIC_REPRESENTATION_CONTEXT(2) 
PARAMETRIC_REPRESENTATION_CONTEXT() REPRESENTATION_CONTEXT('2D SPACE',''
  ) );
#2968 = ORIENTED_EDGE('',*,*,#2969,.F.);
#2969 = EDGE_CURVE('',#2970,#2836,#2972,.T.);
#2970 = VERTEX_POINT('',#2971);
#2971 = CARTESIAN_POINT('',(-3.344816206504,3.981482706817,
    48.033610917767));
#2972 = SURFACE_CURVE('',#2973,(#3012,#3019),.PCURVE_S1.);
#2973 = B_SPLINE_CURVE_WITH_KNOTS('',10,(#2974,#2975,#2976,#2977,#2978,
    #2979,#2980,#2981,#2982,#2983,#2984,#2985,#2986,#2987,#2988,#2989,
    #2990,#2991,#2992,#2993,#2994,#2995,#2996,#2997,#2998,#2999,#3000,
    #3001,#3002,#3003,#3004,#3005,#3006,#3007,#3008,#3009,#3010,#3011),
  .UNSPECIFIED.,.F.,.F.,(11,9,9,9,11),(0.,6.962644440466,13.925288880933
    ,20.887933321399,27.850577761866),.UNSPECIFIED.);
#2974 = CARTESIAN_POINT('',(5.2,-8.631797642742E-15,40.95));
#2975 = CARTESIAN_POINT('',(5.1999996736,3.267254927378,41.250000124359)
  );
#2976 = CARTESIAN_POINT('',(2.919515879932,6.537145900558,41.54999977783
    ));
#2977 = CARTESIAN_POINT('',(-1.646776599995,7.994425149887,
    41.85000041494));
#2978 = CARTESIAN_POINT('',(-6.86112514114,5.952845535699,
    42.149999680209));
#2979 = CARTESIAN_POINT('',(-9.623219945552,-4.361203094488E-06,
    42.450000104875));
#2980 = CARTESIAN_POINT('',(-6.861127459933,-5.952838738407,
    42.750000223458));
#2981 = CARTESIAN_POINT('',(-1.646774076013,-7.994428206297,
    43.04999975802));
#2982 = CARTESIAN_POINT('',(2.919514540056,-6.537145258435,
    43.350000188027));
#2983 = CARTESIAN_POINT('',(5.200000053534,-3.267254936179,
    43.649999978886));
#2984 = CARTESIAN_POINT('',(5.199999807428,3.267254931702,
    44.250000073732));
#2985 = CARTESIAN_POINT('',(2.919515675711,6.537145893881,44.54999985505
    ));
#2986 = CARTESIAN_POINT('',(-1.64677634715,7.994425158317,
    44.850000319382));
#2987 = CARTESIAN_POINT('',(-6.861125397445,5.952845526966,
    45.149999777049));
#2988 = CARTESIAN_POINT('',(-9.623219733308,-4.353853402759E-06,
    45.450000024669));
#2989 = CARTESIAN_POINT('',(-6.861127601301,-5.95283874332,
    45.750000276913));
#2990 = CARTESIAN_POINT('',(-1.6467740031,-7.994428203796,
    46.049999730425));
#2991 = CARTESIAN_POINT('',(2.91951451355,-6.537145259318,
    46.350000198064));
#2992 = CARTESIAN_POINT('',(5.200000058242,-3.267254936029,
    46.649999977106));
#2993 = CARTESIAN_POINT('',(5.199999805147,3.267254931625,
    47.250000074583));
#2994 = CARTESIAN_POINT('',(2.919515679217,6.537145894079,
    47.549999853785));
#2995 = CARTESIAN_POINT('',(-1.64677635189,7.994425157875,
    47.850000321051));
#2996 = CARTESIAN_POINT('',(-6.861125391506,5.952845527688,
    48.149999774942));
#2997 = CARTESIAN_POINT('',(-9.623219740176,-4.354693258525E-06,
    48.450000027193));
#2998 = CARTESIAN_POINT('',(-6.861127594312,-5.952838742618,
    48.750000274255));
#2999 = CARTESIAN_POINT('',(-1.646774009073,-7.994428204223,
    49.049999732742));
#3000 = CARTESIAN_POINT('',(2.919514517745,-6.53714525912,
    49.350000196433));
#3001 = CARTESIAN_POINT('',(5.200000055832,-3.26725493611,
    49.649999978036));
#3002 = CARTESIAN_POINT('',(5.199999809811,3.267254931776,
    50.250000072794));
#3003 = CARTESIAN_POINT('',(2.919515653214,6.537145893237,
    50.549999863747));
#3004 = CARTESIAN_POINT('',(-1.646776280226,7.994425160203,
    50.850000293592));
#3005 = CARTESIAN_POINT('',(-6.86112553092,5.952845523142,
    51.149999828372));
#3006 = CARTESIAN_POINT('',(-9.623219530286,-4.347833384796E-06,
    51.44999994673));
#3007 = CARTESIAN_POINT('',(-6.861127848112,-5.952838750922,
    51.750000371571));
#3008 = CARTESIAN_POINT('',(-1.646773758733,-7.994428196031,
    52.049999636739));
#3009 = CARTESIAN_POINT('',(2.919514315775,-6.537145265727,
    52.350000273892));
#3010 = CARTESIAN_POINT('',(5.200000187992,-3.267254931788,
    52.649999927348));
#3011 = CARTESIAN_POINT('',(5.199999864255,-4.408790215815E-09,
    52.950000051712));
#3012 = PCURVE('',#1155,#3013);
#3013 = DEFINITIONAL_REPRESENTATION('',(#3014),#3018);
#3014 = LINE('',#3015,#3016);
#3015 = CARTESIAN_POINT('',(0.,0.));
#3016 = VECTOR('',#3017,1.);
#3017 = DIRECTION('',(0.,1.));
#3018 = ( GEOMETRIC_REPRESENTATION_CONTEXT(2) 
PARAMETRIC_REPRESENTATION_CONTEXT() REPRESENTATION_CONTEXT('2D SPACE',''
  ) );
#3019 = PCURVE('',#1537,#3020);
#3020 = DEFINITIONAL_REPRESENTATION('',(#3021),#3028);
#3021 = B_SPLINE_CURVE_WITH_KNOTS('',5,(#3022,#3023,#3024,#3025,#3026,
    #3027),.UNSPECIFIED.,.F.,.F.,(6,6),(16.440221332473,18.373071015633)
  ,.PIECEWISE_BEZIER_KNOTS.);
#3022 = CARTESIAN_POINT('',(-2.269510742265,-6.033610917767));
#3023 = CARTESIAN_POINT('',(-2.618363906714,-6.20017260424));
#3024 = CARTESIAN_POINT('',(-2.967225115215,-6.366734291389));
#3025 = CARTESIAN_POINT('',(-3.316023497266,-6.533295984086));
#3026 = CARTESIAN_POINT('',(-3.664884696637,-6.699857671235));
#3027 = CARTESIAN_POINT('',(-4.013737861864,-6.866419357708));
#3028 = ( GEOMETRIC_REPRESENTATION_CONTEXT(2) 
PARAMETRIC_REPRESENTATION_CONTEXT() REPRESENTATION_CONTEXT('2D SPACE',''
  ) );
#3029 = ORIENTED_EDGE('',*,*,#3030,.F.);
#3030 = EDGE_CURVE('',#3031,#2970,#3033,.T.);
#3031 = VERTEX_POINT('',#3032);
#3032 = CARTESIAN_POINT('',(0.879727068261,5.125044417876,
    47.618833434585));
#3033 = SURFACE_CURVE('',#3034,(#3073,#3080),.PCURVE_S1.);
#3034 = B_SPLINE_CURVE_WITH_KNOTS('',10,(#3035,#3036,#3037,#3038,#3039,
    #3040,#3041,#3042,#3043,#3044,#3045,#3046,#3047,#3048,#3049,#3050,
    #3051,#3052,#3053,#3054,#3055,#3056,#3057,#3058,#3059,#3060,#3061,
    #3062,#3063,#3064,#3065,#3066,#3067,#3068,#3069,#3070,#3071,#3072),
  .UNSPECIFIED.,.F.,.F.,(11,9,9,9,11),(0.,6.962644440466,13.925288880933
    ,20.887933321399,27.850577761866),.UNSPECIFIED.);
#3035 = CARTESIAN_POINT('',(5.2,-8.631797642742E-15,40.95));
#3036 = CARTESIAN_POINT('',(5.1999996736,3.267254927378,41.250000124359)
  );
#3037 = CARTESIAN_POINT('',(2.919515879932,6.537145900558,41.54999977783
    ));
#3038 = CARTESIAN_POINT('',(-1.646776599995,7.994425149887,
    41.85000041494));
#3039 = CARTESIAN_POINT('',(-6.86112514114,5.952845535699,
    42.149999680209));
#3040 = CARTESIAN_POINT('',(-9.623219945552,-4.361203094488E-06,
    42.450000104875));
#3041 = CARTESIAN_POINT('',(-6.861127459933,-5.952838738407,
    42.750000223458));
#3042 = CARTESIAN_POINT('',(-1.646774076013,-7.994428206297,
    43.04999975802));
#3043 = CARTESIAN_POINT('',(2.919514540056,-6.537145258435,
    43.350000188027));
#3044 = CARTESIAN_POINT('',(5.200000053534,-3.267254936179,
    43.649999978886));
#3045 = CARTESIAN_POINT('',(5.199999807428,3.267254931702,
    44.250000073732));
#3046 = CARTESIAN_POINT('',(2.919515675711,6.537145893881,44.54999985505
    ));
#3047 = CARTESIAN_POINT('',(-1.64677634715,7.994425158317,
    44.850000319382));
#3048 = CARTESIAN_POINT('',(-6.861125397445,5.952845526966,
    45.149999777049));
#3049 = CARTESIAN_POINT('',(-9.623219733308,-4.353853402759E-06,
    45.450000024669));
#3050 = CARTESIAN_POINT('',(-6.861127601301,-5.95283874332,
    45.750000276913));
#3051 = CARTESIAN_POINT('',(-1.6467740031,-7.994428203796,
    46.049999730425));
#3052 = CARTESIAN_POINT('',(2.91951451355,-6.537145259318,
    46.350000198064));
#3053 = CARTESIAN_POINT('',(5.200000058242,-3.267254936029,
    46.649999977106));
#3054 = CARTESIAN_POINT('',(5.199999805147,3.267254931625,
    47.250000074583));
#3055 = CARTESIAN_POINT('',(2.919515679217,6.537145894079,
    47.549999853785));
#3056 = CARTESIAN_POINT('',(-1.64677635189,7.994425157875,
    47.850000321051));
#3057 = CARTESIAN_POINT('',(-6.861125391506,5.952845527688,
    48.149999774942));
#3058 = CARTESIAN_POINT('',(-9.623219740176,-4.354693258525E-06,
    48.450000027193));
#3059 = CARTESIAN_POINT('',(-6.861127594312,-5.952838742618,
    48.750000274255));
#3060 = CARTESIAN_POINT('',(-1.646774009073,-7.994428204223,
    49.049999732742));
#3061 = CARTESIAN_POINT('',(2.919514517745,-6.53714525912,
    49.350000196433));
#3062 = CARTESIAN_POINT('',(5.200000055832,-3.26725493611,
    49.649999978036));
#3063 = CARTESIAN_POINT('',(5.199999809811,3.267254931776,
    50.250000072794));
#3064 = CARTESIAN_POINT('',(2.919515653214,6.537145893237,
    50.549999863747));
#3065 = CARTESIAN_POINT('',(-1.646776280226,7.994425160203,
    50.850000293592));
#3066 = CARTESIAN_POINT('',(-6.86112553092,5.952845523142,
    51.149999828372));
#3067 = CARTESIAN_POINT('',(-9.623219530286,-4.347833384796E-06,
    51.44999994673));
#3068 = CARTESIAN_POINT('',(-6.861127848112,-5.952838750922,
    51.750000371571));
#3069 = CARTESIAN_POINT('',(-1.646773758733,-7.994428196031,
    52.049999636739));
#3070 = CARTESIAN_POINT('',(2.919514315775,-6.537145265727,
    52.350000273892));
#3071 = CARTESIAN_POINT('',(5.200000187992,-3.267254931788,
    52.649999927348));
#3072 = CARTESIAN_POINT('',(5.199999864255,-4.408790215815E-09,
    52.950000051712));
#3073 = PCURVE('',#1155,#3074);
#3074 = DEFINITIONAL_REPRESENTATION('',(#3075),#3079);
#3075 = LINE('',#3076,#3077);
#3076 = CARTESIAN_POINT('',(0.,0.));
#3077 = VECTOR('',#3078,1.);
#3078 = DIRECTION('',(0.,1.));
#3079 = ( GEOMETRIC_REPRESENTATION_CONTEXT(2) 
PARAMETRIC_REPRESENTATION_CONTEXT() REPRESENTATION_CONTEXT('2D SPACE',''
  ) );
#3080 = PCURVE('',#3081,#3158);
#3081 = B_SPLINE_SURFACE_WITH_KNOTS('',1,10,(
    (#3082,#3083,#3084,#3085,#3086,#3087,#3088,#3089,#3090,#3091,#3092
      ,#3093,#3094,#3095,#3096,#3097,#3098,#3099,#3100,#3101,#3102,#3103
      ,#3104,#3105,#3106,#3107,#3108,#3109,#3110,#3111,#3112,#3113,#3114
      ,#3115,#3116,#3117,#3118,#3119)
    ,(#3120,#3121,#3122,#3123,#3124,#3125,#3126,#3127,#3128,#3129,#3130
      ,#3131,#3132,#3133,#3134,#3135,#3136,#3137,#3138,#3139,#3140,#3141
      ,#3142,#3143,#3144,#3145,#3146,#3147,#3148,#3149,#3150,#3151,#3152
      ,#3153,#3154,#3155,#3156,#3157
    )),.UNSPECIFIED.,.F.,.F.,.F.,(2,2),(11,9,9,9,11),(0.,2.1),(0.,
    6.962644440466,13.925288880933,20.887933321399,27.850577761866),
  .UNSPECIFIED.);
#3082 = CARTESIAN_POINT('',(5.2,1.51936921538E-15,43.05));
#3083 = CARTESIAN_POINT('',(5.200000326493,3.267255012668,43.35000012436
    ));
#3084 = CARTESIAN_POINT('',(2.919514397561,6.537145433903,
    43.649999777827));
#3085 = CARTESIAN_POINT('',(-1.64677379502,7.994428406087,
    43.950000414948));
#3086 = CARTESIAN_POINT('',(-6.861128022024,5.952838912208,
    44.249999680196));
#3087 = CARTESIAN_POINT('',(-9.623219781698,4.355872835956E-06,
    44.550000104892));
#3088 = CARTESIAN_POINT('',(-6.861125714847,-5.952845672594,
    44.850000223442));
#3089 = CARTESIAN_POINT('',(-1.646776330181,-7.994425367577,
    45.14999975803));
#3090 = CARTESIAN_POINT('',(2.919515724006,-6.537146066328,
    45.450000188022));
#3091 = CARTESIAN_POINT('',(5.199999942721,-3.267255021476,
    45.749999978886));
#3092 = CARTESIAN_POINT('',(5.200000194456,3.267255016984,
    46.350000073731));
#3093 = CARTESIAN_POINT('',(2.919514599061,6.537145427383,
    46.649999855049));
#3094 = CARTESIAN_POINT('',(-1.646774044517,7.994428414014,
    46.950000319384));
#3095 = CARTESIAN_POINT('',(-6.861127769088,5.952838904349,
    47.249999777044));
#3096 = CARTESIAN_POINT('',(-9.623219991174,4.36225766737E-06,
    47.550000024677));
#3097 = CARTESIAN_POINT('',(-6.861125575314,-5.952845676816,
    47.850000276906));
#3098 = CARTESIAN_POINT('',(-1.64677640215,-7.994425365377,
    48.149999730431));
#3099 = CARTESIAN_POINT('',(2.919515750169,-6.537146067152,
    48.450000198062));
#3100 = CARTESIAN_POINT('',(5.199999938073,-3.267255021322,
    48.749999977107));
#3101 = CARTESIAN_POINT('',(5.20000019671,3.267255016911,49.350000074583
    ));
#3102 = CARTESIAN_POINT('',(2.919514595574,6.537145427427,
    49.649999853784));
#3103 = CARTESIAN_POINT('',(-1.646774039761,7.994428414114,
    49.950000321054));
#3104 = CARTESIAN_POINT('',(-6.861127775093,5.95283890406,
    50.249999774936));
#3105 = CARTESIAN_POINT('',(-9.623219984204,4.362613873876E-06,
    50.550000027199));
#3106 = CARTESIAN_POINT('',(-6.861125582403,-5.952845677048,
    50.850000274248));
#3107 = CARTESIAN_POINT('',(-1.6467763961,-7.994425365339,
    51.149999732746));
#3108 = CARTESIAN_POINT('',(2.919515745924,-6.537146067079,
    51.450000196431));
#3109 = CARTESIAN_POINT('',(5.199999940513,-3.267255021399,
    51.749999978036));
#3110 = CARTESIAN_POINT('',(5.200000191983,3.267255017065,
    52.350000072794));
#3111 = CARTESIAN_POINT('',(2.919514621931,6.537145426566,
    52.649999863749));
#3112 = CARTESIAN_POINT('',(-1.646774112405,7.994428416476,
    52.950000293588));
#3113 = CARTESIAN_POINT('',(-6.861127633771,5.952838899488,
    53.249999828378));
#3114 = CARTESIAN_POINT('',(-9.623220196965,4.369474966422E-06,
    53.549999946723));
#3115 = CARTESIAN_POINT('',(-6.861125325139,-5.952845685333,
    53.850000371577));
#3116 = CARTESIAN_POINT('',(-1.646776649848,-7.994425357167,
    54.149999636736));
#3117 = CARTESIAN_POINT('',(2.919515950639,-6.537146073677,
    54.450000273893));
#3118 = CARTESIAN_POINT('',(5.199999806559,-3.267255017078,
    54.749999927348));
#3119 = CARTESIAN_POINT('',(5.200000135745,-4.40931743079E-09,
    55.050000051712));
#3120 = CARTESIAN_POINT('',(5.2,-1.682482217683E-15,40.95));
#3121 = CARTESIAN_POINT('',(5.1999996736,3.267254927378,41.250000124359)
  );
#3122 = CARTESIAN_POINT('',(2.919515879932,6.537145900558,41.54999977783
    ));
#3123 = CARTESIAN_POINT('',(-1.646776599995,7.994425149888,
    41.85000041494));
#3124 = CARTESIAN_POINT('',(-6.86112514114,5.952845535698,
    42.149999680209));
#3125 = CARTESIAN_POINT('',(-9.623219945552,-4.361202752408E-06,
    42.450000104875));
#3126 = CARTESIAN_POINT('',(-6.861127459933,-5.952838738407,
    42.750000223458));
#3127 = CARTESIAN_POINT('',(-1.646774076013,-7.994428206297,
    43.04999975802));
#3128 = CARTESIAN_POINT('',(2.919514540056,-6.537145258435,
    43.350000188027));
#3129 = CARTESIAN_POINT('',(5.200000053534,-3.267254936179,
    43.649999978886));
#3130 = CARTESIAN_POINT('',(5.199999807428,3.267254931702,
    44.250000073732));
#3131 = CARTESIAN_POINT('',(2.919515675711,6.537145893881,44.54999985505
    ));
#3132 = CARTESIAN_POINT('',(-1.64677634715,7.994425158318,
    44.850000319382));
#3133 = CARTESIAN_POINT('',(-6.861125397444,5.952845526966,
    45.149999777049));
#3134 = CARTESIAN_POINT('',(-9.623219733308,-4.353853182915E-06,
    45.450000024669));
#3135 = CARTESIAN_POINT('',(-6.8611276013,-5.95283874332,45.750000276913
    ));
#3136 = CARTESIAN_POINT('',(-1.6467740031,-7.994428203796,
    46.049999730425));
#3137 = CARTESIAN_POINT('',(2.91951451355,-6.537145259318,
    46.350000198064));
#3138 = CARTESIAN_POINT('',(5.200000058242,-3.267254936029,
    46.649999977106));
#3139 = CARTESIAN_POINT('',(5.199999805147,3.267254931625,
    47.250000074583));
#3140 = CARTESIAN_POINT('',(2.919515679217,6.537145894079,
    47.549999853785));
#3141 = CARTESIAN_POINT('',(-1.646776351889,7.994425157875,
    47.850000321051));
#3142 = CARTESIAN_POINT('',(-6.861125391507,5.952845527687,
    48.149999774942));
#3143 = CARTESIAN_POINT('',(-9.623219740175,-4.354692597843E-06,
    48.450000027193));
#3144 = CARTESIAN_POINT('',(-6.861127594313,-5.952838742618,
    48.750000274255));
#3145 = CARTESIAN_POINT('',(-1.646774009073,-7.994428204223,
    49.049999732742));
#3146 = CARTESIAN_POINT('',(2.919514517745,-6.53714525912,
    49.350000196433));
#3147 = CARTESIAN_POINT('',(5.200000055832,-3.26725493611,
    49.649999978036));
#3148 = CARTESIAN_POINT('',(5.199999809811,3.267254931776,
    50.250000072794));
#3149 = CARTESIAN_POINT('',(2.919515653215,6.537145893238,
    50.549999863747));
#3150 = CARTESIAN_POINT('',(-1.646776280227,7.994425160202,
    50.850000293592));
#3151 = CARTESIAN_POINT('',(-6.861125530919,5.952845523143,
    51.149999828372));
#3152 = CARTESIAN_POINT('',(-9.623219530287,-4.347834636795E-06,
    51.44999994673));
#3153 = CARTESIAN_POINT('',(-6.861127848111,-5.952838750921,
    51.750000371571));
#3154 = CARTESIAN_POINT('',(-1.646773758734,-7.994428196031,
    52.049999636739));
#3155 = CARTESIAN_POINT('',(2.919514315775,-6.537145265727,
    52.350000273892));
#3156 = CARTESIAN_POINT('',(5.200000187992,-3.267254931788,
    52.649999927348));
#3157 = CARTESIAN_POINT('',(5.199999864255,-4.408783459548E-09,
    52.950000051712));
#3158 = DEFINITIONAL_REPRESENTATION('',(#3159),#3162);
#3159 = B_SPLINE_CURVE_WITH_KNOTS('',1,(#3160,#3161),.UNSPECIFIED.,.F.,
  .F.,(2,2),(0.,27.850577761866),.PIECEWISE_BEZIER_KNOTS.);
#3160 = CARTESIAN_POINT('',(2.1,0.));
#3161 = CARTESIAN_POINT('',(2.1,27.850577761866));
#3162 = ( GEOMETRIC_REPRESENTATION_CONTEXT(2) 
PARAMETRIC_REPRESENTATION_CONTEXT() REPRESENTATION_CONTEXT('2D SPACE',''
  ) );
#3163 = ORIENTED_EDGE('',*,*,#3164,.T.);
#3164 = EDGE_CURVE('',#3031,#3165,#3167,.T.);
#3165 = VERTEX_POINT('',#3166);
#3166 = CARTESIAN_POINT('',(4.062858809007,3.245485833904,
    47.271820310933));
#3167 = SURFACE_CURVE('',#3168,(#3177,#3189),.PCURVE_S1.);
#3168 = B_SPLINE_CURVE_WITH_KNOTS('',7,(#3169,#3170,#3171,#3172,#3173,
    #3174,#3175,#3176),.UNSPECIFIED.,.F.,.F.,(8,8),(0.,1.),
  .PIECEWISE_BEZIER_KNOTS.);
#3169 = CARTESIAN_POINT('',(0.879726641483,5.12504449115,47.618833474345
    ));
#3170 = CARTESIAN_POINT('',(1.411754917593,5.033720513509,
    47.569288243303));
#3171 = CARTESIAN_POINT('',(1.932992665016,4.877914590094,
    47.519718996664));
#3172 = CARTESIAN_POINT('',(2.433561930844,4.659209374039,
    47.470165790717));
#3173 = CARTESIAN_POINT('',(2.904541062098,4.381105897382,
    47.420606007231));
#3174 = CARTESIAN_POINT('',(3.337794628203,4.048409824276,47.37102192183
    ));
#3175 = CARTESIAN_POINT('',(3.725951824088,3.667242569733,
    47.321408008154));
#3176 = CARTESIAN_POINT('',(4.062858808994,3.245485833921,
    47.271820310935));
#3177 = PCURVE('',#1155,#3178);
#3178 = DEFINITIONAL_REPRESENTATION('',(#3179),#3188);
#3179 = B_SPLINE_CURVE_WITH_KNOTS('',7,(#3180,#3181,#3182,#3183,#3184,
    #3185,#3186,#3187),.UNSPECIFIED.,.F.,.F.,(8,8),(0.,1.),
  .PIECEWISE_BEZIER_KNOTS.);
#3180 = CARTESIAN_POINT('',(0.,15.477572043643));
#3181 = CARTESIAN_POINT('',(2.82558410554E-05,15.362537064824));
#3182 = CARTESIAN_POINT('',(5.764936589224E-05,15.247444481971));
#3183 = CARTESIAN_POINT('',(7.958191956536E-05,15.132401372097));
#3184 = CARTESIAN_POINT('',(8.321569300226E-05,15.017373026559));
#3185 = CARTESIAN_POINT('',(6.207842422017E-05,14.902328930231));
#3186 = CARTESIAN_POINT('',(2.985218318772E-05,14.787233802543));
#3187 = CARTESIAN_POINT('',(0.,14.672195622479));
#3188 = ( GEOMETRIC_REPRESENTATION_CONTEXT(2) 
PARAMETRIC_REPRESENTATION_CONTEXT() REPRESENTATION_CONTEXT('2D SPACE',''
  ) );
#3189 = PCURVE('',#1537,#3190);
#3190 = DEFINITIONAL_REPRESENTATION('',(#3191),#3200);
#3191 = B_SPLINE_CURVE_WITH_KNOTS('',7,(#3192,#3193,#3194,#3195,#3196,
    #3197,#3198,#3199),.UNSPECIFIED.,.F.,.F.,(8,8),(0.,1.),
  .PIECEWISE_BEZIER_KNOTS.);
#3192 = CARTESIAN_POINT('',(-1.400800536256,-5.618833474345));
#3193 = CARTESIAN_POINT('',(-1.296991042108,-5.569288243303));
#3194 = CARTESIAN_POINT('',(-1.193128828981,-5.519718996664));
#3195 = CARTESIAN_POINT('',(-1.089310593268,-5.470165790717));
#3196 = CARTESIAN_POINT('',(-0.98550557156,-5.420606007231));
#3197 = CARTESIAN_POINT('',(-0.881688349804,-5.37102192183));
#3198 = CARTESIAN_POINT('',(-0.777827832109,-5.321408008154));
#3199 = CARTESIAN_POINT('',(-0.674019957989,-5.271820310935));
#3200 = ( GEOMETRIC_REPRESENTATION_CONTEXT(2) 
PARAMETRIC_REPRESENTATION_CONTEXT() REPRESENTATION_CONTEXT('2D SPACE',''
  ) );
#3201 = ORIENTED_EDGE('',*,*,#3202,.F.);
#3202 = EDGE_CURVE('',#3203,#3165,#3205,.T.);
#3203 = VERTEX_POINT('',#3204);
#3204 = CARTESIAN_POINT('',(5.199673235161,5.829448987658E-02,
    46.95535271748));
#3205 = SURFACE_CURVE('',#3206,(#3245,#3252),.PCURVE_S1.);
#3206 = B_SPLINE_CURVE_WITH_KNOTS('',10,(#3207,#3208,#3209,#3210,#3211,
    #3212,#3213,#3214,#3215,#3216,#3217,#3218,#3219,#3220,#3221,#3222,
    #3223,#3224,#3225,#3226,#3227,#3228,#3229,#3230,#3231,#3232,#3233,
    #3234,#3235,#3236,#3237,#3238,#3239,#3240,#3241,#3242,#3243,#3244),
  .UNSPECIFIED.,.F.,.F.,(11,9,9,9,11),(0.,6.962644440466,13.925288880933
    ,20.887933321399,27.850577761866),.UNSPECIFIED.);
#3207 = CARTESIAN_POINT('',(5.2,-8.631797642742E-15,40.95));
#3208 = CARTESIAN_POINT('',(5.1999996736,3.267254927378,41.250000124359)
  );
#3209 = CARTESIAN_POINT('',(2.919515879932,6.537145900558,41.54999977783
    ));
#3210 = CARTESIAN_POINT('',(-1.646776599995,7.994425149887,
    41.85000041494));
#3211 = CARTESIAN_POINT('',(-6.86112514114,5.952845535699,
    42.149999680209));
#3212 = CARTESIAN_POINT('',(-9.623219945552,-4.361203094488E-06,
    42.450000104875));
#3213 = CARTESIAN_POINT('',(-6.861127459933,-5.952838738407,
    42.750000223458));
#3214 = CARTESIAN_POINT('',(-1.646774076013,-7.994428206297,
    43.04999975802));
#3215 = CARTESIAN_POINT('',(2.919514540056,-6.537145258435,
    43.350000188027));
#3216 = CARTESIAN_POINT('',(5.200000053534,-3.267254936179,
    43.649999978886));
#3217 = CARTESIAN_POINT('',(5.199999807428,3.267254931702,
    44.250000073732));
#3218 = CARTESIAN_POINT('',(2.919515675711,6.537145893881,44.54999985505
    ));
#3219 = CARTESIAN_POINT('',(-1.64677634715,7.994425158317,
    44.850000319382));
#3220 = CARTESIAN_POINT('',(-6.861125397445,5.952845526966,
    45.149999777049));
#3221 = CARTESIAN_POINT('',(-9.623219733308,-4.353853402759E-06,
    45.450000024669));
#3222 = CARTESIAN_POINT('',(-6.861127601301,-5.95283874332,
    45.750000276913));
#3223 = CARTESIAN_POINT('',(-1.6467740031,-7.994428203796,
    46.049999730425));
#3224 = CARTESIAN_POINT('',(2.91951451355,-6.537145259318,
    46.350000198064));
#3225 = CARTESIAN_POINT('',(5.200000058242,-3.267254936029,
    46.649999977106));
#3226 = CARTESIAN_POINT('',(5.199999805147,3.267254931625,
    47.250000074583));
#3227 = CARTESIAN_POINT('',(2.919515679217,6.537145894079,
    47.549999853785));
#3228 = CARTESIAN_POINT('',(-1.64677635189,7.994425157875,
    47.850000321051));
#3229 = CARTESIAN_POINT('',(-6.861125391506,5.952845527688,
    48.149999774942));
#3230 = CARTESIAN_POINT('',(-9.623219740176,-4.354693258525E-06,
    48.450000027193));
#3231 = CARTESIAN_POINT('',(-6.861127594312,-5.952838742618,
    48.750000274255));
#3232 = CARTESIAN_POINT('',(-1.646774009073,-7.994428204223,
    49.049999732742));
#3233 = CARTESIAN_POINT('',(2.919514517745,-6.53714525912,
    49.350000196433));
#3234 = CARTESIAN_POINT('',(5.200000055832,-3.26725493611,
    49.649999978036));
#3235 = CARTESIAN_POINT('',(5.199999809811,3.267254931776,
    50.250000072794));
#3236 = CARTESIAN_POINT('',(2.919515653214,6.537145893237,
    50.549999863747));
#3237 = CARTESIAN_POINT('',(-1.646776280226,7.994425160203,
    50.850000293592));
#3238 = CARTESIAN_POINT('',(-6.86112553092,5.952845523142,
    51.149999828372));
#3239 = CARTESIAN_POINT('',(-9.623219530286,-4.347833384796E-06,
    51.44999994673));
#3240 = CARTESIAN_POINT('',(-6.861127848112,-5.952838750922,
    51.750000371571));
#3241 = CARTESIAN_POINT('',(-1.646773758733,-7.994428196031,
    52.049999636739));
#3242 = CARTESIAN_POINT('',(2.919514315775,-6.537145265727,
    52.350000273892));
#3243 = CARTESIAN_POINT('',(5.200000187992,-3.267254931788,
    52.649999927348));
#3244 = CARTESIAN_POINT('',(5.199999864255,-4.408790215815E-09,
    52.950000051712));
#3245 = PCURVE('',#1155,#3246);
#3246 = DEFINITIONAL_REPRESENTATION('',(#3247),#3251);
#3247 = LINE('',#3248,#3249);
#3248 = CARTESIAN_POINT('',(0.,0.));
#3249 = VECTOR('',#3250,1.);
#3250 = DIRECTION('',(0.,1.));
#3251 = ( GEOMETRIC_REPRESENTATION_CONTEXT(2) 
PARAMETRIC_REPRESENTATION_CONTEXT() REPRESENTATION_CONTEXT('2D SPACE',''
  ) );
#3252 = PCURVE('',#1537,#3253);
#3253 = DEFINITIONAL_REPRESENTATION('',(#3254),#3261);
#3254 = B_SPLINE_CURVE_WITH_KNOTS('',5,(#3255,#3256,#3257,#3258,#3259,
    #3260),.UNSPECIFIED.,.F.,.F.,(6,6),(13.937711841888,14.672195622474)
  ,.PIECEWISE_BEZIER_KNOTS.);
#3255 = CARTESIAN_POINT('',(-1.121071364821E-02,-4.95535271748));
#3256 = CARTESIAN_POINT('',(-0.143773898046,-5.018646245897));
#3257 = CARTESIAN_POINT('',(-0.276357839236,-5.081939761544));
#3258 = CARTESIAN_POINT('',(-0.408908267906,-5.145233277079));
#3259 = CARTESIAN_POINT('',(-0.541463619219,-5.208526793389));
#3260 = CARTESIAN_POINT('',(-0.674019957985,-5.271820310933));
#3261 = ( GEOMETRIC_REPRESENTATION_CONTEXT(2) 
PARAMETRIC_REPRESENTATION_CONTEXT() REPRESENTATION_CONTEXT('2D SPACE',''
  ) );
#3262 = ORIENTED_EDGE('',*,*,#3263,.F.);
#3263 = EDGE_CURVE('',#3264,#3203,#3266,.T.);
#3264 = VERTEX_POINT('',#3265);
#3265 = CARTESIAN_POINT('',(5.199999965847,2.713057454025E-14,
    46.950000026047));
#3266 = SURFACE_CURVE('',#3267,(#3306,#3313),.PCURVE_S1.);
#3267 = B_SPLINE_CURVE_WITH_KNOTS('',10,(#3268,#3269,#3270,#3271,#3272,
    #3273,#3274,#3275,#3276,#3277,#3278,#3279,#3280,#3281,#3282,#3283,
    #3284,#3285,#3286,#3287,#3288,#3289,#3290,#3291,#3292,#3293,#3294,
    #3295,#3296,#3297,#3298,#3299,#3300,#3301,#3302,#3303,#3304,#3305),
  .UNSPECIFIED.,.F.,.F.,(11,9,9,9,11),(0.,6.962644440466,13.925288880933
    ,20.887933321399,27.850577761866),.UNSPECIFIED.);
#3268 = CARTESIAN_POINT('',(5.2,-8.631797642742E-15,40.95));
#3269 = CARTESIAN_POINT('',(5.1999996736,3.267254927378,41.250000124359)
  );
#3270 = CARTESIAN_POINT('',(2.919515879932,6.537145900558,41.54999977783
    ));
#3271 = CARTESIAN_POINT('',(-1.646776599995,7.994425149887,
    41.85000041494));
#3272 = CARTESIAN_POINT('',(-6.86112514114,5.952845535699,
    42.149999680209));
#3273 = CARTESIAN_POINT('',(-9.623219945552,-4.361203094488E-06,
    42.450000104875));
#3274 = CARTESIAN_POINT('',(-6.861127459933,-5.952838738407,
    42.750000223458));
#3275 = CARTESIAN_POINT('',(-1.646774076013,-7.994428206297,
    43.04999975802));
#3276 = CARTESIAN_POINT('',(2.919514540056,-6.537145258435,
    43.350000188027));
#3277 = CARTESIAN_POINT('',(5.200000053534,-3.267254936179,
    43.649999978886));
#3278 = CARTESIAN_POINT('',(5.199999807428,3.267254931702,
    44.250000073732));
#3279 = CARTESIAN_POINT('',(2.919515675711,6.537145893881,44.54999985505
    ));
#3280 = CARTESIAN_POINT('',(-1.64677634715,7.994425158317,
    44.850000319382));
#3281 = CARTESIAN_POINT('',(-6.861125397445,5.952845526966,
    45.149999777049));
#3282 = CARTESIAN_POINT('',(-9.623219733308,-4.353853402759E-06,
    45.450000024669));
#3283 = CARTESIAN_POINT('',(-6.861127601301,-5.95283874332,
    45.750000276913));
#3284 = CARTESIAN_POINT('',(-1.6467740031,-7.994428203796,
    46.049999730425));
#3285 = CARTESIAN_POINT('',(2.91951451355,-6.537145259318,
    46.350000198064));
#3286 = CARTESIAN_POINT('',(5.200000058242,-3.267254936029,
    46.649999977106));
#3287 = CARTESIAN_POINT('',(5.199999805147,3.267254931625,
    47.250000074583));
#3288 = CARTESIAN_POINT('',(2.919515679217,6.537145894079,
    47.549999853785));
#3289 = CARTESIAN_POINT('',(-1.64677635189,7.994425157875,
    47.850000321051));
#3290 = CARTESIAN_POINT('',(-6.861125391506,5.952845527688,
    48.149999774942));
#3291 = CARTESIAN_POINT('',(-9.623219740176,-4.354693258525E-06,
    48.450000027193));
#3292 = CARTESIAN_POINT('',(-6.861127594312,-5.952838742618,
    48.750000274255));
#3293 = CARTESIAN_POINT('',(-1.646774009073,-7.994428204223,
    49.049999732742));
#3294 = CARTESIAN_POINT('',(2.919514517745,-6.53714525912,
    49.350000196433));
#3295 = CARTESIAN_POINT('',(5.200000055832,-3.26725493611,
    49.649999978036));
#3296 = CARTESIAN_POINT('',(5.199999809811,3.267254931776,
    50.250000072794));
#3297 = CARTESIAN_POINT('',(2.919515653214,6.537145893237,
    50.549999863747));
#3298 = CARTESIAN_POINT('',(-1.646776280226,7.994425160203,
    50.850000293592));
#3299 = CARTESIAN_POINT('',(-6.86112553092,5.952845523142,
    51.149999828372));
#3300 = CARTESIAN_POINT('',(-9.623219530286,-4.347833384796E-06,
    51.44999994673));
#3301 = CARTESIAN_POINT('',(-6.861127848112,-5.952838750922,
    51.750000371571));
#3302 = CARTESIAN_POINT('',(-1.646773758733,-7.994428196031,
    52.049999636739));
#3303 = CARTESIAN_POINT('',(2.919514315775,-6.537145265727,
    52.350000273892));
#3304 = CARTESIAN_POINT('',(5.200000187992,-3.267254931788,
    52.649999927348));
#3305 = CARTESIAN_POINT('',(5.199999864255,-4.408790215815E-09,
    52.950000051712));
#3306 = PCURVE('',#1155,#3307);
#3307 = DEFINITIONAL_REPRESENTATION('',(#3308),#3312);
#3308 = LINE('',#3309,#3310);
#3309 = CARTESIAN_POINT('',(0.,0.));
#3310 = VECTOR('',#3311,1.);
#3311 = DIRECTION('',(0.,1.));
#3312 = ( GEOMETRIC_REPRESENTATION_CONTEXT(2) 
PARAMETRIC_REPRESENTATION_CONTEXT() REPRESENTATION_CONTEXT('2D SPACE',''
  ) );
#3313 = PCURVE('',#1537,#3314);
#3314 = DEFINITIONAL_REPRESENTATION('',(#3315),#3322);
#3315 = B_SPLINE_CURVE_WITH_KNOTS('',5,(#3316,#3317,#3318,#3319,#3320,
    #3321),.UNSPECIFIED.,.F.,.F.,(6,6),(13.925288880933,13.937711841888)
  ,.PIECEWISE_BEZIER_KNOTS.);
#3316 = CARTESIAN_POINT('',(4.235207740066E-10,-4.950000025845));
#3317 = CARTESIAN_POINT('',(-2.242128478641E-03,-4.951070564179));
#3318 = CARTESIAN_POINT('',(-4.484264757045E-03,-4.95214110251));
#3319 = CARTESIAN_POINT('',(-6.72640780413E-03,-4.953211640837));
#3320 = CARTESIAN_POINT('',(-8.968557582503E-03,-4.95428217916));
#3321 = CARTESIAN_POINT('',(-1.121071364821E-02,-4.95535271748));
#3322 = ( GEOMETRIC_REPRESENTATION_CONTEXT(2) 
PARAMETRIC_REPRESENTATION_CONTEXT() REPRESENTATION_CONTEXT('2D SPACE',''
  ) );
#3323 = ORIENTED_EDGE('',*,*,#3324,.F.);
#3324 = EDGE_CURVE('',#3325,#3264,#3327,.T.);
#3325 = VERTEX_POINT('',#3326);
#3326 = CARTESIAN_POINT('',(5.199692963823,-5.650736212482E-02,
    46.944811437093));
#3327 = SURFACE_CURVE('',#3328,(#3367,#3374),.PCURVE_S1.);
#3328 = B_SPLINE_CURVE_WITH_KNOTS('',10,(#3329,#3330,#3331,#3332,#3333,
    #3334,#3335,#3336,#3337,#3338,#3339,#3340,#3341,#3342,#3343,#3344,
    #3345,#3346,#3347,#3348,#3349,#3350,#3351,#3352,#3353,#3354,#3355,
    #3356,#3357,#3358,#3359,#3360,#3361,#3362,#3363,#3364,#3365,#3366),
  .UNSPECIFIED.,.F.,.F.,(11,9,9,9,11),(0.,6.962644440466,13.925288880933
    ,20.887933321399,27.850577761866),.UNSPECIFIED.);
#3329 = CARTESIAN_POINT('',(5.2,-8.631797642742E-15,40.95));
#3330 = CARTESIAN_POINT('',(5.1999996736,3.267254927378,41.250000124359)
  );
#3331 = CARTESIAN_POINT('',(2.919515879932,6.537145900558,41.54999977783
    ));
#3332 = CARTESIAN_POINT('',(-1.646776599995,7.994425149887,
    41.85000041494));
#3333 = CARTESIAN_POINT('',(-6.86112514114,5.952845535699,
    42.149999680209));
#3334 = CARTESIAN_POINT('',(-9.623219945552,-4.361203094488E-06,
    42.450000104875));
#3335 = CARTESIAN_POINT('',(-6.861127459933,-5.952838738407,
    42.750000223458));
#3336 = CARTESIAN_POINT('',(-1.646774076013,-7.994428206297,
    43.04999975802));
#3337 = CARTESIAN_POINT('',(2.919514540056,-6.537145258435,
    43.350000188027));
#3338 = CARTESIAN_POINT('',(5.200000053534,-3.267254936179,
    43.649999978886));
#3339 = CARTESIAN_POINT('',(5.199999807428,3.267254931702,
    44.250000073732));
#3340 = CARTESIAN_POINT('',(2.919515675711,6.537145893881,44.54999985505
    ));
#3341 = CARTESIAN_POINT('',(-1.64677634715,7.994425158317,
    44.850000319382));
#3342 = CARTESIAN_POINT('',(-6.861125397445,5.952845526966,
    45.149999777049));
#3343 = CARTESIAN_POINT('',(-9.623219733308,-4.353853402759E-06,
    45.450000024669));
#3344 = CARTESIAN_POINT('',(-6.861127601301,-5.95283874332,
    45.750000276913));
#3345 = CARTESIAN_POINT('',(-1.6467740031,-7.994428203796,
    46.049999730425));
#3346 = CARTESIAN_POINT('',(2.91951451355,-6.537145259318,
    46.350000198064));
#3347 = CARTESIAN_POINT('',(5.200000058242,-3.267254936029,
    46.649999977106));
#3348 = CARTESIAN_POINT('',(5.199999805147,3.267254931625,
    47.250000074583));
#3349 = CARTESIAN_POINT('',(2.919515679217,6.537145894079,
    47.549999853785));
#3350 = CARTESIAN_POINT('',(-1.64677635189,7.994425157875,
    47.850000321051));
#3351 = CARTESIAN_POINT('',(-6.861125391506,5.952845527688,
    48.149999774942));
#3352 = CARTESIAN_POINT('',(-9.623219740176,-4.354693258525E-06,
    48.450000027193));
#3353 = CARTESIAN_POINT('',(-6.861127594312,-5.952838742618,
    48.750000274255));
#3354 = CARTESIAN_POINT('',(-1.646774009073,-7.994428204223,
    49.049999732742));
#3355 = CARTESIAN_POINT('',(2.919514517745,-6.53714525912,
    49.350000196433));
#3356 = CARTESIAN_POINT('',(5.200000055832,-3.26725493611,
    49.649999978036));
#3357 = CARTESIAN_POINT('',(5.199999809811,3.267254931776,
    50.250000072794));
#3358 = CARTESIAN_POINT('',(2.919515653214,6.537145893237,
    50.549999863747));
#3359 = CARTESIAN_POINT('',(-1.646776280226,7.994425160203,
    50.850000293592));
#3360 = CARTESIAN_POINT('',(-6.86112553092,5.952845523142,
    51.149999828372));
#3361 = CARTESIAN_POINT('',(-9.623219530286,-4.347833384796E-06,
    51.44999994673));
#3362 = CARTESIAN_POINT('',(-6.861127848112,-5.952838750922,
    51.750000371571));
#3363 = CARTESIAN_POINT('',(-1.646773758733,-7.994428196031,
    52.049999636739));
#3364 = CARTESIAN_POINT('',(2.919514315775,-6.537145265727,
    52.350000273892));
#3365 = CARTESIAN_POINT('',(5.200000187992,-3.267254931788,
    52.649999927348));
#3366 = CARTESIAN_POINT('',(5.199999864255,-4.408790215815E-09,
    52.950000051712));
#3367 = PCURVE('',#1155,#3368);
#3368 = DEFINITIONAL_REPRESENTATION('',(#3369),#3373);
#3369 = LINE('',#3370,#3371);
#3370 = CARTESIAN_POINT('',(0.,0.));
#3371 = VECTOR('',#3372,1.);
#3372 = DIRECTION('',(0.,1.));
#3373 = ( GEOMETRIC_REPRESENTATION_CONTEXT(2) 
PARAMETRIC_REPRESENTATION_CONTEXT() REPRESENTATION_CONTEXT('2D SPACE',''
  ) );
#3374 = PCURVE('',#1537,#3375);
#3375 = DEFINITIONAL_REPRESENTATION('',(#3376),#3383);
#3376 = B_SPLINE_CURVE_WITH_KNOTS('',5,(#3377,#3378,#3379,#3380,#3381,
    #3382),.UNSPECIFIED.,.F.,.F.,(6,6),(13.913246783264,13.925288880933)
  ,.PIECEWISE_BEZIER_KNOTS.);
#3377 = CARTESIAN_POINT('',(-6.272318292888,-4.944811437093));
#3378 = CARTESIAN_POINT('',(-6.274491708144,-4.945849154836));
#3379 = CARTESIAN_POINT('',(-6.276665117469,-4.946886872583));
#3380 = CARTESIAN_POINT('',(-6.27883852045,-4.947924590333));
#3381 = CARTESIAN_POINT('',(-6.281011917069,-4.948962308087));
#3382 = CARTESIAN_POINT('',(-6.283185306756,-4.950000025845));
#3383 = ( GEOMETRIC_REPRESENTATION_CONTEXT(2) 
PARAMETRIC_REPRESENTATION_CONTEXT() REPRESENTATION_CONTEXT('2D SPACE',''
  ) );
#3384 = ORIENTED_EDGE('',*,*,#3385,.F.);
#3385 = EDGE_CURVE('',#3386,#3325,#3388,.T.);
#3386 = VERTEX_POINT('',#3387);
#3387 = CARTESIAN_POINT('',(4.063145548957,-3.245126846225,
    46.628221929758));
#3388 = SURFACE_CURVE('',#3389,(#3428,#3435),.PCURVE_S1.);
#3389 = B_SPLINE_CURVE_WITH_KNOTS('',10,(#3390,#3391,#3392,#3393,#3394,
    #3395,#3396,#3397,#3398,#3399,#3400,#3401,#3402,#3403,#3404,#3405,
    #3406,#3407,#3408,#3409,#3410,#3411,#3412,#3413,#3414,#3415,#3416,
    #3417,#3418,#3419,#3420,#3421,#3422,#3423,#3424,#3425,#3426,#3427),
  .UNSPECIFIED.,.F.,.F.,(11,9,9,9,11),(0.,6.962644440466,13.925288880933
    ,20.887933321399,27.850577761866),.UNSPECIFIED.);
#3390 = CARTESIAN_POINT('',(5.2,-8.631797642742E-15,40.95));
#3391 = CARTESIAN_POINT('',(5.1999996736,3.267254927378,41.250000124359)
  );
#3392 = CARTESIAN_POINT('',(2.919515879932,6.537145900558,41.54999977783
    ));
#3393 = CARTESIAN_POINT('',(-1.646776599995,7.994425149887,
    41.85000041494));
#3394 = CARTESIAN_POINT('',(-6.86112514114,5.952845535699,
    42.149999680209));
#3395 = CARTESIAN_POINT('',(-9.623219945552,-4.361203094488E-06,
    42.450000104875));
#3396 = CARTESIAN_POINT('',(-6.861127459933,-5.952838738407,
    42.750000223458));
#3397 = CARTESIAN_POINT('',(-1.646774076013,-7.994428206297,
    43.04999975802));
#3398 = CARTESIAN_POINT('',(2.919514540056,-6.537145258435,
    43.350000188027));
#3399 = CARTESIAN_POINT('',(5.200000053534,-3.267254936179,
    43.649999978886));
#3400 = CARTESIAN_POINT('',(5.199999807428,3.267254931702,
    44.250000073732));
#3401 = CARTESIAN_POINT('',(2.919515675711,6.537145893881,44.54999985505
    ));
#3402 = CARTESIAN_POINT('',(-1.64677634715,7.994425158317,
    44.850000319382));
#3403 = CARTESIAN_POINT('',(-6.861125397445,5.952845526966,
    45.149999777049));
#3404 = CARTESIAN_POINT('',(-9.623219733308,-4.353853402759E-06,
    45.450000024669));
#3405 = CARTESIAN_POINT('',(-6.861127601301,-5.95283874332,
    45.750000276913));
#3406 = CARTESIAN_POINT('',(-1.6467740031,-7.994428203796,
    46.049999730425));
#3407 = CARTESIAN_POINT('',(2.91951451355,-6.537145259318,
    46.350000198064));
#3408 = CARTESIAN_POINT('',(5.200000058242,-3.267254936029,
    46.649999977106));
#3409 = CARTESIAN_POINT('',(5.199999805147,3.267254931625,
    47.250000074583));
#3410 = CARTESIAN_POINT('',(2.919515679217,6.537145894079,
    47.549999853785));
#3411 = CARTESIAN_POINT('',(-1.64677635189,7.994425157875,
    47.850000321051));
#3412 = CARTESIAN_POINT('',(-6.861125391506,5.952845527688,
    48.149999774942));
#3413 = CARTESIAN_POINT('',(-9.623219740176,-4.354693258525E-06,
    48.450000027193));
#3414 = CARTESIAN_POINT('',(-6.861127594312,-5.952838742618,
    48.750000274255));
#3415 = CARTESIAN_POINT('',(-1.646774009073,-7.994428204223,
    49.049999732742));
#3416 = CARTESIAN_POINT('',(2.919514517745,-6.53714525912,
    49.350000196433));
#3417 = CARTESIAN_POINT('',(5.200000055832,-3.26725493611,
    49.649999978036));
#3418 = CARTESIAN_POINT('',(5.199999809811,3.267254931776,
    50.250000072794));
#3419 = CARTESIAN_POINT('',(2.919515653214,6.537145893237,
    50.549999863747));
#3420 = CARTESIAN_POINT('',(-1.646776280226,7.994425160203,
    50.850000293592));
#3421 = CARTESIAN_POINT('',(-6.86112553092,5.952845523142,
    51.149999828372));
#3422 = CARTESIAN_POINT('',(-9.623219530286,-4.347833384796E-06,
    51.44999994673));
#3423 = CARTESIAN_POINT('',(-6.861127848112,-5.952838750922,
    51.750000371571));
#3424 = CARTESIAN_POINT('',(-1.646773758733,-7.994428196031,
    52.049999636739));
#3425 = CARTESIAN_POINT('',(2.919514315775,-6.537145265727,
    52.350000273892));
#3426 = CARTESIAN_POINT('',(5.200000187992,-3.267254931788,
    52.649999927348));
#3427 = CARTESIAN_POINT('',(5.199999864255,-4.408790215815E-09,
    52.950000051712));
#3428 = PCURVE('',#1155,#3429);
#3429 = DEFINITIONAL_REPRESENTATION('',(#3430),#3434);
#3430 = LINE('',#3431,#3432);
#3431 = CARTESIAN_POINT('',(0.,0.));
#3432 = VECTOR('',#3433,1.);
#3433 = DIRECTION('',(0.,1.));
#3434 = ( GEOMETRIC_REPRESENTATION_CONTEXT(2) 
PARAMETRIC_REPRESENTATION_CONTEXT() REPRESENTATION_CONTEXT('2D SPACE',''
  ) );
#3435 = PCURVE('',#1537,#3436);
#3436 = DEFINITIONAL_REPRESENTATION('',(#3437),#3444);
#3437 = B_SPLINE_CURVE_WITH_KNOTS('',5,(#3438,#3439,#3440,#3441,#3442,
    #3443),.UNSPECIFIED.,.F.,.F.,(6,6),(13.178480055017,13.913246783264)
  ,.PIECEWISE_BEZIER_KNOTS.);
#3438 = CARTESIAN_POINT('',(-5.609253704472,-4.628221929758));
#3439 = CARTESIAN_POINT('',(-5.741861109856,-4.691539830074));
#3440 = CARTESIAN_POINT('',(-5.87446753153,-4.754857729153));
#3441 = CARTESIAN_POINT('',(-6.007069020915,-4.818175627456));
#3442 = CARTESIAN_POINT('',(-6.139704087227,-4.881493525871));
#3443 = CARTESIAN_POINT('',(-6.272318292888,-4.944811437093));
#3444 = ( GEOMETRIC_REPRESENTATION_CONTEXT(2) 
PARAMETRIC_REPRESENTATION_CONTEXT() REPRESENTATION_CONTEXT('2D SPACE',''
  ) );
#3445 = ORIENTED_EDGE('',*,*,#3446,.F.);
#3446 = EDGE_CURVE('',#3447,#3386,#3449,.T.);
#3447 = VERTEX_POINT('',#3448);
#3448 = CARTESIAN_POINT('',(0.880141049861,-5.124973339693,
    46.281205184262));
#3449 = SURFACE_CURVE('',#3450,(#3489,#3496),.PCURVE_S1.);
#3450 = B_SPLINE_CURVE_WITH_KNOTS('',10,(#3451,#3452,#3453,#3454,#3455,
    #3456,#3457,#3458,#3459,#3460,#3461,#3462,#3463,#3464,#3465,#3466,
    #3467,#3468,#3469,#3470,#3471,#3472,#3473,#3474,#3475,#3476,#3477,
    #3478,#3479,#3480,#3481,#3482,#3483,#3484,#3485,#3486,#3487,#3488),
  .UNSPECIFIED.,.F.,.F.,(11,9,9,9,11),(0.,6.962644440466,13.925288880933
    ,20.887933321399,27.850577761866),.UNSPECIFIED.);
#3451 = CARTESIAN_POINT('',(5.2,-8.631797642742E-15,40.95));
#3452 = CARTESIAN_POINT('',(5.1999996736,3.267254927378,41.250000124359)
  );
#3453 = CARTESIAN_POINT('',(2.919515879932,6.537145900558,41.54999977783
    ));
#3454 = CARTESIAN_POINT('',(-1.646776599995,7.994425149887,
    41.85000041494));
#3455 = CARTESIAN_POINT('',(-6.86112514114,5.952845535699,
    42.149999680209));
#3456 = CARTESIAN_POINT('',(-9.623219945552,-4.361203094488E-06,
    42.450000104875));
#3457 = CARTESIAN_POINT('',(-6.861127459933,-5.952838738407,
    42.750000223458));
#3458 = CARTESIAN_POINT('',(-1.646774076013,-7.994428206297,
    43.04999975802));
#3459 = CARTESIAN_POINT('',(2.919514540056,-6.537145258435,
    43.350000188027));
#3460 = CARTESIAN_POINT('',(5.200000053534,-3.267254936179,
    43.649999978886));
#3461 = CARTESIAN_POINT('',(5.199999807428,3.267254931702,
    44.250000073732));
#3462 = CARTESIAN_POINT('',(2.919515675711,6.537145893881,44.54999985505
    ));
#3463 = CARTESIAN_POINT('',(-1.64677634715,7.994425158317,
    44.850000319382));
#3464 = CARTESIAN_POINT('',(-6.861125397445,5.952845526966,
    45.149999777049));
#3465 = CARTESIAN_POINT('',(-9.623219733308,-4.353853402759E-06,
    45.450000024669));
#3466 = CARTESIAN_POINT('',(-6.861127601301,-5.95283874332,
    45.750000276913));
#3467 = CARTESIAN_POINT('',(-1.6467740031,-7.994428203796,
    46.049999730425));
#3468 = CARTESIAN_POINT('',(2.91951451355,-6.537145259318,
    46.350000198064));
#3469 = CARTESIAN_POINT('',(5.200000058242,-3.267254936029,
    46.649999977106));
#3470 = CARTESIAN_POINT('',(5.199999805147,3.267254931625,
    47.250000074583));
#3471 = CARTESIAN_POINT('',(2.919515679217,6.537145894079,
    47.549999853785));
#3472 = CARTESIAN_POINT('',(-1.64677635189,7.994425157875,
    47.850000321051));
#3473 = CARTESIAN_POINT('',(-6.861125391506,5.952845527688,
    48.149999774942));
#3474 = CARTESIAN_POINT('',(-9.623219740176,-4.354693258525E-06,
    48.450000027193));
#3475 = CARTESIAN_POINT('',(-6.861127594312,-5.952838742618,
    48.750000274255));
#3476 = CARTESIAN_POINT('',(-1.646774009073,-7.994428204223,
    49.049999732742));
#3477 = CARTESIAN_POINT('',(2.919514517745,-6.53714525912,
    49.350000196433));
#3478 = CARTESIAN_POINT('',(5.200000055832,-3.26725493611,
    49.649999978036));
#3479 = CARTESIAN_POINT('',(5.199999809811,3.267254931776,
    50.250000072794));
#3480 = CARTESIAN_POINT('',(2.919515653214,6.537145893237,
    50.549999863747));
#3481 = CARTESIAN_POINT('',(-1.646776280226,7.994425160203,
    50.850000293592));
#3482 = CARTESIAN_POINT('',(-6.86112553092,5.952845523142,
    51.149999828372));
#3483 = CARTESIAN_POINT('',(-9.623219530286,-4.347833384796E-06,
    51.44999994673));
#3484 = CARTESIAN_POINT('',(-6.861127848112,-5.952838750922,
    51.750000371571));
#3485 = CARTESIAN_POINT('',(-1.646773758733,-7.994428196031,
    52.049999636739));
#3486 = CARTESIAN_POINT('',(2.919514315775,-6.537145265727,
    52.350000273892));
#3487 = CARTESIAN_POINT('',(5.200000187992,-3.267254931788,
    52.649999927348));
#3488 = CARTESIAN_POINT('',(5.199999864255,-4.408790215815E-09,
    52.950000051712));
#3489 = PCURVE('',#1155,#3490);
#3490 = DEFINITIONAL_REPRESENTATION('',(#3491),#3495);
#3491 = LINE('',#3492,#3493);
#3492 = CARTESIAN_POINT('',(0.,0.));
#3493 = VECTOR('',#3494,1.);
#3494 = DIRECTION('',(0.,1.));
#3495 = ( GEOMETRIC_REPRESENTATION_CONTEXT(2) 
PARAMETRIC_REPRESENTATION_CONTEXT() REPRESENTATION_CONTEXT('2D SPACE',''
  ) );
#3496 = PCURVE('',#1537,#3497);
#3497 = DEFINITIONAL_REPRESENTATION('',(#3498),#3505);
#3498 = B_SPLINE_CURVE_WITH_KNOTS('',5,(#3499,#3500,#3501,#3502,#3503,
    #3504),.UNSPECIFIED.,.F.,.F.,(6,6),(12.373095320252,13.178480055017)
  ,.PIECEWISE_BEZIER_KNOTS.);
#3499 = CARTESIAN_POINT('',(-4.882465630954,-4.281205184262));
#3500 = CARTESIAN_POINT('',(-5.027824168384,-4.350608533878));
#3501 = CARTESIAN_POINT('',(-5.173184050045,-4.420011883815));
#3502 = CARTESIAN_POINT('',(-5.318546523557,-4.489415233896));
#3503 = CARTESIAN_POINT('',(-5.46390147783,-4.558818582557));
#3504 = CARTESIAN_POINT('',(-5.609253704472,-4.628221929758));
#3505 = ( GEOMETRIC_REPRESENTATION_CONTEXT(2) 
PARAMETRIC_REPRESENTATION_CONTEXT() REPRESENTATION_CONTEXT('2D SPACE',''
  ) );
#3506 = ORIENTED_EDGE('',*,*,#3507,.F.);
#3507 = EDGE_CURVE('',#3508,#3447,#3510,.T.);
#3508 = VERTEX_POINT('',#3509);
#3509 = CARTESIAN_POINT('',(-3.344564202832,-3.981694399767,
    45.866419355461));
#3510 = SURFACE_CURVE('',#3511,(#3550,#3557),.PCURVE_S1.);
#3511 = B_SPLINE_CURVE_WITH_KNOTS('',10,(#3512,#3513,#3514,#3515,#3516,
    #3517,#3518,#3519,#3520,#3521,#3522,#3523,#3524,#3525,#3526,#3527,
    #3528,#3529,#3530,#3531,#3532,#3533,#3534,#3535,#3536,#3537,#3538,
    #3539,#3540,#3541,#3542,#3543,#3544,#3545,#3546,#3547,#3548,#3549),
  .UNSPECIFIED.,.F.,.F.,(11,9,9,9,11),(0.,6.962644440466,13.925288880933
    ,20.887933321399,27.850577761866),.UNSPECIFIED.);
#3512 = CARTESIAN_POINT('',(5.2,-8.631797642742E-15,40.95));
#3513 = CARTESIAN_POINT('',(5.1999996736,3.267254927378,41.250000124359)
  );
#3514 = CARTESIAN_POINT('',(2.919515879932,6.537145900558,41.54999977783
    ));
#3515 = CARTESIAN_POINT('',(-1.646776599995,7.994425149887,
    41.85000041494));
#3516 = CARTESIAN_POINT('',(-6.86112514114,5.952845535699,
    42.149999680209));
#3517 = CARTESIAN_POINT('',(-9.623219945552,-4.361203094488E-06,
    42.450000104875));
#3518 = CARTESIAN_POINT('',(-6.861127459933,-5.952838738407,
    42.750000223458));
#3519 = CARTESIAN_POINT('',(-1.646774076013,-7.994428206297,
    43.04999975802));
#3520 = CARTESIAN_POINT('',(2.919514540056,-6.537145258435,
    43.350000188027));
#3521 = CARTESIAN_POINT('',(5.200000053534,-3.267254936179,
    43.649999978886));
#3522 = CARTESIAN_POINT('',(5.199999807428,3.267254931702,
    44.250000073732));
#3523 = CARTESIAN_POINT('',(2.919515675711,6.537145893881,44.54999985505
    ));
#3524 = CARTESIAN_POINT('',(-1.64677634715,7.994425158317,
    44.850000319382));
#3525 = CARTESIAN_POINT('',(-6.861125397445,5.952845526966,
    45.149999777049));
#3526 = CARTESIAN_POINT('',(-9.623219733308,-4.353853402759E-06,
    45.450000024669));
#3527 = CARTESIAN_POINT('',(-6.861127601301,-5.95283874332,
    45.750000276913));
#3528 = CARTESIAN_POINT('',(-1.6467740031,-7.994428203796,
    46.049999730425));
#3529 = CARTESIAN_POINT('',(2.91951451355,-6.537145259318,
    46.350000198064));
#3530 = CARTESIAN_POINT('',(5.200000058242,-3.267254936029,
    46.649999977106));
#3531 = CARTESIAN_POINT('',(5.199999805147,3.267254931625,
    47.250000074583));
#3532 = CARTESIAN_POINT('',(2.919515679217,6.537145894079,
    47.549999853785));
#3533 = CARTESIAN_POINT('',(-1.64677635189,7.994425157875,
    47.850000321051));
#3534 = CARTESIAN_POINT('',(-6.861125391506,5.952845527688,
    48.149999774942));
#3535 = CARTESIAN_POINT('',(-9.623219740176,-4.354693258525E-06,
    48.450000027193));
#3536 = CARTESIAN_POINT('',(-6.861127594312,-5.952838742618,
    48.750000274255));
#3537 = CARTESIAN_POINT('',(-1.646774009073,-7.994428204223,
    49.049999732742));
#3538 = CARTESIAN_POINT('',(2.919514517745,-6.53714525912,
    49.350000196433));
#3539 = CARTESIAN_POINT('',(5.200000055832,-3.26725493611,
    49.649999978036));
#3540 = CARTESIAN_POINT('',(5.199999809811,3.267254931776,
    50.250000072794));
#3541 = CARTESIAN_POINT('',(2.919515653214,6.537145893237,
    50.549999863747));
#3542 = CARTESIAN_POINT('',(-1.646776280226,7.994425160203,
    50.850000293592));
#3543 = CARTESIAN_POINT('',(-6.86112553092,5.952845523142,
    51.149999828372));
#3544 = CARTESIAN_POINT('',(-9.623219530286,-4.347833384796E-06,
    51.44999994673));
#3545 = CARTESIAN_POINT('',(-6.861127848112,-5.952838750922,
    51.750000371571));
#3546 = CARTESIAN_POINT('',(-1.646773758733,-7.994428196031,
    52.049999636739));
#3547 = CARTESIAN_POINT('',(2.919514315775,-6.537145265727,
    52.350000273892));
#3548 = CARTESIAN_POINT('',(5.200000187992,-3.267254931788,
    52.649999927348));
#3549 = CARTESIAN_POINT('',(5.199999864255,-4.408790215815E-09,
    52.950000051712));
#3550 = PCURVE('',#1155,#3551);
#3551 = DEFINITIONAL_REPRESENTATION('',(#3552),#3556);
#3552 = LINE('',#3553,#3554);
#3553 = CARTESIAN_POINT('',(0.,0.));
#3554 = VECTOR('',#3555,1.);
#3555 = DIRECTION('',(0.,1.));
#3556 = ( GEOMETRIC_REPRESENTATION_CONTEXT(2) 
PARAMETRIC_REPRESENTATION_CONTEXT() REPRESENTATION_CONTEXT('2D SPACE',''
  ) );
#3557 = PCURVE('',#3558,#3635);
#3558 = B_SPLINE_SURFACE_WITH_KNOTS('',1,10,(
    (#3559,#3560,#3561,#3562,#3563,#3564,#3565,#3566,#3567,#3568,#3569
      ,#3570,#3571,#3572,#3573,#3574,#3575,#3576,#3577,#3578,#3579,#3580
      ,#3581,#3582,#3583,#3584,#3585,#3586,#3587,#3588,#3589,#3590,#3591
      ,#3592,#3593,#3594,#3595,#3596)
    ,(#3597,#3598,#3599,#3600,#3601,#3602,#3603,#3604,#3605,#3606,#3607
      ,#3608,#3609,#3610,#3611,#3612,#3613,#3614,#3615,#3616,#3617,#3618
      ,#3619,#3620,#3621,#3622,#3623,#3624,#3625,#3626,#3627,#3628,#3629
      ,#3630,#3631,#3632,#3633,#3634
    )),.UNSPECIFIED.,.F.,.F.,.F.,(2,2),(11,9,9,9,11),(0.,2.1),(0.,
    6.962644440466,13.925288880933,20.887933321399,27.850577761866),
  .UNSPECIFIED.);
#3559 = CARTESIAN_POINT('',(5.2,1.51936921538E-15,43.05));
#3560 = CARTESIAN_POINT('',(5.200000326493,3.267255012668,43.35000012436
    ));
#3561 = CARTESIAN_POINT('',(2.919514397561,6.537145433903,
    43.649999777827));
#3562 = CARTESIAN_POINT('',(-1.64677379502,7.994428406087,
    43.950000414948));
#3563 = CARTESIAN_POINT('',(-6.861128022024,5.952838912208,
    44.249999680196));
#3564 = CARTESIAN_POINT('',(-9.623219781698,4.355872835956E-06,
    44.550000104892));
#3565 = CARTESIAN_POINT('',(-6.861125714847,-5.952845672594,
    44.850000223442));
#3566 = CARTESIAN_POINT('',(-1.646776330181,-7.994425367577,
    45.14999975803));
#3567 = CARTESIAN_POINT('',(2.919515724006,-6.537146066328,
    45.450000188022));
#3568 = CARTESIAN_POINT('',(5.199999942721,-3.267255021476,
    45.749999978886));
#3569 = CARTESIAN_POINT('',(5.200000194456,3.267255016984,
    46.350000073731));
#3570 = CARTESIAN_POINT('',(2.919514599061,6.537145427383,
    46.649999855049));
#3571 = CARTESIAN_POINT('',(-1.646774044517,7.994428414014,
    46.950000319384));
#3572 = CARTESIAN_POINT('',(-6.861127769088,5.952838904349,
    47.249999777044));
#3573 = CARTESIAN_POINT('',(-9.623219991174,4.36225766737E-06,
    47.550000024677));
#3574 = CARTESIAN_POINT('',(-6.861125575314,-5.952845676816,
    47.850000276906));
#3575 = CARTESIAN_POINT('',(-1.64677640215,-7.994425365377,
    48.149999730431));
#3576 = CARTESIAN_POINT('',(2.919515750169,-6.537146067152,
    48.450000198062));
#3577 = CARTESIAN_POINT('',(5.199999938073,-3.267255021322,
    48.749999977107));
#3578 = CARTESIAN_POINT('',(5.20000019671,3.267255016911,49.350000074583
    ));
#3579 = CARTESIAN_POINT('',(2.919514595574,6.537145427427,
    49.649999853784));
#3580 = CARTESIAN_POINT('',(-1.646774039761,7.994428414114,
    49.950000321054));
#3581 = CARTESIAN_POINT('',(-6.861127775093,5.95283890406,
    50.249999774936));
#3582 = CARTESIAN_POINT('',(-9.623219984204,4.362613873876E-06,
    50.550000027199));
#3583 = CARTESIAN_POINT('',(-6.861125582403,-5.952845677048,
    50.850000274248));
#3584 = CARTESIAN_POINT('',(-1.6467763961,-7.994425365339,
    51.149999732746));
#3585 = CARTESIAN_POINT('',(2.919515745924,-6.537146067079,
    51.450000196431));
#3586 = CARTESIAN_POINT('',(5.199999940513,-3.267255021399,
    51.749999978036));
#3587 = CARTESIAN_POINT('',(5.200000191983,3.267255017065,
    52.350000072794));
#3588 = CARTESIAN_POINT('',(2.919514621931,6.537145426566,
    52.649999863749));
#3589 = CARTESIAN_POINT('',(-1.646774112405,7.994428416476,
    52.950000293588));
#3590 = CARTESIAN_POINT('',(-6.861127633771,5.952838899488,
    53.249999828378));
#3591 = CARTESIAN_POINT('',(-9.623220196965,4.369474966422E-06,
    53.549999946723));
#3592 = CARTESIAN_POINT('',(-6.861125325139,-5.952845685333,
    53.850000371577));
#3593 = CARTESIAN_POINT('',(-1.646776649848,-7.994425357167,
    54.149999636736));
#3594 = CARTESIAN_POINT('',(2.919515950639,-6.537146073677,
    54.450000273893));
#3595 = CARTESIAN_POINT('',(5.199999806559,-3.267255017078,
    54.749999927348));
#3596 = CARTESIAN_POINT('',(5.200000135745,-4.40931743079E-09,
    55.050000051712));
#3597 = CARTESIAN_POINT('',(5.2,-1.682482217683E-15,40.95));
#3598 = CARTESIAN_POINT('',(5.1999996736,3.267254927378,41.250000124359)
  );
#3599 = CARTESIAN_POINT('',(2.919515879932,6.537145900558,41.54999977783
    ));
#3600 = CARTESIAN_POINT('',(-1.646776599995,7.994425149888,
    41.85000041494));
#3601 = CARTESIAN_POINT('',(-6.86112514114,5.952845535698,
    42.149999680209));
#3602 = CARTESIAN_POINT('',(-9.623219945552,-4.361202752408E-06,
    42.450000104875));
#3603 = CARTESIAN_POINT('',(-6.861127459933,-5.952838738407,
    42.750000223458));
#3604 = CARTESIAN_POINT('',(-1.646774076013,-7.994428206297,
    43.04999975802));
#3605 = CARTESIAN_POINT('',(2.919514540056,-6.537145258435,
    43.350000188027));
#3606 = CARTESIAN_POINT('',(5.200000053534,-3.267254936179,
    43.649999978886));
#3607 = CARTESIAN_POINT('',(5.199999807428,3.267254931702,
    44.250000073732));
#3608 = CARTESIAN_POINT('',(2.919515675711,6.537145893881,44.54999985505
    ));
#3609 = CARTESIAN_POINT('',(-1.64677634715,7.994425158318,
    44.850000319382));
#3610 = CARTESIAN_POINT('',(-6.861125397444,5.952845526966,
    45.149999777049));
#3611 = CARTESIAN_POINT('',(-9.623219733308,-4.353853182915E-06,
    45.450000024669));
#3612 = CARTESIAN_POINT('',(-6.8611276013,-5.95283874332,45.750000276913
    ));
#3613 = CARTESIAN_POINT('',(-1.6467740031,-7.994428203796,
    46.049999730425));
#3614 = CARTESIAN_POINT('',(2.91951451355,-6.537145259318,
    46.350000198064));
#3615 = CARTESIAN_POINT('',(5.200000058242,-3.267254936029,
    46.649999977106));
#3616 = CARTESIAN_POINT('',(5.199999805147,3.267254931625,
    47.250000074583));
#3617 = CARTESIAN_POINT('',(2.919515679217,6.537145894079,
    47.549999853785));
#3618 = CARTESIAN_POINT('',(-1.646776351889,7.994425157875,
    47.850000321051));
#3619 = CARTESIAN_POINT('',(-6.861125391507,5.952845527687,
    48.149999774942));
#3620 = CARTESIAN_POINT('',(-9.623219740175,-4.354692597843E-06,
    48.450000027193));
#3621 = CARTESIAN_POINT('',(-6.861127594313,-5.952838742618,
    48.750000274255));
#3622 = CARTESIAN_POINT('',(-1.646774009073,-7.994428204223,
    49.049999732742));
#3623 = CARTESIAN_POINT('',(2.919514517745,-6.53714525912,
    49.350000196433));
#3624 = CARTESIAN_POINT('',(5.200000055832,-3.26725493611,
    49.649999978036));
#3625 = CARTESIAN_POINT('',(5.199999809811,3.267254931776,
    50.250000072794));
#3626 = CARTESIAN_POINT('',(2.919515653215,6.537145893238,
    50.549999863747));
#3627 = CARTESIAN_POINT('',(-1.646776280227,7.994425160202,
    50.850000293592));
#3628 = CARTESIAN_POINT('',(-6.861125530919,5.952845523143,
    51.149999828372));
#3629 = CARTESIAN_POINT('',(-9.623219530287,-4.347834636795E-06,
    51.44999994673));
#3630 = CARTESIAN_POINT('',(-6.861127848111,-5.952838750921,
    51.750000371571));
#3631 = CARTESIAN_POINT('',(-1.646773758734,-7.994428196031,
    52.049999636739));
#3632 = CARTESIAN_POINT('',(2.919514315775,-6.537145265727,
    52.350000273892));
#3633 = CARTESIAN_POINT('',(5.200000187992,-3.267254931788,
    52.649999927348));
#3634 = CARTESIAN_POINT('',(5.199999864255,-4.408783459548E-09,
    52.950000051712));
#3635 = DEFINITIONAL_REPRESENTATION('',(#3636),#3639);
#3636 = B_SPLINE_CURVE_WITH_KNOTS('',1,(#3637,#3638),.UNSPECIFIED.,.F.,
  .F.,(2,2),(0.,27.850577761866),.PIECEWISE_BEZIER_KNOTS.);
#3637 = CARTESIAN_POINT('',(2.1,0.));
#3638 = CARTESIAN_POINT('',(2.1,27.850577761866));
#3639 = ( GEOMETRIC_REPRESENTATION_CONTEXT(2) 
PARAMETRIC_REPRESENTATION_CONTEXT() REPRESENTATION_CONTEXT('2D SPACE',''
  ) );
#3640 = ORIENTED_EDGE('',*,*,#3641,.F.);
#3641 = EDGE_CURVE('',#3642,#3508,#3644,.T.);
#3642 = VERTEX_POINT('',#3643);
#3643 = CARTESIAN_POINT('',(-3.344816168401,3.981482738827,
    45.033610913197));
#3644 = SURFACE_CURVE('',#3645,(#3684,#3691),.PCURVE_S1.);
#3645 = B_SPLINE_CURVE_WITH_KNOTS('',10,(#3646,#3647,#3648,#3649,#3650,
    #3651,#3652,#3653,#3654,#3655,#3656,#3657,#3658,#3659,#3660,#3661,
    #3662,#3663,#3664,#3665,#3666,#3667,#3668,#3669,#3670,#3671,#3672,
    #3673,#3674,#3675,#3676,#3677,#3678,#3679,#3680,#3681,#3682,#3683),
  .UNSPECIFIED.,.F.,.F.,(11,9,9,9,11),(0.,6.962644440466,13.925288880933
    ,20.887933321399,27.850577761866),.UNSPECIFIED.);
#3646 = CARTESIAN_POINT('',(5.2,-8.631797642742E-15,40.95));
#3647 = CARTESIAN_POINT('',(5.1999996736,3.267254927378,41.250000124359)
  );
#3648 = CARTESIAN_POINT('',(2.919515879932,6.537145900558,41.54999977783
    ));
#3649 = CARTESIAN_POINT('',(-1.646776599995,7.994425149887,
    41.85000041494));
#3650 = CARTESIAN_POINT('',(-6.86112514114,5.952845535699,
    42.149999680209));
#3651 = CARTESIAN_POINT('',(-9.623219945552,-4.361203094488E-06,
    42.450000104875));
#3652 = CARTESIAN_POINT('',(-6.861127459933,-5.952838738407,
    42.750000223458));
#3653 = CARTESIAN_POINT('',(-1.646774076013,-7.994428206297,
    43.04999975802));
#3654 = CARTESIAN_POINT('',(2.919514540056,-6.537145258435,
    43.350000188027));
#3655 = CARTESIAN_POINT('',(5.200000053534,-3.267254936179,
    43.649999978886));
#3656 = CARTESIAN_POINT('',(5.199999807428,3.267254931702,
    44.250000073732));
#3657 = CARTESIAN_POINT('',(2.919515675711,6.537145893881,44.54999985505
    ));
#3658 = CARTESIAN_POINT('',(-1.64677634715,7.994425158317,
    44.850000319382));
#3659 = CARTESIAN_POINT('',(-6.861125397445,5.952845526966,
    45.149999777049));
#3660 = CARTESIAN_POINT('',(-9.623219733308,-4.353853402759E-06,
    45.450000024669));
#3661 = CARTESIAN_POINT('',(-6.861127601301,-5.95283874332,
    45.750000276913));
#3662 = CARTESIAN_POINT('',(-1.6467740031,-7.994428203796,
    46.049999730425));
#3663 = CARTESIAN_POINT('',(2.91951451355,-6.537145259318,
    46.350000198064));
#3664 = CARTESIAN_POINT('',(5.200000058242,-3.267254936029,
    46.649999977106));
#3665 = CARTESIAN_POINT('',(5.199999805147,3.267254931625,
    47.250000074583));
#3666 = CARTESIAN_POINT('',(2.919515679217,6.537145894079,
    47.549999853785));
#3667 = CARTESIAN_POINT('',(-1.64677635189,7.994425157875,
    47.850000321051));
#3668 = CARTESIAN_POINT('',(-6.861125391506,5.952845527688,
    48.149999774942));
#3669 = CARTESIAN_POINT('',(-9.623219740176,-4.354693258525E-06,
    48.450000027193));
#3670 = CARTESIAN_POINT('',(-6.861127594312,-5.952838742618,
    48.750000274255));
#3671 = CARTESIAN_POINT('',(-1.646774009073,-7.994428204223,
    49.049999732742));
#3672 = CARTESIAN_POINT('',(2.919514517745,-6.53714525912,
    49.350000196433));
#3673 = CARTESIAN_POINT('',(5.200000055832,-3.26725493611,
    49.649999978036));
#3674 = CARTESIAN_POINT('',(5.199999809811,3.267254931776,
    50.250000072794));
#3675 = CARTESIAN_POINT('',(2.919515653214,6.537145893237,
    50.549999863747));
#3676 = CARTESIAN_POINT('',(-1.646776280226,7.994425160203,
    50.850000293592));
#3677 = CARTESIAN_POINT('',(-6.86112553092,5.952845523142,
    51.149999828372));
#3678 = CARTESIAN_POINT('',(-9.623219530286,-4.347833384796E-06,
    51.44999994673));
#3679 = CARTESIAN_POINT('',(-6.861127848112,-5.952838750922,
    51.750000371571));
#3680 = CARTESIAN_POINT('',(-1.646773758733,-7.994428196031,
    52.049999636739));
#3681 = CARTESIAN_POINT('',(2.919514315775,-6.537145265727,
    52.350000273892));
#3682 = CARTESIAN_POINT('',(5.200000187992,-3.267254931788,
    52.649999927348));
#3683 = CARTESIAN_POINT('',(5.199999864255,-4.408790215815E-09,
    52.950000051712));
#3684 = PCURVE('',#1155,#3685);
#3685 = DEFINITIONAL_REPRESENTATION('',(#3686),#3690);
#3686 = LINE('',#3687,#3688);
#3687 = CARTESIAN_POINT('',(0.,0.));
#3688 = VECTOR('',#3689,1.);
#3689 = DIRECTION('',(0.,1.));
#3690 = ( GEOMETRIC_REPRESENTATION_CONTEXT(2) 
PARAMETRIC_REPRESENTATION_CONTEXT() REPRESENTATION_CONTEXT('2D SPACE',''
  ) );
#3691 = PCURVE('',#1537,#3692);
#3692 = DEFINITIONAL_REPRESENTATION('',(#3693),#3700);
#3693 = B_SPLINE_CURVE_WITH_KNOTS('',5,(#3694,#3695,#3696,#3697,#3698,
    #3699),.UNSPECIFIED.,.F.,.F.,(6,6),(9.477576881402,11.410426569952),
  .PIECEWISE_BEZIER_KNOTS.);
#3694 = CARTESIAN_POINT('',(-2.269510732695,-3.033610913197));
#3695 = CARTESIAN_POINT('',(-2.618363898116,-3.200172600134));
#3696 = CARTESIAN_POINT('',(-2.967225107592,-3.366734287747));
#3697 = CARTESIAN_POINT('',(-3.316023490614,-3.533295980913));
#3698 = CARTESIAN_POINT('',(-3.664884690958,-3.699857668525));
#3699 = CARTESIAN_POINT('',(-4.013737857159,-3.866419355461));
#3700 = ( GEOMETRIC_REPRESENTATION_CONTEXT(2) 
PARAMETRIC_REPRESENTATION_CONTEXT() REPRESENTATION_CONTEXT('2D SPACE',''
  ) );
#3701 = ORIENTED_EDGE('',*,*,#3702,.F.);
#3702 = EDGE_CURVE('',#3703,#3642,#3705,.T.);
#3703 = VERTEX_POINT('',#3704);
#3704 = CARTESIAN_POINT('',(0.879726846479,5.125044455955,
    44.618833455248));
#3705 = SURFACE_CURVE('',#3706,(#3745,#3752),.PCURVE_S1.);
#3706 = B_SPLINE_CURVE_WITH_KNOTS('',10,(#3707,#3708,#3709,#3710,#3711,
    #3712,#3713,#3714,#3715,#3716,#3717,#3718,#3719,#3720,#3721,#3722,
    #3723,#3724,#3725,#3726,#3727,#3728,#3729,#3730,#3731,#3732,#3733,
    #3734,#3735,#3736,#3737,#3738,#3739,#3740,#3741,#3742,#3743,#3744),
  .UNSPECIFIED.,.F.,.F.,(11,9,9,9,11),(0.,6.962644440466,13.925288880933
    ,20.887933321399,27.850577761866),.UNSPECIFIED.);
#3707 = CARTESIAN_POINT('',(5.2,-8.631797642742E-15,40.95));
#3708 = CARTESIAN_POINT('',(5.1999996736,3.267254927378,41.250000124359)
  );
#3709 = CARTESIAN_POINT('',(2.919515879932,6.537145900558,41.54999977783
    ));
#3710 = CARTESIAN_POINT('',(-1.646776599995,7.994425149887,
    41.85000041494));
#3711 = CARTESIAN_POINT('',(-6.86112514114,5.952845535699,
    42.149999680209));
#3712 = CARTESIAN_POINT('',(-9.623219945552,-4.361203094488E-06,
    42.450000104875));
#3713 = CARTESIAN_POINT('',(-6.861127459933,-5.952838738407,
    42.750000223458));
#3714 = CARTESIAN_POINT('',(-1.646774076013,-7.994428206297,
    43.04999975802));
#3715 = CARTESIAN_POINT('',(2.919514540056,-6.537145258435,
    43.350000188027));
#3716 = CARTESIAN_POINT('',(5.200000053534,-3.267254936179,
    43.649999978886));
#3717 = CARTESIAN_POINT('',(5.199999807428,3.267254931702,
    44.250000073732));
#3718 = CARTESIAN_POINT('',(2.919515675711,6.537145893881,44.54999985505
    ));
#3719 = CARTESIAN_POINT('',(-1.64677634715,7.994425158317,
    44.850000319382));
#3720 = CARTESIAN_POINT('',(-6.861125397445,5.952845526966,
    45.149999777049));
#3721 = CARTESIAN_POINT('',(-9.623219733308,-4.353853402759E-06,
    45.450000024669));
#3722 = CARTESIAN_POINT('',(-6.861127601301,-5.95283874332,
    45.750000276913));
#3723 = CARTESIAN_POINT('',(-1.6467740031,-7.994428203796,
    46.049999730425));
#3724 = CARTESIAN_POINT('',(2.91951451355,-6.537145259318,
    46.350000198064));
#3725 = CARTESIAN_POINT('',(5.200000058242,-3.267254936029,
    46.649999977106));
#3726 = CARTESIAN_POINT('',(5.199999805147,3.267254931625,
    47.250000074583));
#3727 = CARTESIAN_POINT('',(2.919515679217,6.537145894079,
    47.549999853785));
#3728 = CARTESIAN_POINT('',(-1.64677635189,7.994425157875,
    47.850000321051));
#3729 = CARTESIAN_POINT('',(-6.861125391506,5.952845527688,
    48.149999774942));
#3730 = CARTESIAN_POINT('',(-9.623219740176,-4.354693258525E-06,
    48.450000027193));
#3731 = CARTESIAN_POINT('',(-6.861127594312,-5.952838742618,
    48.750000274255));
#3732 = CARTESIAN_POINT('',(-1.646774009073,-7.994428204223,
    49.049999732742));
#3733 = CARTESIAN_POINT('',(2.919514517745,-6.53714525912,
    49.350000196433));
#3734 = CARTESIAN_POINT('',(5.200000055832,-3.26725493611,
    49.649999978036));
#3735 = CARTESIAN_POINT('',(5.199999809811,3.267254931776,
    50.250000072794));
#3736 = CARTESIAN_POINT('',(2.919515653214,6.537145893237,
    50.549999863747));
#3737 = CARTESIAN_POINT('',(-1.646776280226,7.994425160203,
    50.850000293592));
#3738 = CARTESIAN_POINT('',(-6.86112553092,5.952845523142,
    51.149999828372));
#3739 = CARTESIAN_POINT('',(-9.623219530286,-4.347833384796E-06,
    51.44999994673));
#3740 = CARTESIAN_POINT('',(-6.861127848112,-5.952838750922,
    51.750000371571));
#3741 = CARTESIAN_POINT('',(-1.646773758733,-7.994428196031,
    52.049999636739));
#3742 = CARTESIAN_POINT('',(2.919514315775,-6.537145265727,
    52.350000273892));
#3743 = CARTESIAN_POINT('',(5.200000187992,-3.267254931788,
    52.649999927348));
#3744 = CARTESIAN_POINT('',(5.199999864255,-4.408790215815E-09,
    52.950000051712));
#3745 = PCURVE('',#1155,#3746);
#3746 = DEFINITIONAL_REPRESENTATION('',(#3747),#3751);
#3747 = LINE('',#3748,#3749);
#3748 = CARTESIAN_POINT('',(0.,0.));
#3749 = VECTOR('',#3750,1.);
#3750 = DIRECTION('',(0.,1.));
#3751 = ( GEOMETRIC_REPRESENTATION_CONTEXT(2) 
PARAMETRIC_REPRESENTATION_CONTEXT() REPRESENTATION_CONTEXT('2D SPACE',''
  ) );
#3752 = PCURVE('',#3753,#3830);
#3753 = B_SPLINE_SURFACE_WITH_KNOTS('',1,10,(
    (#3754,#3755,#3756,#3757,#3758,#3759,#3760,#3761,#3762,#3763,#3764
      ,#3765,#3766,#3767,#3768,#3769,#3770,#3771,#3772,#3773,#3774,#3775
      ,#3776,#3777,#3778,#3779,#3780,#3781,#3782,#3783,#3784,#3785,#3786
      ,#3787,#3788,#3789,#3790,#3791)
    ,(#3792,#3793,#3794,#3795,#3796,#3797,#3798,#3799,#3800,#3801,#3802
      ,#3803,#3804,#3805,#3806,#3807,#3808,#3809,#3810,#3811,#3812,#3813
      ,#3814,#3815,#3816,#3817,#3818,#3819,#3820,#3821,#3822,#3823,#3824
      ,#3825,#3826,#3827,#3828,#3829
    )),.UNSPECIFIED.,.F.,.F.,.F.,(2,2),(11,9,9,9,11),(0.,2.1),(0.,
    6.962644440466,13.925288880933,20.887933321399,27.850577761866),
  .UNSPECIFIED.);
#3754 = CARTESIAN_POINT('',(5.2,1.51936921538E-15,43.05));
#3755 = CARTESIAN_POINT('',(5.200000326493,3.267255012668,43.35000012436
    ));
#3756 = CARTESIAN_POINT('',(2.919514397561,6.537145433903,
    43.649999777827));
#3757 = CARTESIAN_POINT('',(-1.64677379502,7.994428406087,
    43.950000414948));
#3758 = CARTESIAN_POINT('',(-6.861128022024,5.952838912208,
    44.249999680196));
#3759 = CARTESIAN_POINT('',(-9.623219781698,4.355872835956E-06,
    44.550000104892));
#3760 = CARTESIAN_POINT('',(-6.861125714847,-5.952845672594,
    44.850000223442));
#3761 = CARTESIAN_POINT('',(-1.646776330181,-7.994425367577,
    45.14999975803));
#3762 = CARTESIAN_POINT('',(2.919515724006,-6.537146066328,
    45.450000188022));
#3763 = CARTESIAN_POINT('',(5.199999942721,-3.267255021476,
    45.749999978886));
#3764 = CARTESIAN_POINT('',(5.200000194456,3.267255016984,
    46.350000073731));
#3765 = CARTESIAN_POINT('',(2.919514599061,6.537145427383,
    46.649999855049));
#3766 = CARTESIAN_POINT('',(-1.646774044517,7.994428414014,
    46.950000319384));
#3767 = CARTESIAN_POINT('',(-6.861127769088,5.952838904349,
    47.249999777044));
#3768 = CARTESIAN_POINT('',(-9.623219991174,4.36225766737E-06,
    47.550000024677));
#3769 = CARTESIAN_POINT('',(-6.861125575314,-5.952845676816,
    47.850000276906));
#3770 = CARTESIAN_POINT('',(-1.64677640215,-7.994425365377,
    48.149999730431));
#3771 = CARTESIAN_POINT('',(2.919515750169,-6.537146067152,
    48.450000198062));
#3772 = CARTESIAN_POINT('',(5.199999938073,-3.267255021322,
    48.749999977107));
#3773 = CARTESIAN_POINT('',(5.20000019671,3.267255016911,49.350000074583
    ));
#3774 = CARTESIAN_POINT('',(2.919514595574,6.537145427427,
    49.649999853784));
#3775 = CARTESIAN_POINT('',(-1.646774039761,7.994428414114,
    49.950000321054));
#3776 = CARTESIAN_POINT('',(-6.861127775093,5.95283890406,
    50.249999774936));
#3777 = CARTESIAN_POINT('',(-9.623219984204,4.362613873876E-06,
    50.550000027199));
#3778 = CARTESIAN_POINT('',(-6.861125582403,-5.952845677048,
    50.850000274248));
#3779 = CARTESIAN_POINT('',(-1.6467763961,-7.994425365339,
    51.149999732746));
#3780 = CARTESIAN_POINT('',(2.919515745924,-6.537146067079,
    51.450000196431));
#3781 = CARTESIAN_POINT('',(5.199999940513,-3.267255021399,
    51.749999978036));
#3782 = CARTESIAN_POINT('',(5.200000191983,3.267255017065,
    52.350000072794));
#3783 = CARTESIAN_POINT('',(2.919514621931,6.537145426566,
    52.649999863749));
#3784 = CARTESIAN_POINT('',(-1.646774112405,7.994428416476,
    52.950000293588));
#3785 = CARTESIAN_POINT('',(-6.861127633771,5.952838899488,
    53.249999828378));
#3786 = CARTESIAN_POINT('',(-9.623220196965,4.369474966422E-06,
    53.549999946723));
#3787 = CARTESIAN_POINT('',(-6.861125325139,-5.952845685333,
    53.850000371577));
#3788 = CARTESIAN_POINT('',(-1.646776649848,-7.994425357167,
    54.149999636736));
#3789 = CARTESIAN_POINT('',(2.919515950639,-6.537146073677,
    54.450000273893));
#3790 = CARTESIAN_POINT('',(5.199999806559,-3.267255017078,
    54.749999927348));
#3791 = CARTESIAN_POINT('',(5.200000135745,-4.40931743079E-09,
    55.050000051712));
#3792 = CARTESIAN_POINT('',(5.2,-1.682482217683E-15,40.95));
#3793 = CARTESIAN_POINT('',(5.1999996736,3.267254927378,41.250000124359)
  );
#3794 = CARTESIAN_POINT('',(2.919515879932,6.537145900558,41.54999977783
    ));
#3795 = CARTESIAN_POINT('',(-1.646776599995,7.994425149888,
    41.85000041494));
#3796 = CARTESIAN_POINT('',(-6.86112514114,5.952845535698,
    42.149999680209));
#3797 = CARTESIAN_POINT('',(-9.623219945552,-4.361202752408E-06,
    42.450000104875));
#3798 = CARTESIAN_POINT('',(-6.861127459933,-5.952838738407,
    42.750000223458));
#3799 = CARTESIAN_POINT('',(-1.646774076013,-7.994428206297,
    43.04999975802));
#3800 = CARTESIAN_POINT('',(2.919514540056,-6.537145258435,
    43.350000188027));
#3801 = CARTESIAN_POINT('',(5.200000053534,-3.267254936179,
    43.649999978886));
#3802 = CARTESIAN_POINT('',(5.199999807428,3.267254931702,
    44.250000073732));
#3803 = CARTESIAN_POINT('',(2.919515675711,6.537145893881,44.54999985505
    ));
#3804 = CARTESIAN_POINT('',(-1.64677634715,7.994425158318,
    44.850000319382));
#3805 = CARTESIAN_POINT('',(-6.861125397444,5.952845526966,
    45.149999777049));
#3806 = CARTESIAN_POINT('',(-9.623219733308,-4.353853182915E-06,
    45.450000024669));
#3807 = CARTESIAN_POINT('',(-6.8611276013,-5.95283874332,45.750000276913
    ));
#3808 = CARTESIAN_POINT('',(-1.6467740031,-7.994428203796,
    46.049999730425));
#3809 = CARTESIAN_POINT('',(2.91951451355,-6.537145259318,
    46.350000198064));
#3810 = CARTESIAN_POINT('',(5.200000058242,-3.267254936029,
    46.649999977106));
#3811 = CARTESIAN_POINT('',(5.199999805147,3.267254931625,
    47.250000074583));
#3812 = CARTESIAN_POINT('',(2.919515679217,6.537145894079,
    47.549999853785));
#3813 = CARTESIAN_POINT('',(-1.646776351889,7.994425157875,
    47.850000321051));
#3814 = CARTESIAN_POINT('',(-6.861125391507,5.952845527687,
    48.149999774942));
#3815 = CARTESIAN_POINT('',(-9.623219740175,-4.354692597843E-06,
    48.450000027193));
#3816 = CARTESIAN_POINT('',(-6.861127594313,-5.952838742618,
    48.750000274255));
#3817 = CARTESIAN_POINT('',(-1.646774009073,-7.994428204223,
    49.049999732742));
#3818 = CARTESIAN_POINT('',(2.919514517745,-6.53714525912,
    49.350000196433));
#3819 = CARTESIAN_POINT('',(5.200000055832,-3.26725493611,
    49.649999978036));
#3820 = CARTESIAN_POINT('',(5.199999809811,3.267254931776,
    50.250000072794));
#3821 = CARTESIAN_POINT('',(2.919515653215,6.537145893238,
    50.549999863747));
#3822 = CARTESIAN_POINT('',(-1.646776280227,7.994425160202,
    50.850000293592));
#3823 = CARTESIAN_POINT('',(-6.861125530919,5.952845523143,
    51.149999828372));
#3824 = CARTESIAN_POINT('',(-9.623219530287,-4.347834636795E-06,
    51.44999994673));
#3825 = CARTESIAN_POINT('',(-6.861127848111,-5.952838750921,
    51.750000371571));
#3826 = CARTESIAN_POINT('',(-1.646773758734,-7.994428196031,
    52.049999636739));
#3827 = CARTESIAN_POINT('',(2.919514315775,-6.537145265727,
    52.350000273892));
#3828 = CARTESIAN_POINT('',(5.200000187992,-3.267254931788,
    52.649999927348));
#3829 = CARTESIAN_POINT('',(5.199999864255,-4.408783459548E-09,
    52.950000051712));
#3830 = DEFINITIONAL_REPRESENTATION('',(#3831),#3834);
#3831 = B_SPLINE_CURVE_WITH_KNOTS('',1,(#3832,#3833),.UNSPECIFIED.,.F.,
  .F.,(2,2),(0.,27.850577761866),.PIECEWISE_BEZIER_KNOTS.);
#3832 = CARTESIAN_POINT('',(2.1,0.));
#3833 = CARTESIAN_POINT('',(2.1,27.850577761866));
#3834 = ( GEOMETRIC_REPRESENTATION_CONTEXT(2) 
PARAMETRIC_REPRESENTATION_CONTEXT() REPRESENTATION_CONTEXT('2D SPACE',''
  ) );
#3835 = ORIENTED_EDGE('',*,*,#3836,.T.);
#3836 = EDGE_CURVE('',#3703,#3837,#3839,.T.);
#3837 = VERTEX_POINT('',#3838);
#3838 = CARTESIAN_POINT('',(4.062858774981,3.2454858765,44.271820315938)
  );
#3839 = SURFACE_CURVE('',#3840,(#3849,#3861),.PCURVE_S1.);
#3840 = B_SPLINE_CURVE_WITH_KNOTS('',7,(#3841,#3842,#3843,#3844,#3845,
    #3846,#3847,#3848),.UNSPECIFIED.,.F.,.F.,(8,8),(0.,1.),
  .PIECEWISE_BEZIER_KNOTS.);
#3841 = CARTESIAN_POINT('',(0.879726662794,5.125044487492,
    44.618833472361));
#3842 = CARTESIAN_POINT('',(1.411754927817,5.033720509477,
    44.569288242315));
#3843 = CARTESIAN_POINT('',(1.932992664306,4.87791458833,44.519718996673
    ));
#3844 = CARTESIAN_POINT('',(2.43356191997,4.659209377135,44.470165791721
    ));
#3845 = CARTESIAN_POINT('',(2.904541042378,4.381105907709,
    44.420606009227));
#3846 = CARTESIAN_POINT('',(3.337794601421,4.048409843892,
    44.371021924819));
#3847 = CARTESIAN_POINT('',(3.725951792448,3.667242600281,44.32140801214
    ));
#3848 = CARTESIAN_POINT('',(4.062858774997,3.24548587648,44.271820315935
    ));
#3849 = PCURVE('',#1155,#3850);
#3850 = DEFINITIONAL_REPRESENTATION('',(#3851),#3860);
#3851 = B_SPLINE_CURVE_WITH_KNOTS('',7,(#3852,#3853,#3854,#3855,#3856,
    #3857,#3858,#3859),.UNSPECIFIED.,.F.,.F.,(8,8),(0.,1.),
  .PIECEWISE_BEZIER_KNOTS.);
#3852 = CARTESIAN_POINT('',(0.,8.514927598568));
#3853 = CARTESIAN_POINT('',(2.825584032503E-05,8.399892622065));
#3854 = CARTESIAN_POINT('',(5.764936354195E-05,8.284800041533));
#3855 = CARTESIAN_POINT('',(7.958191443415E-05,8.169756933976));
#3856 = CARTESIAN_POINT('',(8.321568407848E-05,8.054728590753));
#3857 = CARTESIAN_POINT('',(6.207841025441E-05,7.939684496743));
#3858 = CARTESIAN_POINT('',(2.985216545402E-05,7.824589371375));
#3859 = CARTESIAN_POINT('',(0.,7.709551193622));
#3860 = ( GEOMETRIC_REPRESENTATION_CONTEXT(2) 
PARAMETRIC_REPRESENTATION_CONTEXT() REPRESENTATION_CONTEXT('2D SPACE',''
  ) );
#3861 = PCURVE('',#1537,#3862);
#3862 = DEFINITIONAL_REPRESENTATION('',(#3863),#3872);
#3863 = B_SPLINE_CURVE_WITH_KNOTS('',7,(#3864,#3865,#3866,#3867,#3868,
    #3869,#3870,#3871),.UNSPECIFIED.,.F.,.F.,(8,8),(0.,1.),
  .PIECEWISE_BEZIER_KNOTS.);
#3864 = CARTESIAN_POINT('',(-1.400800532097,-2.618833472361));
#3865 = CARTESIAN_POINT('',(-1.296991040039,-2.569288242315));
#3866 = CARTESIAN_POINT('',(-1.193128829006,-2.519718996673));
#3867 = CARTESIAN_POINT('',(-1.089310595383,-2.470165791721));
#3868 = CARTESIAN_POINT('',(-0.985505575764,-2.420606009227));
#3869 = CARTESIAN_POINT('',(-0.881688356097,-2.371021924819));
#3870 = CARTESIAN_POINT('',(-0.777827840497,-2.32140801214));
#3871 = CARTESIAN_POINT('',(-0.674019968465,-2.271820315935));
#3872 = ( GEOMETRIC_REPRESENTATION_CONTEXT(2) 
PARAMETRIC_REPRESENTATION_CONTEXT() REPRESENTATION_CONTEXT('2D SPACE',''
  ) );
#3873 = ORIENTED_EDGE('',*,*,#3874,.F.);
#3874 = EDGE_CURVE('',#3875,#3837,#3877,.T.);
#3875 = VERTEX_POINT('',#3876);
#3876 = CARTESIAN_POINT('',(5.199667828606,5.877475781007E-02,
    43.955396818485));
#3877 = SURFACE_CURVE('',#3878,(#3917,#3924),.PCURVE_S1.);
#3878 = B_SPLINE_CURVE_WITH_KNOTS('',10,(#3879,#3880,#3881,#3882,#3883,
    #3884,#3885,#3886,#3887,#3888,#3889,#3890,#3891,#3892,#3893,#3894,
    #3895,#3896,#3897,#3898,#3899,#3900,#3901,#3902,#3903,#3904,#3905,
    #3906,#3907,#3908,#3909,#3910,#3911,#3912,#3913,#3914,#3915,#3916),
  .UNSPECIFIED.,.F.,.F.,(11,9,9,9,11),(0.,6.962644440466,13.925288880933
    ,20.887933321399,27.850577761866),.UNSPECIFIED.);
#3879 = CARTESIAN_POINT('',(5.2,-8.631797642742E-15,40.95));
#3880 = CARTESIAN_POINT('',(5.1999996736,3.267254927378,41.250000124359)
  );
#3881 = CARTESIAN_POINT('',(2.919515879932,6.537145900558,41.54999977783
    ));
#3882 = CARTESIAN_POINT('',(-1.646776599995,7.994425149887,
    41.85000041494));
#3883 = CARTESIAN_POINT('',(-6.86112514114,5.952845535699,
    42.149999680209));
#3884 = CARTESIAN_POINT('',(-9.623219945552,-4.361203094488E-06,
    42.450000104875));
#3885 = CARTESIAN_POINT('',(-6.861127459933,-5.952838738407,
    42.750000223458));
#3886 = CARTESIAN_POINT('',(-1.646774076013,-7.994428206297,
    43.04999975802));
#3887 = CARTESIAN_POINT('',(2.919514540056,-6.537145258435,
    43.350000188027));
#3888 = CARTESIAN_POINT('',(5.200000053534,-3.267254936179,
    43.649999978886));
#3889 = CARTESIAN_POINT('',(5.199999807428,3.267254931702,
    44.250000073732));
#3890 = CARTESIAN_POINT('',(2.919515675711,6.537145893881,44.54999985505
    ));
#3891 = CARTESIAN_POINT('',(-1.64677634715,7.994425158317,
    44.850000319382));
#3892 = CARTESIAN_POINT('',(-6.861125397445,5.952845526966,
    45.149999777049));
#3893 = CARTESIAN_POINT('',(-9.623219733308,-4.353853402759E-06,
    45.450000024669));
#3894 = CARTESIAN_POINT('',(-6.861127601301,-5.95283874332,
    45.750000276913));
#3895 = CARTESIAN_POINT('',(-1.6467740031,-7.994428203796,
    46.049999730425));
#3896 = CARTESIAN_POINT('',(2.91951451355,-6.537145259318,
    46.350000198064));
#3897 = CARTESIAN_POINT('',(5.200000058242,-3.267254936029,
    46.649999977106));
#3898 = CARTESIAN_POINT('',(5.199999805147,3.267254931625,
    47.250000074583));
#3899 = CARTESIAN_POINT('',(2.919515679217,6.537145894079,
    47.549999853785));
#3900 = CARTESIAN_POINT('',(-1.64677635189,7.994425157875,
    47.850000321051));
#3901 = CARTESIAN_POINT('',(-6.861125391506,5.952845527688,
    48.149999774942));
#3902 = CARTESIAN_POINT('',(-9.623219740176,-4.354693258525E-06,
    48.450000027193));
#3903 = CARTESIAN_POINT('',(-6.861127594312,-5.952838742618,
    48.750000274255));
#3904 = CARTESIAN_POINT('',(-1.646774009073,-7.994428204223,
    49.049999732742));
#3905 = CARTESIAN_POINT('',(2.919514517745,-6.53714525912,
    49.350000196433));
#3906 = CARTESIAN_POINT('',(5.200000055832,-3.26725493611,
    49.649999978036));
#3907 = CARTESIAN_POINT('',(5.199999809811,3.267254931776,
    50.250000072794));
#3908 = CARTESIAN_POINT('',(2.919515653214,6.537145893237,
    50.549999863747));
#3909 = CARTESIAN_POINT('',(-1.646776280226,7.994425160203,
    50.850000293592));
#3910 = CARTESIAN_POINT('',(-6.86112553092,5.952845523142,
    51.149999828372));
#3911 = CARTESIAN_POINT('',(-9.623219530286,-4.347833384796E-06,
    51.44999994673));
#3912 = CARTESIAN_POINT('',(-6.861127848112,-5.952838750922,
    51.750000371571));
#3913 = CARTESIAN_POINT('',(-1.646773758733,-7.994428196031,
    52.049999636739));
#3914 = CARTESIAN_POINT('',(2.919514315775,-6.537145265727,
    52.350000273892));
#3915 = CARTESIAN_POINT('',(5.200000187992,-3.267254931788,
    52.649999927348));
#3916 = CARTESIAN_POINT('',(5.199999864255,-4.408790215815E-09,
    52.950000051712));
#3917 = PCURVE('',#1155,#3918);
#3918 = DEFINITIONAL_REPRESENTATION('',(#3919),#3923);
#3919 = LINE('',#3920,#3921);
#3920 = CARTESIAN_POINT('',(0.,0.));
#3921 = VECTOR('',#3922,1.);
#3922 = DIRECTION('',(0.,1.));
#3923 = ( GEOMETRIC_REPRESENTATION_CONTEXT(2) 
PARAMETRIC_REPRESENTATION_CONTEXT() REPRESENTATION_CONTEXT('2D SPACE',''
  ) );
#3924 = PCURVE('',#1537,#3925);
#3925 = DEFINITIONAL_REPRESENTATION('',(#3926),#3933);
#3926 = B_SPLINE_CURVE_WITH_KNOTS('',5,(#3927,#3928,#3929,#3930,#3931,
    #3932),.UNSPECIFIED.,.F.,.F.,(6,6),(6.975169753588,7.709551193627),
  .PIECEWISE_BEZIER_KNOTS.);
#3927 = CARTESIAN_POINT('',(-1.130307871831E-02,-1.955396818485));
#3928 = CARTESIAN_POINT('',(-0.143847804527,-2.018681527517));
#3929 = CARTESIAN_POINT('',(-0.276413255739,-2.081966223953));
#3930 = CARTESIAN_POINT('',(-0.408945218783,-2.145250920331));
#3931 = CARTESIAN_POINT('',(-0.541482099668,-2.208535617511));
#3932 = CARTESIAN_POINT('',(-0.674019968469,-2.271820315938));
#3933 = ( GEOMETRIC_REPRESENTATION_CONTEXT(2) 
PARAMETRIC_REPRESENTATION_CONTEXT() REPRESENTATION_CONTEXT('2D SPACE',''
  ) );
#3934 = ORIENTED_EDGE('',*,*,#3935,.F.);
#3935 = EDGE_CURVE('',#3936,#3875,#3938,.T.);
#3936 = VERTEX_POINT('',#3937);
#3937 = CARTESIAN_POINT('',(5.19999996524,5.640158963395E-13,
    43.950000026514));
#3938 = SURFACE_CURVE('',#3939,(#3978,#3985),.PCURVE_S1.);
#3939 = B_SPLINE_CURVE_WITH_KNOTS('',10,(#3940,#3941,#3942,#3943,#3944,
    #3945,#3946,#3947,#3948,#3949,#3950,#3951,#3952,#3953,#3954,#3955,
    #3956,#3957,#3958,#3959,#3960,#3961,#3962,#3963,#3964,#3965,#3966,
    #3967,#3968,#3969,#3970,#3971,#3972,#3973,#3974,#3975,#3976,#3977),
  .UNSPECIFIED.,.F.,.F.,(11,9,9,9,11),(0.,6.962644440466,13.925288880933
    ,20.887933321399,27.850577761866),.UNSPECIFIED.);
#3940 = CARTESIAN_POINT('',(5.2,-8.631797642742E-15,40.95));
#3941 = CARTESIAN_POINT('',(5.1999996736,3.267254927378,41.250000124359)
  );
#3942 = CARTESIAN_POINT('',(2.919515879932,6.537145900558,41.54999977783
    ));
#3943 = CARTESIAN_POINT('',(-1.646776599995,7.994425149887,
    41.85000041494));
#3944 = CARTESIAN_POINT('',(-6.86112514114,5.952845535699,
    42.149999680209));
#3945 = CARTESIAN_POINT('',(-9.623219945552,-4.361203094488E-06,
    42.450000104875));
#3946 = CARTESIAN_POINT('',(-6.861127459933,-5.952838738407,
    42.750000223458));
#3947 = CARTESIAN_POINT('',(-1.646774076013,-7.994428206297,
    43.04999975802));
#3948 = CARTESIAN_POINT('',(2.919514540056,-6.537145258435,
    43.350000188027));
#3949 = CARTESIAN_POINT('',(5.200000053534,-3.267254936179,
    43.649999978886));
#3950 = CARTESIAN_POINT('',(5.199999807428,3.267254931702,
    44.250000073732));
#3951 = CARTESIAN_POINT('',(2.919515675711,6.537145893881,44.54999985505
    ));
#3952 = CARTESIAN_POINT('',(-1.64677634715,7.994425158317,
    44.850000319382));
#3953 = CARTESIAN_POINT('',(-6.861125397445,5.952845526966,
    45.149999777049));
#3954 = CARTESIAN_POINT('',(-9.623219733308,-4.353853402759E-06,
    45.450000024669));
#3955 = CARTESIAN_POINT('',(-6.861127601301,-5.95283874332,
    45.750000276913));
#3956 = CARTESIAN_POINT('',(-1.6467740031,-7.994428203796,
    46.049999730425));
#3957 = CARTESIAN_POINT('',(2.91951451355,-6.537145259318,
    46.350000198064));
#3958 = CARTESIAN_POINT('',(5.200000058242,-3.267254936029,
    46.649999977106));
#3959 = CARTESIAN_POINT('',(5.199999805147,3.267254931625,
    47.250000074583));
#3960 = CARTESIAN_POINT('',(2.919515679217,6.537145894079,
    47.549999853785));
#3961 = CARTESIAN_POINT('',(-1.64677635189,7.994425157875,
    47.850000321051));
#3962 = CARTESIAN_POINT('',(-6.861125391506,5.952845527688,
    48.149999774942));
#3963 = CARTESIAN_POINT('',(-9.623219740176,-4.354693258525E-06,
    48.450000027193));
#3964 = CARTESIAN_POINT('',(-6.861127594312,-5.952838742618,
    48.750000274255));
#3965 = CARTESIAN_POINT('',(-1.646774009073,-7.994428204223,
    49.049999732742));
#3966 = CARTESIAN_POINT('',(2.919514517745,-6.53714525912,
    49.350000196433));
#3967 = CARTESIAN_POINT('',(5.200000055832,-3.26725493611,
    49.649999978036));
#3968 = CARTESIAN_POINT('',(5.199999809811,3.267254931776,
    50.250000072794));
#3969 = CARTESIAN_POINT('',(2.919515653214,6.537145893237,
    50.549999863747));
#3970 = CARTESIAN_POINT('',(-1.646776280226,7.994425160203,
    50.850000293592));
#3971 = CARTESIAN_POINT('',(-6.86112553092,5.952845523142,
    51.149999828372));
#3972 = CARTESIAN_POINT('',(-9.623219530286,-4.347833384796E-06,
    51.44999994673));
#3973 = CARTESIAN_POINT('',(-6.861127848112,-5.952838750922,
    51.750000371571));
#3974 = CARTESIAN_POINT('',(-1.646773758733,-7.994428196031,
    52.049999636739));
#3975 = CARTESIAN_POINT('',(2.919514315775,-6.537145265727,
    52.350000273892));
#3976 = CARTESIAN_POINT('',(5.200000187992,-3.267254931788,
    52.649999927348));
#3977 = CARTESIAN_POINT('',(5.199999864255,-4.408790215815E-09,
    52.950000051712));
#3978 = PCURVE('',#1155,#3979);
#3979 = DEFINITIONAL_REPRESENTATION('',(#3980),#3984);
#3980 = LINE('',#3981,#3982);
#3981 = CARTESIAN_POINT('',(0.,0.));
#3982 = VECTOR('',#3983,1.);
#3983 = DIRECTION('',(0.,1.));
#3984 = ( GEOMETRIC_REPRESENTATION_CONTEXT(2) 
PARAMETRIC_REPRESENTATION_CONTEXT() REPRESENTATION_CONTEXT('2D SPACE',''
  ) );
#3985 = PCURVE('',#1537,#3986);
#3986 = DEFINITIONAL_REPRESENTATION('',(#3987),#3994);
#3987 = B_SPLINE_CURVE_WITH_KNOTS('',5,(#3988,#3989,#3990,#3991,#3992,
    #3993),.UNSPECIFIED.,.F.,.F.,(6,6),(6.962644440466,6.975169753588),
  .PIECEWISE_BEZIER_KNOTS.);
#3988 = CARTESIAN_POINT('',(4.30562252518E-10,-1.950000026309));
#3989 = CARTESIAN_POINT('',(-2.260601261871E-03,-1.951079384752));
#3990 = CARTESIAN_POINT('',(-4.521210453681E-03,-1.95215874319));
#3991 = CARTESIAN_POINT('',(-6.781826521777E-03,-1.953238101625));
#3992 = CARTESIAN_POINT('',(-9.042449428334E-03,-1.954317460057));
#3993 = CARTESIAN_POINT('',(-1.130307871831E-02,-1.955396818485));
#3994 = ( GEOMETRIC_REPRESENTATION_CONTEXT(2) 
PARAMETRIC_REPRESENTATION_CONTEXT() REPRESENTATION_CONTEXT('2D SPACE',''
  ) );
#3995 = ORIENTED_EDGE('',*,*,#3996,.F.);
#3996 = EDGE_CURVE('',#3997,#3936,#3999,.T.);
#3997 = VERTEX_POINT('',#3998);
#3998 = CARTESIAN_POINT('',(5.199687178733,-5.703720996017E-02,
    43.944762784517));
#3999 = SURFACE_CURVE('',#4000,(#4039,#4046),.PCURVE_S1.);
#4000 = B_SPLINE_CURVE_WITH_KNOTS('',10,(#4001,#4002,#4003,#4004,#4005,
    #4006,#4007,#4008,#4009,#4010,#4011,#4012,#4013,#4014,#4015,#4016,
    #4017,#4018,#4019,#4020,#4021,#4022,#4023,#4024,#4025,#4026,#4027,
    #4028,#4029,#4030,#4031,#4032,#4033,#4034,#4035,#4036,#4037,#4038),
  .UNSPECIFIED.,.F.,.F.,(11,9,9,9,11),(0.,6.962644440466,13.925288880933
    ,20.887933321399,27.850577761866),.UNSPECIFIED.);
#4001 = CARTESIAN_POINT('',(5.2,-8.631797642742E-15,40.95));
#4002 = CARTESIAN_POINT('',(5.1999996736,3.267254927378,41.250000124359)
  );
#4003 = CARTESIAN_POINT('',(2.919515879932,6.537145900558,41.54999977783
    ));
#4004 = CARTESIAN_POINT('',(-1.646776599995,7.994425149887,
    41.85000041494));
#4005 = CARTESIAN_POINT('',(-6.86112514114,5.952845535699,
    42.149999680209));
#4006 = CARTESIAN_POINT('',(-9.623219945552,-4.361203094488E-06,
    42.450000104875));
#4007 = CARTESIAN_POINT('',(-6.861127459933,-5.952838738407,
    42.750000223458));
#4008 = CARTESIAN_POINT('',(-1.646774076013,-7.994428206297,
    43.04999975802));
#4009 = CARTESIAN_POINT('',(2.919514540056,-6.537145258435,
    43.350000188027));
#4010 = CARTESIAN_POINT('',(5.200000053534,-3.267254936179,
    43.649999978886));
#4011 = CARTESIAN_POINT('',(5.199999807428,3.267254931702,
    44.250000073732));
#4012 = CARTESIAN_POINT('',(2.919515675711,6.537145893881,44.54999985505
    ));
#4013 = CARTESIAN_POINT('',(-1.64677634715,7.994425158317,
    44.850000319382));
#4014 = CARTESIAN_POINT('',(-6.861125397445,5.952845526966,
    45.149999777049));
#4015 = CARTESIAN_POINT('',(-9.623219733308,-4.353853402759E-06,
    45.450000024669));
#4016 = CARTESIAN_POINT('',(-6.861127601301,-5.95283874332,
    45.750000276913));
#4017 = CARTESIAN_POINT('',(-1.6467740031,-7.994428203796,
    46.049999730425));
#4018 = CARTESIAN_POINT('',(2.91951451355,-6.537145259318,
    46.350000198064));
#4019 = CARTESIAN_POINT('',(5.200000058242,-3.267254936029,
    46.649999977106));
#4020 = CARTESIAN_POINT('',(5.199999805147,3.267254931625,
    47.250000074583));
#4021 = CARTESIAN_POINT('',(2.919515679217,6.537145894079,
    47.549999853785));
#4022 = CARTESIAN_POINT('',(-1.64677635189,7.994425157875,
    47.850000321051));
#4023 = CARTESIAN_POINT('',(-6.861125391506,5.952845527688,
    48.149999774942));
#4024 = CARTESIAN_POINT('',(-9.623219740176,-4.354693258525E-06,
    48.450000027193));
#4025 = CARTESIAN_POINT('',(-6.861127594312,-5.952838742618,
    48.750000274255));
#4026 = CARTESIAN_POINT('',(-1.646774009073,-7.994428204223,
    49.049999732742));
#4027 = CARTESIAN_POINT('',(2.919514517745,-6.53714525912,
    49.350000196433));
#4028 = CARTESIAN_POINT('',(5.200000055832,-3.26725493611,
    49.649999978036));
#4029 = CARTESIAN_POINT('',(5.199999809811,3.267254931776,
    50.250000072794));
#4030 = CARTESIAN_POINT('',(2.919515653214,6.537145893237,
    50.549999863747));
#4031 = CARTESIAN_POINT('',(-1.646776280226,7.994425160203,
    50.850000293592));
#4032 = CARTESIAN_POINT('',(-6.86112553092,5.952845523142,
    51.149999828372));
#4033 = CARTESIAN_POINT('',(-9.623219530286,-4.347833384796E-06,
    51.44999994673));
#4034 = CARTESIAN_POINT('',(-6.861127848112,-5.952838750922,
    51.750000371571));
#4035 = CARTESIAN_POINT('',(-1.646773758733,-7.994428196031,
    52.049999636739));
#4036 = CARTESIAN_POINT('',(2.919514315775,-6.537145265727,
    52.350000273892));
#4037 = CARTESIAN_POINT('',(5.200000187992,-3.267254931788,
    52.649999927348));
#4038 = CARTESIAN_POINT('',(5.199999864255,-4.408790215815E-09,
    52.950000051712));
#4039 = PCURVE('',#1155,#4040);
#4040 = DEFINITIONAL_REPRESENTATION('',(#4041),#4045);
#4041 = LINE('',#4042,#4043);
#4042 = CARTESIAN_POINT('',(0.,0.));
#4043 = VECTOR('',#4044,1.);
#4044 = DIRECTION('',(0.,1.));
#4045 = ( GEOMETRIC_REPRESENTATION_CONTEXT(2) 
PARAMETRIC_REPRESENTATION_CONTEXT() REPRESENTATION_CONTEXT('2D SPACE',''
  ) );
#4046 = PCURVE('',#1537,#4047);
#4047 = DEFINITIONAL_REPRESENTATION('',(#4048),#4055);
#4048 = B_SPLINE_CURVE_WITH_KNOTS('',5,(#4049,#4050,#4051,#4052,#4053,
    #4054),.UNSPECIFIED.,.F.,.F.,(6,6),(6.950489424826,6.962644440466),
  .PIECEWISE_BEZIER_KNOTS.);
#4049 = CARTESIAN_POINT('',(-6.272216393,-1.944762784517));
#4050 = CARTESIAN_POINT('',(-6.274410188456,-1.945810232868));
#4051 = CARTESIAN_POINT('',(-6.276603977878,-1.946857681223));
#4052 = CARTESIAN_POINT('',(-6.278797760841,-1.947905129582));
#4053 = CARTESIAN_POINT('',(-6.280991537327,-1.948952577943));
#4054 = CARTESIAN_POINT('',(-6.283185306749,-1.950000026309));
#4055 = ( GEOMETRIC_REPRESENTATION_CONTEXT(2) 
PARAMETRIC_REPRESENTATION_CONTEXT() REPRESENTATION_CONTEXT('2D SPACE',''
  ) );
#4056 = ORIENTED_EDGE('',*,*,#4057,.F.);
#4057 = EDGE_CURVE('',#4058,#3997,#4060,.T.);
#4058 = VERTEX_POINT('',#4059);
#4059 = CARTESIAN_POINT('',(4.063144854338,-3.245127715936,
    43.628221827528));
#4060 = SURFACE_CURVE('',#4061,(#4100,#4107),.PCURVE_S1.);
#4061 = B_SPLINE_CURVE_WITH_KNOTS('',10,(#4062,#4063,#4064,#4065,#4066,
    #4067,#4068,#4069,#4070,#4071,#4072,#4073,#4074,#4075,#4076,#4077,
    #4078,#4079,#4080,#4081,#4082,#4083,#4084,#4085,#4086,#4087,#4088,
    #4089,#4090,#4091,#4092,#4093,#4094,#4095,#4096,#4097,#4098,#4099),
  .UNSPECIFIED.,.F.,.F.,(11,9,9,9,11),(0.,6.962644440466,13.925288880933
    ,20.887933321399,27.850577761866),.UNSPECIFIED.);
#4062 = CARTESIAN_POINT('',(5.2,-8.631797642742E-15,40.95));
#4063 = CARTESIAN_POINT('',(5.1999996736,3.267254927378,41.250000124359)
  );
#4064 = CARTESIAN_POINT('',(2.919515879932,6.537145900558,41.54999977783
    ));
#4065 = CARTESIAN_POINT('',(-1.646776599995,7.994425149887,
    41.85000041494));
#4066 = CARTESIAN_POINT('',(-6.86112514114,5.952845535699,
    42.149999680209));
#4067 = CARTESIAN_POINT('',(-9.623219945552,-4.361203094488E-06,
    42.450000104875));
#4068 = CARTESIAN_POINT('',(-6.861127459933,-5.952838738407,
    42.750000223458));
#4069 = CARTESIAN_POINT('',(-1.646774076013,-7.994428206297,
    43.04999975802));
#4070 = CARTESIAN_POINT('',(2.919514540056,-6.537145258435,
    43.350000188027));
#4071 = CARTESIAN_POINT('',(5.200000053534,-3.267254936179,
    43.649999978886));
#4072 = CARTESIAN_POINT('',(5.199999807428,3.267254931702,
    44.250000073732));
#4073 = CARTESIAN_POINT('',(2.919515675711,6.537145893881,44.54999985505
    ));
#4074 = CARTESIAN_POINT('',(-1.64677634715,7.994425158317,
    44.850000319382));
#4075 = CARTESIAN_POINT('',(-6.861125397445,5.952845526966,
    45.149999777049));
#4076 = CARTESIAN_POINT('',(-9.623219733308,-4.353853402759E-06,
    45.450000024669));
#4077 = CARTESIAN_POINT('',(-6.861127601301,-5.95283874332,
    45.750000276913));
#4078 = CARTESIAN_POINT('',(-1.6467740031,-7.994428203796,
    46.049999730425));
#4079 = CARTESIAN_POINT('',(2.91951451355,-6.537145259318,
    46.350000198064));
#4080 = CARTESIAN_POINT('',(5.200000058242,-3.267254936029,
    46.649999977106));
#4081 = CARTESIAN_POINT('',(5.199999805147,3.267254931625,
    47.250000074583));
#4082 = CARTESIAN_POINT('',(2.919515679217,6.537145894079,
    47.549999853785));
#4083 = CARTESIAN_POINT('',(-1.64677635189,7.994425157875,
    47.850000321051));
#4084 = CARTESIAN_POINT('',(-6.861125391506,5.952845527688,
    48.149999774942));
#4085 = CARTESIAN_POINT('',(-9.623219740176,-4.354693258525E-06,
    48.450000027193));
#4086 = CARTESIAN_POINT('',(-6.861127594312,-5.952838742618,
    48.750000274255));
#4087 = CARTESIAN_POINT('',(-1.646774009073,-7.994428204223,
    49.049999732742));
#4088 = CARTESIAN_POINT('',(2.919514517745,-6.53714525912,
    49.350000196433));
#4089 = CARTESIAN_POINT('',(5.200000055832,-3.26725493611,
    49.649999978036));
#4090 = CARTESIAN_POINT('',(5.199999809811,3.267254931776,
    50.250000072794));
#4091 = CARTESIAN_POINT('',(2.919515653214,6.537145893237,
    50.549999863747));
#4092 = CARTESIAN_POINT('',(-1.646776280226,7.994425160203,
    50.850000293592));
#4093 = CARTESIAN_POINT('',(-6.86112553092,5.952845523142,
    51.149999828372));
#4094 = CARTESIAN_POINT('',(-9.623219530286,-4.347833384796E-06,
    51.44999994673));
#4095 = CARTESIAN_POINT('',(-6.861127848112,-5.952838750922,
    51.750000371571));
#4096 = CARTESIAN_POINT('',(-1.646773758733,-7.994428196031,
    52.049999636739));
#4097 = CARTESIAN_POINT('',(2.919514315775,-6.537145265727,
    52.350000273892));
#4098 = CARTESIAN_POINT('',(5.200000187992,-3.267254931788,
    52.649999927348));
#4099 = CARTESIAN_POINT('',(5.199999864255,-4.408790215815E-09,
    52.950000051712));
#4100 = PCURVE('',#1155,#4101);
#4101 = DEFINITIONAL_REPRESENTATION('',(#4102),#4106);
#4102 = LINE('',#4103,#4104);
#4103 = CARTESIAN_POINT('',(0.,0.));
#4104 = VECTOR('',#4105,1.);
#4105 = DIRECTION('',(0.,1.));
#4106 = ( GEOMETRIC_REPRESENTATION_CONTEXT(2) 
PARAMETRIC_REPRESENTATION_CONTEXT() REPRESENTATION_CONTEXT('2D SPACE',''
  ) );
#4107 = PCURVE('',#1537,#4108);
#4108 = DEFINITIONAL_REPRESENTATION('',(#4109),#4116);
#4109 = B_SPLINE_CURVE_WITH_KNOTS('',5,(#4110,#4111,#4112,#4113,#4114,
    #4115),.UNSPECIFIED.,.F.,.F.,(6,6),(6.215835377337,6.950489424826),
  .PIECEWISE_BEZIER_KNOTS.);
#4110 = CARTESIAN_POINT('',(-5.609253490423,-1.628221827528));
#4111 = CARTESIAN_POINT('',(-5.741840559673,-1.69153001773));
#4112 = CARTESIAN_POINT('',(-5.874426644691,-1.754838206767));
#4113 = CARTESIAN_POINT('',(-6.007007802675,-1.818146395091));
#4114 = CARTESIAN_POINT('',(-6.139622510838,-1.881454583709));
#4115 = CARTESIAN_POINT('',(-6.272216393,-1.944762784517));
#4116 = ( GEOMETRIC_REPRESENTATION_CONTEXT(2) 
PARAMETRIC_REPRESENTATION_CONTEXT() REPRESENTATION_CONTEXT('2D SPACE',''
  ) );
#4117 = ORIENTED_EDGE('',*,*,#4118,.F.);
#4118 = EDGE_CURVE('',#4119,#4058,#4121,.T.);
#4119 = VERTEX_POINT('',#4120);
#4120 = CARTESIAN_POINT('',(0.880141496187,-5.124973263022,
    43.28120522586));
#4121 = SURFACE_CURVE('',#4122,(#4161,#4168),.PCURVE_S1.);
#4122 = B_SPLINE_CURVE_WITH_KNOTS('',10,(#4123,#4124,#4125,#4126,#4127,
    #4128,#4129,#4130,#4131,#4132,#4133,#4134,#4135,#4136,#4137,#4138,
    #4139,#4140,#4141,#4142,#4143,#4144,#4145,#4146,#4147,#4148,#4149,
    #4150,#4151,#4152,#4153,#4154,#4155,#4156,#4157,#4158,#4159,#4160),
  .UNSPECIFIED.,.F.,.F.,(11,9,9,9,11),(0.,6.962644440466,13.925288880933
    ,20.887933321399,27.850577761866),.UNSPECIFIED.);
#4123 = CARTESIAN_POINT('',(5.2,-8.631797642742E-15,40.95));
#4124 = CARTESIAN_POINT('',(5.1999996736,3.267254927378,41.250000124359)
  );
#4125 = CARTESIAN_POINT('',(2.919515879932,6.537145900558,41.54999977783
    ));
#4126 = CARTESIAN_POINT('',(-1.646776599995,7.994425149887,
    41.85000041494));
#4127 = CARTESIAN_POINT('',(-6.86112514114,5.952845535699,
    42.149999680209));
#4128 = CARTESIAN_POINT('',(-9.623219945552,-4.361203094488E-06,
    42.450000104875));
#4129 = CARTESIAN_POINT('',(-6.861127459933,-5.952838738407,
    42.750000223458));
#4130 = CARTESIAN_POINT('',(-1.646774076013,-7.994428206297,
    43.04999975802));
#4131 = CARTESIAN_POINT('',(2.919514540056,-6.537145258435,
    43.350000188027));
#4132 = CARTESIAN_POINT('',(5.200000053534,-3.267254936179,
    43.649999978886));
#4133 = CARTESIAN_POINT('',(5.199999807428,3.267254931702,
    44.250000073732));
#4134 = CARTESIAN_POINT('',(2.919515675711,6.537145893881,44.54999985505
    ));
#4135 = CARTESIAN_POINT('',(-1.64677634715,7.994425158317,
    44.850000319382));
#4136 = CARTESIAN_POINT('',(-6.861125397445,5.952845526966,
    45.149999777049));
#4137 = CARTESIAN_POINT('',(-9.623219733308,-4.353853402759E-06,
    45.450000024669));
#4138 = CARTESIAN_POINT('',(-6.861127601301,-5.95283874332,
    45.750000276913));
#4139 = CARTESIAN_POINT('',(-1.6467740031,-7.994428203796,
    46.049999730425));
#4140 = CARTESIAN_POINT('',(2.91951451355,-6.537145259318,
    46.350000198064));
#4141 = CARTESIAN_POINT('',(5.200000058242,-3.267254936029,
    46.649999977106));
#4142 = CARTESIAN_POINT('',(5.199999805147,3.267254931625,
    47.250000074583));
#4143 = CARTESIAN_POINT('',(2.919515679217,6.537145894079,
    47.549999853785));
#4144 = CARTESIAN_POINT('',(-1.64677635189,7.994425157875,
    47.850000321051));
#4145 = CARTESIAN_POINT('',(-6.861125391506,5.952845527688,
    48.149999774942));
#4146 = CARTESIAN_POINT('',(-9.623219740176,-4.354693258525E-06,
    48.450000027193));
#4147 = CARTESIAN_POINT('',(-6.861127594312,-5.952838742618,
    48.750000274255));
#4148 = CARTESIAN_POINT('',(-1.646774009073,-7.994428204223,
    49.049999732742));
#4149 = CARTESIAN_POINT('',(2.919514517745,-6.53714525912,
    49.350000196433));
#4150 = CARTESIAN_POINT('',(5.200000055832,-3.26725493611,
    49.649999978036));
#4151 = CARTESIAN_POINT('',(5.199999809811,3.267254931776,
    50.250000072794));
#4152 = CARTESIAN_POINT('',(2.919515653214,6.537145893237,
    50.549999863747));
#4153 = CARTESIAN_POINT('',(-1.646776280226,7.994425160203,
    50.850000293592));
#4154 = CARTESIAN_POINT('',(-6.86112553092,5.952845523142,
    51.149999828372));
#4155 = CARTESIAN_POINT('',(-9.623219530286,-4.347833384796E-06,
    51.44999994673));
#4156 = CARTESIAN_POINT('',(-6.861127848112,-5.952838750922,
    51.750000371571));
#4157 = CARTESIAN_POINT('',(-1.646773758733,-7.994428196031,
    52.049999636739));
#4158 = CARTESIAN_POINT('',(2.919514315775,-6.537145265727,
    52.350000273892));
#4159 = CARTESIAN_POINT('',(5.200000187992,-3.267254931788,
    52.649999927348));
#4160 = CARTESIAN_POINT('',(5.199999864255,-4.408790215815E-09,
    52.950000051712));
#4161 = PCURVE('',#1155,#4162);
#4162 = DEFINITIONAL_REPRESENTATION('',(#4163),#4167);
#4163 = LINE('',#4164,#4165);
#4164 = CARTESIAN_POINT('',(0.,0.));
#4165 = VECTOR('',#4166,1.);
#4166 = DIRECTION('',(0.,1.));
#4167 = ( GEOMETRIC_REPRESENTATION_CONTEXT(2) 
PARAMETRIC_REPRESENTATION_CONTEXT() REPRESENTATION_CONTEXT('2D SPACE',''
  ) );
#4168 = PCURVE('',#1537,#4169);
#4169 = DEFINITIONAL_REPRESENTATION('',(#4170),#4177);
#4170 = B_SPLINE_CURVE_WITH_KNOTS('',5,(#4171,#4172,#4173,#4174,#4175,
    #4176),.UNSPECIFIED.,.F.,.F.,(6,6),(5.4104509763,6.215835377337),
  .PIECEWISE_BEZIER_KNOTS.);
#4171 = CARTESIAN_POINT('',(-4.882465718043,-1.28120522586));
#4172 = CARTESIAN_POINT('',(-5.027824195246,-1.350608546709));
#4173 = CARTESIAN_POINT('',(-5.173184016685,-1.420011867866));
#4174 = CARTESIAN_POINT('',(-5.31854642998,-1.489415189145));
#4175 = CARTESIAN_POINT('',(-5.463901324028,-1.558818509027));
#4176 = CARTESIAN_POINT('',(-5.609253490423,-1.628221827528));
#4177 = ( GEOMETRIC_REPRESENTATION_CONTEXT(2) 
PARAMETRIC_REPRESENTATION_CONTEXT() REPRESENTATION_CONTEXT('2D SPACE',''
  ) );
#4178 = ORIENTED_EDGE('',*,*,#4179,.F.);
#4179 = EDGE_CURVE('',#4180,#4119,#4182,.T.);
#4180 = VERTEX_POINT('',#4181);
#4181 = CARTESIAN_POINT('',(-3.344563742087,-3.981694786785,
    42.866419410702));
#4182 = SURFACE_CURVE('',#4183,(#4222,#4229),.PCURVE_S1.);
#4183 = B_SPLINE_CURVE_WITH_KNOTS('',10,(#4184,#4185,#4186,#4187,#4188,
    #4189,#4190,#4191,#4192,#4193,#4194,#4195,#4196,#4197,#4198,#4199,
    #4200,#4201,#4202,#4203,#4204,#4205,#4206,#4207,#4208,#4209,#4210,
    #4211,#4212,#4213,#4214,#4215,#4216,#4217,#4218,#4219,#4220,#4221),
  .UNSPECIFIED.,.F.,.F.,(11,9,9,9,11),(0.,6.962644440466,13.925288880933
    ,20.887933321399,27.850577761866),.UNSPECIFIED.);
#4184 = CARTESIAN_POINT('',(5.2,-8.631797642742E-15,40.95));
#4185 = CARTESIAN_POINT('',(5.1999996736,3.267254927378,41.250000124359)
  );
#4186 = CARTESIAN_POINT('',(2.919515879932,6.537145900558,41.54999977783
    ));
#4187 = CARTESIAN_POINT('',(-1.646776599995,7.994425149887,
    41.85000041494));
#4188 = CARTESIAN_POINT('',(-6.86112514114,5.952845535699,
    42.149999680209));
#4189 = CARTESIAN_POINT('',(-9.623219945552,-4.361203094488E-06,
    42.450000104875));
#4190 = CARTESIAN_POINT('',(-6.861127459933,-5.952838738407,
    42.750000223458));
#4191 = CARTESIAN_POINT('',(-1.646774076013,-7.994428206297,
    43.04999975802));
#4192 = CARTESIAN_POINT('',(2.919514540056,-6.537145258435,
    43.350000188027));
#4193 = CARTESIAN_POINT('',(5.200000053534,-3.267254936179,
    43.649999978886));
#4194 = CARTESIAN_POINT('',(5.199999807428,3.267254931702,
    44.250000073732));
#4195 = CARTESIAN_POINT('',(2.919515675711,6.537145893881,44.54999985505
    ));
#4196 = CARTESIAN_POINT('',(-1.64677634715,7.994425158317,
    44.850000319382));
#4197 = CARTESIAN_POINT('',(-6.861125397445,5.952845526966,
    45.149999777049));
#4198 = CARTESIAN_POINT('',(-9.623219733308,-4.353853402759E-06,
    45.450000024669));
#4199 = CARTESIAN_POINT('',(-6.861127601301,-5.95283874332,
    45.750000276913));
#4200 = CARTESIAN_POINT('',(-1.6467740031,-7.994428203796,
    46.049999730425));
#4201 = CARTESIAN_POINT('',(2.91951451355,-6.537145259318,
    46.350000198064));
#4202 = CARTESIAN_POINT('',(5.200000058242,-3.267254936029,
    46.649999977106));
#4203 = CARTESIAN_POINT('',(5.199999805147,3.267254931625,
    47.250000074583));
#4204 = CARTESIAN_POINT('',(2.919515679217,6.537145894079,
    47.549999853785));
#4205 = CARTESIAN_POINT('',(-1.64677635189,7.994425157875,
    47.850000321051));
#4206 = CARTESIAN_POINT('',(-6.861125391506,5.952845527688,
    48.149999774942));
#4207 = CARTESIAN_POINT('',(-9.623219740176,-4.354693258525E-06,
    48.450000027193));
#4208 = CARTESIAN_POINT('',(-6.861127594312,-5.952838742618,
    48.750000274255));
#4209 = CARTESIAN_POINT('',(-1.646774009073,-7.994428204223,
    49.049999732742));
#4210 = CARTESIAN_POINT('',(2.919514517745,-6.53714525912,
    49.350000196433));
#4211 = CARTESIAN_POINT('',(5.200000055832,-3.26725493611,
    49.649999978036));
#4212 = CARTESIAN_POINT('',(5.199999809811,3.267254931776,
    50.250000072794));
#4213 = CARTESIAN_POINT('',(2.919515653214,6.537145893237,
    50.549999863747));
#4214 = CARTESIAN_POINT('',(-1.646776280226,7.994425160203,
    50.850000293592));
#4215 = CARTESIAN_POINT('',(-6.86112553092,5.952845523142,
    51.149999828372));
#4216 = CARTESIAN_POINT('',(-9.623219530286,-4.347833384796E-06,
    51.44999994673));
#4217 = CARTESIAN_POINT('',(-6.861127848112,-5.952838750922,
    51.750000371571));
#4218 = CARTESIAN_POINT('',(-1.646773758733,-7.994428196031,
    52.049999636739));
#4219 = CARTESIAN_POINT('',(2.919514315775,-6.537145265727,
    52.350000273892));
#4220 = CARTESIAN_POINT('',(5.200000187992,-3.267254931788,
    52.649999927348));
#4221 = CARTESIAN_POINT('',(5.199999864255,-4.408790215815E-09,
    52.950000051712));
#4222 = PCURVE('',#1155,#4223);
#4223 = DEFINITIONAL_REPRESENTATION('',(#4224),#4228);
#4224 = LINE('',#4225,#4226);
#4225 = CARTESIAN_POINT('',(0.,0.));
#4226 = VECTOR('',#4227,1.);
#4227 = DIRECTION('',(0.,1.));
#4228 = ( GEOMETRIC_REPRESENTATION_CONTEXT(2) 
PARAMETRIC_REPRESENTATION_CONTEXT() REPRESENTATION_CONTEXT('2D SPACE',''
  ) );
#4229 = PCURVE('',#4230,#4307);
#4230 = B_SPLINE_SURFACE_WITH_KNOTS('',1,10,(
    (#4231,#4232,#4233,#4234,#4235,#4236,#4237,#4238,#4239,#4240,#4241
      ,#4242,#4243,#4244,#4245,#4246,#4247,#4248,#4249,#4250,#4251,#4252
      ,#4253,#4254,#4255,#4256,#4257,#4258,#4259,#4260,#4261,#4262,#4263
      ,#4264,#4265,#4266,#4267,#4268)
    ,(#4269,#4270,#4271,#4272,#4273,#4274,#4275,#4276,#4277,#4278,#4279
      ,#4280,#4281,#4282,#4283,#4284,#4285,#4286,#4287,#4288,#4289,#4290
      ,#4291,#4292,#4293,#4294,#4295,#4296,#4297,#4298,#4299,#4300,#4301
      ,#4302,#4303,#4304,#4305,#4306
    )),.UNSPECIFIED.,.F.,.F.,.F.,(2,2),(11,9,9,9,11),(0.,2.1),(0.,
    6.962644440466,13.925288880933,20.887933321399,27.850577761866),
  .UNSPECIFIED.);
#4231 = CARTESIAN_POINT('',(5.2,1.51936921538E-15,43.05));
#4232 = CARTESIAN_POINT('',(5.200000326493,3.267255012668,43.35000012436
    ));
#4233 = CARTESIAN_POINT('',(2.919514397561,6.537145433903,
    43.649999777827));
#4234 = CARTESIAN_POINT('',(-1.64677379502,7.994428406087,
    43.950000414948));
#4235 = CARTESIAN_POINT('',(-6.861128022024,5.952838912208,
    44.249999680196));
#4236 = CARTESIAN_POINT('',(-9.623219781698,4.355872835956E-06,
    44.550000104892));
#4237 = CARTESIAN_POINT('',(-6.861125714847,-5.952845672594,
    44.850000223442));
#4238 = CARTESIAN_POINT('',(-1.646776330181,-7.994425367577,
    45.14999975803));
#4239 = CARTESIAN_POINT('',(2.919515724006,-6.537146066328,
    45.450000188022));
#4240 = CARTESIAN_POINT('',(5.199999942721,-3.267255021476,
    45.749999978886));
#4241 = CARTESIAN_POINT('',(5.200000194456,3.267255016984,
    46.350000073731));
#4242 = CARTESIAN_POINT('',(2.919514599061,6.537145427383,
    46.649999855049));
#4243 = CARTESIAN_POINT('',(-1.646774044517,7.994428414014,
    46.950000319384));
#4244 = CARTESIAN_POINT('',(-6.861127769088,5.952838904349,
    47.249999777044));
#4245 = CARTESIAN_POINT('',(-9.623219991174,4.36225766737E-06,
    47.550000024677));
#4246 = CARTESIAN_POINT('',(-6.861125575314,-5.952845676816,
    47.850000276906));
#4247 = CARTESIAN_POINT('',(-1.64677640215,-7.994425365377,
    48.149999730431));
#4248 = CARTESIAN_POINT('',(2.919515750169,-6.537146067152,
    48.450000198062));
#4249 = CARTESIAN_POINT('',(5.199999938073,-3.267255021322,
    48.749999977107));
#4250 = CARTESIAN_POINT('',(5.20000019671,3.267255016911,49.350000074583
    ));
#4251 = CARTESIAN_POINT('',(2.919514595574,6.537145427427,
    49.649999853784));
#4252 = CARTESIAN_POINT('',(-1.646774039761,7.994428414114,
    49.950000321054));
#4253 = CARTESIAN_POINT('',(-6.861127775093,5.95283890406,
    50.249999774936));
#4254 = CARTESIAN_POINT('',(-9.623219984204,4.362613873876E-06,
    50.550000027199));
#4255 = CARTESIAN_POINT('',(-6.861125582403,-5.952845677048,
    50.850000274248));
#4256 = CARTESIAN_POINT('',(-1.6467763961,-7.994425365339,
    51.149999732746));
#4257 = CARTESIAN_POINT('',(2.919515745924,-6.537146067079,
    51.450000196431));
#4258 = CARTESIAN_POINT('',(5.199999940513,-3.267255021399,
    51.749999978036));
#4259 = CARTESIAN_POINT('',(5.200000191983,3.267255017065,
    52.350000072794));
#4260 = CARTESIAN_POINT('',(2.919514621931,6.537145426566,
    52.649999863749));
#4261 = CARTESIAN_POINT('',(-1.646774112405,7.994428416476,
    52.950000293588));
#4262 = CARTESIAN_POINT('',(-6.861127633771,5.952838899488,
    53.249999828378));
#4263 = CARTESIAN_POINT('',(-9.623220196965,4.369474966422E-06,
    53.549999946723));
#4264 = CARTESIAN_POINT('',(-6.861125325139,-5.952845685333,
    53.850000371577));
#4265 = CARTESIAN_POINT('',(-1.646776649848,-7.994425357167,
    54.149999636736));
#4266 = CARTESIAN_POINT('',(2.919515950639,-6.537146073677,
    54.450000273893));
#4267 = CARTESIAN_POINT('',(5.199999806559,-3.267255017078,
    54.749999927348));
#4268 = CARTESIAN_POINT('',(5.200000135745,-4.40931743079E-09,
    55.050000051712));
#4269 = CARTESIAN_POINT('',(5.2,-1.682482217683E-15,40.95));
#4270 = CARTESIAN_POINT('',(5.1999996736,3.267254927378,41.250000124359)
  );
#4271 = CARTESIAN_POINT('',(2.919515879932,6.537145900558,41.54999977783
    ));
#4272 = CARTESIAN_POINT('',(-1.646776599995,7.994425149888,
    41.85000041494));
#4273 = CARTESIAN_POINT('',(-6.86112514114,5.952845535698,
    42.149999680209));
#4274 = CARTESIAN_POINT('',(-9.623219945552,-4.361202752408E-06,
    42.450000104875));
#4275 = CARTESIAN_POINT('',(-6.861127459933,-5.952838738407,
    42.750000223458));
#4276 = CARTESIAN_POINT('',(-1.646774076013,-7.994428206297,
    43.04999975802));
#4277 = CARTESIAN_POINT('',(2.919514540056,-6.537145258435,
    43.350000188027));
#4278 = CARTESIAN_POINT('',(5.200000053534,-3.267254936179,
    43.649999978886));
#4279 = CARTESIAN_POINT('',(5.199999807428,3.267254931702,
    44.250000073732));
#4280 = CARTESIAN_POINT('',(2.919515675711,6.537145893881,44.54999985505
    ));
#4281 = CARTESIAN_POINT('',(-1.64677634715,7.994425158318,
    44.850000319382));
#4282 = CARTESIAN_POINT('',(-6.861125397444,5.952845526966,
    45.149999777049));
#4283 = CARTESIAN_POINT('',(-9.623219733308,-4.353853182915E-06,
    45.450000024669));
#4284 = CARTESIAN_POINT('',(-6.8611276013,-5.95283874332,45.750000276913
    ));
#4285 = CARTESIAN_POINT('',(-1.6467740031,-7.994428203796,
    46.049999730425));
#4286 = CARTESIAN_POINT('',(2.91951451355,-6.537145259318,
    46.350000198064));
#4287 = CARTESIAN_POINT('',(5.200000058242,-3.267254936029,
    46.649999977106));
#4288 = CARTESIAN_POINT('',(5.199999805147,3.267254931625,
    47.250000074583));
#4289 = CARTESIAN_POINT('',(2.919515679217,6.537145894079,
    47.549999853785));
#4290 = CARTESIAN_POINT('',(-1.646776351889,7.994425157875,
    47.850000321051));
#4291 = CARTESIAN_POINT('',(-6.861125391507,5.952845527687,
    48.149999774942));
#4292 = CARTESIAN_POINT('',(-9.623219740175,-4.354692597843E-06,
    48.450000027193));
#4293 = CARTESIAN_POINT('',(-6.861127594313,-5.952838742618,
    48.750000274255));
#4294 = CARTESIAN_POINT('',(-1.646774009073,-7.994428204223,
    49.049999732742));
#4295 = CARTESIAN_POINT('',(2.919514517745,-6.53714525912,
    49.350000196433));
#4296 = CARTESIAN_POINT('',(5.200000055832,-3.26725493611,
    49.649999978036));
#4297 = CARTESIAN_POINT('',(5.199999809811,3.267254931776,
    50.250000072794));
#4298 = CARTESIAN_POINT('',(2.919515653215,6.537145893238,
    50.549999863747));
#4299 = CARTESIAN_POINT('',(-1.646776280227,7.994425160202,
    50.850000293592));
#4300 = CARTESIAN_POINT('',(-6.861125530919,5.952845523143,
    51.149999828372));
#4301 = CARTESIAN_POINT('',(-9.623219530287,-4.347834636795E-06,
    51.44999994673));
#4302 = CARTESIAN_POINT('',(-6.861127848111,-5.952838750921,
    51.750000371571));
#4303 = CARTESIAN_POINT('',(-1.646773758734,-7.994428196031,
    52.049999636739));
#4304 = CARTESIAN_POINT('',(2.919514315775,-6.537145265727,
    52.350000273892));
#4305 = CARTESIAN_POINT('',(5.200000187992,-3.267254931788,
    52.649999927348));
#4306 = CARTESIAN_POINT('',(5.199999864255,-4.408783459548E-09,
    52.950000051712));
#4307 = DEFINITIONAL_REPRESENTATION('',(#4308),#4311);
#4308 = B_SPLINE_CURVE_WITH_KNOTS('',1,(#4309,#4310),.UNSPECIFIED.,.F.,
  .F.,(2,2),(0.,27.850577761866),.PIECEWISE_BEZIER_KNOTS.);
#4309 = CARTESIAN_POINT('',(2.1,0.));
#4310 = CARTESIAN_POINT('',(2.1,27.850577761866));
#4311 = ( GEOMETRIC_REPRESENTATION_CONTEXT(2) 
PARAMETRIC_REPRESENTATION_CONTEXT() REPRESENTATION_CONTEXT('2D SPACE',''
  ) );
#4312 = ORIENTED_EDGE('',*,*,#4313,.F.);
#4313 = EDGE_CURVE('',#1926,#4180,#4314,.T.);
#4314 = SURFACE_CURVE('',#4315,(#4354,#4361),.PCURVE_S1.);
#4315 = B_SPLINE_CURVE_WITH_KNOTS('',10,(#4316,#4317,#4318,#4319,#4320,
    #4321,#4322,#4323,#4324,#4325,#4326,#4327,#4328,#4329,#4330,#4331,
    #4332,#4333,#4334,#4335,#4336,#4337,#4338,#4339,#4340,#4341,#4342,
    #4343,#4344,#4345,#4346,#4347,#4348,#4349,#4350,#4351,#4352,#4353),
  .UNSPECIFIED.,.F.,.F.,(11,9,9,9,11),(0.,6.962644440466,13.925288880933
    ,20.887933321399,27.850577761866),.UNSPECIFIED.);
#4316 = CARTESIAN_POINT('',(5.2,-8.631797642742E-15,40.95));
#4317 = CARTESIAN_POINT('',(5.1999996736,3.267254927378,41.250000124359)
  );
#4318 = CARTESIAN_POINT('',(2.919515879932,6.537145900558,41.54999977783
    ));
#4319 = CARTESIAN_POINT('',(-1.646776599995,7.994425149887,
    41.85000041494));
#4320 = CARTESIAN_POINT('',(-6.86112514114,5.952845535699,
    42.149999680209));
#4321 = CARTESIAN_POINT('',(-9.623219945552,-4.361203094488E-06,
    42.450000104875));
#4322 = CARTESIAN_POINT('',(-6.861127459933,-5.952838738407,
    42.750000223458));
#4323 = CARTESIAN_POINT('',(-1.646774076013,-7.994428206297,
    43.04999975802));
#4324 = CARTESIAN_POINT('',(2.919514540056,-6.537145258435,
    43.350000188027));
#4325 = CARTESIAN_POINT('',(5.200000053534,-3.267254936179,
    43.649999978886));
#4326 = CARTESIAN_POINT('',(5.199999807428,3.267254931702,
    44.250000073732));
#4327 = CARTESIAN_POINT('',(2.919515675711,6.537145893881,44.54999985505
    ));
#4328 = CARTESIAN_POINT('',(-1.64677634715,7.994425158317,
    44.850000319382));
#4329 = CARTESIAN_POINT('',(-6.861125397445,5.952845526966,
    45.149999777049));
#4330 = CARTESIAN_POINT('',(-9.623219733308,-4.353853402759E-06,
    45.450000024669));
#4331 = CARTESIAN_POINT('',(-6.861127601301,-5.95283874332,
    45.750000276913));
#4332 = CARTESIAN_POINT('',(-1.6467740031,-7.994428203796,
    46.049999730425));
#4333 = CARTESIAN_POINT('',(2.91951451355,-6.537145259318,
    46.350000198064));
#4334 = CARTESIAN_POINT('',(5.200000058242,-3.267254936029,
    46.649999977106));
#4335 = CARTESIAN_POINT('',(5.199999805147,3.267254931625,
    47.250000074583));
#4336 = CARTESIAN_POINT('',(2.919515679217,6.537145894079,
    47.549999853785));
#4337 = CARTESIAN_POINT('',(-1.64677635189,7.994425157875,
    47.850000321051));
#4338 = CARTESIAN_POINT('',(-6.861125391506,5.952845527688,
    48.149999774942));
#4339 = CARTESIAN_POINT('',(-9.623219740176,-4.354693258525E-06,
    48.450000027193));
#4340 = CARTESIAN_POINT('',(-6.861127594312,-5.952838742618,
    48.750000274255));
#4341 = CARTESIAN_POINT('',(-1.646774009073,-7.994428204223,
    49.049999732742));
#4342 = CARTESIAN_POINT('',(2.919514517745,-6.53714525912,
    49.350000196433));
#4343 = CARTESIAN_POINT('',(5.200000055832,-3.26725493611,
    49.649999978036));
#4344 = CARTESIAN_POINT('',(5.199999809811,3.267254931776,
    50.250000072794));
#4345 = CARTESIAN_POINT('',(2.919515653214,6.537145893237,
    50.549999863747));
#4346 = CARTESIAN_POINT('',(-1.646776280226,7.994425160203,
    50.850000293592));
#4347 = CARTESIAN_POINT('',(-6.86112553092,5.952845523142,
    51.149999828372));
#4348 = CARTESIAN_POINT('',(-9.623219530286,-4.347833384796E-06,
    51.44999994673));
#4349 = CARTESIAN_POINT('',(-6.861127848112,-5.952838750922,
    51.750000371571));
#4350 = CARTESIAN_POINT('',(-1.646773758733,-7.994428196031,
    52.049999636739));
#4351 = CARTESIAN_POINT('',(2.919514315775,-6.537145265727,
    52.350000273892));
#4352 = CARTESIAN_POINT('',(5.200000187992,-3.267254931788,
    52.649999927348));
#4353 = CARTESIAN_POINT('',(5.199999864255,-4.408790215815E-09,
    52.950000051712));
#4354 = PCURVE('',#1155,#4355);
#4355 = DEFINITIONAL_REPRESENTATION('',(#4356),#4360);
#4356 = LINE('',#4357,#4358);
#4357 = CARTESIAN_POINT('',(0.,0.));
#4358 = VECTOR('',#4359,1.);
#4359 = DIRECTION('',(0.,1.));
#4360 = ( GEOMETRIC_REPRESENTATION_CONTEXT(2) 
PARAMETRIC_REPRESENTATION_CONTEXT() REPRESENTATION_CONTEXT('2D SPACE',''
  ) );
#4361 = PCURVE('',#1537,#4362);
#4362 = DEFINITIONAL_REPRESENTATION('',(#4363),#4370);
#4363 = B_SPLINE_CURVE_WITH_KNOTS('',5,(#4364,#4365,#4366,#4367,#4368,
    #4369),.UNSPECIFIED.,.F.,.F.,(6,6),(2.51493264692,4.447782257709),
  .PIECEWISE_BEZIER_KNOTS.);
#4364 = CARTESIAN_POINT('',(-2.269510918587,-3.36110019628E-02));
#4365 = CARTESIAN_POINT('',(-2.618364069969,-0.200172682186));
#4366 = CARTESIAN_POINT('',(-2.967225265391,-0.366734363051));
#4367 = CARTESIAN_POINT('',(-3.316023634388,-0.533296049607));
#4368 = CARTESIAN_POINT('',(-3.664884820707,-0.699857730471));
#4369 = CARTESIAN_POINT('',(-4.013737972874,-0.866419410702));
#4370 = ( GEOMETRIC_REPRESENTATION_CONTEXT(2) 
PARAMETRIC_REPRESENTATION_CONTEXT() REPRESENTATION_CONTEXT('2D SPACE',''
  ) );
#4371 = ADVANCED_FACE('',(#4372),#1437,.F.);
#4372 = FACE_BOUND('',#4373,.F.);
#4373 = EDGE_LOOP('',(#4374,#4431,#4432,#4566,#4604,#4661,#4722,#4779,
    #4817,#4951,#5085,#5123,#5180,#5241,#5298,#5336,#5470,#5604,#5642,
    #5699,#5760,#5817,#5855,#5989,#6123,#6161,#6218,#6279,#6336));
#4374 = ORIENTED_EDGE('',*,*,#4375,.F.);
#4375 = EDGE_CURVE('',#1326,#4376,#4378,.T.);
#4376 = VERTEX_POINT('',#4377);
#4377 = CARTESIAN_POINT('',(6.00000003232,4.408952751299E-09,
    54.249999948288));
#4378 = SURFACE_CURVE('',#4379,(#4418,#4424),.PCURVE_S1.);
#4379 = B_SPLINE_CURVE_WITH_KNOTS('',10,(#4380,#4381,#4382,#4383,#4384,
    #4385,#4386,#4387,#4388,#4389,#4390,#4391,#4392,#4393,#4394,#4395,
    #4396,#4397,#4398,#4399,#4400,#4401,#4402,#4403,#4404,#4405,#4406,
    #4407,#4408,#4409,#4410,#4411,#4412,#4413,#4414,#4415,#4416,#4417),
  .UNSPECIFIED.,.F.,.F.,(11,9,9,9,11),(0.,6.962644440466,13.925288880933
    ,20.887933321399,27.850577761866),.UNSPECIFIED.);
#4380 = CARTESIAN_POINT('',(6.,-7.73338365447E-15,42.25));
#4381 = CARTESIAN_POINT('',(6.000000077679,3.76991258417,42.549999875639
    ));
#4382 = CARTESIAN_POINT('',(3.368671624174,7.54284892665,42.850000222178
    ));
#4383 = CARTESIAN_POINT('',(-1.900127381981,9.224359512449,
    43.149999585035));
#4384 = CARTESIAN_POINT('',(-7.916679204757,6.868645398569,
    43.450000319843));
#4385 = CARTESIAN_POINT('',(-11.10372254641,1.040409967789E-06,
    43.749999895052));
#4386 = CARTESIAN_POINT('',(-7.916678648238,-6.868647031027,
    44.049999776616));
#4387 = CARTESIAN_POINT('',(-1.900127978671,-9.224358777916,
    44.350000241925));
#4388 = CARTESIAN_POINT('',(3.368671948308,-7.542849083228,
    44.649999812005));
#4389 = CARTESIAN_POINT('',(5.999999988681,-3.769912575368,44.9500000211
    ));
#4390 = CARTESIAN_POINT('',(6.000000045132,3.769912579853,
    45.549999926293));
#4391 = CARTESIAN_POINT('',(3.368671673841,7.542848933253,
    45.850000144831));
#4392 = CARTESIAN_POINT('',(-1.900127443473,9.224359504238,
    46.149999680863));
#4393 = CARTESIAN_POINT('',(-7.916679142429,6.868645406938,
    46.450000222662));
#4394 = CARTESIAN_POINT('',(-11.10372259802,1.033445104013E-06,
    46.749999975518));
#4395 = CARTESIAN_POINT('',(-7.916678613869,-6.868647026375,
    47.04999972306));
#4396 = CARTESIAN_POINT('',(-1.900127996395,-9.224358780314,
    47.350000269518));
#4397 = CARTESIAN_POINT('',(3.368671954751,-7.542849082361,
    47.649999801981));
#4398 = CARTESIAN_POINT('',(5.999999987537,-3.76991257552,
    47.950000022884));
#4399 = CARTESIAN_POINT('',(6.000000045687,3.769912579927,
    48.549999925417));
#4400 = CARTESIAN_POINT('',(3.36867167299,7.542848933124,48.850000146238
    ));
#4401 = CARTESIAN_POINT('',(-1.900127442327,9.224359504452,
    49.149999678891));
#4402 = CARTESIAN_POINT('',(-7.91667914385,6.868645406627,49.45000022514
    ));
#4403 = CARTESIAN_POINT('',(-11.10372259639,1.033814376736E-06,
    49.749999972741));
#4404 = CARTESIAN_POINT('',(-7.916678615513,-6.868647026722,
    50.049999725774));
#4405 = CARTESIAN_POINT('',(-1.900127994997,-9.224358780056,
    50.350000267257));
#4406 = CARTESIAN_POINT('',(3.368671953772,-7.542849082517,
    50.649999803562));
#4407 = CARTESIAN_POINT('',(5.999999988099,-3.76991257544,
    50.950000021966));
#4408 = CARTESIAN_POINT('',(6.0000000446,3.769912579774,51.549999927204)
  );
#4409 = CARTESIAN_POINT('',(3.368671679048,7.542848933971,
    51.850000136259));
#4410 = CARTESIAN_POINT('',(-1.900127459025,9.224359502114,
    52.149999706395));
#4411 = CARTESIAN_POINT('',(-7.916679111367,6.868645411182,
    52.45000017164));
#4412 = CARTESIAN_POINT('',(-11.10372264529,1.026948357145E-06,
    52.750000053269));
#4413 = CARTESIAN_POINT('',(-7.916678556385,-6.868647018416,
    53.049999628417));
#4414 = CARTESIAN_POINT('',(-1.900128053314,-9.224358788248,
    53.350000363277));
#4415 = CARTESIAN_POINT('',(3.368672000818,-7.54284907591,
    53.649999726097));
#4416 = CARTESIAN_POINT('',(5.999999957315,-3.769912579762,
    53.950000072655));
#4417 = CARTESIAN_POINT('',(6.00000003232,4.408956170581E-09,
    54.249999948288));
#4418 = PCURVE('',#1437,#4419);
#4419 = DEFINITIONAL_REPRESENTATION('',(#4420),#4423);
#4420 = B_SPLINE_CURVE_WITH_KNOTS('',1,(#4421,#4422),.UNSPECIFIED.,.F.,
  .F.,(2,2),(0.,27.850577761866),.PIECEWISE_BEZIER_KNOTS.);
#4421 = CARTESIAN_POINT('',(0.,0.));
#4422 = CARTESIAN_POINT('',(0.,27.850577761866));
#4423 = ( GEOMETRIC_REPRESENTATION_CONTEXT(2) 
PARAMETRIC_REPRESENTATION_CONTEXT() REPRESENTATION_CONTEXT('2D SPACE',''
  ) );
#4424 = PCURVE('',#1339,#4425);
#4425 = DEFINITIONAL_REPRESENTATION('',(#4426),#4430);
#4426 = LINE('',#4427,#4428);
#4427 = CARTESIAN_POINT('',(0.5,0.));
#4428 = VECTOR('',#4429,1.);
#4429 = DIRECTION('',(0.,1.));
#4430 = ( GEOMETRIC_REPRESENTATION_CONTEXT(2) 
PARAMETRIC_REPRESENTATION_CONTEXT() REPRESENTATION_CONTEXT('2D SPACE',''
  ) );
#4431 = ORIENTED_EDGE('',*,*,#1423,.T.);
#4432 = ORIENTED_EDGE('',*,*,#4433,.T.);
#4433 = EDGE_CURVE('',#1424,#4434,#4436,.T.);
#4434 = VERTEX_POINT('',#4435);
#4435 = CARTESIAN_POINT('',(4.060973302437,3.247844798769,
    43.372097610348));
#4436 = SURFACE_CURVE('',#4437,(#4476,#4483),.PCURVE_S1.);
#4437 = B_SPLINE_CURVE_WITH_KNOTS('',10,(#4438,#4439,#4440,#4441,#4442,
    #4443,#4444,#4445,#4446,#4447,#4448,#4449,#4450,#4451,#4452,#4453,
    #4454,#4455,#4456,#4457,#4458,#4459,#4460,#4461,#4462,#4463,#4464,
    #4465,#4466,#4467,#4468,#4469,#4470,#4471,#4472,#4473,#4474,#4475),
  .UNSPECIFIED.,.F.,.F.,(11,9,9,9,11),(0.,6.962644440466,13.925288880933
    ,20.887933321399,27.850577761866),.UNSPECIFIED.);
#4438 = CARTESIAN_POINT('',(5.2,-1.746082220887E-15,43.05));
#4439 = CARTESIAN_POINT('',(5.200000326493,3.267255012668,43.35000012436
    ));
#4440 = CARTESIAN_POINT('',(2.919514397562,6.537145433903,
    43.649999777826));
#4441 = CARTESIAN_POINT('',(-1.646773795021,7.994428406087,
    43.95000041495));
#4442 = CARTESIAN_POINT('',(-6.861128022023,5.952838912208,
    44.249999680191));
#4443 = CARTESIAN_POINT('',(-9.6232197817,4.355873033691E-06,
    44.550000104898));
#4444 = CARTESIAN_POINT('',(-6.861125714845,-5.952845672594,
    44.850000223437));
#4445 = CARTESIAN_POINT('',(-1.646776330182,-7.994425367577,
    45.149999758034));
#4446 = CARTESIAN_POINT('',(2.919515724006,-6.537146066328,
    45.450000188021));
#4447 = CARTESIAN_POINT('',(5.199999942721,-3.267255021476,
    45.749999978887));
#4448 = CARTESIAN_POINT('',(5.200000194456,3.267255016984,
    46.350000073732));
#4449 = CARTESIAN_POINT('',(2.919514599061,6.537145427383,
    46.649999855048));
#4450 = CARTESIAN_POINT('',(-1.646774044517,7.994428414015,
    46.950000319386));
#4451 = CARTESIAN_POINT('',(-6.861127769087,5.952838904349,
    47.249999777041));
#4452 = CARTESIAN_POINT('',(-9.623219991174,4.362258272711E-06,
    47.550000024679));
#4453 = CARTESIAN_POINT('',(-6.861125575313,-5.952845676817,
    47.850000276904));
#4454 = CARTESIAN_POINT('',(-1.64677640215,-7.994425365376,
    48.149999730432));
#4455 = CARTESIAN_POINT('',(2.91951575017,-6.537146067152,
    48.450000198061));
#4456 = CARTESIAN_POINT('',(5.199999938073,-3.267255021322,
    48.749999977107));
#4457 = CARTESIAN_POINT('',(5.20000019671,3.267255016911,49.350000074583
    ));
#4458 = CARTESIAN_POINT('',(2.919514595574,6.537145427427,
    49.649999853784));
#4459 = CARTESIAN_POINT('',(-1.646774039761,7.994428414114,
    49.950000321054));
#4460 = CARTESIAN_POINT('',(-6.861127775093,5.95283890406,
    50.249999774937));
#4461 = CARTESIAN_POINT('',(-9.623219984205,4.362613694163E-06,
    50.550000027196));
#4462 = CARTESIAN_POINT('',(-6.861125582402,-5.952845677048,
    50.850000274252));
#4463 = CARTESIAN_POINT('',(-1.6467763961,-7.994425365339,
    51.149999732743));
#4464 = CARTESIAN_POINT('',(2.919515745924,-6.537146067079,
    51.450000196433));
#4465 = CARTESIAN_POINT('',(5.199999940513,-3.267255021399,
    51.749999978036));
#4466 = CARTESIAN_POINT('',(5.200000191983,3.267255017065,
    52.350000072794));
#4467 = CARTESIAN_POINT('',(2.919514621931,6.537145426566,
    52.649999863748));
#4468 = CARTESIAN_POINT('',(-1.646774112404,7.994428416476,
    52.950000293592));
#4469 = CARTESIAN_POINT('',(-6.861127633772,5.952838899488,
    53.249999828372));
#4470 = CARTESIAN_POINT('',(-9.623220196964,4.369475113763E-06,
    53.549999946731));
#4471 = CARTESIAN_POINT('',(-6.86112532514,-5.952845685333,
    53.850000371569));
#4472 = CARTESIAN_POINT('',(-1.646776649847,-7.994425357167,
    54.149999636741));
#4473 = CARTESIAN_POINT('',(2.919515950638,-6.537146073677,
    54.450000273891));
#4474 = CARTESIAN_POINT('',(5.199999806559,-3.267255017078,
    54.749999927349));
#4475 = CARTESIAN_POINT('',(5.200000135745,-4.40931716434E-09,
    55.050000051712));
#4476 = PCURVE('',#1437,#4477);
#4477 = DEFINITIONAL_REPRESENTATION('',(#4478),#4482);
#4478 = LINE('',#4479,#4480);
#4479 = CARTESIAN_POINT('',(1.131370849898,0.));
#4480 = VECTOR('',#4481,1.);
#4481 = DIRECTION('',(0.,1.));
#4482 = ( GEOMETRIC_REPRESENTATION_CONTEXT(2) 
PARAMETRIC_REPRESENTATION_CONTEXT() REPRESENTATION_CONTEXT('2D SPACE',''
  ) );
#4483 = PCURVE('',#4484,#4561);
#4484 = B_SPLINE_SURFACE_WITH_KNOTS('',1,10,(
    (#4485,#4486,#4487,#4488,#4489,#4490,#4491,#4492,#4493,#4494,#4495
      ,#4496,#4497,#4498,#4499,#4500,#4501,#4502,#4503,#4504,#4505,#4506
      ,#4507,#4508,#4509,#4510,#4511,#4512,#4513,#4514,#4515,#4516,#4517
      ,#4518,#4519,#4520,#4521,#4522)
    ,(#4523,#4524,#4525,#4526,#4527,#4528,#4529,#4530,#4531,#4532,#4533
      ,#4534,#4535,#4536,#4537,#4538,#4539,#4540,#4541,#4542,#4543,#4544
      ,#4545,#4546,#4547,#4548,#4549,#4550,#4551,#4552,#4553,#4554,#4555
      ,#4556,#4557,#4558,#4559,#4560
    )),.UNSPECIFIED.,.F.,.F.,.F.,(2,2),(11,9,9,9,11),(0.,2.1),(0.,
    6.962644440466,13.925288880933,20.887933321399,27.850577761866),
  .UNSPECIFIED.);
#4485 = CARTESIAN_POINT('',(5.2,1.51936921538E-15,43.05));
#4486 = CARTESIAN_POINT('',(5.200000326493,3.267255012668,43.35000012436
    ));
#4487 = CARTESIAN_POINT('',(2.919514397561,6.537145433903,
    43.649999777827));
#4488 = CARTESIAN_POINT('',(-1.64677379502,7.994428406087,
    43.950000414948));
#4489 = CARTESIAN_POINT('',(-6.861128022024,5.952838912208,
    44.249999680196));
#4490 = CARTESIAN_POINT('',(-9.623219781698,4.355872835956E-06,
    44.550000104892));
#4491 = CARTESIAN_POINT('',(-6.861125714847,-5.952845672594,
    44.850000223442));
#4492 = CARTESIAN_POINT('',(-1.646776330181,-7.994425367577,
    45.14999975803));
#4493 = CARTESIAN_POINT('',(2.919515724006,-6.537146066328,
    45.450000188022));
#4494 = CARTESIAN_POINT('',(5.199999942721,-3.267255021476,
    45.749999978886));
#4495 = CARTESIAN_POINT('',(5.200000194456,3.267255016984,
    46.350000073731));
#4496 = CARTESIAN_POINT('',(2.919514599061,6.537145427383,
    46.649999855049));
#4497 = CARTESIAN_POINT('',(-1.646774044517,7.994428414014,
    46.950000319384));
#4498 = CARTESIAN_POINT('',(-6.861127769088,5.952838904349,
    47.249999777044));
#4499 = CARTESIAN_POINT('',(-9.623219991174,4.36225766737E-06,
    47.550000024677));
#4500 = CARTESIAN_POINT('',(-6.861125575314,-5.952845676816,
    47.850000276906));
#4501 = CARTESIAN_POINT('',(-1.64677640215,-7.994425365377,
    48.149999730431));
#4502 = CARTESIAN_POINT('',(2.919515750169,-6.537146067152,
    48.450000198062));
#4503 = CARTESIAN_POINT('',(5.199999938073,-3.267255021322,
    48.749999977107));
#4504 = CARTESIAN_POINT('',(5.20000019671,3.267255016911,49.350000074583
    ));
#4505 = CARTESIAN_POINT('',(2.919514595574,6.537145427427,
    49.649999853784));
#4506 = CARTESIAN_POINT('',(-1.646774039761,7.994428414114,
    49.950000321054));
#4507 = CARTESIAN_POINT('',(-6.861127775093,5.95283890406,
    50.249999774936));
#4508 = CARTESIAN_POINT('',(-9.623219984204,4.362613873876E-06,
    50.550000027199));
#4509 = CARTESIAN_POINT('',(-6.861125582403,-5.952845677048,
    50.850000274248));
#4510 = CARTESIAN_POINT('',(-1.6467763961,-7.994425365339,
    51.149999732746));
#4511 = CARTESIAN_POINT('',(2.919515745924,-6.537146067079,
    51.450000196431));
#4512 = CARTESIAN_POINT('',(5.199999940513,-3.267255021399,
    51.749999978036));
#4513 = CARTESIAN_POINT('',(5.200000191983,3.267255017065,
    52.350000072794));
#4514 = CARTESIAN_POINT('',(2.919514621931,6.537145426566,
    52.649999863749));
#4515 = CARTESIAN_POINT('',(-1.646774112405,7.994428416476,
    52.950000293588));
#4516 = CARTESIAN_POINT('',(-6.861127633771,5.952838899488,
    53.249999828378));
#4517 = CARTESIAN_POINT('',(-9.623220196965,4.369474966422E-06,
    53.549999946723));
#4518 = CARTESIAN_POINT('',(-6.861125325139,-5.952845685333,
    53.850000371577));
#4519 = CARTESIAN_POINT('',(-1.646776649848,-7.994425357167,
    54.149999636736));
#4520 = CARTESIAN_POINT('',(2.919515950639,-6.537146073677,
    54.450000273893));
#4521 = CARTESIAN_POINT('',(5.199999806559,-3.267255017078,
    54.749999927348));
#4522 = CARTESIAN_POINT('',(5.200000135745,-4.40931743079E-09,
    55.050000051712));
#4523 = CARTESIAN_POINT('',(5.2,-1.682482217683E-15,40.95));
#4524 = CARTESIAN_POINT('',(5.1999996736,3.267254927378,41.250000124359)
  );
#4525 = CARTESIAN_POINT('',(2.919515879932,6.537145900558,41.54999977783
    ));
#4526 = CARTESIAN_POINT('',(-1.646776599995,7.994425149888,
    41.85000041494));
#4527 = CARTESIAN_POINT('',(-6.86112514114,5.952845535698,
    42.149999680209));
#4528 = CARTESIAN_POINT('',(-9.623219945552,-4.361202752408E-06,
    42.450000104875));
#4529 = CARTESIAN_POINT('',(-6.861127459933,-5.952838738407,
    42.750000223458));
#4530 = CARTESIAN_POINT('',(-1.646774076013,-7.994428206297,
    43.04999975802));
#4531 = CARTESIAN_POINT('',(2.919514540056,-6.537145258435,
    43.350000188027));
#4532 = CARTESIAN_POINT('',(5.200000053534,-3.267254936179,
    43.649999978886));
#4533 = CARTESIAN_POINT('',(5.199999807428,3.267254931702,
    44.250000073732));
#4534 = CARTESIAN_POINT('',(2.919515675711,6.537145893881,44.54999985505
    ));
#4535 = CARTESIAN_POINT('',(-1.64677634715,7.994425158318,
    44.850000319382));
#4536 = CARTESIAN_POINT('',(-6.861125397444,5.952845526966,
    45.149999777049));
#4537 = CARTESIAN_POINT('',(-9.623219733308,-4.353853182915E-06,
    45.450000024669));
#4538 = CARTESIAN_POINT('',(-6.8611276013,-5.95283874332,45.750000276913
    ));
#4539 = CARTESIAN_POINT('',(-1.6467740031,-7.994428203796,
    46.049999730425));
#4540 = CARTESIAN_POINT('',(2.91951451355,-6.537145259318,
    46.350000198064));
#4541 = CARTESIAN_POINT('',(5.200000058242,-3.267254936029,
    46.649999977106));
#4542 = CARTESIAN_POINT('',(5.199999805147,3.267254931625,
    47.250000074583));
#4543 = CARTESIAN_POINT('',(2.919515679217,6.537145894079,
    47.549999853785));
#4544 = CARTESIAN_POINT('',(-1.646776351889,7.994425157875,
    47.850000321051));
#4545 = CARTESIAN_POINT('',(-6.861125391507,5.952845527687,
    48.149999774942));
#4546 = CARTESIAN_POINT('',(-9.623219740175,-4.354692597843E-06,
    48.450000027193));
#4547 = CARTESIAN_POINT('',(-6.861127594313,-5.952838742618,
    48.750000274255));
#4548 = CARTESIAN_POINT('',(-1.646774009073,-7.994428204223,
    49.049999732742));
#4549 = CARTESIAN_POINT('',(2.919514517745,-6.53714525912,
    49.350000196433));
#4550 = CARTESIAN_POINT('',(5.200000055832,-3.26725493611,
    49.649999978036));
#4551 = CARTESIAN_POINT('',(5.199999809811,3.267254931776,
    50.250000072794));
#4552 = CARTESIAN_POINT('',(2.919515653215,6.537145893238,
    50.549999863747));
#4553 = CARTESIAN_POINT('',(-1.646776280227,7.994425160202,
    50.850000293592));
#4554 = CARTESIAN_POINT('',(-6.861125530919,5.952845523143,
    51.149999828372));
#4555 = CARTESIAN_POINT('',(-9.623219530287,-4.347834636795E-06,
    51.44999994673));
#4556 = CARTESIAN_POINT('',(-6.861127848111,-5.952838750921,
    51.750000371571));
#4557 = CARTESIAN_POINT('',(-1.646773758734,-7.994428196031,
    52.049999636739));
#4558 = CARTESIAN_POINT('',(2.919514315775,-6.537145265727,
    52.350000273892));
#4559 = CARTESIAN_POINT('',(5.200000187992,-3.267254931788,
    52.649999927348));
#4560 = CARTESIAN_POINT('',(5.199999864255,-4.408783459548E-09,
    52.950000051712));
#4561 = DEFINITIONAL_REPRESENTATION('',(#4562),#4565);
#4562 = B_SPLINE_CURVE_WITH_KNOTS('',1,(#4563,#4564),.UNSPECIFIED.,.F.,
  .F.,(2,2),(0.,27.850577761866),.PIECEWISE_BEZIER_KNOTS.);
#4563 = CARTESIAN_POINT('',(0.,0.));
#4564 = CARTESIAN_POINT('',(0.,27.850577761866));
#4565 = ( GEOMETRIC_REPRESENTATION_CONTEXT(2) 
PARAMETRIC_REPRESENTATION_CONTEXT() REPRESENTATION_CONTEXT('2D SPACE',''
  ) );
#4566 = ORIENTED_EDGE('',*,*,#4567,.T.);
#4567 = EDGE_CURVE('',#4434,#4568,#4570,.T.);
#4568 = VERTEX_POINT('',#4569);
#4569 = CARTESIAN_POINT('',(0.883756670806,5.124351095175,
    43.718458001546));
#4570 = SURFACE_CURVE('',#4571,(#4580,#4592),.PCURVE_S1.);
#4571 = B_SPLINE_CURVE_WITH_KNOTS('',7,(#4572,#4573,#4574,#4575,#4576,
    #4577,#4578,#4579),.UNSPECIFIED.,.F.,.F.,(8,8),(0.,1.),
  .PIECEWISE_BEZIER_KNOTS.);
#4572 = CARTESIAN_POINT('',(4.060973302428,3.247844798781,
    43.372097610349));
#4573 = CARTESIAN_POINT('',(3.724450095179,3.668619757238,
    43.421550700106));
#4574 = CARTESIAN_POINT('',(3.336892176989,4.048925528031,
    43.471026451216));
#4575 = CARTESIAN_POINT('',(2.904424877473,4.380927230194,
    43.520487944766));
#4576 = CARTESIAN_POINT('',(2.434381500928,4.658539323679,
    43.569959637615));
#4577 = CARTESIAN_POINT('',(1.93485205295,4.876984762763,43.619450137317
    ));
#4578 = CARTESIAN_POINT('',(1.41470574185,5.032782521552,43.66896670098)
  );
#4579 = CARTESIAN_POINT('',(0.883756190196,5.12435117808,43.718458046328
    ));
#4580 = PCURVE('',#1437,#4581);
#4581 = DEFINITIONAL_REPRESENTATION('',(#4582),#4591);
#4582 = B_SPLINE_CURVE_WITH_KNOTS('',7,(#4583,#4584,#4585,#4586,#4587,
    #4588,#4589,#4590),.UNSPECIFIED.,.F.,.F.,(8,8),(0.,1.),
  .PIECEWISE_BEZIER_KNOTS.);
#4583 = CARTESIAN_POINT('',(1.131370849898,0.747550320277));
#4584 = CARTESIAN_POINT('',(1.131341048388,0.86237399007));
#4585 = CARTESIAN_POINT('',(1.131308944495,0.977254031905));
#4586 = CARTESIAN_POINT('',(1.131287922141,1.092082796027));
#4587 = CARTESIAN_POINT('',(1.131291528807,1.206894811542));
#4588 = CARTESIAN_POINT('',(1.131313357457,1.321720570834));
#4589 = CARTESIAN_POINT('',(1.131342649645,1.436594573063));
#4590 = CARTESIAN_POINT('',(1.131370849898,1.551411838884));
#4591 = ( GEOMETRIC_REPRESENTATION_CONTEXT(2) 
PARAMETRIC_REPRESENTATION_CONTEXT() REPRESENTATION_CONTEXT('2D SPACE',''
  ) );
#4592 = PCURVE('',#1537,#4593);
#4593 = DEFINITIONAL_REPRESENTATION('',(#4594),#4603);
#4594 = B_SPLINE_CURVE_WITH_KNOTS('',7,(#4595,#4596,#4597,#4598,#4599,
    #4600,#4601,#4602),.UNSPECIFIED.,.F.,.F.,(8,8),(0.,1.),
  .PIECEWISE_BEZIER_KNOTS.);
#4595 = CARTESIAN_POINT('',(-0.674600709724,-1.372097610349));
#4596 = CARTESIAN_POINT('',(-0.778215022629,-1.421550700106));
#4597 = CARTESIAN_POINT('',(-0.88188146032,-1.471026451216));
#4598 = CARTESIAN_POINT('',(-0.985504364192,-1.520487944766));
#4599 = CARTESIAN_POINT('',(-1.089114155227,-1.569959637615));
#4600 = CARTESIAN_POINT('',(-1.192736244341,-1.619450137317));
#4601 = CARTESIAN_POINT('',(-1.296401206664,-1.66896670098));
#4602 = CARTESIAN_POINT('',(-1.400014236529,-1.718458046328));
#4603 = ( GEOMETRIC_REPRESENTATION_CONTEXT(2) 
PARAMETRIC_REPRESENTATION_CONTEXT() REPRESENTATION_CONTEXT('2D SPACE',''
  ) );
#4604 = ORIENTED_EDGE('',*,*,#4605,.T.);
#4605 = EDGE_CURVE('',#4568,#4606,#4608,.T.);
#4606 = VERTEX_POINT('',#4607);
#4607 = CARTESIAN_POINT('',(-3.349312408328,3.977701144029,
    44.134150351521));
#4608 = SURFACE_CURVE('',#4609,(#4648,#4655),.PCURVE_S1.);
#4609 = B_SPLINE_CURVE_WITH_KNOTS('',10,(#4610,#4611,#4612,#4613,#4614,
    #4615,#4616,#4617,#4618,#4619,#4620,#4621,#4622,#4623,#4624,#4625,
    #4626,#4627,#4628,#4629,#4630,#4631,#4632,#4633,#4634,#4635,#4636,
    #4637,#4638,#4639,#4640,#4641,#4642,#4643,#4644,#4645,#4646,#4647),
  .UNSPECIFIED.,.F.,.F.,(11,9,9,9,11),(0.,6.962644440466,13.925288880933
    ,20.887933321399,27.850577761866),.UNSPECIFIED.);
#4610 = CARTESIAN_POINT('',(5.2,-1.746082220887E-15,43.05));
#4611 = CARTESIAN_POINT('',(5.200000326493,3.267255012668,43.35000012436
    ));
#4612 = CARTESIAN_POINT('',(2.919514397562,6.537145433903,
    43.649999777826));
#4613 = CARTESIAN_POINT('',(-1.646773795021,7.994428406087,
    43.95000041495));
#4614 = CARTESIAN_POINT('',(-6.861128022023,5.952838912208,
    44.249999680191));
#4615 = CARTESIAN_POINT('',(-9.6232197817,4.355873033691E-06,
    44.550000104898));
#4616 = CARTESIAN_POINT('',(-6.861125714845,-5.952845672594,
    44.850000223437));
#4617 = CARTESIAN_POINT('',(-1.646776330182,-7.994425367577,
    45.149999758034));
#4618 = CARTESIAN_POINT('',(2.919515724006,-6.537146066328,
    45.450000188021));
#4619 = CARTESIAN_POINT('',(5.199999942721,-3.267255021476,
    45.749999978887));
#4620 = CARTESIAN_POINT('',(5.200000194456,3.267255016984,
    46.350000073732));
#4621 = CARTESIAN_POINT('',(2.919514599061,6.537145427383,
    46.649999855048));
#4622 = CARTESIAN_POINT('',(-1.646774044517,7.994428414015,
    46.950000319386));
#4623 = CARTESIAN_POINT('',(-6.861127769087,5.952838904349,
    47.249999777041));
#4624 = CARTESIAN_POINT('',(-9.623219991174,4.362258272711E-06,
    47.550000024679));
#4625 = CARTESIAN_POINT('',(-6.861125575313,-5.952845676817,
    47.850000276904));
#4626 = CARTESIAN_POINT('',(-1.64677640215,-7.994425365376,
    48.149999730432));
#4627 = CARTESIAN_POINT('',(2.91951575017,-6.537146067152,
    48.450000198061));
#4628 = CARTESIAN_POINT('',(5.199999938073,-3.267255021322,
    48.749999977107));
#4629 = CARTESIAN_POINT('',(5.20000019671,3.267255016911,49.350000074583
    ));
#4630 = CARTESIAN_POINT('',(2.919514595574,6.537145427427,
    49.649999853784));
#4631 = CARTESIAN_POINT('',(-1.646774039761,7.994428414114,
    49.950000321054));
#4632 = CARTESIAN_POINT('',(-6.861127775093,5.95283890406,
    50.249999774937));
#4633 = CARTESIAN_POINT('',(-9.623219984205,4.362613694163E-06,
    50.550000027196));
#4634 = CARTESIAN_POINT('',(-6.861125582402,-5.952845677048,
    50.850000274252));
#4635 = CARTESIAN_POINT('',(-1.6467763961,-7.994425365339,
    51.149999732743));
#4636 = CARTESIAN_POINT('',(2.919515745924,-6.537146067079,
    51.450000196433));
#4637 = CARTESIAN_POINT('',(5.199999940513,-3.267255021399,
    51.749999978036));
#4638 = CARTESIAN_POINT('',(5.200000191983,3.267255017065,
    52.350000072794));
#4639 = CARTESIAN_POINT('',(2.919514621931,6.537145426566,
    52.649999863748));
#4640 = CARTESIAN_POINT('',(-1.646774112404,7.994428416476,
    52.950000293592));
#4641 = CARTESIAN_POINT('',(-6.861127633772,5.952838899488,
    53.249999828372));
#4642 = CARTESIAN_POINT('',(-9.623220196964,4.369475113763E-06,
    53.549999946731));
#4643 = CARTESIAN_POINT('',(-6.86112532514,-5.952845685333,
    53.850000371569));
#4644 = CARTESIAN_POINT('',(-1.646776649847,-7.994425357167,
    54.149999636741));
#4645 = CARTESIAN_POINT('',(2.919515950638,-6.537146073677,
    54.450000273891));
#4646 = CARTESIAN_POINT('',(5.199999806559,-3.267255017078,
    54.749999927349));
#4647 = CARTESIAN_POINT('',(5.200000135745,-4.40931716434E-09,
    55.050000051712));
#4648 = PCURVE('',#1437,#4649);
#4649 = DEFINITIONAL_REPRESENTATION('',(#4650),#4654);
#4650 = LINE('',#4651,#4652);
#4651 = CARTESIAN_POINT('',(1.131370849898,0.));
#4652 = VECTOR('',#4653,1.);
#4653 = DIRECTION('',(0.,1.));
#4654 = ( GEOMETRIC_REPRESENTATION_CONTEXT(2) 
PARAMETRIC_REPRESENTATION_CONTEXT() REPRESENTATION_CONTEXT('2D SPACE',''
  ) );
#4655 = PCURVE('',#1711,#4656);
#4656 = DEFINITIONAL_REPRESENTATION('',(#4657),#4660);
#4657 = B_SPLINE_CURVE_WITH_KNOTS('',1,(#4658,#4659),.UNSPECIFIED.,.F.,
  .F.,(2,2),(0.,27.850577761866),.PIECEWISE_BEZIER_KNOTS.);
#4658 = CARTESIAN_POINT('',(0.,0.));
#4659 = CARTESIAN_POINT('',(0.,27.850577761866));
#4660 = ( GEOMETRIC_REPRESENTATION_CONTEXT(2) 
PARAMETRIC_REPRESENTATION_CONTEXT() REPRESENTATION_CONTEXT('2D SPACE',''
  ) );
#4661 = ORIENTED_EDGE('',*,*,#4662,.T.);
#4662 = EDGE_CURVE('',#4606,#4663,#4665,.T.);
#4663 = VERTEX_POINT('',#4664);
#4664 = CARTESIAN_POINT('',(-3.349562209396,-3.97749079261,
    44.965819713551));
#4665 = SURFACE_CURVE('',#4666,(#4705,#4712),.PCURVE_S1.);
#4666 = B_SPLINE_CURVE_WITH_KNOTS('',10,(#4667,#4668,#4669,#4670,#4671,
    #4672,#4673,#4674,#4675,#4676,#4677,#4678,#4679,#4680,#4681,#4682,
    #4683,#4684,#4685,#4686,#4687,#4688,#4689,#4690,#4691,#4692,#4693,
    #4694,#4695,#4696,#4697,#4698,#4699,#4700,#4701,#4702,#4703,#4704),
  .UNSPECIFIED.,.F.,.F.,(11,9,9,9,11),(0.,6.962644440466,13.925288880933
    ,20.887933321399,27.850577761866),.UNSPECIFIED.);
#4667 = CARTESIAN_POINT('',(5.2,-1.746082220887E-15,43.05));
#4668 = CARTESIAN_POINT('',(5.200000326493,3.267255012668,43.35000012436
    ));
#4669 = CARTESIAN_POINT('',(2.919514397562,6.537145433903,
    43.649999777826));
#4670 = CARTESIAN_POINT('',(-1.646773795021,7.994428406087,
    43.95000041495));
#4671 = CARTESIAN_POINT('',(-6.861128022023,5.952838912208,
    44.249999680191));
#4672 = CARTESIAN_POINT('',(-9.6232197817,4.355873033691E-06,
    44.550000104898));
#4673 = CARTESIAN_POINT('',(-6.861125714845,-5.952845672594,
    44.850000223437));
#4674 = CARTESIAN_POINT('',(-1.646776330182,-7.994425367577,
    45.149999758034));
#4675 = CARTESIAN_POINT('',(2.919515724006,-6.537146066328,
    45.450000188021));
#4676 = CARTESIAN_POINT('',(5.199999942721,-3.267255021476,
    45.749999978887));
#4677 = CARTESIAN_POINT('',(5.200000194456,3.267255016984,
    46.350000073732));
#4678 = CARTESIAN_POINT('',(2.919514599061,6.537145427383,
    46.649999855048));
#4679 = CARTESIAN_POINT('',(-1.646774044517,7.994428414015,
    46.950000319386));
#4680 = CARTESIAN_POINT('',(-6.861127769087,5.952838904349,
    47.249999777041));
#4681 = CARTESIAN_POINT('',(-9.623219991174,4.362258272711E-06,
    47.550000024679));
#4682 = CARTESIAN_POINT('',(-6.861125575313,-5.952845676817,
    47.850000276904));
#4683 = CARTESIAN_POINT('',(-1.64677640215,-7.994425365376,
    48.149999730432));
#4684 = CARTESIAN_POINT('',(2.91951575017,-6.537146067152,
    48.450000198061));
#4685 = CARTESIAN_POINT('',(5.199999938073,-3.267255021322,
    48.749999977107));
#4686 = CARTESIAN_POINT('',(5.20000019671,3.267255016911,49.350000074583
    ));
#4687 = CARTESIAN_POINT('',(2.919514595574,6.537145427427,
    49.649999853784));
#4688 = CARTESIAN_POINT('',(-1.646774039761,7.994428414114,
    49.950000321054));
#4689 = CARTESIAN_POINT('',(-6.861127775093,5.95283890406,
    50.249999774937));
#4690 = CARTESIAN_POINT('',(-9.623219984205,4.362613694163E-06,
    50.550000027196));
#4691 = CARTESIAN_POINT('',(-6.861125582402,-5.952845677048,
    50.850000274252));
#4692 = CARTESIAN_POINT('',(-1.6467763961,-7.994425365339,
    51.149999732743));
#4693 = CARTESIAN_POINT('',(2.919515745924,-6.537146067079,
    51.450000196433));
#4694 = CARTESIAN_POINT('',(5.199999940513,-3.267255021399,
    51.749999978036));
#4695 = CARTESIAN_POINT('',(5.200000191983,3.267255017065,
    52.350000072794));
#4696 = CARTESIAN_POINT('',(2.919514621931,6.537145426566,
    52.649999863748));
#4697 = CARTESIAN_POINT('',(-1.646774112404,7.994428416476,
    52.950000293592));
#4698 = CARTESIAN_POINT('',(-6.861127633772,5.952838899488,
    53.249999828372));
#4699 = CARTESIAN_POINT('',(-9.623220196964,4.369475113763E-06,
    53.549999946731));
#4700 = CARTESIAN_POINT('',(-6.86112532514,-5.952845685333,
    53.850000371569));
#4701 = CARTESIAN_POINT('',(-1.646776649847,-7.994425357167,
    54.149999636741));
#4702 = CARTESIAN_POINT('',(2.919515950638,-6.537146073677,
    54.450000273891));
#4703 = CARTESIAN_POINT('',(5.199999806559,-3.267255017078,
    54.749999927349));
#4704 = CARTESIAN_POINT('',(5.200000135745,-4.40931716434E-09,
    55.050000051712));
#4705 = PCURVE('',#1437,#4706);
#4706 = DEFINITIONAL_REPRESENTATION('',(#4707),#4711);
#4707 = LINE('',#4708,#4709);
#4708 = CARTESIAN_POINT('',(1.131370849898,0.));
#4709 = VECTOR('',#4710,1.);
#4710 = DIRECTION('',(0.,1.));
#4711 = ( GEOMETRIC_REPRESENTATION_CONTEXT(2) 
PARAMETRIC_REPRESENTATION_CONTEXT() REPRESENTATION_CONTEXT('2D SPACE',''
  ) );
#4712 = PCURVE('',#1537,#4713);
#4713 = DEFINITIONAL_REPRESENTATION('',(#4714),#4721);
#4714 = B_SPLINE_CURVE_WITH_KNOTS('',5,(#4715,#4716,#4717,#4718,#4719,
    #4720),.UNSPECIFIED.,.F.,.F.,(6,6),(2.516184413331,4.446390431686),
  .PIECEWISE_BEZIER_KNOTS.);
#4715 = CARTESIAN_POINT('',(-2.27064055694,-2.134150351521));
#4716 = CARTESIAN_POINT('',(-2.619016585434,-2.300484222404));
#4717 = CARTESIAN_POINT('',(-2.967400543906,-2.466818093935));
#4718 = CARTESIAN_POINT('',(-3.315721952879,-2.633151971128));
#4719 = CARTESIAN_POINT('',(-3.664105920498,-2.79948584266));
#4720 = CARTESIAN_POINT('',(-4.01248194822,-2.965819713551));
#4721 = ( GEOMETRIC_REPRESENTATION_CONTEXT(2) 
PARAMETRIC_REPRESENTATION_CONTEXT() REPRESENTATION_CONTEXT('2D SPACE',''
  ) );
#4722 = ORIENTED_EDGE('',*,*,#4723,.T.);
#4723 = EDGE_CURVE('',#4663,#4724,#4726,.T.);
#4724 = VERTEX_POINT('',#4725);
#4725 = CARTESIAN_POINT('',(0.883340225913,-5.124422898775,
    45.381503249596));
#4726 = SURFACE_CURVE('',#4727,(#4766,#4773),.PCURVE_S1.);
#4727 = B_SPLINE_CURVE_WITH_KNOTS('',10,(#4728,#4729,#4730,#4731,#4732,
    #4733,#4734,#4735,#4736,#4737,#4738,#4739,#4740,#4741,#4742,#4743,
    #4744,#4745,#4746,#4747,#4748,#4749,#4750,#4751,#4752,#4753,#4754,
    #4755,#4756,#4757,#4758,#4759,#4760,#4761,#4762,#4763,#4764,#4765),
  .UNSPECIFIED.,.F.,.F.,(11,9,9,9,11),(0.,6.962644440466,13.925288880933
    ,20.887933321399,27.850577761866),.UNSPECIFIED.);
#4728 = CARTESIAN_POINT('',(5.2,-1.746082220887E-15,43.05));
#4729 = CARTESIAN_POINT('',(5.200000326493,3.267255012668,43.35000012436
    ));
#4730 = CARTESIAN_POINT('',(2.919514397562,6.537145433903,
    43.649999777826));
#4731 = CARTESIAN_POINT('',(-1.646773795021,7.994428406087,
    43.95000041495));
#4732 = CARTESIAN_POINT('',(-6.861128022023,5.952838912208,
    44.249999680191));
#4733 = CARTESIAN_POINT('',(-9.6232197817,4.355873033691E-06,
    44.550000104898));
#4734 = CARTESIAN_POINT('',(-6.861125714845,-5.952845672594,
    44.850000223437));
#4735 = CARTESIAN_POINT('',(-1.646776330182,-7.994425367577,
    45.149999758034));
#4736 = CARTESIAN_POINT('',(2.919515724006,-6.537146066328,
    45.450000188021));
#4737 = CARTESIAN_POINT('',(5.199999942721,-3.267255021476,
    45.749999978887));
#4738 = CARTESIAN_POINT('',(5.200000194456,3.267255016984,
    46.350000073732));
#4739 = CARTESIAN_POINT('',(2.919514599061,6.537145427383,
    46.649999855048));
#4740 = CARTESIAN_POINT('',(-1.646774044517,7.994428414015,
    46.950000319386));
#4741 = CARTESIAN_POINT('',(-6.861127769087,5.952838904349,
    47.249999777041));
#4742 = CARTESIAN_POINT('',(-9.623219991174,4.362258272711E-06,
    47.550000024679));
#4743 = CARTESIAN_POINT('',(-6.861125575313,-5.952845676817,
    47.850000276904));
#4744 = CARTESIAN_POINT('',(-1.64677640215,-7.994425365376,
    48.149999730432));
#4745 = CARTESIAN_POINT('',(2.91951575017,-6.537146067152,
    48.450000198061));
#4746 = CARTESIAN_POINT('',(5.199999938073,-3.267255021322,
    48.749999977107));
#4747 = CARTESIAN_POINT('',(5.20000019671,3.267255016911,49.350000074583
    ));
#4748 = CARTESIAN_POINT('',(2.919514595574,6.537145427427,
    49.649999853784));
#4749 = CARTESIAN_POINT('',(-1.646774039761,7.994428414114,
    49.950000321054));
#4750 = CARTESIAN_POINT('',(-6.861127775093,5.95283890406,
    50.249999774937));
#4751 = CARTESIAN_POINT('',(-9.623219984205,4.362613694163E-06,
    50.550000027196));
#4752 = CARTESIAN_POINT('',(-6.861125582402,-5.952845677048,
    50.850000274252));
#4753 = CARTESIAN_POINT('',(-1.6467763961,-7.994425365339,
    51.149999732743));
#4754 = CARTESIAN_POINT('',(2.919515745924,-6.537146067079,
    51.450000196433));
#4755 = CARTESIAN_POINT('',(5.199999940513,-3.267255021399,
    51.749999978036));
#4756 = CARTESIAN_POINT('',(5.200000191983,3.267255017065,
    52.350000072794));
#4757 = CARTESIAN_POINT('',(2.919514621931,6.537145426566,
    52.649999863748));
#4758 = CARTESIAN_POINT('',(-1.646774112404,7.994428416476,
    52.950000293592));
#4759 = CARTESIAN_POINT('',(-6.861127633772,5.952838899488,
    53.249999828372));
#4760 = CARTESIAN_POINT('',(-9.623220196964,4.369475113763E-06,
    53.549999946731));
#4761 = CARTESIAN_POINT('',(-6.86112532514,-5.952845685333,
    53.850000371569));
#4762 = CARTESIAN_POINT('',(-1.646776649847,-7.994425357167,
    54.149999636741));
#4763 = CARTESIAN_POINT('',(2.919515950638,-6.537146073677,
    54.450000273891));
#4764 = CARTESIAN_POINT('',(5.199999806559,-3.267255017078,
    54.749999927349));
#4765 = CARTESIAN_POINT('',(5.200000135745,-4.40931716434E-09,
    55.050000051712));
#4766 = PCURVE('',#1437,#4767);
#4767 = DEFINITIONAL_REPRESENTATION('',(#4768),#4772);
#4768 = LINE('',#4769,#4770);
#4769 = CARTESIAN_POINT('',(1.131370849898,0.));
#4770 = VECTOR('',#4771,1.);
#4771 = DIRECTION('',(0.,1.));
#4772 = ( GEOMETRIC_REPRESENTATION_CONTEXT(2) 
PARAMETRIC_REPRESENTATION_CONTEXT() REPRESENTATION_CONTEXT('2D SPACE',''
  ) );
#4773 = PCURVE('',#4230,#4774);
#4774 = DEFINITIONAL_REPRESENTATION('',(#4775),#4778);
#4775 = B_SPLINE_CURVE_WITH_KNOTS('',1,(#4776,#4777),.UNSPECIFIED.,.F.,
  .F.,(2,2),(0.,27.850577761866),.PIECEWISE_BEZIER_KNOTS.);
#4776 = CARTESIAN_POINT('',(0.,0.));
#4777 = CARTESIAN_POINT('',(0.,27.850577761866));
#4778 = ( GEOMETRIC_REPRESENTATION_CONTEXT(2) 
PARAMETRIC_REPRESENTATION_CONTEXT() REPRESENTATION_CONTEXT('2D SPACE',''
  ) );
#4779 = ORIENTED_EDGE('',*,*,#4780,.T.);
#4780 = EDGE_CURVE('',#4724,#4781,#4783,.T.);
#4781 = VERTEX_POINT('',#4782);
#4782 = CARTESIAN_POINT('',(4.060692578842,-3.248195773061,
    45.72786117305));
#4783 = SURFACE_CURVE('',#4784,(#4793,#4805),.PCURVE_S1.);
#4784 = B_SPLINE_CURVE_WITH_KNOTS('',7,(#4785,#4786,#4787,#4788,#4789,
    #4790,#4791,#4792),.UNSPECIFIED.,.F.,.F.,(8,8),(0.,1.),
  .PIECEWISE_BEZIER_KNOTS.);
#4785 = CARTESIAN_POINT('',(0.883340741267,-5.124422809919,
    45.381503297614));
#4786 = CARTESIAN_POINT('',(1.414300614957,-5.032896699407,
    45.430955025527));
#4787 = CARTESIAN_POINT('',(1.93446382834,-4.877139649551,
    45.480430566136));
#4788 = CARTESIAN_POINT('',(2.43401134057,-4.658732576329,
    45.529890272651));
#4789 = CARTESIAN_POINT('',(2.904073214283,-4.381158702116,
    45.579356558288));
#4790 = CARTESIAN_POINT('',(3.336559766472,-4.049196762206,
    45.628847009466));
#4791 = CARTESIAN_POINT('',(3.7241407605,-3.668931950086,45.678367072077
    ));
#4792 = CARTESIAN_POINT('',(4.060692579593,-3.248195772123,
    45.72786117316));
#4793 = PCURVE('',#1437,#4794);
#4794 = DEFINITIONAL_REPRESENTATION('',(#4795),#4804);
#4795 = B_SPLINE_CURVE_WITH_KNOTS('',7,(#4796,#4797,#4798,#4799,#4800,
    #4801,#4802,#4803),.UNSPECIFIED.,.F.,.F.,(8,8),(0.,1.),
  .PIECEWISE_BEZIER_KNOTS.);
#4796 = CARTESIAN_POINT('',(1.131370849898,5.411142765505));
#4797 = CARTESIAN_POINT('',(1.131342640944,5.525960657718));
#4798 = CARTESIAN_POINT('',(1.131313340195,5.640835607761));
#4799 = CARTESIAN_POINT('',(1.131291506272,5.755661554723));
#4800 = CARTESIAN_POINT('',(1.131287900525,5.870472856899));
#4801 = CARTESIAN_POINT('',(1.131308929165,5.98529981761));
#4802 = CARTESIAN_POINT('',(1.131341041063,6.100177315724));
#4803 = CARTESIAN_POINT('',(1.131370849898,6.214998341273));
#4804 = ( GEOMETRIC_REPRESENTATION_CONTEXT(2) 
PARAMETRIC_REPRESENTATION_CONTEXT() REPRESENTATION_CONTEXT('2D SPACE',''
  ) );
#4805 = PCURVE('',#1537,#4806);
#4806 = DEFINITIONAL_REPRESENTATION('',(#4807),#4816);
#4807 = B_SPLINE_CURVE_WITH_KNOTS('',7,(#4808,#4809,#4810,#4811,#4812,
    #4813,#4814,#4815),.UNSPECIFIED.,.F.,.F.,(8,8),(0.,1.),
  .PIECEWISE_BEZIER_KNOTS.);
#4808 = CARTESIAN_POINT('',(-4.883089997748,-3.381503297614));
#4809 = CARTESIAN_POINT('',(-4.986703593539,-3.430955025527));
#4810 = CARTESIAN_POINT('',(-5.090369412444,-3.480430566136));
#4811 = CARTESIAN_POINT('',(-5.193991673108,-3.529890272651));
#4812 = CARTESIAN_POINT('',(-5.29760082224,-3.579356558288));
#4813 = CARTESIAN_POINT('',(-5.401222100285,-3.628847009466));
#4814 = CARTESIAN_POINT('',(-5.504886242823,-3.678367072077));
#4815 = CARTESIAN_POINT('',(-5.608498168552,-3.72786117316));
#4816 = ( GEOMETRIC_REPRESENTATION_CONTEXT(2) 
PARAMETRIC_REPRESENTATION_CONTEXT() REPRESENTATION_CONTEXT('2D SPACE',''
  ) );
#4817 = ORIENTED_EDGE('',*,*,#4818,.T.);
#4818 = EDGE_CURVE('',#4781,#4819,#4821,.T.);
#4819 = VERTEX_POINT('',#4820);
#4820 = CARTESIAN_POINT('',(5.200000034294,-5.546457002369E-13,
    46.050000026515));
#4821 = SURFACE_CURVE('',#4822,(#4861,#4868),.PCURVE_S1.);
#4822 = B_SPLINE_CURVE_WITH_KNOTS('',10,(#4823,#4824,#4825,#4826,#4827,
    #4828,#4829,#4830,#4831,#4832,#4833,#4834,#4835,#4836,#4837,#4838,
    #4839,#4840,#4841,#4842,#4843,#4844,#4845,#4846,#4847,#4848,#4849,
    #4850,#4851,#4852,#4853,#4854,#4855,#4856,#4857,#4858,#4859,#4860),
  .UNSPECIFIED.,.F.,.F.,(11,9,9,9,11),(0.,6.962644440466,13.925288880933
    ,20.887933321399,27.850577761866),.UNSPECIFIED.);
#4823 = CARTESIAN_POINT('',(5.2,-1.746082220887E-15,43.05));
#4824 = CARTESIAN_POINT('',(5.200000326493,3.267255012668,43.35000012436
    ));
#4825 = CARTESIAN_POINT('',(2.919514397562,6.537145433903,
    43.649999777826));
#4826 = CARTESIAN_POINT('',(-1.646773795021,7.994428406087,
    43.95000041495));
#4827 = CARTESIAN_POINT('',(-6.861128022023,5.952838912208,
    44.249999680191));
#4828 = CARTESIAN_POINT('',(-9.6232197817,4.355873033691E-06,
    44.550000104898));
#4829 = CARTESIAN_POINT('',(-6.861125714845,-5.952845672594,
    44.850000223437));
#4830 = CARTESIAN_POINT('',(-1.646776330182,-7.994425367577,
    45.149999758034));
#4831 = CARTESIAN_POINT('',(2.919515724006,-6.537146066328,
    45.450000188021));
#4832 = CARTESIAN_POINT('',(5.199999942721,-3.267255021476,
    45.749999978887));
#4833 = CARTESIAN_POINT('',(5.200000194456,3.267255016984,
    46.350000073732));
#4834 = CARTESIAN_POINT('',(2.919514599061,6.537145427383,
    46.649999855048));
#4835 = CARTESIAN_POINT('',(-1.646774044517,7.994428414015,
    46.950000319386));
#4836 = CARTESIAN_POINT('',(-6.861127769087,5.952838904349,
    47.249999777041));
#4837 = CARTESIAN_POINT('',(-9.623219991174,4.362258272711E-06,
    47.550000024679));
#4838 = CARTESIAN_POINT('',(-6.861125575313,-5.952845676817,
    47.850000276904));
#4839 = CARTESIAN_POINT('',(-1.64677640215,-7.994425365376,
    48.149999730432));
#4840 = CARTESIAN_POINT('',(2.91951575017,-6.537146067152,
    48.450000198061));
#4841 = CARTESIAN_POINT('',(5.199999938073,-3.267255021322,
    48.749999977107));
#4842 = CARTESIAN_POINT('',(5.20000019671,3.267255016911,49.350000074583
    ));
#4843 = CARTESIAN_POINT('',(2.919514595574,6.537145427427,
    49.649999853784));
#4844 = CARTESIAN_POINT('',(-1.646774039761,7.994428414114,
    49.950000321054));
#4845 = CARTESIAN_POINT('',(-6.861127775093,5.95283890406,
    50.249999774937));
#4846 = CARTESIAN_POINT('',(-9.623219984205,4.362613694163E-06,
    50.550000027196));
#4847 = CARTESIAN_POINT('',(-6.861125582402,-5.952845677048,
    50.850000274252));
#4848 = CARTESIAN_POINT('',(-1.6467763961,-7.994425365339,
    51.149999732743));
#4849 = CARTESIAN_POINT('',(2.919515745924,-6.537146067079,
    51.450000196433));
#4850 = CARTESIAN_POINT('',(5.199999940513,-3.267255021399,
    51.749999978036));
#4851 = CARTESIAN_POINT('',(5.200000191983,3.267255017065,
    52.350000072794));
#4852 = CARTESIAN_POINT('',(2.919514621931,6.537145426566,
    52.649999863748));
#4853 = CARTESIAN_POINT('',(-1.646774112404,7.994428416476,
    52.950000293592));
#4854 = CARTESIAN_POINT('',(-6.861127633772,5.952838899488,
    53.249999828372));
#4855 = CARTESIAN_POINT('',(-9.623220196964,4.369475113763E-06,
    53.549999946731));
#4856 = CARTESIAN_POINT('',(-6.86112532514,-5.952845685333,
    53.850000371569));
#4857 = CARTESIAN_POINT('',(-1.646776649847,-7.994425357167,
    54.149999636741));
#4858 = CARTESIAN_POINT('',(2.919515950638,-6.537146073677,
    54.450000273891));
#4859 = CARTESIAN_POINT('',(5.199999806559,-3.267255017078,
    54.749999927349));
#4860 = CARTESIAN_POINT('',(5.200000135745,-4.40931716434E-09,
    55.050000051712));
#4861 = PCURVE('',#1437,#4862);
#4862 = DEFINITIONAL_REPRESENTATION('',(#4863),#4867);
#4863 = LINE('',#4864,#4865);
#4864 = CARTESIAN_POINT('',(1.131370849898,0.));
#4865 = VECTOR('',#4866,1.);
#4866 = DIRECTION('',(0.,1.));
#4867 = ( GEOMETRIC_REPRESENTATION_CONTEXT(2) 
PARAMETRIC_REPRESENTATION_CONTEXT() REPRESENTATION_CONTEXT('2D SPACE',''
  ) );
#4868 = PCURVE('',#4869,#4946);
#4869 = B_SPLINE_SURFACE_WITH_KNOTS('',1,10,(
    (#4870,#4871,#4872,#4873,#4874,#4875,#4876,#4877,#4878,#4879,#4880
      ,#4881,#4882,#4883,#4884,#4885,#4886,#4887,#4888,#4889,#4890,#4891
      ,#4892,#4893,#4894,#4895,#4896,#4897,#4898,#4899,#4900,#4901,#4902
      ,#4903,#4904,#4905,#4906,#4907)
    ,(#4908,#4909,#4910,#4911,#4912,#4913,#4914,#4915,#4916,#4917,#4918
      ,#4919,#4920,#4921,#4922,#4923,#4924,#4925,#4926,#4927,#4928,#4929
      ,#4930,#4931,#4932,#4933,#4934,#4935,#4936,#4937,#4938,#4939,#4940
      ,#4941,#4942,#4943,#4944,#4945
    )),.UNSPECIFIED.,.F.,.F.,.F.,(2,2),(11,9,9,9,11),(0.,2.1),(0.,
    6.962644440466,13.925288880933,20.887933321399,27.850577761866),
  .UNSPECIFIED.);
#4870 = CARTESIAN_POINT('',(5.2,1.51936921538E-15,43.05));
#4871 = CARTESIAN_POINT('',(5.200000326493,3.267255012668,43.35000012436
    ));
#4872 = CARTESIAN_POINT('',(2.919514397561,6.537145433903,
    43.649999777827));
#4873 = CARTESIAN_POINT('',(-1.64677379502,7.994428406087,
    43.950000414948));
#4874 = CARTESIAN_POINT('',(-6.861128022024,5.952838912208,
    44.249999680196));
#4875 = CARTESIAN_POINT('',(-9.623219781698,4.355872835956E-06,
    44.550000104892));
#4876 = CARTESIAN_POINT('',(-6.861125714847,-5.952845672594,
    44.850000223442));
#4877 = CARTESIAN_POINT('',(-1.646776330181,-7.994425367577,
    45.14999975803));
#4878 = CARTESIAN_POINT('',(2.919515724006,-6.537146066328,
    45.450000188022));
#4879 = CARTESIAN_POINT('',(5.199999942721,-3.267255021476,
    45.749999978886));
#4880 = CARTESIAN_POINT('',(5.200000194456,3.267255016984,
    46.350000073731));
#4881 = CARTESIAN_POINT('',(2.919514599061,6.537145427383,
    46.649999855049));
#4882 = CARTESIAN_POINT('',(-1.646774044517,7.994428414014,
    46.950000319384));
#4883 = CARTESIAN_POINT('',(-6.861127769088,5.952838904349,
    47.249999777044));
#4884 = CARTESIAN_POINT('',(-9.623219991174,4.36225766737E-06,
    47.550000024677));
#4885 = CARTESIAN_POINT('',(-6.861125575314,-5.952845676816,
    47.850000276906));
#4886 = CARTESIAN_POINT('',(-1.64677640215,-7.994425365377,
    48.149999730431));
#4887 = CARTESIAN_POINT('',(2.919515750169,-6.537146067152,
    48.450000198062));
#4888 = CARTESIAN_POINT('',(5.199999938073,-3.267255021322,
    48.749999977107));
#4889 = CARTESIAN_POINT('',(5.20000019671,3.267255016911,49.350000074583
    ));
#4890 = CARTESIAN_POINT('',(2.919514595574,6.537145427427,
    49.649999853784));
#4891 = CARTESIAN_POINT('',(-1.646774039761,7.994428414114,
    49.950000321054));
#4892 = CARTESIAN_POINT('',(-6.861127775093,5.95283890406,
    50.249999774936));
#4893 = CARTESIAN_POINT('',(-9.623219984204,4.362613873876E-06,
    50.550000027199));
#4894 = CARTESIAN_POINT('',(-6.861125582403,-5.952845677048,
    50.850000274248));
#4895 = CARTESIAN_POINT('',(-1.6467763961,-7.994425365339,
    51.149999732746));
#4896 = CARTESIAN_POINT('',(2.919515745924,-6.537146067079,
    51.450000196431));
#4897 = CARTESIAN_POINT('',(5.199999940513,-3.267255021399,
    51.749999978036));
#4898 = CARTESIAN_POINT('',(5.200000191983,3.267255017065,
    52.350000072794));
#4899 = CARTESIAN_POINT('',(2.919514621931,6.537145426566,
    52.649999863749));
#4900 = CARTESIAN_POINT('',(-1.646774112405,7.994428416476,
    52.950000293588));
#4901 = CARTESIAN_POINT('',(-6.861127633771,5.952838899488,
    53.249999828378));
#4902 = CARTESIAN_POINT('',(-9.623220196965,4.369474966422E-06,
    53.549999946723));
#4903 = CARTESIAN_POINT('',(-6.861125325139,-5.952845685333,
    53.850000371577));
#4904 = CARTESIAN_POINT('',(-1.646776649848,-7.994425357167,
    54.149999636736));
#4905 = CARTESIAN_POINT('',(2.919515950639,-6.537146073677,
    54.450000273893));
#4906 = CARTESIAN_POINT('',(5.199999806559,-3.267255017078,
    54.749999927348));
#4907 = CARTESIAN_POINT('',(5.200000135745,-4.40931743079E-09,
    55.050000051712));
#4908 = CARTESIAN_POINT('',(5.2,-1.682482217683E-15,40.95));
#4909 = CARTESIAN_POINT('',(5.1999996736,3.267254927378,41.250000124359)
  );
#4910 = CARTESIAN_POINT('',(2.919515879932,6.537145900558,41.54999977783
    ));
#4911 = CARTESIAN_POINT('',(-1.646776599995,7.994425149888,
    41.85000041494));
#4912 = CARTESIAN_POINT('',(-6.86112514114,5.952845535698,
    42.149999680209));
#4913 = CARTESIAN_POINT('',(-9.623219945552,-4.361202752408E-06,
    42.450000104875));
#4914 = CARTESIAN_POINT('',(-6.861127459933,-5.952838738407,
    42.750000223458));
#4915 = CARTESIAN_POINT('',(-1.646774076013,-7.994428206297,
    43.04999975802));
#4916 = CARTESIAN_POINT('',(2.919514540056,-6.537145258435,
    43.350000188027));
#4917 = CARTESIAN_POINT('',(5.200000053534,-3.267254936179,
    43.649999978886));
#4918 = CARTESIAN_POINT('',(5.199999807428,3.267254931702,
    44.250000073732));
#4919 = CARTESIAN_POINT('',(2.919515675711,6.537145893881,44.54999985505
    ));
#4920 = CARTESIAN_POINT('',(-1.64677634715,7.994425158318,
    44.850000319382));
#4921 = CARTESIAN_POINT('',(-6.861125397444,5.952845526966,
    45.149999777049));
#4922 = CARTESIAN_POINT('',(-9.623219733308,-4.353853182915E-06,
    45.450000024669));
#4923 = CARTESIAN_POINT('',(-6.8611276013,-5.95283874332,45.750000276913
    ));
#4924 = CARTESIAN_POINT('',(-1.6467740031,-7.994428203796,
    46.049999730425));
#4925 = CARTESIAN_POINT('',(2.91951451355,-6.537145259318,
    46.350000198064));
#4926 = CARTESIAN_POINT('',(5.200000058242,-3.267254936029,
    46.649999977106));
#4927 = CARTESIAN_POINT('',(5.199999805147,3.267254931625,
    47.250000074583));
#4928 = CARTESIAN_POINT('',(2.919515679217,6.537145894079,
    47.549999853785));
#4929 = CARTESIAN_POINT('',(-1.646776351889,7.994425157875,
    47.850000321051));
#4930 = CARTESIAN_POINT('',(-6.861125391507,5.952845527687,
    48.149999774942));
#4931 = CARTESIAN_POINT('',(-9.623219740175,-4.354692597843E-06,
    48.450000027193));
#4932 = CARTESIAN_POINT('',(-6.861127594313,-5.952838742618,
    48.750000274255));
#4933 = CARTESIAN_POINT('',(-1.646774009073,-7.994428204223,
    49.049999732742));
#4934 = CARTESIAN_POINT('',(2.919514517745,-6.53714525912,
    49.350000196433));
#4935 = CARTESIAN_POINT('',(5.200000055832,-3.26725493611,
    49.649999978036));
#4936 = CARTESIAN_POINT('',(5.199999809811,3.267254931776,
    50.250000072794));
#4937 = CARTESIAN_POINT('',(2.919515653215,6.537145893238,
    50.549999863747));
#4938 = CARTESIAN_POINT('',(-1.646776280227,7.994425160202,
    50.850000293592));
#4939 = CARTESIAN_POINT('',(-6.861125530919,5.952845523143,
    51.149999828372));
#4940 = CARTESIAN_POINT('',(-9.623219530287,-4.347834636795E-06,
    51.44999994673));
#4941 = CARTESIAN_POINT('',(-6.861127848111,-5.952838750921,
    51.750000371571));
#4942 = CARTESIAN_POINT('',(-1.646773758734,-7.994428196031,
    52.049999636739));
#4943 = CARTESIAN_POINT('',(2.919514315775,-6.537145265727,
    52.350000273892));
#4944 = CARTESIAN_POINT('',(5.200000187992,-3.267254931788,
    52.649999927348));
#4945 = CARTESIAN_POINT('',(5.199999864255,-4.408783459548E-09,
    52.950000051712));
#4946 = DEFINITIONAL_REPRESENTATION('',(#4947),#4950);
#4947 = B_SPLINE_CURVE_WITH_KNOTS('',1,(#4948,#4949),.UNSPECIFIED.,.F.,
  .F.,(2,2),(0.,27.850577761866),.PIECEWISE_BEZIER_KNOTS.);
#4948 = CARTESIAN_POINT('',(0.,0.));
#4949 = CARTESIAN_POINT('',(0.,27.850577761866));
#4950 = ( GEOMETRIC_REPRESENTATION_CONTEXT(2) 
PARAMETRIC_REPRESENTATION_CONTEXT() REPRESENTATION_CONTEXT('2D SPACE',''
  ) );
#4951 = ORIENTED_EDGE('',*,*,#4952,.T.);
#4952 = EDGE_CURVE('',#4819,#4953,#4955,.T.);
#4953 = VERTEX_POINT('',#4954);
#4954 = CARTESIAN_POINT('',(4.060978231704,3.247838635404,
    46.372096885487));
#4955 = SURFACE_CURVE('',#4956,(#4995,#5002),.PCURVE_S1.);
#4956 = B_SPLINE_CURVE_WITH_KNOTS('',10,(#4957,#4958,#4959,#4960,#4961,
    #4962,#4963,#4964,#4965,#4966,#4967,#4968,#4969,#4970,#4971,#4972,
    #4973,#4974,#4975,#4976,#4977,#4978,#4979,#4980,#4981,#4982,#4983,
    #4984,#4985,#4986,#4987,#4988,#4989,#4990,#4991,#4992,#4993,#4994),
  .UNSPECIFIED.,.F.,.F.,(11,9,9,9,11),(0.,6.962644440466,13.925288880933
    ,20.887933321399,27.850577761866),.UNSPECIFIED.);
#4957 = CARTESIAN_POINT('',(5.2,-1.746082220887E-15,43.05));
#4958 = CARTESIAN_POINT('',(5.200000326493,3.267255012668,43.35000012436
    ));
#4959 = CARTESIAN_POINT('',(2.919514397562,6.537145433903,
    43.649999777826));
#4960 = CARTESIAN_POINT('',(-1.646773795021,7.994428406087,
    43.95000041495));
#4961 = CARTESIAN_POINT('',(-6.861128022023,5.952838912208,
    44.249999680191));
#4962 = CARTESIAN_POINT('',(-9.6232197817,4.355873033691E-06,
    44.550000104898));
#4963 = CARTESIAN_POINT('',(-6.861125714845,-5.952845672594,
    44.850000223437));
#4964 = CARTESIAN_POINT('',(-1.646776330182,-7.994425367577,
    45.149999758034));
#4965 = CARTESIAN_POINT('',(2.919515724006,-6.537146066328,
    45.450000188021));
#4966 = CARTESIAN_POINT('',(5.199999942721,-3.267255021476,
    45.749999978887));
#4967 = CARTESIAN_POINT('',(5.200000194456,3.267255016984,
    46.350000073732));
#4968 = CARTESIAN_POINT('',(2.919514599061,6.537145427383,
    46.649999855048));
#4969 = CARTESIAN_POINT('',(-1.646774044517,7.994428414015,
    46.950000319386));
#4970 = CARTESIAN_POINT('',(-6.861127769087,5.952838904349,
    47.249999777041));
#4971 = CARTESIAN_POINT('',(-9.623219991174,4.362258272711E-06,
    47.550000024679));
#4972 = CARTESIAN_POINT('',(-6.861125575313,-5.952845676817,
    47.850000276904));
#4973 = CARTESIAN_POINT('',(-1.64677640215,-7.994425365376,
    48.149999730432));
#4974 = CARTESIAN_POINT('',(2.91951575017,-6.537146067152,
    48.450000198061));
#4975 = CARTESIAN_POINT('',(5.199999938073,-3.267255021322,
    48.749999977107));
#4976 = CARTESIAN_POINT('',(5.20000019671,3.267255016911,49.350000074583
    ));
#4977 = CARTESIAN_POINT('',(2.919514595574,6.537145427427,
    49.649999853784));
#4978 = CARTESIAN_POINT('',(-1.646774039761,7.994428414114,
    49.950000321054));
#4979 = CARTESIAN_POINT('',(-6.861127775093,5.95283890406,
    50.249999774937));
#4980 = CARTESIAN_POINT('',(-9.623219984205,4.362613694163E-06,
    50.550000027196));
#4981 = CARTESIAN_POINT('',(-6.861125582402,-5.952845677048,
    50.850000274252));
#4982 = CARTESIAN_POINT('',(-1.6467763961,-7.994425365339,
    51.149999732743));
#4983 = CARTESIAN_POINT('',(2.919515745924,-6.537146067079,
    51.450000196433));
#4984 = CARTESIAN_POINT('',(5.199999940513,-3.267255021399,
    51.749999978036));
#4985 = CARTESIAN_POINT('',(5.200000191983,3.267255017065,
    52.350000072794));
#4986 = CARTESIAN_POINT('',(2.919514621931,6.537145426566,
    52.649999863748));
#4987 = CARTESIAN_POINT('',(-1.646774112404,7.994428416476,
    52.950000293592));
#4988 = CARTESIAN_POINT('',(-6.861127633772,5.952838899488,
    53.249999828372));
#4989 = CARTESIAN_POINT('',(-9.623220196964,4.369475113763E-06,
    53.549999946731));
#4990 = CARTESIAN_POINT('',(-6.86112532514,-5.952845685333,
    53.850000371569));
#4991 = CARTESIAN_POINT('',(-1.646776649847,-7.994425357167,
    54.149999636741));
#4992 = CARTESIAN_POINT('',(2.919515950638,-6.537146073677,
    54.450000273891));
#4993 = CARTESIAN_POINT('',(5.199999806559,-3.267255017078,
    54.749999927349));
#4994 = CARTESIAN_POINT('',(5.200000135745,-4.40931716434E-09,
    55.050000051712));
#4995 = PCURVE('',#1437,#4996);
#4996 = DEFINITIONAL_REPRESENTATION('',(#4997),#5001);
#4997 = LINE('',#4998,#4999);
#4998 = CARTESIAN_POINT('',(1.131370849898,0.));
#4999 = VECTOR('',#5000,1.);
#5000 = DIRECTION('',(0.,1.));
#5001 = ( GEOMETRIC_REPRESENTATION_CONTEXT(2) 
PARAMETRIC_REPRESENTATION_CONTEXT() REPRESENTATION_CONTEXT('2D SPACE',''
  ) );
#5002 = PCURVE('',#5003,#5080);
#5003 = B_SPLINE_SURFACE_WITH_KNOTS('',1,10,(
    (#5004,#5005,#5006,#5007,#5008,#5009,#5010,#5011,#5012,#5013,#5014
      ,#5015,#5016,#5017,#5018,#5019,#5020,#5021,#5022,#5023,#5024,#5025
      ,#5026,#5027,#5028,#5029,#5030,#5031,#5032,#5033,#5034,#5035,#5036
      ,#5037,#5038,#5039,#5040,#5041)
    ,(#5042,#5043,#5044,#5045,#5046,#5047,#5048,#5049,#5050,#5051,#5052
      ,#5053,#5054,#5055,#5056,#5057,#5058,#5059,#5060,#5061,#5062,#5063
      ,#5064,#5065,#5066,#5067,#5068,#5069,#5070,#5071,#5072,#5073,#5074
      ,#5075,#5076,#5077,#5078,#5079
    )),.UNSPECIFIED.,.F.,.F.,.F.,(2,2),(11,9,9,9,11),(0.,2.1),(0.,
    6.962644440466,13.925288880933,20.887933321399,27.850577761866),
  .UNSPECIFIED.);
#5004 = CARTESIAN_POINT('',(5.2,1.51936921538E-15,43.05));
#5005 = CARTESIAN_POINT('',(5.200000326493,3.267255012668,43.35000012436
    ));
#5006 = CARTESIAN_POINT('',(2.919514397561,6.537145433903,
    43.649999777827));
#5007 = CARTESIAN_POINT('',(-1.64677379502,7.994428406087,
    43.950000414948));
#5008 = CARTESIAN_POINT('',(-6.861128022024,5.952838912208,
    44.249999680196));
#5009 = CARTESIAN_POINT('',(-9.623219781698,4.355872835956E-06,
    44.550000104892));
#5010 = CARTESIAN_POINT('',(-6.861125714847,-5.952845672594,
    44.850000223442));
#5011 = CARTESIAN_POINT('',(-1.646776330181,-7.994425367577,
    45.14999975803));
#5012 = CARTESIAN_POINT('',(2.919515724006,-6.537146066328,
    45.450000188022));
#5013 = CARTESIAN_POINT('',(5.199999942721,-3.267255021476,
    45.749999978886));
#5014 = CARTESIAN_POINT('',(5.200000194456,3.267255016984,
    46.350000073731));
#5015 = CARTESIAN_POINT('',(2.919514599061,6.537145427383,
    46.649999855049));
#5016 = CARTESIAN_POINT('',(-1.646774044517,7.994428414014,
    46.950000319384));
#5017 = CARTESIAN_POINT('',(-6.861127769088,5.952838904349,
    47.249999777044));
#5018 = CARTESIAN_POINT('',(-9.623219991174,4.36225766737E-06,
    47.550000024677));
#5019 = CARTESIAN_POINT('',(-6.861125575314,-5.952845676816,
    47.850000276906));
#5020 = CARTESIAN_POINT('',(-1.64677640215,-7.994425365377,
    48.149999730431));
#5021 = CARTESIAN_POINT('',(2.919515750169,-6.537146067152,
    48.450000198062));
#5022 = CARTESIAN_POINT('',(5.199999938073,-3.267255021322,
    48.749999977107));
#5023 = CARTESIAN_POINT('',(5.20000019671,3.267255016911,49.350000074583
    ));
#5024 = CARTESIAN_POINT('',(2.919514595574,6.537145427427,
    49.649999853784));
#5025 = CARTESIAN_POINT('',(-1.646774039761,7.994428414114,
    49.950000321054));
#5026 = CARTESIAN_POINT('',(-6.861127775093,5.95283890406,
    50.249999774936));
#5027 = CARTESIAN_POINT('',(-9.623219984204,4.362613873876E-06,
    50.550000027199));
#5028 = CARTESIAN_POINT('',(-6.861125582403,-5.952845677048,
    50.850000274248));
#5029 = CARTESIAN_POINT('',(-1.6467763961,-7.994425365339,
    51.149999732746));
#5030 = CARTESIAN_POINT('',(2.919515745924,-6.537146067079,
    51.450000196431));
#5031 = CARTESIAN_POINT('',(5.199999940513,-3.267255021399,
    51.749999978036));
#5032 = CARTESIAN_POINT('',(5.200000191983,3.267255017065,
    52.350000072794));
#5033 = CARTESIAN_POINT('',(2.919514621931,6.537145426566,
    52.649999863749));
#5034 = CARTESIAN_POINT('',(-1.646774112405,7.994428416476,
    52.950000293588));
#5035 = CARTESIAN_POINT('',(-6.861127633771,5.952838899488,
    53.249999828378));
#5036 = CARTESIAN_POINT('',(-9.623220196965,4.369474966422E-06,
    53.549999946723));
#5037 = CARTESIAN_POINT('',(-6.861125325139,-5.952845685333,
    53.850000371577));
#5038 = CARTESIAN_POINT('',(-1.646776649848,-7.994425357167,
    54.149999636736));
#5039 = CARTESIAN_POINT('',(2.919515950639,-6.537146073677,
    54.450000273893));
#5040 = CARTESIAN_POINT('',(5.199999806559,-3.267255017078,
    54.749999927348));
#5041 = CARTESIAN_POINT('',(5.200000135745,-4.40931743079E-09,
    55.050000051712));
#5042 = CARTESIAN_POINT('',(5.2,-1.682482217683E-15,40.95));
#5043 = CARTESIAN_POINT('',(5.1999996736,3.267254927378,41.250000124359)
  );
#5044 = CARTESIAN_POINT('',(2.919515879932,6.537145900558,41.54999977783
    ));
#5045 = CARTESIAN_POINT('',(-1.646776599995,7.994425149888,
    41.85000041494));
#5046 = CARTESIAN_POINT('',(-6.86112514114,5.952845535698,
    42.149999680209));
#5047 = CARTESIAN_POINT('',(-9.623219945552,-4.361202752408E-06,
    42.450000104875));
#5048 = CARTESIAN_POINT('',(-6.861127459933,-5.952838738407,
    42.750000223458));
#5049 = CARTESIAN_POINT('',(-1.646774076013,-7.994428206297,
    43.04999975802));
#5050 = CARTESIAN_POINT('',(2.919514540056,-6.537145258435,
    43.350000188027));
#5051 = CARTESIAN_POINT('',(5.200000053534,-3.267254936179,
    43.649999978886));
#5052 = CARTESIAN_POINT('',(5.199999807428,3.267254931702,
    44.250000073732));
#5053 = CARTESIAN_POINT('',(2.919515675711,6.537145893881,44.54999985505
    ));
#5054 = CARTESIAN_POINT('',(-1.64677634715,7.994425158318,
    44.850000319382));
#5055 = CARTESIAN_POINT('',(-6.861125397444,5.952845526966,
    45.149999777049));
#5056 = CARTESIAN_POINT('',(-9.623219733308,-4.353853182915E-06,
    45.450000024669));
#5057 = CARTESIAN_POINT('',(-6.8611276013,-5.95283874332,45.750000276913
    ));
#5058 = CARTESIAN_POINT('',(-1.6467740031,-7.994428203796,
    46.049999730425));
#5059 = CARTESIAN_POINT('',(2.91951451355,-6.537145259318,
    46.350000198064));
#5060 = CARTESIAN_POINT('',(5.200000058242,-3.267254936029,
    46.649999977106));
#5061 = CARTESIAN_POINT('',(5.199999805147,3.267254931625,
    47.250000074583));
#5062 = CARTESIAN_POINT('',(2.919515679217,6.537145894079,
    47.549999853785));
#5063 = CARTESIAN_POINT('',(-1.646776351889,7.994425157875,
    47.850000321051));
#5064 = CARTESIAN_POINT('',(-6.861125391507,5.952845527687,
    48.149999774942));
#5065 = CARTESIAN_POINT('',(-9.623219740175,-4.354692597843E-06,
    48.450000027193));
#5066 = CARTESIAN_POINT('',(-6.861127594313,-5.952838742618,
    48.750000274255));
#5067 = CARTESIAN_POINT('',(-1.646774009073,-7.994428204223,
    49.049999732742));
#5068 = CARTESIAN_POINT('',(2.919514517745,-6.53714525912,
    49.350000196433));
#5069 = CARTESIAN_POINT('',(5.200000055832,-3.26725493611,
    49.649999978036));
#5070 = CARTESIAN_POINT('',(5.199999809811,3.267254931776,
    50.250000072794));
#5071 = CARTESIAN_POINT('',(2.919515653215,6.537145893238,
    50.549999863747));
#5072 = CARTESIAN_POINT('',(-1.646776280227,7.994425160202,
    50.850000293592));
#5073 = CARTESIAN_POINT('',(-6.861125530919,5.952845523143,
    51.149999828372));
#5074 = CARTESIAN_POINT('',(-9.623219530287,-4.347834636795E-06,
    51.44999994673));
#5075 = CARTESIAN_POINT('',(-6.861127848111,-5.952838750921,
    51.750000371571));
#5076 = CARTESIAN_POINT('',(-1.646773758734,-7.994428196031,
    52.049999636739));
#5077 = CARTESIAN_POINT('',(2.919514315775,-6.537145265727,
    52.350000273892));
#5078 = CARTESIAN_POINT('',(5.200000187992,-3.267254931788,
    52.649999927348));
#5079 = CARTESIAN_POINT('',(5.199999864255,-4.408783459548E-09,
    52.950000051712));
#5080 = DEFINITIONAL_REPRESENTATION('',(#5081),#5084);
#5081 = B_SPLINE_CURVE_WITH_KNOTS('',1,(#5082,#5083),.UNSPECIFIED.,.F.,
  .F.,(2,2),(0.,27.850577761866),.PIECEWISE_BEZIER_KNOTS.);
#5082 = CARTESIAN_POINT('',(0.,0.));
#5083 = CARTESIAN_POINT('',(0.,27.850577761866));
#5084 = ( GEOMETRIC_REPRESENTATION_CONTEXT(2) 
PARAMETRIC_REPRESENTATION_CONTEXT() REPRESENTATION_CONTEXT('2D SPACE',''
  ) );
#5085 = ORIENTED_EDGE('',*,*,#5086,.T.);
#5086 = EDGE_CURVE('',#4953,#5087,#5089,.T.);
#5087 = VERTEX_POINT('',#5088);
#5088 = CARTESIAN_POINT('',(0.883757051299,5.124351029554,
    46.718457966147));
#5089 = SURFACE_CURVE('',#5090,(#5099,#5111),.PCURVE_S1.);
#5090 = B_SPLINE_CURVE_WITH_KNOTS('',7,(#5091,#5092,#5093,#5094,#5095,
    #5096,#5097,#5098),.UNSPECIFIED.,.F.,.F.,(8,8),(0.,1.),
  .PIECEWISE_BEZIER_KNOTS.);
#5091 = CARTESIAN_POINT('',(4.060978231711,3.247838635396,
    46.372096885486));
#5092 = CARTESIAN_POINT('',(3.724454993773,3.668614941471,
    46.421550072783));
#5093 = CARTESIAN_POINT('',(3.336896779645,4.04892197737,46.471025922801
    ));
#5094 = CARTESIAN_POINT('',(2.90442894426,4.380924804467,46.52048751506)
  );
#5095 = CARTESIAN_POINT('',(2.43438482956,4.658537838584,46.56995930649)
  );
#5096 = CARTESIAN_POINT('',(1.934854485391,4.876983999175,
    46.619449904762));
#5097 = CARTESIAN_POINT('',(1.414707171384,5.032782234406,46.66896656715
    ));
#5098 = CARTESIAN_POINT('',(0.883756570767,5.124351112446,
    46.718458010921));
#5099 = PCURVE('',#1437,#5100);
#5100 = DEFINITIONAL_REPRESENTATION('',(#5101),#5110);
#5101 = B_SPLINE_CURVE_WITH_KNOTS('',7,(#5102,#5103,#5104,#5105,#5106,
    #5107,#5108,#5109),.UNSPECIFIED.,.F.,.F.,(8,8),(0.,1.),
  .PIECEWISE_BEZIER_KNOTS.);
#5102 = CARTESIAN_POINT('',(1.131370849898,7.710193078785));
#5103 = CARTESIAN_POINT('',(1.131341047621,7.82501697686));
#5104 = CARTESIAN_POINT('',(1.131308943999,7.9398972476));
#5105 = CARTESIAN_POINT('',(1.131287921823,8.054726240189));
#5106 = CARTESIAN_POINT('',(1.131291528592,8.169538484059));
#5107 = CARTESIAN_POINT('',(1.131313357336,8.284364471792));
#5108 = CARTESIAN_POINT('',(1.131342649597,8.399238702939));
#5109 = CARTESIAN_POINT('',(1.131370849898,8.514056197075));
#5110 = ( GEOMETRIC_REPRESENTATION_CONTEXT(2) 
PARAMETRIC_REPRESENTATION_CONTEXT() REPRESENTATION_CONTEXT('2D SPACE',''
  ) );
#5111 = PCURVE('',#1537,#5112);
#5112 = DEFINITIONAL_REPRESENTATION('',(#5113),#5122);
#5113 = B_SPLINE_CURVE_WITH_KNOTS('',7,(#5114,#5115,#5116,#5117,#5118,
    #5119,#5120,#5121),.UNSPECIFIED.,.F.,.F.,(8,8),(0.,1.),
  .PIECEWISE_BEZIER_KNOTS.);
#5114 = CARTESIAN_POINT('',(-0.674599192013,-4.372096885486));
#5115 = CARTESIAN_POINT('',(-0.778213710995,-4.421550072783));
#5116 = CARTESIAN_POINT('',(-0.881880355222,-4.471025922801));
#5117 = CARTESIAN_POINT('',(-0.985503465192,-4.52048751506));
#5118 = CARTESIAN_POINT('',(-1.089113462251,-4.56995930649));
#5119 = CARTESIAN_POINT('',(-1.192735757481,-4.619449904762));
#5120 = CARTESIAN_POINT('',(-1.296400926368,-4.66896656715));
#5121 = CARTESIAN_POINT('',(-1.400014162262,-4.718458010921));
#5122 = ( GEOMETRIC_REPRESENTATION_CONTEXT(2) 
PARAMETRIC_REPRESENTATION_CONTEXT() REPRESENTATION_CONTEXT('2D SPACE',''
  ) );
#5123 = ORIENTED_EDGE('',*,*,#5124,.T.);
#5124 = EDGE_CURVE('',#5087,#5125,#5127,.T.);
#5125 = VERTEX_POINT('',#5126);
#5126 = CARTESIAN_POINT('',(-3.349312516994,3.977701052555,
    47.134150364548));
#5127 = SURFACE_CURVE('',#5128,(#5167,#5174),.PCURVE_S1.);
#5128 = B_SPLINE_CURVE_WITH_KNOTS('',10,(#5129,#5130,#5131,#5132,#5133,
    #5134,#5135,#5136,#5137,#5138,#5139,#5140,#5141,#5142,#5143,#5144,
    #5145,#5146,#5147,#5148,#5149,#5150,#5151,#5152,#5153,#5154,#5155,
    #5156,#5157,#5158,#5159,#5160,#5161,#5162,#5163,#5164,#5165,#5166),
  .UNSPECIFIED.,.F.,.F.,(11,9,9,9,11),(0.,6.962644440466,13.925288880933
    ,20.887933321399,27.850577761866),.UNSPECIFIED.);
#5129 = CARTESIAN_POINT('',(5.2,-1.746082220887E-15,43.05));
#5130 = CARTESIAN_POINT('',(5.200000326493,3.267255012668,43.35000012436
    ));
#5131 = CARTESIAN_POINT('',(2.919514397562,6.537145433903,
    43.649999777826));
#5132 = CARTESIAN_POINT('',(-1.646773795021,7.994428406087,
    43.95000041495));
#5133 = CARTESIAN_POINT('',(-6.861128022023,5.952838912208,
    44.249999680191));
#5134 = CARTESIAN_POINT('',(-9.6232197817,4.355873033691E-06,
    44.550000104898));
#5135 = CARTESIAN_POINT('',(-6.861125714845,-5.952845672594,
    44.850000223437));
#5136 = CARTESIAN_POINT('',(-1.646776330182,-7.994425367577,
    45.149999758034));
#5137 = CARTESIAN_POINT('',(2.919515724006,-6.537146066328,
    45.450000188021));
#5138 = CARTESIAN_POINT('',(5.199999942721,-3.267255021476,
    45.749999978887));
#5139 = CARTESIAN_POINT('',(5.200000194456,3.267255016984,
    46.350000073732));
#5140 = CARTESIAN_POINT('',(2.919514599061,6.537145427383,
    46.649999855048));
#5141 = CARTESIAN_POINT('',(-1.646774044517,7.994428414015,
    46.950000319386));
#5142 = CARTESIAN_POINT('',(-6.861127769087,5.952838904349,
    47.249999777041));
#5143 = CARTESIAN_POINT('',(-9.623219991174,4.362258272711E-06,
    47.550000024679));
#5144 = CARTESIAN_POINT('',(-6.861125575313,-5.952845676817,
    47.850000276904));
#5145 = CARTESIAN_POINT('',(-1.64677640215,-7.994425365376,
    48.149999730432));
#5146 = CARTESIAN_POINT('',(2.91951575017,-6.537146067152,
    48.450000198061));
#5147 = CARTESIAN_POINT('',(5.199999938073,-3.267255021322,
    48.749999977107));
#5148 = CARTESIAN_POINT('',(5.20000019671,3.267255016911,49.350000074583
    ));
#5149 = CARTESIAN_POINT('',(2.919514595574,6.537145427427,
    49.649999853784));
#5150 = CARTESIAN_POINT('',(-1.646774039761,7.994428414114,
    49.950000321054));
#5151 = CARTESIAN_POINT('',(-6.861127775093,5.95283890406,
    50.249999774937));
#5152 = CARTESIAN_POINT('',(-9.623219984205,4.362613694163E-06,
    50.550000027196));
#5153 = CARTESIAN_POINT('',(-6.861125582402,-5.952845677048,
    50.850000274252));
#5154 = CARTESIAN_POINT('',(-1.6467763961,-7.994425365339,
    51.149999732743));
#5155 = CARTESIAN_POINT('',(2.919515745924,-6.537146067079,
    51.450000196433));
#5156 = CARTESIAN_POINT('',(5.199999940513,-3.267255021399,
    51.749999978036));
#5157 = CARTESIAN_POINT('',(5.200000191983,3.267255017065,
    52.350000072794));
#5158 = CARTESIAN_POINT('',(2.919514621931,6.537145426566,
    52.649999863748));
#5159 = CARTESIAN_POINT('',(-1.646774112404,7.994428416476,
    52.950000293592));
#5160 = CARTESIAN_POINT('',(-6.861127633772,5.952838899488,
    53.249999828372));
#5161 = CARTESIAN_POINT('',(-9.623220196964,4.369475113763E-06,
    53.549999946731));
#5162 = CARTESIAN_POINT('',(-6.86112532514,-5.952845685333,
    53.850000371569));
#5163 = CARTESIAN_POINT('',(-1.646776649847,-7.994425357167,
    54.149999636741));
#5164 = CARTESIAN_POINT('',(2.919515950638,-6.537146073677,
    54.450000273891));
#5165 = CARTESIAN_POINT('',(5.199999806559,-3.267255017078,
    54.749999927349));
#5166 = CARTESIAN_POINT('',(5.200000135745,-4.40931716434E-09,
    55.050000051712));
#5167 = PCURVE('',#1437,#5168);
#5168 = DEFINITIONAL_REPRESENTATION('',(#5169),#5173);
#5169 = LINE('',#5170,#5171);
#5170 = CARTESIAN_POINT('',(1.131370849898,0.));
#5171 = VECTOR('',#5172,1.);
#5172 = DIRECTION('',(0.,1.));
#5173 = ( GEOMETRIC_REPRESENTATION_CONTEXT(2) 
PARAMETRIC_REPRESENTATION_CONTEXT() REPRESENTATION_CONTEXT('2D SPACE',''
  ) );
#5174 = PCURVE('',#3753,#5175);
#5175 = DEFINITIONAL_REPRESENTATION('',(#5176),#5179);
#5176 = B_SPLINE_CURVE_WITH_KNOTS('',1,(#5177,#5178),.UNSPECIFIED.,.F.,
  .F.,(2,2),(0.,27.850577761866),.PIECEWISE_BEZIER_KNOTS.);
#5177 = CARTESIAN_POINT('',(0.,0.));
#5178 = CARTESIAN_POINT('',(0.,27.850577761866));
#5179 = ( GEOMETRIC_REPRESENTATION_CONTEXT(2) 
PARAMETRIC_REPRESENTATION_CONTEXT() REPRESENTATION_CONTEXT('2D SPACE',''
  ) );
#5180 = ORIENTED_EDGE('',*,*,#5181,.T.);
#5181 = EDGE_CURVE('',#5125,#5182,#5184,.T.);
#5182 = VERTEX_POINT('',#5183);
#5183 = CARTESIAN_POINT('',(-3.349561792833,-3.977491143409,
    47.965819763561));
#5184 = SURFACE_CURVE('',#5185,(#5224,#5231),.PCURVE_S1.);
#5185 = B_SPLINE_CURVE_WITH_KNOTS('',10,(#5186,#5187,#5188,#5189,#5190,
    #5191,#5192,#5193,#5194,#5195,#5196,#5197,#5198,#5199,#5200,#5201,
    #5202,#5203,#5204,#5205,#5206,#5207,#5208,#5209,#5210,#5211,#5212,
    #5213,#5214,#5215,#5216,#5217,#5218,#5219,#5220,#5221,#5222,#5223),
  .UNSPECIFIED.,.F.,.F.,(11,9,9,9,11),(0.,6.962644440466,13.925288880933
    ,20.887933321399,27.850577761866),.UNSPECIFIED.);
#5186 = CARTESIAN_POINT('',(5.2,-1.746082220887E-15,43.05));
#5187 = CARTESIAN_POINT('',(5.200000326493,3.267255012668,43.35000012436
    ));
#5188 = CARTESIAN_POINT('',(2.919514397562,6.537145433903,
    43.649999777826));
#5189 = CARTESIAN_POINT('',(-1.646773795021,7.994428406087,
    43.95000041495));
#5190 = CARTESIAN_POINT('',(-6.861128022023,5.952838912208,
    44.249999680191));
#5191 = CARTESIAN_POINT('',(-9.6232197817,4.355873033691E-06,
    44.550000104898));
#5192 = CARTESIAN_POINT('',(-6.861125714845,-5.952845672594,
    44.850000223437));
#5193 = CARTESIAN_POINT('',(-1.646776330182,-7.994425367577,
    45.149999758034));
#5194 = CARTESIAN_POINT('',(2.919515724006,-6.537146066328,
    45.450000188021));
#5195 = CARTESIAN_POINT('',(5.199999942721,-3.267255021476,
    45.749999978887));
#5196 = CARTESIAN_POINT('',(5.200000194456,3.267255016984,
    46.350000073732));
#5197 = CARTESIAN_POINT('',(2.919514599061,6.537145427383,
    46.649999855048));
#5198 = CARTESIAN_POINT('',(-1.646774044517,7.994428414015,
    46.950000319386));
#5199 = CARTESIAN_POINT('',(-6.861127769087,5.952838904349,
    47.249999777041));
#5200 = CARTESIAN_POINT('',(-9.623219991174,4.362258272711E-06,
    47.550000024679));
#5201 = CARTESIAN_POINT('',(-6.861125575313,-5.952845676817,
    47.850000276904));
#5202 = CARTESIAN_POINT('',(-1.64677640215,-7.994425365376,
    48.149999730432));
#5203 = CARTESIAN_POINT('',(2.91951575017,-6.537146067152,
    48.450000198061));
#5204 = CARTESIAN_POINT('',(5.199999938073,-3.267255021322,
    48.749999977107));
#5205 = CARTESIAN_POINT('',(5.20000019671,3.267255016911,49.350000074583
    ));
#5206 = CARTESIAN_POINT('',(2.919514595574,6.537145427427,
    49.649999853784));
#5207 = CARTESIAN_POINT('',(-1.646774039761,7.994428414114,
    49.950000321054));
#5208 = CARTESIAN_POINT('',(-6.861127775093,5.95283890406,
    50.249999774937));
#5209 = CARTESIAN_POINT('',(-9.623219984205,4.362613694163E-06,
    50.550000027196));
#5210 = CARTESIAN_POINT('',(-6.861125582402,-5.952845677048,
    50.850000274252));
#5211 = CARTESIAN_POINT('',(-1.6467763961,-7.994425365339,
    51.149999732743));
#5212 = CARTESIAN_POINT('',(2.919515745924,-6.537146067079,
    51.450000196433));
#5213 = CARTESIAN_POINT('',(5.199999940513,-3.267255021399,
    51.749999978036));
#5214 = CARTESIAN_POINT('',(5.200000191983,3.267255017065,
    52.350000072794));
#5215 = CARTESIAN_POINT('',(2.919514621931,6.537145426566,
    52.649999863748));
#5216 = CARTESIAN_POINT('',(-1.646774112404,7.994428416476,
    52.950000293592));
#5217 = CARTESIAN_POINT('',(-6.861127633772,5.952838899488,
    53.249999828372));
#5218 = CARTESIAN_POINT('',(-9.623220196964,4.369475113763E-06,
    53.549999946731));
#5219 = CARTESIAN_POINT('',(-6.86112532514,-5.952845685333,
    53.850000371569));
#5220 = CARTESIAN_POINT('',(-1.646776649847,-7.994425357167,
    54.149999636741));
#5221 = CARTESIAN_POINT('',(2.919515950638,-6.537146073677,
    54.450000273891));
#5222 = CARTESIAN_POINT('',(5.199999806559,-3.267255017078,
    54.749999927349));
#5223 = CARTESIAN_POINT('',(5.200000135745,-4.40931716434E-09,
    55.050000051712));
#5224 = PCURVE('',#1437,#5225);
#5225 = DEFINITIONAL_REPRESENTATION('',(#5226),#5230);
#5226 = LINE('',#5227,#5228);
#5227 = CARTESIAN_POINT('',(1.131370849898,0.));
#5228 = VECTOR('',#5229,1.);
#5229 = DIRECTION('',(0.,1.));
#5230 = ( GEOMETRIC_REPRESENTATION_CONTEXT(2) 
PARAMETRIC_REPRESENTATION_CONTEXT() REPRESENTATION_CONTEXT('2D SPACE',''
  ) );
#5231 = PCURVE('',#1537,#5232);
#5232 = DEFINITIONAL_REPRESENTATION('',(#5233),#5240);
#5233 = B_SPLINE_CURVE_WITH_KNOTS('',5,(#5234,#5235,#5236,#5237,#5238,
    #5239),.UNSPECIFIED.,.F.,.F.,(6,6),(9.478828884061,11.409034988202),
  .PIECEWISE_BEZIER_KNOTS.);
#5234 = CARTESIAN_POINT('',(-2.270640584255,-5.134150364548));
#5235 = CARTESIAN_POINT('',(-2.619016628228,-5.300484242836));
#5236 = CARTESIAN_POINT('',(-2.967400602176,-5.466818121807));
#5237 = CARTESIAN_POINT('',(-3.315722026631,-5.633152006301));
#5238 = CARTESIAN_POINT('',(-3.664106009743,-5.799485885272));
#5239 = CARTESIAN_POINT('',(-4.01248205295,-5.965819763561));
#5240 = ( GEOMETRIC_REPRESENTATION_CONTEXT(2) 
PARAMETRIC_REPRESENTATION_CONTEXT() REPRESENTATION_CONTEXT('2D SPACE',''
  ) );
#5241 = ORIENTED_EDGE('',*,*,#5242,.T.);
#5242 = EDGE_CURVE('',#5182,#5243,#5245,.T.);
#5243 = VERTEX_POINT('',#5244);
#5244 = CARTESIAN_POINT('',(0.883340062225,-5.124422926991,
    48.381503234334));
#5245 = SURFACE_CURVE('',#5246,(#5285,#5292),.PCURVE_S1.);
#5246 = B_SPLINE_CURVE_WITH_KNOTS('',10,(#5247,#5248,#5249,#5250,#5251,
    #5252,#5253,#5254,#5255,#5256,#5257,#5258,#5259,#5260,#5261,#5262,
    #5263,#5264,#5265,#5266,#5267,#5268,#5269,#5270,#5271,#5272,#5273,
    #5274,#5275,#5276,#5277,#5278,#5279,#5280,#5281,#5282,#5283,#5284),
  .UNSPECIFIED.,.F.,.F.,(11,9,9,9,11),(0.,6.962644440466,13.925288880933
    ,20.887933321399,27.850577761866),.UNSPECIFIED.);
#5247 = CARTESIAN_POINT('',(5.2,-1.746082220887E-15,43.05));
#5248 = CARTESIAN_POINT('',(5.200000326493,3.267255012668,43.35000012436
    ));
#5249 = CARTESIAN_POINT('',(2.919514397562,6.537145433903,
    43.649999777826));
#5250 = CARTESIAN_POINT('',(-1.646773795021,7.994428406087,
    43.95000041495));
#5251 = CARTESIAN_POINT('',(-6.861128022023,5.952838912208,
    44.249999680191));
#5252 = CARTESIAN_POINT('',(-9.6232197817,4.355873033691E-06,
    44.550000104898));
#5253 = CARTESIAN_POINT('',(-6.861125714845,-5.952845672594,
    44.850000223437));
#5254 = CARTESIAN_POINT('',(-1.646776330182,-7.994425367577,
    45.149999758034));
#5255 = CARTESIAN_POINT('',(2.919515724006,-6.537146066328,
    45.450000188021));
#5256 = CARTESIAN_POINT('',(5.199999942721,-3.267255021476,
    45.749999978887));
#5257 = CARTESIAN_POINT('',(5.200000194456,3.267255016984,
    46.350000073732));
#5258 = CARTESIAN_POINT('',(2.919514599061,6.537145427383,
    46.649999855048));
#5259 = CARTESIAN_POINT('',(-1.646774044517,7.994428414015,
    46.950000319386));
#5260 = CARTESIAN_POINT('',(-6.861127769087,5.952838904349,
    47.249999777041));
#5261 = CARTESIAN_POINT('',(-9.623219991174,4.362258272711E-06,
    47.550000024679));
#5262 = CARTESIAN_POINT('',(-6.861125575313,-5.952845676817,
    47.850000276904));
#5263 = CARTESIAN_POINT('',(-1.64677640215,-7.994425365376,
    48.149999730432));
#5264 = CARTESIAN_POINT('',(2.91951575017,-6.537146067152,
    48.450000198061));
#5265 = CARTESIAN_POINT('',(5.199999938073,-3.267255021322,
    48.749999977107));
#5266 = CARTESIAN_POINT('',(5.20000019671,3.267255016911,49.350000074583
    ));
#5267 = CARTESIAN_POINT('',(2.919514595574,6.537145427427,
    49.649999853784));
#5268 = CARTESIAN_POINT('',(-1.646774039761,7.994428414114,
    49.950000321054));
#5269 = CARTESIAN_POINT('',(-6.861127775093,5.95283890406,
    50.249999774937));
#5270 = CARTESIAN_POINT('',(-9.623219984205,4.362613694163E-06,
    50.550000027196));
#5271 = CARTESIAN_POINT('',(-6.861125582402,-5.952845677048,
    50.850000274252));
#5272 = CARTESIAN_POINT('',(-1.6467763961,-7.994425365339,
    51.149999732743));
#5273 = CARTESIAN_POINT('',(2.919515745924,-6.537146067079,
    51.450000196433));
#5274 = CARTESIAN_POINT('',(5.199999940513,-3.267255021399,
    51.749999978036));
#5275 = CARTESIAN_POINT('',(5.200000191983,3.267255017065,
    52.350000072794));
#5276 = CARTESIAN_POINT('',(2.919514621931,6.537145426566,
    52.649999863748));
#5277 = CARTESIAN_POINT('',(-1.646774112404,7.994428416476,
    52.950000293592));
#5278 = CARTESIAN_POINT('',(-6.861127633772,5.952838899488,
    53.249999828372));
#5279 = CARTESIAN_POINT('',(-9.623220196964,4.369475113763E-06,
    53.549999946731));
#5280 = CARTESIAN_POINT('',(-6.86112532514,-5.952845685333,
    53.850000371569));
#5281 = CARTESIAN_POINT('',(-1.646776649847,-7.994425357167,
    54.149999636741));
#5282 = CARTESIAN_POINT('',(2.919515950638,-6.537146073677,
    54.450000273891));
#5283 = CARTESIAN_POINT('',(5.199999806559,-3.267255017078,
    54.749999927349));
#5284 = CARTESIAN_POINT('',(5.200000135745,-4.40931716434E-09,
    55.050000051712));
#5285 = PCURVE('',#1437,#5286);
#5286 = DEFINITIONAL_REPRESENTATION('',(#5287),#5291);
#5287 = LINE('',#5288,#5289);
#5288 = CARTESIAN_POINT('',(1.131370849898,0.));
#5289 = VECTOR('',#5290,1.);
#5290 = DIRECTION('',(0.,1.));
#5291 = ( GEOMETRIC_REPRESENTATION_CONTEXT(2) 
PARAMETRIC_REPRESENTATION_CONTEXT() REPRESENTATION_CONTEXT('2D SPACE',''
  ) );
#5292 = PCURVE('',#3558,#5293);
#5293 = DEFINITIONAL_REPRESENTATION('',(#5294),#5297);
#5294 = B_SPLINE_CURVE_WITH_KNOTS('',1,(#5295,#5296),.UNSPECIFIED.,.F.,
  .F.,(2,2),(0.,27.850577761866),.PIECEWISE_BEZIER_KNOTS.);
#5295 = CARTESIAN_POINT('',(0.,0.));
#5296 = CARTESIAN_POINT('',(0.,27.850577761866));
#5297 = ( GEOMETRIC_REPRESENTATION_CONTEXT(2) 
PARAMETRIC_REPRESENTATION_CONTEXT() REPRESENTATION_CONTEXT('2D SPACE',''
  ) );
#5298 = ORIENTED_EDGE('',*,*,#5299,.T.);
#5299 = EDGE_CURVE('',#5243,#5300,#5302,.T.);
#5300 = VERTEX_POINT('',#5301);
#5301 = CARTESIAN_POINT('',(4.060691961142,-3.24819654528,
    48.727861082265));
#5302 = SURFACE_CURVE('',#5303,(#5312,#5324),.PCURVE_S1.);
#5303 = B_SPLINE_CURVE_WITH_KNOTS('',7,(#5304,#5305,#5306,#5307,#5308,
    #5309,#5310,#5311),.UNSPECIFIED.,.F.,.F.,(8,8),(0.,1.),
  .PIECEWISE_BEZIER_KNOTS.);
#5304 = CARTESIAN_POINT('',(0.883340578149,-5.124422838037,
    48.381503282405));
#5305 = CARTESIAN_POINT('',(1.414300321037,-5.032896767476,
    48.43095499787));
#5306 = CARTESIAN_POINT('',(1.934463410866,-4.877139789621,
    48.480430526006));
#5307 = CARTESIAN_POINT('',(2.434010814469,-4.658732818986,
    48.529890220091));
#5308 = CARTESIAN_POINT('',(2.904072600932,-4.381159074439,
    48.579356493317));
#5309 = CARTESIAN_POINT('',(3.336559092709,-4.049197286676,
    48.628846932084));
#5310 = CARTESIAN_POINT('',(3.724140057768,-3.668932643451,
    48.678366982194));
#5311 = CARTESIAN_POINT('',(4.060691882348,-3.248196643776,
    48.727861070683));
#5312 = PCURVE('',#1437,#5313);
#5313 = DEFINITIONAL_REPRESENTATION('',(#5314),#5323);
#5314 = B_SPLINE_CURVE_WITH_KNOTS('',7,(#5315,#5316,#5317,#5318,#5319,
    #5320,#5321,#5322),.UNSPECIFIED.,.F.,.F.,(8,8),(0.,1.),
  .PIECEWISE_BEZIER_KNOTS.);
#5315 = CARTESIAN_POINT('',(1.131370849898,12.373787170705));
#5316 = CARTESIAN_POINT('',(1.131342640951,12.488605033999));
#5317 = CARTESIAN_POINT('',(1.131313340217,12.60347995504));
#5318 = CARTESIAN_POINT('',(1.131291506323,12.718305873062));
#5319 = CARTESIAN_POINT('',(1.131287900615,12.833117146316));
#5320 = CARTESIAN_POINT('',(1.1313089293,12.9479440781));
#5321 = CARTESIAN_POINT('',(1.131341041186,13.062821547232));
#5322 = CARTESIAN_POINT('',(1.131370849898,13.177642543854));
#5323 = ( GEOMETRIC_REPRESENTATION_CONTEXT(2) 
PARAMETRIC_REPRESENTATION_CONTEXT() REPRESENTATION_CONTEXT('2D SPACE',''
  ) );
#5324 = PCURVE('',#1537,#5325);
#5325 = DEFINITIONAL_REPRESENTATION('',(#5326),#5335);
#5326 = B_SPLINE_CURVE_WITH_KNOTS('',7,(#5327,#5328,#5329,#5330,#5331,
    #5332,#5333,#5334),.UNSPECIFIED.,.F.,.F.,(8,8),(0.,1.),
  .PIECEWISE_BEZIER_KNOTS.);
#5327 = CARTESIAN_POINT('',(-4.883089965916,-6.381503282405));
#5328 = CARTESIAN_POINT('',(-4.986703535613,-6.43095499787));
#5329 = CARTESIAN_POINT('',(-5.090369328352,-6.480430526006));
#5330 = CARTESIAN_POINT('',(-5.193991562909,-6.529890220091));
#5331 = CARTESIAN_POINT('',(-5.297600685951,-6.579356493317));
#5332 = CARTESIAN_POINT('',(-5.401221937899,-6.628846932084));
#5333 = CARTESIAN_POINT('',(-5.504886054282,-6.678366982194));
#5334 = CARTESIAN_POINT('',(-5.608497953896,-6.727861070683));
#5335 = ( GEOMETRIC_REPRESENTATION_CONTEXT(2) 
PARAMETRIC_REPRESENTATION_CONTEXT() REPRESENTATION_CONTEXT('2D SPACE',''
  ) );
#5336 = ORIENTED_EDGE('',*,*,#5337,.T.);
#5337 = EDGE_CURVE('',#5300,#5338,#5340,.T.);
#5338 = VERTEX_POINT('',#5339);
#5339 = CARTESIAN_POINT('',(5.200000033696,-4.13036345703E-12,
    49.050000026047));
#5340 = SURFACE_CURVE('',#5341,(#5380,#5387),.PCURVE_S1.);
#5341 = B_SPLINE_CURVE_WITH_KNOTS('',10,(#5342,#5343,#5344,#5345,#5346,
    #5347,#5348,#5349,#5350,#5351,#5352,#5353,#5354,#5355,#5356,#5357,
    #5358,#5359,#5360,#5361,#5362,#5363,#5364,#5365,#5366,#5367,#5368,
    #5369,#5370,#5371,#5372,#5373,#5374,#5375,#5376,#5377,#5378,#5379),
  .UNSPECIFIED.,.F.,.F.,(11,9,9,9,11),(0.,6.962644440466,13.925288880933
    ,20.887933321399,27.850577761866),.UNSPECIFIED.);
#5342 = CARTESIAN_POINT('',(5.2,-1.746082220887E-15,43.05));
#5343 = CARTESIAN_POINT('',(5.200000326493,3.267255012668,43.35000012436
    ));
#5344 = CARTESIAN_POINT('',(2.919514397562,6.537145433903,
    43.649999777826));
#5345 = CARTESIAN_POINT('',(-1.646773795021,7.994428406087,
    43.95000041495));
#5346 = CARTESIAN_POINT('',(-6.861128022023,5.952838912208,
    44.249999680191));
#5347 = CARTESIAN_POINT('',(-9.6232197817,4.355873033691E-06,
    44.550000104898));
#5348 = CARTESIAN_POINT('',(-6.861125714845,-5.952845672594,
    44.850000223437));
#5349 = CARTESIAN_POINT('',(-1.646776330182,-7.994425367577,
    45.149999758034));
#5350 = CARTESIAN_POINT('',(2.919515724006,-6.537146066328,
    45.450000188021));
#5351 = CARTESIAN_POINT('',(5.199999942721,-3.267255021476,
    45.749999978887));
#5352 = CARTESIAN_POINT('',(5.200000194456,3.267255016984,
    46.350000073732));
#5353 = CARTESIAN_POINT('',(2.919514599061,6.537145427383,
    46.649999855048));
#5354 = CARTESIAN_POINT('',(-1.646774044517,7.994428414015,
    46.950000319386));
#5355 = CARTESIAN_POINT('',(-6.861127769087,5.952838904349,
    47.249999777041));
#5356 = CARTESIAN_POINT('',(-9.623219991174,4.362258272711E-06,
    47.550000024679));
#5357 = CARTESIAN_POINT('',(-6.861125575313,-5.952845676817,
    47.850000276904));
#5358 = CARTESIAN_POINT('',(-1.64677640215,-7.994425365376,
    48.149999730432));
#5359 = CARTESIAN_POINT('',(2.91951575017,-6.537146067152,
    48.450000198061));
#5360 = CARTESIAN_POINT('',(5.199999938073,-3.267255021322,
    48.749999977107));
#5361 = CARTESIAN_POINT('',(5.20000019671,3.267255016911,49.350000074583
    ));
#5362 = CARTESIAN_POINT('',(2.919514595574,6.537145427427,
    49.649999853784));
#5363 = CARTESIAN_POINT('',(-1.646774039761,7.994428414114,
    49.950000321054));
#5364 = CARTESIAN_POINT('',(-6.861127775093,5.95283890406,
    50.249999774937));
#5365 = CARTESIAN_POINT('',(-9.623219984205,4.362613694163E-06,
    50.550000027196));
#5366 = CARTESIAN_POINT('',(-6.861125582402,-5.952845677048,
    50.850000274252));
#5367 = CARTESIAN_POINT('',(-1.6467763961,-7.994425365339,
    51.149999732743));
#5368 = CARTESIAN_POINT('',(2.919515745924,-6.537146067079,
    51.450000196433));
#5369 = CARTESIAN_POINT('',(5.199999940513,-3.267255021399,
    51.749999978036));
#5370 = CARTESIAN_POINT('',(5.200000191983,3.267255017065,
    52.350000072794));
#5371 = CARTESIAN_POINT('',(2.919514621931,6.537145426566,
    52.649999863748));
#5372 = CARTESIAN_POINT('',(-1.646774112404,7.994428416476,
    52.950000293592));
#5373 = CARTESIAN_POINT('',(-6.861127633772,5.952838899488,
    53.249999828372));
#5374 = CARTESIAN_POINT('',(-9.623220196964,4.369475113763E-06,
    53.549999946731));
#5375 = CARTESIAN_POINT('',(-6.86112532514,-5.952845685333,
    53.850000371569));
#5376 = CARTESIAN_POINT('',(-1.646776649847,-7.994425357167,
    54.149999636741));
#5377 = CARTESIAN_POINT('',(2.919515950638,-6.537146073677,
    54.450000273891));
#5378 = CARTESIAN_POINT('',(5.199999806559,-3.267255017078,
    54.749999927349));
#5379 = CARTESIAN_POINT('',(5.200000135745,-4.40931716434E-09,
    55.050000051712));
#5380 = PCURVE('',#1437,#5381);
#5381 = DEFINITIONAL_REPRESENTATION('',(#5382),#5386);
#5382 = LINE('',#5383,#5384);
#5383 = CARTESIAN_POINT('',(1.131370849898,0.));
#5384 = VECTOR('',#5385,1.);
#5385 = DIRECTION('',(0.,1.));
#5386 = ( GEOMETRIC_REPRESENTATION_CONTEXT(2) 
PARAMETRIC_REPRESENTATION_CONTEXT() REPRESENTATION_CONTEXT('2D SPACE',''
  ) );
#5387 = PCURVE('',#5388,#5465);
#5388 = B_SPLINE_SURFACE_WITH_KNOTS('',1,10,(
    (#5389,#5390,#5391,#5392,#5393,#5394,#5395,#5396,#5397,#5398,#5399
      ,#5400,#5401,#5402,#5403,#5404,#5405,#5406,#5407,#5408,#5409,#5410
      ,#5411,#5412,#5413,#5414,#5415,#5416,#5417,#5418,#5419,#5420,#5421
      ,#5422,#5423,#5424,#5425,#5426)
    ,(#5427,#5428,#5429,#5430,#5431,#5432,#5433,#5434,#5435,#5436,#5437
      ,#5438,#5439,#5440,#5441,#5442,#5443,#5444,#5445,#5446,#5447,#5448
      ,#5449,#5450,#5451,#5452,#5453,#5454,#5455,#5456,#5457,#5458,#5459
      ,#5460,#5461,#5462,#5463,#5464
    )),.UNSPECIFIED.,.F.,.F.,.F.,(2,2),(11,9,9,9,11),(0.,2.1),(0.,
    6.962644440466,13.925288880933,20.887933321399,27.850577761866),
  .UNSPECIFIED.);
#5389 = CARTESIAN_POINT('',(5.2,1.51936921538E-15,43.05));
#5390 = CARTESIAN_POINT('',(5.200000326493,3.267255012668,43.35000012436
    ));
#5391 = CARTESIAN_POINT('',(2.919514397561,6.537145433903,
    43.649999777827));
#5392 = CARTESIAN_POINT('',(-1.64677379502,7.994428406087,
    43.950000414948));
#5393 = CARTESIAN_POINT('',(-6.861128022024,5.952838912208,
    44.249999680196));
#5394 = CARTESIAN_POINT('',(-9.623219781698,4.355872835956E-06,
    44.550000104892));
#5395 = CARTESIAN_POINT('',(-6.861125714847,-5.952845672594,
    44.850000223442));
#5396 = CARTESIAN_POINT('',(-1.646776330181,-7.994425367577,
    45.14999975803));
#5397 = CARTESIAN_POINT('',(2.919515724006,-6.537146066328,
    45.450000188022));
#5398 = CARTESIAN_POINT('',(5.199999942721,-3.267255021476,
    45.749999978886));
#5399 = CARTESIAN_POINT('',(5.200000194456,3.267255016984,
    46.350000073731));
#5400 = CARTESIAN_POINT('',(2.919514599061,6.537145427383,
    46.649999855049));
#5401 = CARTESIAN_POINT('',(-1.646774044517,7.994428414014,
    46.950000319384));
#5402 = CARTESIAN_POINT('',(-6.861127769088,5.952838904349,
    47.249999777044));
#5403 = CARTESIAN_POINT('',(-9.623219991174,4.36225766737E-06,
    47.550000024677));
#5404 = CARTESIAN_POINT('',(-6.861125575314,-5.952845676816,
    47.850000276906));
#5405 = CARTESIAN_POINT('',(-1.64677640215,-7.994425365377,
    48.149999730431));
#5406 = CARTESIAN_POINT('',(2.919515750169,-6.537146067152,
    48.450000198062));
#5407 = CARTESIAN_POINT('',(5.199999938073,-3.267255021322,
    48.749999977107));
#5408 = CARTESIAN_POINT('',(5.20000019671,3.267255016911,49.350000074583
    ));
#5409 = CARTESIAN_POINT('',(2.919514595574,6.537145427427,
    49.649999853784));
#5410 = CARTESIAN_POINT('',(-1.646774039761,7.994428414114,
    49.950000321054));
#5411 = CARTESIAN_POINT('',(-6.861127775093,5.95283890406,
    50.249999774936));
#5412 = CARTESIAN_POINT('',(-9.623219984204,4.362613873876E-06,
    50.550000027199));
#5413 = CARTESIAN_POINT('',(-6.861125582403,-5.952845677048,
    50.850000274248));
#5414 = CARTESIAN_POINT('',(-1.6467763961,-7.994425365339,
    51.149999732746));
#5415 = CARTESIAN_POINT('',(2.919515745924,-6.537146067079,
    51.450000196431));
#5416 = CARTESIAN_POINT('',(5.199999940513,-3.267255021399,
    51.749999978036));
#5417 = CARTESIAN_POINT('',(5.200000191983,3.267255017065,
    52.350000072794));
#5418 = CARTESIAN_POINT('',(2.919514621931,6.537145426566,
    52.649999863749));
#5419 = CARTESIAN_POINT('',(-1.646774112405,7.994428416476,
    52.950000293588));
#5420 = CARTESIAN_POINT('',(-6.861127633771,5.952838899488,
    53.249999828378));
#5421 = CARTESIAN_POINT('',(-9.623220196965,4.369474966422E-06,
    53.549999946723));
#5422 = CARTESIAN_POINT('',(-6.861125325139,-5.952845685333,
    53.850000371577));
#5423 = CARTESIAN_POINT('',(-1.646776649848,-7.994425357167,
    54.149999636736));
#5424 = CARTESIAN_POINT('',(2.919515950639,-6.537146073677,
    54.450000273893));
#5425 = CARTESIAN_POINT('',(5.199999806559,-3.267255017078,
    54.749999927348));
#5426 = CARTESIAN_POINT('',(5.200000135745,-4.40931743079E-09,
    55.050000051712));
#5427 = CARTESIAN_POINT('',(5.2,-1.682482217683E-15,40.95));
#5428 = CARTESIAN_POINT('',(5.1999996736,3.267254927378,41.250000124359)
  );
#5429 = CARTESIAN_POINT('',(2.919515879932,6.537145900558,41.54999977783
    ));
#5430 = CARTESIAN_POINT('',(-1.646776599995,7.994425149888,
    41.85000041494));
#5431 = CARTESIAN_POINT('',(-6.86112514114,5.952845535698,
    42.149999680209));
#5432 = CARTESIAN_POINT('',(-9.623219945552,-4.361202752408E-06,
    42.450000104875));
#5433 = CARTESIAN_POINT('',(-6.861127459933,-5.952838738407,
    42.750000223458));
#5434 = CARTESIAN_POINT('',(-1.646774076013,-7.994428206297,
    43.04999975802));
#5435 = CARTESIAN_POINT('',(2.919514540056,-6.537145258435,
    43.350000188027));
#5436 = CARTESIAN_POINT('',(5.200000053534,-3.267254936179,
    43.649999978886));
#5437 = CARTESIAN_POINT('',(5.199999807428,3.267254931702,
    44.250000073732));
#5438 = CARTESIAN_POINT('',(2.919515675711,6.537145893881,44.54999985505
    ));
#5439 = CARTESIAN_POINT('',(-1.64677634715,7.994425158318,
    44.850000319382));
#5440 = CARTESIAN_POINT('',(-6.861125397444,5.952845526966,
    45.149999777049));
#5441 = CARTESIAN_POINT('',(-9.623219733308,-4.353853182915E-06,
    45.450000024669));
#5442 = CARTESIAN_POINT('',(-6.8611276013,-5.95283874332,45.750000276913
    ));
#5443 = CARTESIAN_POINT('',(-1.6467740031,-7.994428203796,
    46.049999730425));
#5444 = CARTESIAN_POINT('',(2.91951451355,-6.537145259318,
    46.350000198064));
#5445 = CARTESIAN_POINT('',(5.200000058242,-3.267254936029,
    46.649999977106));
#5446 = CARTESIAN_POINT('',(5.199999805147,3.267254931625,
    47.250000074583));
#5447 = CARTESIAN_POINT('',(2.919515679217,6.537145894079,
    47.549999853785));
#5448 = CARTESIAN_POINT('',(-1.646776351889,7.994425157875,
    47.850000321051));
#5449 = CARTESIAN_POINT('',(-6.861125391507,5.952845527687,
    48.149999774942));
#5450 = CARTESIAN_POINT('',(-9.623219740175,-4.354692597843E-06,
    48.450000027193));
#5451 = CARTESIAN_POINT('',(-6.861127594313,-5.952838742618,
    48.750000274255));
#5452 = CARTESIAN_POINT('',(-1.646774009073,-7.994428204223,
    49.049999732742));
#5453 = CARTESIAN_POINT('',(2.919514517745,-6.53714525912,
    49.350000196433));
#5454 = CARTESIAN_POINT('',(5.200000055832,-3.26725493611,
    49.649999978036));
#5455 = CARTESIAN_POINT('',(5.199999809811,3.267254931776,
    50.250000072794));
#5456 = CARTESIAN_POINT('',(2.919515653215,6.537145893238,
    50.549999863747));
#5457 = CARTESIAN_POINT('',(-1.646776280227,7.994425160202,
    50.850000293592));
#5458 = CARTESIAN_POINT('',(-6.861125530919,5.952845523143,
    51.149999828372));
#5459 = CARTESIAN_POINT('',(-9.623219530287,-4.347834636795E-06,
    51.44999994673));
#5460 = CARTESIAN_POINT('',(-6.861127848111,-5.952838750921,
    51.750000371571));
#5461 = CARTESIAN_POINT('',(-1.646773758734,-7.994428196031,
    52.049999636739));
#5462 = CARTESIAN_POINT('',(2.919514315775,-6.537145265727,
    52.350000273892));
#5463 = CARTESIAN_POINT('',(5.200000187992,-3.267254931788,
    52.649999927348));
#5464 = CARTESIAN_POINT('',(5.199999864255,-4.408783459548E-09,
    52.950000051712));
#5465 = DEFINITIONAL_REPRESENTATION('',(#5466),#5469);
#5466 = B_SPLINE_CURVE_WITH_KNOTS('',1,(#5467,#5468),.UNSPECIFIED.,.F.,
  .F.,(2,2),(0.,27.850577761866),.PIECEWISE_BEZIER_KNOTS.);
#5467 = CARTESIAN_POINT('',(0.,0.));
#5468 = CARTESIAN_POINT('',(0.,27.850577761866));
#5469 = ( GEOMETRIC_REPRESENTATION_CONTEXT(2) 
PARAMETRIC_REPRESENTATION_CONTEXT() REPRESENTATION_CONTEXT('2D SPACE',''
  ) );
#5470 = ORIENTED_EDGE('',*,*,#5471,.T.);
#5471 = EDGE_CURVE('',#5338,#5472,#5474,.T.);
#5472 = VERTEX_POINT('',#5473);
#5473 = CARTESIAN_POINT('',(4.060978202813,3.247838671528,
    49.372096889737));
#5474 = SURFACE_CURVE('',#5475,(#5514,#5521),.PCURVE_S1.);
#5475 = B_SPLINE_CURVE_WITH_KNOTS('',10,(#5476,#5477,#5478,#5479,#5480,
    #5481,#5482,#5483,#5484,#5485,#5486,#5487,#5488,#5489,#5490,#5491,
    #5492,#5493,#5494,#5495,#5496,#5497,#5498,#5499,#5500,#5501,#5502,
    #5503,#5504,#5505,#5506,#5507,#5508,#5509,#5510,#5511,#5512,#5513),
  .UNSPECIFIED.,.F.,.F.,(11,9,9,9,11),(0.,6.962644440466,13.925288880933
    ,20.887933321399,27.850577761866),.UNSPECIFIED.);
#5476 = CARTESIAN_POINT('',(5.2,-1.746082220887E-15,43.05));
#5477 = CARTESIAN_POINT('',(5.200000326493,3.267255012668,43.35000012436
    ));
#5478 = CARTESIAN_POINT('',(2.919514397562,6.537145433903,
    43.649999777826));
#5479 = CARTESIAN_POINT('',(-1.646773795021,7.994428406087,
    43.95000041495));
#5480 = CARTESIAN_POINT('',(-6.861128022023,5.952838912208,
    44.249999680191));
#5481 = CARTESIAN_POINT('',(-9.6232197817,4.355873033691E-06,
    44.550000104898));
#5482 = CARTESIAN_POINT('',(-6.861125714845,-5.952845672594,
    44.850000223437));
#5483 = CARTESIAN_POINT('',(-1.646776330182,-7.994425367577,
    45.149999758034));
#5484 = CARTESIAN_POINT('',(2.919515724006,-6.537146066328,
    45.450000188021));
#5485 = CARTESIAN_POINT('',(5.199999942721,-3.267255021476,
    45.749999978887));
#5486 = CARTESIAN_POINT('',(5.200000194456,3.267255016984,
    46.350000073732));
#5487 = CARTESIAN_POINT('',(2.919514599061,6.537145427383,
    46.649999855048));
#5488 = CARTESIAN_POINT('',(-1.646774044517,7.994428414015,
    46.950000319386));
#5489 = CARTESIAN_POINT('',(-6.861127769087,5.952838904349,
    47.249999777041));
#5490 = CARTESIAN_POINT('',(-9.623219991174,4.362258272711E-06,
    47.550000024679));
#5491 = CARTESIAN_POINT('',(-6.861125575313,-5.952845676817,
    47.850000276904));
#5492 = CARTESIAN_POINT('',(-1.64677640215,-7.994425365376,
    48.149999730432));
#5493 = CARTESIAN_POINT('',(2.91951575017,-6.537146067152,
    48.450000198061));
#5494 = CARTESIAN_POINT('',(5.199999938073,-3.267255021322,
    48.749999977107));
#5495 = CARTESIAN_POINT('',(5.20000019671,3.267255016911,49.350000074583
    ));
#5496 = CARTESIAN_POINT('',(2.919514595574,6.537145427427,
    49.649999853784));
#5497 = CARTESIAN_POINT('',(-1.646774039761,7.994428414114,
    49.950000321054));
#5498 = CARTESIAN_POINT('',(-6.861127775093,5.95283890406,
    50.249999774937));
#5499 = CARTESIAN_POINT('',(-9.623219984205,4.362613694163E-06,
    50.550000027196));
#5500 = CARTESIAN_POINT('',(-6.861125582402,-5.952845677048,
    50.850000274252));
#5501 = CARTESIAN_POINT('',(-1.6467763961,-7.994425365339,
    51.149999732743));
#5502 = CARTESIAN_POINT('',(2.919515745924,-6.537146067079,
    51.450000196433));
#5503 = CARTESIAN_POINT('',(5.199999940513,-3.267255021399,
    51.749999978036));
#5504 = CARTESIAN_POINT('',(5.200000191983,3.267255017065,
    52.350000072794));
#5505 = CARTESIAN_POINT('',(2.919514621931,6.537145426566,
    52.649999863748));
#5506 = CARTESIAN_POINT('',(-1.646774112404,7.994428416476,
    52.950000293592));
#5507 = CARTESIAN_POINT('',(-6.861127633772,5.952838899488,
    53.249999828372));
#5508 = CARTESIAN_POINT('',(-9.623220196964,4.369475113763E-06,
    53.549999946731));
#5509 = CARTESIAN_POINT('',(-6.86112532514,-5.952845685333,
    53.850000371569));
#5510 = CARTESIAN_POINT('',(-1.646776649847,-7.994425357167,
    54.149999636741));
#5511 = CARTESIAN_POINT('',(2.919515950638,-6.537146073677,
    54.450000273891));
#5512 = CARTESIAN_POINT('',(5.199999806559,-3.267255017078,
    54.749999927349));
#5513 = CARTESIAN_POINT('',(5.200000135745,-4.40931716434E-09,
    55.050000051712));
#5514 = PCURVE('',#1437,#5515);
#5515 = DEFINITIONAL_REPRESENTATION('',(#5516),#5520);
#5516 = LINE('',#5517,#5518);
#5517 = CARTESIAN_POINT('',(1.131370849898,0.));
#5518 = VECTOR('',#5519,1.);
#5519 = DIRECTION('',(0.,1.));
#5520 = ( GEOMETRIC_REPRESENTATION_CONTEXT(2) 
PARAMETRIC_REPRESENTATION_CONTEXT() REPRESENTATION_CONTEXT('2D SPACE',''
  ) );
#5521 = PCURVE('',#5522,#5599);
#5522 = B_SPLINE_SURFACE_WITH_KNOTS('',1,10,(
    (#5523,#5524,#5525,#5526,#5527,#5528,#5529,#5530,#5531,#5532,#5533
      ,#5534,#5535,#5536,#5537,#5538,#5539,#5540,#5541,#5542,#5543,#5544
      ,#5545,#5546,#5547,#5548,#5549,#5550,#5551,#5552,#5553,#5554,#5555
      ,#5556,#5557,#5558,#5559,#5560)
    ,(#5561,#5562,#5563,#5564,#5565,#5566,#5567,#5568,#5569,#5570,#5571
      ,#5572,#5573,#5574,#5575,#5576,#5577,#5578,#5579,#5580,#5581,#5582
      ,#5583,#5584,#5585,#5586,#5587,#5588,#5589,#5590,#5591,#5592,#5593
      ,#5594,#5595,#5596,#5597,#5598
    )),.UNSPECIFIED.,.F.,.F.,.F.,(2,2),(11,9,9,9,11),(0.,2.1),(0.,
    6.962644440466,13.925288880933,20.887933321399,27.850577761866),
  .UNSPECIFIED.);
#5523 = CARTESIAN_POINT('',(5.2,1.51936921538E-15,43.05));
#5524 = CARTESIAN_POINT('',(5.200000326493,3.267255012668,43.35000012436
    ));
#5525 = CARTESIAN_POINT('',(2.919514397561,6.537145433903,
    43.649999777827));
#5526 = CARTESIAN_POINT('',(-1.64677379502,7.994428406087,
    43.950000414948));
#5527 = CARTESIAN_POINT('',(-6.861128022024,5.952838912208,
    44.249999680196));
#5528 = CARTESIAN_POINT('',(-9.623219781698,4.355872835956E-06,
    44.550000104892));
#5529 = CARTESIAN_POINT('',(-6.861125714847,-5.952845672594,
    44.850000223442));
#5530 = CARTESIAN_POINT('',(-1.646776330181,-7.994425367577,
    45.14999975803));
#5531 = CARTESIAN_POINT('',(2.919515724006,-6.537146066328,
    45.450000188022));
#5532 = CARTESIAN_POINT('',(5.199999942721,-3.267255021476,
    45.749999978886));
#5533 = CARTESIAN_POINT('',(5.200000194456,3.267255016984,
    46.350000073731));
#5534 = CARTESIAN_POINT('',(2.919514599061,6.537145427383,
    46.649999855049));
#5535 = CARTESIAN_POINT('',(-1.646774044517,7.994428414014,
    46.950000319384));
#5536 = CARTESIAN_POINT('',(-6.861127769088,5.952838904349,
    47.249999777044));
#5537 = CARTESIAN_POINT('',(-9.623219991174,4.36225766737E-06,
    47.550000024677));
#5538 = CARTESIAN_POINT('',(-6.861125575314,-5.952845676816,
    47.850000276906));
#5539 = CARTESIAN_POINT('',(-1.64677640215,-7.994425365377,
    48.149999730431));
#5540 = CARTESIAN_POINT('',(2.919515750169,-6.537146067152,
    48.450000198062));
#5541 = CARTESIAN_POINT('',(5.199999938073,-3.267255021322,
    48.749999977107));
#5542 = CARTESIAN_POINT('',(5.20000019671,3.267255016911,49.350000074583
    ));
#5543 = CARTESIAN_POINT('',(2.919514595574,6.537145427427,
    49.649999853784));
#5544 = CARTESIAN_POINT('',(-1.646774039761,7.994428414114,
    49.950000321054));
#5545 = CARTESIAN_POINT('',(-6.861127775093,5.95283890406,
    50.249999774936));
#5546 = CARTESIAN_POINT('',(-9.623219984204,4.362613873876E-06,
    50.550000027199));
#5547 = CARTESIAN_POINT('',(-6.861125582403,-5.952845677048,
    50.850000274248));
#5548 = CARTESIAN_POINT('',(-1.6467763961,-7.994425365339,
    51.149999732746));
#5549 = CARTESIAN_POINT('',(2.919515745924,-6.537146067079,
    51.450000196431));
#5550 = CARTESIAN_POINT('',(5.199999940513,-3.267255021399,
    51.749999978036));
#5551 = CARTESIAN_POINT('',(5.200000191983,3.267255017065,
    52.350000072794));
#5552 = CARTESIAN_POINT('',(2.919514621931,6.537145426566,
    52.649999863749));
#5553 = CARTESIAN_POINT('',(-1.646774112405,7.994428416476,
    52.950000293588));
#5554 = CARTESIAN_POINT('',(-6.861127633771,5.952838899488,
    53.249999828378));
#5555 = CARTESIAN_POINT('',(-9.623220196965,4.369474966422E-06,
    53.549999946723));
#5556 = CARTESIAN_POINT('',(-6.861125325139,-5.952845685333,
    53.850000371577));
#5557 = CARTESIAN_POINT('',(-1.646776649848,-7.994425357167,
    54.149999636736));
#5558 = CARTESIAN_POINT('',(2.919515950639,-6.537146073677,
    54.450000273893));
#5559 = CARTESIAN_POINT('',(5.199999806559,-3.267255017078,
    54.749999927348));
#5560 = CARTESIAN_POINT('',(5.200000135745,-4.40931743079E-09,
    55.050000051712));
#5561 = CARTESIAN_POINT('',(5.2,-1.682482217683E-15,40.95));
#5562 = CARTESIAN_POINT('',(5.1999996736,3.267254927378,41.250000124359)
  );
#5563 = CARTESIAN_POINT('',(2.919515879932,6.537145900558,41.54999977783
    ));
#5564 = CARTESIAN_POINT('',(-1.646776599995,7.994425149888,
    41.85000041494));
#5565 = CARTESIAN_POINT('',(-6.86112514114,5.952845535698,
    42.149999680209));
#5566 = CARTESIAN_POINT('',(-9.623219945552,-4.361202752408E-06,
    42.450000104875));
#5567 = CARTESIAN_POINT('',(-6.861127459933,-5.952838738407,
    42.750000223458));
#5568 = CARTESIAN_POINT('',(-1.646774076013,-7.994428206297,
    43.04999975802));
#5569 = CARTESIAN_POINT('',(2.919514540056,-6.537145258435,
    43.350000188027));
#5570 = CARTESIAN_POINT('',(5.200000053534,-3.267254936179,
    43.649999978886));
#5571 = CARTESIAN_POINT('',(5.199999807428,3.267254931702,
    44.250000073732));
#5572 = CARTESIAN_POINT('',(2.919515675711,6.537145893881,44.54999985505
    ));
#5573 = CARTESIAN_POINT('',(-1.64677634715,7.994425158318,
    44.850000319382));
#5574 = CARTESIAN_POINT('',(-6.861125397444,5.952845526966,
    45.149999777049));
#5575 = CARTESIAN_POINT('',(-9.623219733308,-4.353853182915E-06,
    45.450000024669));
#5576 = CARTESIAN_POINT('',(-6.8611276013,-5.95283874332,45.750000276913
    ));
#5577 = CARTESIAN_POINT('',(-1.6467740031,-7.994428203796,
    46.049999730425));
#5578 = CARTESIAN_POINT('',(2.91951451355,-6.537145259318,
    46.350000198064));
#5579 = CARTESIAN_POINT('',(5.200000058242,-3.267254936029,
    46.649999977106));
#5580 = CARTESIAN_POINT('',(5.199999805147,3.267254931625,
    47.250000074583));
#5581 = CARTESIAN_POINT('',(2.919515679217,6.537145894079,
    47.549999853785));
#5582 = CARTESIAN_POINT('',(-1.646776351889,7.994425157875,
    47.850000321051));
#5583 = CARTESIAN_POINT('',(-6.861125391507,5.952845527687,
    48.149999774942));
#5584 = CARTESIAN_POINT('',(-9.623219740175,-4.354692597843E-06,
    48.450000027193));
#5585 = CARTESIAN_POINT('',(-6.861127594313,-5.952838742618,
    48.750000274255));
#5586 = CARTESIAN_POINT('',(-1.646774009073,-7.994428204223,
    49.049999732742));
#5587 = CARTESIAN_POINT('',(2.919514517745,-6.53714525912,
    49.350000196433));
#5588 = CARTESIAN_POINT('',(5.200000055832,-3.26725493611,
    49.649999978036));
#5589 = CARTESIAN_POINT('',(5.199999809811,3.267254931776,
    50.250000072794));
#5590 = CARTESIAN_POINT('',(2.919515653215,6.537145893238,
    50.549999863747));
#5591 = CARTESIAN_POINT('',(-1.646776280227,7.994425160202,
    50.850000293592));
#5592 = CARTESIAN_POINT('',(-6.861125530919,5.952845523143,
    51.149999828372));
#5593 = CARTESIAN_POINT('',(-9.623219530287,-4.347834636795E-06,
    51.44999994673));
#5594 = CARTESIAN_POINT('',(-6.861127848111,-5.952838750921,
    51.750000371571));
#5595 = CARTESIAN_POINT('',(-1.646773758734,-7.994428196031,
    52.049999636739));
#5596 = CARTESIAN_POINT('',(2.919514315775,-6.537145265727,
    52.350000273892));
#5597 = CARTESIAN_POINT('',(5.200000187992,-3.267254931788,
    52.649999927348));
#5598 = CARTESIAN_POINT('',(5.199999864255,-4.408783459548E-09,
    52.950000051712));
#5599 = DEFINITIONAL_REPRESENTATION('',(#5600),#5603);
#5600 = B_SPLINE_CURVE_WITH_KNOTS('',1,(#5601,#5602),.UNSPECIFIED.,.F.,
  .F.,(2,2),(0.,27.850577761866),.PIECEWISE_BEZIER_KNOTS.);
#5601 = CARTESIAN_POINT('',(0.,0.));
#5602 = CARTESIAN_POINT('',(0.,27.850577761866));
#5603 = ( GEOMETRIC_REPRESENTATION_CONTEXT(2) 
PARAMETRIC_REPRESENTATION_CONTEXT() REPRESENTATION_CONTEXT('2D SPACE',''
  ) );
#5604 = ORIENTED_EDGE('',*,*,#5605,.T.);
#5605 = EDGE_CURVE('',#5472,#5606,#5608,.T.);
#5606 = VERTEX_POINT('',#5607);
#5607 = CARTESIAN_POINT('',(0.88375704345,5.124351030909,49.718457966877
    ));
#5608 = SURFACE_CURVE('',#5609,(#5618,#5630),.PCURVE_S1.);
#5609 = B_SPLINE_CURVE_WITH_KNOTS('',7,(#5610,#5611,#5612,#5613,#5614,
    #5615,#5616,#5617),.UNSPECIFIED.,.F.,.F.,(8,8),(0.,1.),
  .PIECEWISE_BEZIER_KNOTS.);
#5610 = CARTESIAN_POINT('',(4.060978202831,3.247838671506,
    49.372096889734));
#5611 = CARTESIAN_POINT('',(3.724454967377,3.668614966805,
    49.421550076135));
#5612 = CARTESIAN_POINT('',(3.336896757987,4.048921992964,
    49.471025925233));
#5613 = CARTESIAN_POINT('',(2.904428929317,4.380924811858,
    49.520487516571));
#5614 = CARTESIAN_POINT('',(2.434384822933,4.658537839682,49.56995930708
    ));
#5615 = CARTESIAN_POINT('',(1.934854488241,4.876983996169,
    49.619449904433));
#5616 = CARTESIAN_POINT('',(1.414707184381,5.032782229687,49.6689665659)
  );
#5617 = CARTESIAN_POINT('',(0.883756593994,5.12435110844,49.718458008755
    ));
#5618 = PCURVE('',#1437,#5619);
#5619 = DEFINITIONAL_REPRESENTATION('',(#5620),#5629);
#5620 = B_SPLINE_CURVE_WITH_KNOTS('',7,(#5621,#5622,#5623,#5624,#5625,
    #5626,#5627,#5628),.UNSPECIFIED.,.F.,.F.,(8,8),(0.,1.),
  .PIECEWISE_BEZIER_KNOTS.);
#5621 = CARTESIAN_POINT('',(1.131370849898,14.672837529106));
#5622 = CARTESIAN_POINT('',(1.131341047637,14.787661425059));
#5623 = CARTESIAN_POINT('',(1.131308944011,14.902541693671));
#5624 = CARTESIAN_POINT('',(1.131287921831,15.017370684135));
#5625 = CARTESIAN_POINT('',(1.131291528596,15.132182925881));
#5626 = CARTESIAN_POINT('',(1.131313357338,15.247008911489));
#5627 = CARTESIAN_POINT('',(1.131342649598,15.361883140505));
#5628 = CARTESIAN_POINT('',(1.131370849898,15.476700632518));
#5629 = ( GEOMETRIC_REPRESENTATION_CONTEXT(2) 
PARAMETRIC_REPRESENTATION_CONTEXT() REPRESENTATION_CONTEXT('2D SPACE',''
  ) );
#5630 = PCURVE('',#1537,#5631);
#5631 = DEFINITIONAL_REPRESENTATION('',(#5632),#5641);
#5632 = B_SPLINE_CURVE_WITH_KNOTS('',7,(#5633,#5634,#5635,#5636,#5637,
    #5638,#5639,#5640),.UNSPECIFIED.,.F.,.F.,(8,8),(0.,1.),
  .PIECEWISE_BEZIER_KNOTS.);
#5633 = CARTESIAN_POINT('',(-0.674599200905,-7.372096889734));
#5634 = CARTESIAN_POINT('',(-0.77821371797,-7.421550076135));
#5635 = CARTESIAN_POINT('',(-0.881880360277,-7.471025925233));
#5636 = CARTESIAN_POINT('',(-0.98550346833,-7.520487516571));
#5637 = CARTESIAN_POINT('',(-1.089113463473,-7.56995930708));
#5638 = CARTESIAN_POINT('',(-1.192735756786,-7.619449904433));
#5639 = CARTESIAN_POINT('',(-1.296400923751,-7.6689665659));
#5640 = CARTESIAN_POINT('',(-1.400014157729,-7.718458008755));
#5641 = ( GEOMETRIC_REPRESENTATION_CONTEXT(2) 
PARAMETRIC_REPRESENTATION_CONTEXT() REPRESENTATION_CONTEXT('2D SPACE',''
  ) );
#5642 = ORIENTED_EDGE('',*,*,#5643,.T.);
#5643 = EDGE_CURVE('',#5606,#5644,#5646,.T.);
#5644 = VERTEX_POINT('',#5645);
#5645 = CARTESIAN_POINT('',(-3.34931293406,3.977700701359,
    50.134150414611));
#5646 = SURFACE_CURVE('',#5647,(#5686,#5693),.PCURVE_S1.);
#5647 = B_SPLINE_CURVE_WITH_KNOTS('',10,(#5648,#5649,#5650,#5651,#5652,
    #5653,#5654,#5655,#5656,#5657,#5658,#5659,#5660,#5661,#5662,#5663,
    #5664,#5665,#5666,#5667,#5668,#5669,#5670,#5671,#5672,#5673,#5674,
    #5675,#5676,#5677,#5678,#5679,#5680,#5681,#5682,#5683,#5684,#5685),
  .UNSPECIFIED.,.F.,.F.,(11,9,9,9,11),(0.,6.962644440466,13.925288880933
    ,20.887933321399,27.850577761866),.UNSPECIFIED.);
#5648 = CARTESIAN_POINT('',(5.2,-1.746082220887E-15,43.05));
#5649 = CARTESIAN_POINT('',(5.200000326493,3.267255012668,43.35000012436
    ));
#5650 = CARTESIAN_POINT('',(2.919514397562,6.537145433903,
    43.649999777826));
#5651 = CARTESIAN_POINT('',(-1.646773795021,7.994428406087,
    43.95000041495));
#5652 = CARTESIAN_POINT('',(-6.861128022023,5.952838912208,
    44.249999680191));
#5653 = CARTESIAN_POINT('',(-9.6232197817,4.355873033691E-06,
    44.550000104898));
#5654 = CARTESIAN_POINT('',(-6.861125714845,-5.952845672594,
    44.850000223437));
#5655 = CARTESIAN_POINT('',(-1.646776330182,-7.994425367577,
    45.149999758034));
#5656 = CARTESIAN_POINT('',(2.919515724006,-6.537146066328,
    45.450000188021));
#5657 = CARTESIAN_POINT('',(5.199999942721,-3.267255021476,
    45.749999978887));
#5658 = CARTESIAN_POINT('',(5.200000194456,3.267255016984,
    46.350000073732));
#5659 = CARTESIAN_POINT('',(2.919514599061,6.537145427383,
    46.649999855048));
#5660 = CARTESIAN_POINT('',(-1.646774044517,7.994428414015,
    46.950000319386));
#5661 = CARTESIAN_POINT('',(-6.861127769087,5.952838904349,
    47.249999777041));
#5662 = CARTESIAN_POINT('',(-9.623219991174,4.362258272711E-06,
    47.550000024679));
#5663 = CARTESIAN_POINT('',(-6.861125575313,-5.952845676817,
    47.850000276904));
#5664 = CARTESIAN_POINT('',(-1.64677640215,-7.994425365376,
    48.149999730432));
#5665 = CARTESIAN_POINT('',(2.91951575017,-6.537146067152,
    48.450000198061));
#5666 = CARTESIAN_POINT('',(5.199999938073,-3.267255021322,
    48.749999977107));
#5667 = CARTESIAN_POINT('',(5.20000019671,3.267255016911,49.350000074583
    ));
#5668 = CARTESIAN_POINT('',(2.919514595574,6.537145427427,
    49.649999853784));
#5669 = CARTESIAN_POINT('',(-1.646774039761,7.994428414114,
    49.950000321054));
#5670 = CARTESIAN_POINT('',(-6.861127775093,5.95283890406,
    50.249999774937));
#5671 = CARTESIAN_POINT('',(-9.623219984205,4.362613694163E-06,
    50.550000027196));
#5672 = CARTESIAN_POINT('',(-6.861125582402,-5.952845677048,
    50.850000274252));
#5673 = CARTESIAN_POINT('',(-1.6467763961,-7.994425365339,
    51.149999732743));
#5674 = CARTESIAN_POINT('',(2.919515745924,-6.537146067079,
    51.450000196433));
#5675 = CARTESIAN_POINT('',(5.199999940513,-3.267255021399,
    51.749999978036));
#5676 = CARTESIAN_POINT('',(5.200000191983,3.267255017065,
    52.350000072794));
#5677 = CARTESIAN_POINT('',(2.919514621931,6.537145426566,
    52.649999863748));
#5678 = CARTESIAN_POINT('',(-1.646774112404,7.994428416476,
    52.950000293592));
#5679 = CARTESIAN_POINT('',(-6.861127633772,5.952838899488,
    53.249999828372));
#5680 = CARTESIAN_POINT('',(-9.623220196964,4.369475113763E-06,
    53.549999946731));
#5681 = CARTESIAN_POINT('',(-6.86112532514,-5.952845685333,
    53.850000371569));
#5682 = CARTESIAN_POINT('',(-1.646776649847,-7.994425357167,
    54.149999636741));
#5683 = CARTESIAN_POINT('',(2.919515950638,-6.537146073677,
    54.450000273891));
#5684 = CARTESIAN_POINT('',(5.199999806559,-3.267255017078,
    54.749999927349));
#5685 = CARTESIAN_POINT('',(5.200000135745,-4.40931716434E-09,
    55.050000051712));
#5686 = PCURVE('',#1437,#5687);
#5687 = DEFINITIONAL_REPRESENTATION('',(#5688),#5692);
#5688 = LINE('',#5689,#5690);
#5689 = CARTESIAN_POINT('',(1.131370849898,0.));
#5690 = VECTOR('',#5691,1.);
#5691 = DIRECTION('',(0.,1.));
#5692 = ( GEOMETRIC_REPRESENTATION_CONTEXT(2) 
PARAMETRIC_REPRESENTATION_CONTEXT() REPRESENTATION_CONTEXT('2D SPACE',''
  ) );
#5693 = PCURVE('',#3081,#5694);
#5694 = DEFINITIONAL_REPRESENTATION('',(#5695),#5698);
#5695 = B_SPLINE_CURVE_WITH_KNOTS('',1,(#5696,#5697),.UNSPECIFIED.,.F.,
  .F.,(2,2),(0.,27.850577761866),.PIECEWISE_BEZIER_KNOTS.);
#5696 = CARTESIAN_POINT('',(0.,0.));
#5697 = CARTESIAN_POINT('',(0.,27.850577761866));
#5698 = ( GEOMETRIC_REPRESENTATION_CONTEXT(2) 
PARAMETRIC_REPRESENTATION_CONTEXT() REPRESENTATION_CONTEXT('2D SPACE',''
  ) );
#5699 = ORIENTED_EDGE('',*,*,#5700,.T.);
#5700 = EDGE_CURVE('',#5644,#5701,#5703,.T.);
#5701 = VERTEX_POINT('',#5702);
#5702 = CARTESIAN_POINT('',(-3.349561812201,-3.977491127099,
    50.965819761235));
#5703 = SURFACE_CURVE('',#5704,(#5743,#5750),.PCURVE_S1.);
#5704 = B_SPLINE_CURVE_WITH_KNOTS('',10,(#5705,#5706,#5707,#5708,#5709,
    #5710,#5711,#5712,#5713,#5714,#5715,#5716,#5717,#5718,#5719,#5720,
    #5721,#5722,#5723,#5724,#5725,#5726,#5727,#5728,#5729,#5730,#5731,
    #5732,#5733,#5734,#5735,#5736,#5737,#5738,#5739,#5740,#5741,#5742),
  .UNSPECIFIED.,.F.,.F.,(11,9,9,9,11),(0.,6.962644440466,13.925288880933
    ,20.887933321399,27.850577761866),.UNSPECIFIED.);
#5705 = CARTESIAN_POINT('',(5.2,-1.746082220887E-15,43.05));
#5706 = CARTESIAN_POINT('',(5.200000326493,3.267255012668,43.35000012436
    ));
#5707 = CARTESIAN_POINT('',(2.919514397562,6.537145433903,
    43.649999777826));
#5708 = CARTESIAN_POINT('',(-1.646773795021,7.994428406087,
    43.95000041495));
#5709 = CARTESIAN_POINT('',(-6.861128022023,5.952838912208,
    44.249999680191));
#5710 = CARTESIAN_POINT('',(-9.6232197817,4.355873033691E-06,
    44.550000104898));
#5711 = CARTESIAN_POINT('',(-6.861125714845,-5.952845672594,
    44.850000223437));
#5712 = CARTESIAN_POINT('',(-1.646776330182,-7.994425367577,
    45.149999758034));
#5713 = CARTESIAN_POINT('',(2.919515724006,-6.537146066328,
    45.450000188021));
#5714 = CARTESIAN_POINT('',(5.199999942721,-3.267255021476,
    45.749999978887));
#5715 = CARTESIAN_POINT('',(5.200000194456,3.267255016984,
    46.350000073732));
#5716 = CARTESIAN_POINT('',(2.919514599061,6.537145427383,
    46.649999855048));
#5717 = CARTESIAN_POINT('',(-1.646774044517,7.994428414015,
    46.950000319386));
#5718 = CARTESIAN_POINT('',(-6.861127769087,5.952838904349,
    47.249999777041));
#5719 = CARTESIAN_POINT('',(-9.623219991174,4.362258272711E-06,
    47.550000024679));
#5720 = CARTESIAN_POINT('',(-6.861125575313,-5.952845676817,
    47.850000276904));
#5721 = CARTESIAN_POINT('',(-1.64677640215,-7.994425365376,
    48.149999730432));
#5722 = CARTESIAN_POINT('',(2.91951575017,-6.537146067152,
    48.450000198061));
#5723 = CARTESIAN_POINT('',(5.199999938073,-3.267255021322,
    48.749999977107));
#5724 = CARTESIAN_POINT('',(5.20000019671,3.267255016911,49.350000074583
    ));
#5725 = CARTESIAN_POINT('',(2.919514595574,6.537145427427,
    49.649999853784));
#5726 = CARTESIAN_POINT('',(-1.646774039761,7.994428414114,
    49.950000321054));
#5727 = CARTESIAN_POINT('',(-6.861127775093,5.95283890406,
    50.249999774937));
#5728 = CARTESIAN_POINT('',(-9.623219984205,4.362613694163E-06,
    50.550000027196));
#5729 = CARTESIAN_POINT('',(-6.861125582402,-5.952845677048,
    50.850000274252));
#5730 = CARTESIAN_POINT('',(-1.6467763961,-7.994425365339,
    51.149999732743));
#5731 = CARTESIAN_POINT('',(2.919515745924,-6.537146067079,
    51.450000196433));
#5732 = CARTESIAN_POINT('',(5.199999940513,-3.267255021399,
    51.749999978036));
#5733 = CARTESIAN_POINT('',(5.200000191983,3.267255017065,
    52.350000072794));
#5734 = CARTESIAN_POINT('',(2.919514621931,6.537145426566,
    52.649999863748));
#5735 = CARTESIAN_POINT('',(-1.646774112404,7.994428416476,
    52.950000293592));
#5736 = CARTESIAN_POINT('',(-6.861127633772,5.952838899488,
    53.249999828372));
#5737 = CARTESIAN_POINT('',(-9.623220196964,4.369475113763E-06,
    53.549999946731));
#5738 = CARTESIAN_POINT('',(-6.86112532514,-5.952845685333,
    53.850000371569));
#5739 = CARTESIAN_POINT('',(-1.646776649847,-7.994425357167,
    54.149999636741));
#5740 = CARTESIAN_POINT('',(2.919515950638,-6.537146073677,
    54.450000273891));
#5741 = CARTESIAN_POINT('',(5.199999806559,-3.267255017078,
    54.749999927349));
#5742 = CARTESIAN_POINT('',(5.200000135745,-4.40931716434E-09,
    55.050000051712));
#5743 = PCURVE('',#1437,#5744);
#5744 = DEFINITIONAL_REPRESENTATION('',(#5745),#5749);
#5745 = LINE('',#5746,#5747);
#5746 = CARTESIAN_POINT('',(1.131370849898,0.));
#5747 = VECTOR('',#5748,1.);
#5748 = DIRECTION('',(0.,1.));
#5749 = ( GEOMETRIC_REPRESENTATION_CONTEXT(2) 
PARAMETRIC_REPRESENTATION_CONTEXT() REPRESENTATION_CONTEXT('2D SPACE',''
  ) );
#5750 = PCURVE('',#1537,#5751);
#5751 = DEFINITIONAL_REPRESENTATION('',(#5752),#5759);
#5752 = B_SPLINE_CURVE_WITH_KNOTS('',5,(#5753,#5754,#5755,#5756,#5757,
    #5758),.UNSPECIFIED.,.F.,.F.,(6,6),(16.441473440717,18.371679423273)
  ,.PIECEWISE_BEZIER_KNOTS.);
#5753 = CARTESIAN_POINT('',(-2.270640689108,-8.134150414611));
#5754 = CARTESIAN_POINT('',(-2.619016711136,-8.300484282423));
#5755 = CARTESIAN_POINT('',(-2.967400663134,-8.466818150917));
#5756 = CARTESIAN_POINT('',(-3.31572206565,-8.633152024929));
#5757 = CARTESIAN_POINT('',(-3.664106026817,-8.799485893423));
#5758 = CARTESIAN_POINT('',(-4.012482048081,-8.965819761235));
#5759 = ( GEOMETRIC_REPRESENTATION_CONTEXT(2) 
PARAMETRIC_REPRESENTATION_CONTEXT() REPRESENTATION_CONTEXT('2D SPACE',''
  ) );
#5760 = ORIENTED_EDGE('',*,*,#5761,.T.);
#5761 = EDGE_CURVE('',#5701,#5762,#5764,.T.);
#5762 = VERTEX_POINT('',#5763);
#5763 = CARTESIAN_POINT('',(0.883340291918,-5.124422887387,
    51.381503255736));
#5764 = SURFACE_CURVE('',#5765,(#5804,#5811),.PCURVE_S1.);
#5765 = B_SPLINE_CURVE_WITH_KNOTS('',10,(#5766,#5767,#5768,#5769,#5770,
    #5771,#5772,#5773,#5774,#5775,#5776,#5777,#5778,#5779,#5780,#5781,
    #5782,#5783,#5784,#5785,#5786,#5787,#5788,#5789,#5790,#5791,#5792,
    #5793,#5794,#5795,#5796,#5797,#5798,#5799,#5800,#5801,#5802,#5803),
  .UNSPECIFIED.,.F.,.F.,(11,9,9,9,11),(0.,6.962644440466,13.925288880933
    ,20.887933321399,27.850577761866),.UNSPECIFIED.);
#5766 = CARTESIAN_POINT('',(5.2,-1.746082220887E-15,43.05));
#5767 = CARTESIAN_POINT('',(5.200000326493,3.267255012668,43.35000012436
    ));
#5768 = CARTESIAN_POINT('',(2.919514397562,6.537145433903,
    43.649999777826));
#5769 = CARTESIAN_POINT('',(-1.646773795021,7.994428406087,
    43.95000041495));
#5770 = CARTESIAN_POINT('',(-6.861128022023,5.952838912208,
    44.249999680191));
#5771 = CARTESIAN_POINT('',(-9.6232197817,4.355873033691E-06,
    44.550000104898));
#5772 = CARTESIAN_POINT('',(-6.861125714845,-5.952845672594,
    44.850000223437));
#5773 = CARTESIAN_POINT('',(-1.646776330182,-7.994425367577,
    45.149999758034));
#5774 = CARTESIAN_POINT('',(2.919515724006,-6.537146066328,
    45.450000188021));
#5775 = CARTESIAN_POINT('',(5.199999942721,-3.267255021476,
    45.749999978887));
#5776 = CARTESIAN_POINT('',(5.200000194456,3.267255016984,
    46.350000073732));
#5777 = CARTESIAN_POINT('',(2.919514599061,6.537145427383,
    46.649999855048));
#5778 = CARTESIAN_POINT('',(-1.646774044517,7.994428414015,
    46.950000319386));
#5779 = CARTESIAN_POINT('',(-6.861127769087,5.952838904349,
    47.249999777041));
#5780 = CARTESIAN_POINT('',(-9.623219991174,4.362258272711E-06,
    47.550000024679));
#5781 = CARTESIAN_POINT('',(-6.861125575313,-5.952845676817,
    47.850000276904));
#5782 = CARTESIAN_POINT('',(-1.64677640215,-7.994425365376,
    48.149999730432));
#5783 = CARTESIAN_POINT('',(2.91951575017,-6.537146067152,
    48.450000198061));
#5784 = CARTESIAN_POINT('',(5.199999938073,-3.267255021322,
    48.749999977107));
#5785 = CARTESIAN_POINT('',(5.20000019671,3.267255016911,49.350000074583
    ));
#5786 = CARTESIAN_POINT('',(2.919514595574,6.537145427427,
    49.649999853784));
#5787 = CARTESIAN_POINT('',(-1.646774039761,7.994428414114,
    49.950000321054));
#5788 = CARTESIAN_POINT('',(-6.861127775093,5.95283890406,
    50.249999774937));
#5789 = CARTESIAN_POINT('',(-9.623219984205,4.362613694163E-06,
    50.550000027196));
#5790 = CARTESIAN_POINT('',(-6.861125582402,-5.952845677048,
    50.850000274252));
#5791 = CARTESIAN_POINT('',(-1.6467763961,-7.994425365339,
    51.149999732743));
#5792 = CARTESIAN_POINT('',(2.919515745924,-6.537146067079,
    51.450000196433));
#5793 = CARTESIAN_POINT('',(5.199999940513,-3.267255021399,
    51.749999978036));
#5794 = CARTESIAN_POINT('',(5.200000191983,3.267255017065,
    52.350000072794));
#5795 = CARTESIAN_POINT('',(2.919514621931,6.537145426566,
    52.649999863748));
#5796 = CARTESIAN_POINT('',(-1.646774112404,7.994428416476,
    52.950000293592));
#5797 = CARTESIAN_POINT('',(-6.861127633772,5.952838899488,
    53.249999828372));
#5798 = CARTESIAN_POINT('',(-9.623220196964,4.369475113763E-06,
    53.549999946731));
#5799 = CARTESIAN_POINT('',(-6.86112532514,-5.952845685333,
    53.850000371569));
#5800 = CARTESIAN_POINT('',(-1.646776649847,-7.994425357167,
    54.149999636741));
#5801 = CARTESIAN_POINT('',(2.919515950638,-6.537146073677,
    54.450000273891));
#5802 = CARTESIAN_POINT('',(5.199999806559,-3.267255017078,
    54.749999927349));
#5803 = CARTESIAN_POINT('',(5.200000135745,-4.40931716434E-09,
    55.050000051712));
#5804 = PCURVE('',#1437,#5805);
#5805 = DEFINITIONAL_REPRESENTATION('',(#5806),#5810);
#5806 = LINE('',#5807,#5808);
#5807 = CARTESIAN_POINT('',(1.131370849898,0.));
#5808 = VECTOR('',#5809,1.);
#5809 = DIRECTION('',(0.,1.));
#5810 = ( GEOMETRIC_REPRESENTATION_CONTEXT(2) 
PARAMETRIC_REPRESENTATION_CONTEXT() REPRESENTATION_CONTEXT('2D SPACE',''
  ) );
#5811 = PCURVE('',#2886,#5812);
#5812 = DEFINITIONAL_REPRESENTATION('',(#5813),#5816);
#5813 = B_SPLINE_CURVE_WITH_KNOTS('',1,(#5814,#5815),.UNSPECIFIED.,.F.,
  .F.,(2,2),(0.,27.850577761866),.PIECEWISE_BEZIER_KNOTS.);
#5814 = CARTESIAN_POINT('',(0.,0.));
#5815 = CARTESIAN_POINT('',(0.,27.850577761866));
#5816 = ( GEOMETRIC_REPRESENTATION_CONTEXT(2) 
PARAMETRIC_REPRESENTATION_CONTEXT() REPRESENTATION_CONTEXT('2D SPACE',''
  ) );
#5817 = ORIENTED_EDGE('',*,*,#5818,.T.);
#5818 = EDGE_CURVE('',#5762,#5819,#5821,.T.);
#5819 = VERTEX_POINT('',#5820);
#5820 = CARTESIAN_POINT('',(4.060691859181,-3.248196672745,
    51.727861067279));
#5821 = SURFACE_CURVE('',#5822,(#5831,#5843),.PCURVE_S1.);
#5822 = B_SPLINE_CURVE_WITH_KNOTS('',7,(#5823,#5824,#5825,#5826,#5827,
    #5828,#5829,#5830),.UNSPECIFIED.,.F.,.F.,(8,8),(0.,1.),
  .PIECEWISE_BEZIER_KNOTS.);
#5823 = CARTESIAN_POINT('',(0.883340551891,-5.124422842563,
    51.381503279958));
#5824 = CARTESIAN_POINT('',(1.414300276047,-5.032896778033,
    51.430954993634));
#5825 = CARTESIAN_POINT('',(1.934463348223,-4.877139810804,
    51.480430519976));
#5826 = CARTESIAN_POINT('',(2.43401073635,-4.658732855175,
    51.529890212272));
#5827 = CARTESIAN_POINT('',(2.904072510437,-4.381159129507,
    51.57935648371));
#5828 = CARTESIAN_POINT('',(3.336558993721,-4.049197363831,
    51.62884692069));
#5829 = CARTESIAN_POINT('',(3.724139954829,-3.668932745075,
    51.678366969013));
#5830 = CARTESIAN_POINT('',(4.060691780432,-3.248196771184,
    51.727861055704));
#5831 = PCURVE('',#1437,#5832);
#5832 = DEFINITIONAL_REPRESENTATION('',(#5833),#5842);
#5833 = B_SPLINE_CURVE_WITH_KNOTS('',7,(#5834,#5835,#5836,#5837,#5838,
    #5839,#5840,#5841),.UNSPECIFIED.,.F.,.F.,(8,8),(0.,1.),
  .PIECEWISE_BEZIER_KNOTS.);
#5834 = CARTESIAN_POINT('',(1.131370849898,19.336431605493));
#5835 = CARTESIAN_POINT('',(1.131342640952,19.451249464636));
#5836 = CARTESIAN_POINT('',(1.131313340218,19.566124381514));
#5837 = CARTESIAN_POINT('',(1.131291506324,19.680950295381));
#5838 = CARTESIAN_POINT('',(1.131287900615,19.795761564484));
#5839 = CARTESIAN_POINT('',(1.131308929302,19.910588492113));
#5840 = CARTESIAN_POINT('',(1.131341041194,20.025465957082));
#5841 = CARTESIAN_POINT('',(1.131370849898,20.140286949549));
#5842 = ( GEOMETRIC_REPRESENTATION_CONTEXT(2) 
PARAMETRIC_REPRESENTATION_CONTEXT() REPRESENTATION_CONTEXT('2D SPACE',''
  ) );
#5843 = PCURVE('',#1537,#5844);
#5844 = DEFINITIONAL_REPRESENTATION('',(#5845),#5854);
#5845 = B_SPLINE_CURVE_WITH_KNOTS('',7,(#5846,#5847,#5848,#5849,#5850,
    #5851,#5852,#5853),.UNSPECIFIED.,.F.,.F.,(8,8),(0.,1.),
  .PIECEWISE_BEZIER_KNOTS.);
#5846 = CARTESIAN_POINT('',(-4.883089960792,-9.381503279958));
#5847 = CARTESIAN_POINT('',(-4.986703526743,-9.430954993634));
#5848 = CARTESIAN_POINT('',(-5.090369315725,-9.480430519976));
#5849 = CARTESIAN_POINT('',(-5.193991546532,-9.529890212272));
#5850 = CARTESIAN_POINT('',(-5.297600665828,-9.57935648371));
#5851 = CARTESIAN_POINT('',(-5.401221914028,-9.62884692069));
#5852 = CARTESIAN_POINT('',(-5.504886026655,-9.678366969013));
#5853 = CARTESIAN_POINT('',(-5.60849792252,-9.727861055704));
#5854 = ( GEOMETRIC_REPRESENTATION_CONTEXT(2) 
PARAMETRIC_REPRESENTATION_CONTEXT() REPRESENTATION_CONTEXT('2D SPACE',''
  ) );
#5855 = ORIENTED_EDGE('',*,*,#5856,.T.);
#5856 = EDGE_CURVE('',#5819,#5857,#5859,.T.);
#5857 = VERTEX_POINT('',#5858);
#5858 = CARTESIAN_POINT('',(5.200000033124,-1.489108814706E-13,
    52.050000025614));
#5859 = SURFACE_CURVE('',#5860,(#5899,#5906),.PCURVE_S1.);
#5860 = B_SPLINE_CURVE_WITH_KNOTS('',10,(#5861,#5862,#5863,#5864,#5865,
    #5866,#5867,#5868,#5869,#5870,#5871,#5872,#5873,#5874,#5875,#5876,
    #5877,#5878,#5879,#5880,#5881,#5882,#5883,#5884,#5885,#5886,#5887,
    #5888,#5889,#5890,#5891,#5892,#5893,#5894,#5895,#5896,#5897,#5898),
  .UNSPECIFIED.,.F.,.F.,(11,9,9,9,11),(0.,6.962644440466,13.925288880933
    ,20.887933321399,27.850577761866),.UNSPECIFIED.);
#5861 = CARTESIAN_POINT('',(5.2,-1.746082220887E-15,43.05));
#5862 = CARTESIAN_POINT('',(5.200000326493,3.267255012668,43.35000012436
    ));
#5863 = CARTESIAN_POINT('',(2.919514397562,6.537145433903,
    43.649999777826));
#5864 = CARTESIAN_POINT('',(-1.646773795021,7.994428406087,
    43.95000041495));
#5865 = CARTESIAN_POINT('',(-6.861128022023,5.952838912208,
    44.249999680191));
#5866 = CARTESIAN_POINT('',(-9.6232197817,4.355873033691E-06,
    44.550000104898));
#5867 = CARTESIAN_POINT('',(-6.861125714845,-5.952845672594,
    44.850000223437));
#5868 = CARTESIAN_POINT('',(-1.646776330182,-7.994425367577,
    45.149999758034));
#5869 = CARTESIAN_POINT('',(2.919515724006,-6.537146066328,
    45.450000188021));
#5870 = CARTESIAN_POINT('',(5.199999942721,-3.267255021476,
    45.749999978887));
#5871 = CARTESIAN_POINT('',(5.200000194456,3.267255016984,
    46.350000073732));
#5872 = CARTESIAN_POINT('',(2.919514599061,6.537145427383,
    46.649999855048));
#5873 = CARTESIAN_POINT('',(-1.646774044517,7.994428414015,
    46.950000319386));
#5874 = CARTESIAN_POINT('',(-6.861127769087,5.952838904349,
    47.249999777041));
#5875 = CARTESIAN_POINT('',(-9.623219991174,4.362258272711E-06,
    47.550000024679));
#5876 = CARTESIAN_POINT('',(-6.861125575313,-5.952845676817,
    47.850000276904));
#5877 = CARTESIAN_POINT('',(-1.64677640215,-7.994425365376,
    48.149999730432));
#5878 = CARTESIAN_POINT('',(2.91951575017,-6.537146067152,
    48.450000198061));
#5879 = CARTESIAN_POINT('',(5.199999938073,-3.267255021322,
    48.749999977107));
#5880 = CARTESIAN_POINT('',(5.20000019671,3.267255016911,49.350000074583
    ));
#5881 = CARTESIAN_POINT('',(2.919514595574,6.537145427427,
    49.649999853784));
#5882 = CARTESIAN_POINT('',(-1.646774039761,7.994428414114,
    49.950000321054));
#5883 = CARTESIAN_POINT('',(-6.861127775093,5.95283890406,
    50.249999774937));
#5884 = CARTESIAN_POINT('',(-9.623219984205,4.362613694163E-06,
    50.550000027196));
#5885 = CARTESIAN_POINT('',(-6.861125582402,-5.952845677048,
    50.850000274252));
#5886 = CARTESIAN_POINT('',(-1.6467763961,-7.994425365339,
    51.149999732743));
#5887 = CARTESIAN_POINT('',(2.919515745924,-6.537146067079,
    51.450000196433));
#5888 = CARTESIAN_POINT('',(5.199999940513,-3.267255021399,
    51.749999978036));
#5889 = CARTESIAN_POINT('',(5.200000191983,3.267255017065,
    52.350000072794));
#5890 = CARTESIAN_POINT('',(2.919514621931,6.537145426566,
    52.649999863748));
#5891 = CARTESIAN_POINT('',(-1.646774112404,7.994428416476,
    52.950000293592));
#5892 = CARTESIAN_POINT('',(-6.861127633772,5.952838899488,
    53.249999828372));
#5893 = CARTESIAN_POINT('',(-9.623220196964,4.369475113763E-06,
    53.549999946731));
#5894 = CARTESIAN_POINT('',(-6.86112532514,-5.952845685333,
    53.850000371569));
#5895 = CARTESIAN_POINT('',(-1.646776649847,-7.994425357167,
    54.149999636741));
#5896 = CARTESIAN_POINT('',(2.919515950638,-6.537146073677,
    54.450000273891));
#5897 = CARTESIAN_POINT('',(5.199999806559,-3.267255017078,
    54.749999927349));
#5898 = CARTESIAN_POINT('',(5.200000135745,-4.40931716434E-09,
    55.050000051712));
#5899 = PCURVE('',#1437,#5900);
#5900 = DEFINITIONAL_REPRESENTATION('',(#5901),#5905);
#5901 = LINE('',#5902,#5903);
#5902 = CARTESIAN_POINT('',(1.131370849898,0.));
#5903 = VECTOR('',#5904,1.);
#5904 = DIRECTION('',(0.,1.));
#5905 = ( GEOMETRIC_REPRESENTATION_CONTEXT(2) 
PARAMETRIC_REPRESENTATION_CONTEXT() REPRESENTATION_CONTEXT('2D SPACE',''
  ) );
#5906 = PCURVE('',#5907,#5984);
#5907 = B_SPLINE_SURFACE_WITH_KNOTS('',1,10,(
    (#5908,#5909,#5910,#5911,#5912,#5913,#5914,#5915,#5916,#5917,#5918
      ,#5919,#5920,#5921,#5922,#5923,#5924,#5925,#5926,#5927,#5928,#5929
      ,#5930,#5931,#5932,#5933,#5934,#5935,#5936,#5937,#5938,#5939,#5940
      ,#5941,#5942,#5943,#5944,#5945)
    ,(#5946,#5947,#5948,#5949,#5950,#5951,#5952,#5953,#5954,#5955,#5956
      ,#5957,#5958,#5959,#5960,#5961,#5962,#5963,#5964,#5965,#5966,#5967
      ,#5968,#5969,#5970,#5971,#5972,#5973,#5974,#5975,#5976,#5977,#5978
      ,#5979,#5980,#5981,#5982,#5983
    )),.UNSPECIFIED.,.F.,.F.,.F.,(2,2),(11,9,9,9,11),(0.,2.1),(0.,
    6.962644440466,13.925288880933,20.887933321399,27.850577761866),
  .UNSPECIFIED.);
#5908 = CARTESIAN_POINT('',(5.2,1.51936921538E-15,43.05));
#5909 = CARTESIAN_POINT('',(5.200000326493,3.267255012668,43.35000012436
    ));
#5910 = CARTESIAN_POINT('',(2.919514397561,6.537145433903,
    43.649999777827));
#5911 = CARTESIAN_POINT('',(-1.64677379502,7.994428406087,
    43.950000414948));
#5912 = CARTESIAN_POINT('',(-6.861128022024,5.952838912208,
    44.249999680196));
#5913 = CARTESIAN_POINT('',(-9.623219781698,4.355872835956E-06,
    44.550000104892));
#5914 = CARTESIAN_POINT('',(-6.861125714847,-5.952845672594,
    44.850000223442));
#5915 = CARTESIAN_POINT('',(-1.646776330181,-7.994425367577,
    45.14999975803));
#5916 = CARTESIAN_POINT('',(2.919515724006,-6.537146066328,
    45.450000188022));
#5917 = CARTESIAN_POINT('',(5.199999942721,-3.267255021476,
    45.749999978886));
#5918 = CARTESIAN_POINT('',(5.200000194456,3.267255016984,
    46.350000073731));
#5919 = CARTESIAN_POINT('',(2.919514599061,6.537145427383,
    46.649999855049));
#5920 = CARTESIAN_POINT('',(-1.646774044517,7.994428414014,
    46.950000319384));
#5921 = CARTESIAN_POINT('',(-6.861127769088,5.952838904349,
    47.249999777044));
#5922 = CARTESIAN_POINT('',(-9.623219991174,4.36225766737E-06,
    47.550000024677));
#5923 = CARTESIAN_POINT('',(-6.861125575314,-5.952845676816,
    47.850000276906));
#5924 = CARTESIAN_POINT('',(-1.64677640215,-7.994425365377,
    48.149999730431));
#5925 = CARTESIAN_POINT('',(2.919515750169,-6.537146067152,
    48.450000198062));
#5926 = CARTESIAN_POINT('',(5.199999938073,-3.267255021322,
    48.749999977107));
#5927 = CARTESIAN_POINT('',(5.20000019671,3.267255016911,49.350000074583
    ));
#5928 = CARTESIAN_POINT('',(2.919514595574,6.537145427427,
    49.649999853784));
#5929 = CARTESIAN_POINT('',(-1.646774039761,7.994428414114,
    49.950000321054));
#5930 = CARTESIAN_POINT('',(-6.861127775093,5.95283890406,
    50.249999774936));
#5931 = CARTESIAN_POINT('',(-9.623219984204,4.362613873876E-06,
    50.550000027199));
#5932 = CARTESIAN_POINT('',(-6.861125582403,-5.952845677048,
    50.850000274248));
#5933 = CARTESIAN_POINT('',(-1.6467763961,-7.994425365339,
    51.149999732746));
#5934 = CARTESIAN_POINT('',(2.919515745924,-6.537146067079,
    51.450000196431));
#5935 = CARTESIAN_POINT('',(5.199999940513,-3.267255021399,
    51.749999978036));
#5936 = CARTESIAN_POINT('',(5.200000191983,3.267255017065,
    52.350000072794));
#5937 = CARTESIAN_POINT('',(2.919514621931,6.537145426566,
    52.649999863749));
#5938 = CARTESIAN_POINT('',(-1.646774112405,7.994428416476,
    52.950000293588));
#5939 = CARTESIAN_POINT('',(-6.861127633771,5.952838899488,
    53.249999828378));
#5940 = CARTESIAN_POINT('',(-9.623220196965,4.369474966422E-06,
    53.549999946723));
#5941 = CARTESIAN_POINT('',(-6.861125325139,-5.952845685333,
    53.850000371577));
#5942 = CARTESIAN_POINT('',(-1.646776649848,-7.994425357167,
    54.149999636736));
#5943 = CARTESIAN_POINT('',(2.919515950639,-6.537146073677,
    54.450000273893));
#5944 = CARTESIAN_POINT('',(5.199999806559,-3.267255017078,
    54.749999927348));
#5945 = CARTESIAN_POINT('',(5.200000135745,-4.40931743079E-09,
    55.050000051712));
#5946 = CARTESIAN_POINT('',(5.2,-1.682482217683E-15,40.95));
#5947 = CARTESIAN_POINT('',(5.1999996736,3.267254927378,41.250000124359)
  );
#5948 = CARTESIAN_POINT('',(2.919515879932,6.537145900558,41.54999977783
    ));
#5949 = CARTESIAN_POINT('',(-1.646776599995,7.994425149888,
    41.85000041494));
#5950 = CARTESIAN_POINT('',(-6.86112514114,5.952845535698,
    42.149999680209));
#5951 = CARTESIAN_POINT('',(-9.623219945552,-4.361202752408E-06,
    42.450000104875));
#5952 = CARTESIAN_POINT('',(-6.861127459933,-5.952838738407,
    42.750000223458));
#5953 = CARTESIAN_POINT('',(-1.646774076013,-7.994428206297,
    43.04999975802));
#5954 = CARTESIAN_POINT('',(2.919514540056,-6.537145258435,
    43.350000188027));
#5955 = CARTESIAN_POINT('',(5.200000053534,-3.267254936179,
    43.649999978886));
#5956 = CARTESIAN_POINT('',(5.199999807428,3.267254931702,
    44.250000073732));
#5957 = CARTESIAN_POINT('',(2.919515675711,6.537145893881,44.54999985505
    ));
#5958 = CARTESIAN_POINT('',(-1.64677634715,7.994425158318,
    44.850000319382));
#5959 = CARTESIAN_POINT('',(-6.861125397444,5.952845526966,
    45.149999777049));
#5960 = CARTESIAN_POINT('',(-9.623219733308,-4.353853182915E-06,
    45.450000024669));
#5961 = CARTESIAN_POINT('',(-6.8611276013,-5.95283874332,45.750000276913
    ));
#5962 = CARTESIAN_POINT('',(-1.6467740031,-7.994428203796,
    46.049999730425));
#5963 = CARTESIAN_POINT('',(2.91951451355,-6.537145259318,
    46.350000198064));
#5964 = CARTESIAN_POINT('',(5.200000058242,-3.267254936029,
    46.649999977106));
#5965 = CARTESIAN_POINT('',(5.199999805147,3.267254931625,
    47.250000074583));
#5966 = CARTESIAN_POINT('',(2.919515679217,6.537145894079,
    47.549999853785));
#5967 = CARTESIAN_POINT('',(-1.646776351889,7.994425157875,
    47.850000321051));
#5968 = CARTESIAN_POINT('',(-6.861125391507,5.952845527687,
    48.149999774942));
#5969 = CARTESIAN_POINT('',(-9.623219740175,-4.354692597843E-06,
    48.450000027193));
#5970 = CARTESIAN_POINT('',(-6.861127594313,-5.952838742618,
    48.750000274255));
#5971 = CARTESIAN_POINT('',(-1.646774009073,-7.994428204223,
    49.049999732742));
#5972 = CARTESIAN_POINT('',(2.919514517745,-6.53714525912,
    49.350000196433));
#5973 = CARTESIAN_POINT('',(5.200000055832,-3.26725493611,
    49.649999978036));
#5974 = CARTESIAN_POINT('',(5.199999809811,3.267254931776,
    50.250000072794));
#5975 = CARTESIAN_POINT('',(2.919515653215,6.537145893238,
    50.549999863747));
#5976 = CARTESIAN_POINT('',(-1.646776280227,7.994425160202,
    50.850000293592));
#5977 = CARTESIAN_POINT('',(-6.861125530919,5.952845523143,
    51.149999828372));
#5978 = CARTESIAN_POINT('',(-9.623219530287,-4.347834636795E-06,
    51.44999994673));
#5979 = CARTESIAN_POINT('',(-6.861127848111,-5.952838750921,
    51.750000371571));
#5980 = CARTESIAN_POINT('',(-1.646773758734,-7.994428196031,
    52.049999636739));
#5981 = CARTESIAN_POINT('',(2.919514315775,-6.537145265727,
    52.350000273892));
#5982 = CARTESIAN_POINT('',(5.200000187992,-3.267254931788,
    52.649999927348));
#5983 = CARTESIAN_POINT('',(5.199999864255,-4.408783459548E-09,
    52.950000051712));
#5984 = DEFINITIONAL_REPRESENTATION('',(#5985),#5988);
#5985 = B_SPLINE_CURVE_WITH_KNOTS('',1,(#5986,#5987),.UNSPECIFIED.,.F.,
  .F.,(2,2),(0.,27.850577761866),.PIECEWISE_BEZIER_KNOTS.);
#5986 = CARTESIAN_POINT('',(0.,0.));
#5987 = CARTESIAN_POINT('',(0.,27.850577761866));
#5988 = ( GEOMETRIC_REPRESENTATION_CONTEXT(2) 
PARAMETRIC_REPRESENTATION_CONTEXT() REPRESENTATION_CONTEXT('2D SPACE',''
  ) );
#5989 = ORIENTED_EDGE('',*,*,#5990,.T.);
#5990 = EDGE_CURVE('',#5857,#5991,#5993,.T.);
#5991 = VERTEX_POINT('',#5992);
#5992 = CARTESIAN_POINT('',(4.06097651667,3.247840779719,52.372097137644
    ));
#5993 = SURFACE_CURVE('',#5994,(#6033,#6040),.PCURVE_S1.);
#5994 = B_SPLINE_CURVE_WITH_KNOTS('',10,(#5995,#5996,#5997,#5998,#5999,
    #6000,#6001,#6002,#6003,#6004,#6005,#6006,#6007,#6008,#6009,#6010,
    #6011,#6012,#6013,#6014,#6015,#6016,#6017,#6018,#6019,#6020,#6021,
    #6022,#6023,#6024,#6025,#6026,#6027,#6028,#6029,#6030,#6031,#6032),
  .UNSPECIFIED.,.F.,.F.,(11,9,9,9,11),(0.,6.962644440466,13.925288880933
    ,20.887933321399,27.850577761866),.UNSPECIFIED.);
#5995 = CARTESIAN_POINT('',(5.2,-1.746082220887E-15,43.05));
#5996 = CARTESIAN_POINT('',(5.200000326493,3.267255012668,43.35000012436
    ));
#5997 = CARTESIAN_POINT('',(2.919514397562,6.537145433903,
    43.649999777826));
#5998 = CARTESIAN_POINT('',(-1.646773795021,7.994428406087,
    43.95000041495));
#5999 = CARTESIAN_POINT('',(-6.861128022023,5.952838912208,
    44.249999680191));
#6000 = CARTESIAN_POINT('',(-9.6232197817,4.355873033691E-06,
    44.550000104898));
#6001 = CARTESIAN_POINT('',(-6.861125714845,-5.952845672594,
    44.850000223437));
#6002 = CARTESIAN_POINT('',(-1.646776330182,-7.994425367577,
    45.149999758034));
#6003 = CARTESIAN_POINT('',(2.919515724006,-6.537146066328,
    45.450000188021));
#6004 = CARTESIAN_POINT('',(5.199999942721,-3.267255021476,
    45.749999978887));
#6005 = CARTESIAN_POINT('',(5.200000194456,3.267255016984,
    46.350000073732));
#6006 = CARTESIAN_POINT('',(2.919514599061,6.537145427383,
    46.649999855048));
#6007 = CARTESIAN_POINT('',(-1.646774044517,7.994428414015,
    46.950000319386));
#6008 = CARTESIAN_POINT('',(-6.861127769087,5.952838904349,
    47.249999777041));
#6009 = CARTESIAN_POINT('',(-9.623219991174,4.362258272711E-06,
    47.550000024679));
#6010 = CARTESIAN_POINT('',(-6.861125575313,-5.952845676817,
    47.850000276904));
#6011 = CARTESIAN_POINT('',(-1.64677640215,-7.994425365376,
    48.149999730432));
#6012 = CARTESIAN_POINT('',(2.91951575017,-6.537146067152,
    48.450000198061));
#6013 = CARTESIAN_POINT('',(5.199999938073,-3.267255021322,
    48.749999977107));
#6014 = CARTESIAN_POINT('',(5.20000019671,3.267255016911,49.350000074583
    ));
#6015 = CARTESIAN_POINT('',(2.919514595574,6.537145427427,
    49.649999853784));
#6016 = CARTESIAN_POINT('',(-1.646774039761,7.994428414114,
    49.950000321054));
#6017 = CARTESIAN_POINT('',(-6.861127775093,5.95283890406,
    50.249999774937));
#6018 = CARTESIAN_POINT('',(-9.623219984205,4.362613694163E-06,
    50.550000027196));
#6019 = CARTESIAN_POINT('',(-6.861125582402,-5.952845677048,
    50.850000274252));
#6020 = CARTESIAN_POINT('',(-1.6467763961,-7.994425365339,
    51.149999732743));
#6021 = CARTESIAN_POINT('',(2.919515745924,-6.537146067079,
    51.450000196433));
#6022 = CARTESIAN_POINT('',(5.199999940513,-3.267255021399,
    51.749999978036));
#6023 = CARTESIAN_POINT('',(5.200000191983,3.267255017065,
    52.350000072794));
#6024 = CARTESIAN_POINT('',(2.919514621931,6.537145426566,
    52.649999863748));
#6025 = CARTESIAN_POINT('',(-1.646774112404,7.994428416476,
    52.950000293592));
#6026 = CARTESIAN_POINT('',(-6.861127633772,5.952838899488,
    53.249999828372));
#6027 = CARTESIAN_POINT('',(-9.623220196964,4.369475113763E-06,
    53.549999946731));
#6028 = CARTESIAN_POINT('',(-6.86112532514,-5.952845685333,
    53.850000371569));
#6029 = CARTESIAN_POINT('',(-1.646776649847,-7.994425357167,
    54.149999636741));
#6030 = CARTESIAN_POINT('',(2.919515950638,-6.537146073677,
    54.450000273891));
#6031 = CARTESIAN_POINT('',(5.199999806559,-3.267255017078,
    54.749999927349));
#6032 = CARTESIAN_POINT('',(5.200000135745,-4.40931716434E-09,
    55.050000051712));
#6033 = PCURVE('',#1437,#6034);
#6034 = DEFINITIONAL_REPRESENTATION('',(#6035),#6039);
#6035 = LINE('',#6036,#6037);
#6036 = CARTESIAN_POINT('',(1.131370849898,0.));
#6037 = VECTOR('',#6038,1.);
#6038 = DIRECTION('',(0.,1.));
#6039 = ( GEOMETRIC_REPRESENTATION_CONTEXT(2) 
PARAMETRIC_REPRESENTATION_CONTEXT() REPRESENTATION_CONTEXT('2D SPACE',''
  ) );
#6040 = PCURVE('',#6041,#6118);
#6041 = B_SPLINE_SURFACE_WITH_KNOTS('',1,10,(
    (#6042,#6043,#6044,#6045,#6046,#6047,#6048,#6049,#6050,#6051,#6052
      ,#6053,#6054,#6055,#6056,#6057,#6058,#6059,#6060,#6061,#6062,#6063
      ,#6064,#6065,#6066,#6067,#6068,#6069,#6070,#6071,#6072,#6073,#6074
      ,#6075,#6076,#6077,#6078,#6079)
    ,(#6080,#6081,#6082,#6083,#6084,#6085,#6086,#6087,#6088,#6089,#6090
      ,#6091,#6092,#6093,#6094,#6095,#6096,#6097,#6098,#6099,#6100,#6101
      ,#6102,#6103,#6104,#6105,#6106,#6107,#6108,#6109,#6110,#6111,#6112
      ,#6113,#6114,#6115,#6116,#6117
    )),.UNSPECIFIED.,.F.,.F.,.F.,(2,2),(11,9,9,9,11),(0.,2.1),(0.,
    6.962644440466,13.925288880933,20.887933321399,27.850577761866),
  .UNSPECIFIED.);
#6042 = CARTESIAN_POINT('',(5.2,1.51936921538E-15,43.05));
#6043 = CARTESIAN_POINT('',(5.200000326493,3.267255012668,43.35000012436
    ));
#6044 = CARTESIAN_POINT('',(2.919514397561,6.537145433903,
    43.649999777827));
#6045 = CARTESIAN_POINT('',(-1.64677379502,7.994428406087,
    43.950000414948));
#6046 = CARTESIAN_POINT('',(-6.861128022024,5.952838912208,
    44.249999680196));
#6047 = CARTESIAN_POINT('',(-9.623219781698,4.355872835956E-06,
    44.550000104892));
#6048 = CARTESIAN_POINT('',(-6.861125714847,-5.952845672594,
    44.850000223442));
#6049 = CARTESIAN_POINT('',(-1.646776330181,-7.994425367577,
    45.14999975803));
#6050 = CARTESIAN_POINT('',(2.919515724006,-6.537146066328,
    45.450000188022));
#6051 = CARTESIAN_POINT('',(5.199999942721,-3.267255021476,
    45.749999978886));
#6052 = CARTESIAN_POINT('',(5.200000194456,3.267255016984,
    46.350000073731));
#6053 = CARTESIAN_POINT('',(2.919514599061,6.537145427383,
    46.649999855049));
#6054 = CARTESIAN_POINT('',(-1.646774044517,7.994428414014,
    46.950000319384));
#6055 = CARTESIAN_POINT('',(-6.861127769088,5.952838904349,
    47.249999777044));
#6056 = CARTESIAN_POINT('',(-9.623219991174,4.36225766737E-06,
    47.550000024677));
#6057 = CARTESIAN_POINT('',(-6.861125575314,-5.952845676816,
    47.850000276906));
#6058 = CARTESIAN_POINT('',(-1.64677640215,-7.994425365377,
    48.149999730431));
#6059 = CARTESIAN_POINT('',(2.919515750169,-6.537146067152,
    48.450000198062));
#6060 = CARTESIAN_POINT('',(5.199999938073,-3.267255021322,
    48.749999977107));
#6061 = CARTESIAN_POINT('',(5.20000019671,3.267255016911,49.350000074583
    ));
#6062 = CARTESIAN_POINT('',(2.919514595574,6.537145427427,
    49.649999853784));
#6063 = CARTESIAN_POINT('',(-1.646774039761,7.994428414114,
    49.950000321054));
#6064 = CARTESIAN_POINT('',(-6.861127775093,5.95283890406,
    50.249999774936));
#6065 = CARTESIAN_POINT('',(-9.623219984204,4.362613873876E-06,
    50.550000027199));
#6066 = CARTESIAN_POINT('',(-6.861125582403,-5.952845677048,
    50.850000274248));
#6067 = CARTESIAN_POINT('',(-1.6467763961,-7.994425365339,
    51.149999732746));
#6068 = CARTESIAN_POINT('',(2.919515745924,-6.537146067079,
    51.450000196431));
#6069 = CARTESIAN_POINT('',(5.199999940513,-3.267255021399,
    51.749999978036));
#6070 = CARTESIAN_POINT('',(5.200000191983,3.267255017065,
    52.350000072794));
#6071 = CARTESIAN_POINT('',(2.919514621931,6.537145426566,
    52.649999863749));
#6072 = CARTESIAN_POINT('',(-1.646774112405,7.994428416476,
    52.950000293588));
#6073 = CARTESIAN_POINT('',(-6.861127633771,5.952838899488,
    53.249999828378));
#6074 = CARTESIAN_POINT('',(-9.623220196965,4.369474966422E-06,
    53.549999946723));
#6075 = CARTESIAN_POINT('',(-6.861125325139,-5.952845685333,
    53.850000371577));
#6076 = CARTESIAN_POINT('',(-1.646776649848,-7.994425357167,
    54.149999636736));
#6077 = CARTESIAN_POINT('',(2.919515950639,-6.537146073677,
    54.450000273893));
#6078 = CARTESIAN_POINT('',(5.199999806559,-3.267255017078,
    54.749999927348));
#6079 = CARTESIAN_POINT('',(5.200000135745,-4.40931743079E-09,
    55.050000051712));
#6080 = CARTESIAN_POINT('',(5.2,-1.682482217683E-15,40.95));
#6081 = CARTESIAN_POINT('',(5.1999996736,3.267254927378,41.250000124359)
  );
#6082 = CARTESIAN_POINT('',(2.919515879932,6.537145900558,41.54999977783
    ));
#6083 = CARTESIAN_POINT('',(-1.646776599995,7.994425149888,
    41.85000041494));
#6084 = CARTESIAN_POINT('',(-6.86112514114,5.952845535698,
    42.149999680209));
#6085 = CARTESIAN_POINT('',(-9.623219945552,-4.361202752408E-06,
    42.450000104875));
#6086 = CARTESIAN_POINT('',(-6.861127459933,-5.952838738407,
    42.750000223458));
#6087 = CARTESIAN_POINT('',(-1.646774076013,-7.994428206297,
    43.04999975802));
#6088 = CARTESIAN_POINT('',(2.919514540056,-6.537145258435,
    43.350000188027));
#6089 = CARTESIAN_POINT('',(5.200000053534,-3.267254936179,
    43.649999978886));
#6090 = CARTESIAN_POINT('',(5.199999807428,3.267254931702,
    44.250000073732));
#6091 = CARTESIAN_POINT('',(2.919515675711,6.537145893881,44.54999985505
    ));
#6092 = CARTESIAN_POINT('',(-1.64677634715,7.994425158318,
    44.850000319382));
#6093 = CARTESIAN_POINT('',(-6.861125397444,5.952845526966,
    45.149999777049));
#6094 = CARTESIAN_POINT('',(-9.623219733308,-4.353853182915E-06,
    45.450000024669));
#6095 = CARTESIAN_POINT('',(-6.8611276013,-5.95283874332,45.750000276913
    ));
#6096 = CARTESIAN_POINT('',(-1.6467740031,-7.994428203796,
    46.049999730425));
#6097 = CARTESIAN_POINT('',(2.91951451355,-6.537145259318,
    46.350000198064));
#6098 = CARTESIAN_POINT('',(5.200000058242,-3.267254936029,
    46.649999977106));
#6099 = CARTESIAN_POINT('',(5.199999805147,3.267254931625,
    47.250000074583));
#6100 = CARTESIAN_POINT('',(2.919515679217,6.537145894079,
    47.549999853785));
#6101 = CARTESIAN_POINT('',(-1.646776351889,7.994425157875,
    47.850000321051));
#6102 = CARTESIAN_POINT('',(-6.861125391507,5.952845527687,
    48.149999774942));
#6103 = CARTESIAN_POINT('',(-9.623219740175,-4.354692597843E-06,
    48.450000027193));
#6104 = CARTESIAN_POINT('',(-6.861127594313,-5.952838742618,
    48.750000274255));
#6105 = CARTESIAN_POINT('',(-1.646774009073,-7.994428204223,
    49.049999732742));
#6106 = CARTESIAN_POINT('',(2.919514517745,-6.53714525912,
    49.350000196433));
#6107 = CARTESIAN_POINT('',(5.200000055832,-3.26725493611,
    49.649999978036));
#6108 = CARTESIAN_POINT('',(5.199999809811,3.267254931776,
    50.250000072794));
#6109 = CARTESIAN_POINT('',(2.919515653215,6.537145893238,
    50.549999863747));
#6110 = CARTESIAN_POINT('',(-1.646776280227,7.994425160202,
    50.850000293592));
#6111 = CARTESIAN_POINT('',(-6.861125530919,5.952845523143,
    51.149999828372));
#6112 = CARTESIAN_POINT('',(-9.623219530287,-4.347834636795E-06,
    51.44999994673));
#6113 = CARTESIAN_POINT('',(-6.861127848111,-5.952838750921,
    51.750000371571));
#6114 = CARTESIAN_POINT('',(-1.646773758734,-7.994428196031,
    52.049999636739));
#6115 = CARTESIAN_POINT('',(2.919514315775,-6.537145265727,
    52.350000273892));
#6116 = CARTESIAN_POINT('',(5.200000187992,-3.267254931788,
    52.649999927348));
#6117 = CARTESIAN_POINT('',(5.199999864255,-4.408783459548E-09,
    52.950000051712));
#6118 = DEFINITIONAL_REPRESENTATION('',(#6119),#6122);
#6119 = B_SPLINE_CURVE_WITH_KNOTS('',1,(#6120,#6121),.UNSPECIFIED.,.F.,
  .F.,(2,2),(0.,27.850577761866),.PIECEWISE_BEZIER_KNOTS.);
#6120 = CARTESIAN_POINT('',(0.,0.));
#6121 = CARTESIAN_POINT('',(0.,27.850577761866));
#6122 = ( GEOMETRIC_REPRESENTATION_CONTEXT(2) 
PARAMETRIC_REPRESENTATION_CONTEXT() REPRESENTATION_CONTEXT('2D SPACE',''
  ) );
#6123 = ORIENTED_EDGE('',*,*,#6124,.T.);
#6124 = EDGE_CURVE('',#5991,#6125,#6127,.T.);
#6125 = VERTEX_POINT('',#6126);
#6126 = CARTESIAN_POINT('',(0.883756950359,5.124351046962,
    52.718457975535));
#6127 = SURFACE_CURVE('',#6128,(#6137,#6149),.PCURVE_S1.);
#6128 = B_SPLINE_CURVE_WITH_KNOTS('',7,(#6129,#6130,#6131,#6132,#6133,
    #6134,#6135,#6136),.UNSPECIFIED.,.F.,.F.,(8,8),(0.,1.),
  .PIECEWISE_BEZIER_KNOTS.);
#6129 = CARTESIAN_POINT('',(4.060977513025,3.247839534015,
    52.372096991172));
#6130 = CARTESIAN_POINT('',(3.724454275448,3.668615648751,
    52.421550164873));
#6131 = CARTESIAN_POINT('',(3.336896099095,4.048922504366,
    52.471026001126));
#6132 = CARTESIAN_POINT('',(2.904428335438,4.380925170331,
    52.520487579583));
#6133 = CARTESIAN_POINT('',(2.434384321234,4.6585380687,52.569959357217)
  );
#6134 = CARTESIAN_POINT('',(1.934854100189,4.876984123858,
    52.619449941701));
#6135 = CARTESIAN_POINT('',(1.414706924818,5.0327822877,52.668966590287)
  );
#6136 = CARTESIAN_POINT('',(0.883756469817,5.124351129856,52.71845802031
    ));
#6137 = PCURVE('',#1437,#6138);
#6138 = DEFINITIONAL_REPRESENTATION('',(#6139),#6148);
#6139 = B_SPLINE_CURVE_WITH_KNOTS('',7,(#6140,#6141,#6142,#6143,#6144,
    #6145,#6146,#6147),.UNSPECIFIED.,.F.,.F.,(8,8),(0.,1.),
  .PIECEWISE_BEZIER_KNOTS.);
#6140 = CARTESIAN_POINT('',(1.131370849898,21.635482204947));
#6141 = CARTESIAN_POINT('',(1.131341047751,21.750306071144));
#6142 = CARTESIAN_POINT('',(1.131308944132,21.865186309926));
#6143 = CARTESIAN_POINT('',(1.131287921908,21.980015270612));
#6144 = CARTESIAN_POINT('',(1.131291528639,22.094827482586));
#6145 = CARTESIAN_POINT('',(1.131313357356,22.20965343841));
#6146 = CARTESIAN_POINT('',(1.131342649603,22.324527637577));
#6147 = CARTESIAN_POINT('',(1.131370849898,22.439345099831));
#6148 = ( GEOMETRIC_REPRESENTATION_CONTEXT(2) 
PARAMETRIC_REPRESENTATION_CONTEXT() REPRESENTATION_CONTEXT('2D SPACE',''
  ) );
#6149 = PCURVE('',#1537,#6150);
#6150 = DEFINITIONAL_REPRESENTATION('',(#6151),#6160);
#6151 = B_SPLINE_CURVE_WITH_KNOTS('',7,(#6152,#6153,#6154,#6155,#6156,
    #6157,#6158,#6159),.UNSPECIFIED.,.F.,.F.,(8,8),(0.,1.),
  .PIECEWISE_BEZIER_KNOTS.);
#6152 = CARTESIAN_POINT('',(-0.674599413295,-10.37209699117));
#6153 = CARTESIAN_POINT('',(-0.778213903497,-10.42155016487));
#6154 = CARTESIAN_POINT('',(-0.881880518882,-10.47102600112));
#6155 = CARTESIAN_POINT('',(-0.985503600072,-10.52048757958));
#6156 = CARTESIAN_POINT('',(-1.089113568359,-10.56995935721));
#6157 = CARTESIAN_POINT('',(-1.192735834803,-10.6194499417));
#6158 = CARTESIAN_POINT('',(-1.296400974837,-10.66896659028));
#6159 = CARTESIAN_POINT('',(-1.400014181962,-10.71845802031));
#6160 = ( GEOMETRIC_REPRESENTATION_CONTEXT(2) 
PARAMETRIC_REPRESENTATION_CONTEXT() REPRESENTATION_CONTEXT('2D SPACE',''
  ) );
#6161 = ORIENTED_EDGE('',*,*,#6162,.T.);
#6162 = EDGE_CURVE('',#6125,#6163,#6165,.T.);
#6163 = VERTEX_POINT('',#6164);
#6164 = CARTESIAN_POINT('',(-3.349312494513,3.977701071467,
    53.134150361859));
#6165 = SURFACE_CURVE('',#6166,(#6205,#6212),.PCURVE_S1.);
#6166 = B_SPLINE_CURVE_WITH_KNOTS('',10,(#6167,#6168,#6169,#6170,#6171,
    #6172,#6173,#6174,#6175,#6176,#6177,#6178,#6179,#6180,#6181,#6182,
    #6183,#6184,#6185,#6186,#6187,#6188,#6189,#6190,#6191,#6192,#6193,
    #6194,#6195,#6196,#6197,#6198,#6199,#6200,#6201,#6202,#6203,#6204),
  .UNSPECIFIED.,.F.,.F.,(11,9,9,9,11),(0.,6.962644440466,13.925288880933
    ,20.887933321399,27.850577761866),.UNSPECIFIED.);
#6167 = CARTESIAN_POINT('',(5.2,-1.746082220887E-15,43.05));
#6168 = CARTESIAN_POINT('',(5.200000326493,3.267255012668,43.35000012436
    ));
#6169 = CARTESIAN_POINT('',(2.919514397562,6.537145433903,
    43.649999777826));
#6170 = CARTESIAN_POINT('',(-1.646773795021,7.994428406087,
    43.95000041495));
#6171 = CARTESIAN_POINT('',(-6.861128022023,5.952838912208,
    44.249999680191));
#6172 = CARTESIAN_POINT('',(-9.6232197817,4.355873033691E-06,
    44.550000104898));
#6173 = CARTESIAN_POINT('',(-6.861125714845,-5.952845672594,
    44.850000223437));
#6174 = CARTESIAN_POINT('',(-1.646776330182,-7.994425367577,
    45.149999758034));
#6175 = CARTESIAN_POINT('',(2.919515724006,-6.537146066328,
    45.450000188021));
#6176 = CARTESIAN_POINT('',(5.199999942721,-3.267255021476,
    45.749999978887));
#6177 = CARTESIAN_POINT('',(5.200000194456,3.267255016984,
    46.350000073732));
#6178 = CARTESIAN_POINT('',(2.919514599061,6.537145427383,
    46.649999855048));
#6179 = CARTESIAN_POINT('',(-1.646774044517,7.994428414015,
    46.950000319386));
#6180 = CARTESIAN_POINT('',(-6.861127769087,5.952838904349,
    47.249999777041));
#6181 = CARTESIAN_POINT('',(-9.623219991174,4.362258272711E-06,
    47.550000024679));
#6182 = CARTESIAN_POINT('',(-6.861125575313,-5.952845676817,
    47.850000276904));
#6183 = CARTESIAN_POINT('',(-1.64677640215,-7.994425365376,
    48.149999730432));
#6184 = CARTESIAN_POINT('',(2.91951575017,-6.537146067152,
    48.450000198061));
#6185 = CARTESIAN_POINT('',(5.199999938073,-3.267255021322,
    48.749999977107));
#6186 = CARTESIAN_POINT('',(5.20000019671,3.267255016911,49.350000074583
    ));
#6187 = CARTESIAN_POINT('',(2.919514595574,6.537145427427,
    49.649999853784));
#6188 = CARTESIAN_POINT('',(-1.646774039761,7.994428414114,
    49.950000321054));
#6189 = CARTESIAN_POINT('',(-6.861127775093,5.95283890406,
    50.249999774937));
#6190 = CARTESIAN_POINT('',(-9.623219984205,4.362613694163E-06,
    50.550000027196));
#6191 = CARTESIAN_POINT('',(-6.861125582402,-5.952845677048,
    50.850000274252));
#6192 = CARTESIAN_POINT('',(-1.6467763961,-7.994425365339,
    51.149999732743));
#6193 = CARTESIAN_POINT('',(2.919515745924,-6.537146067079,
    51.450000196433));
#6194 = CARTESIAN_POINT('',(5.199999940513,-3.267255021399,
    51.749999978036));
#6195 = CARTESIAN_POINT('',(5.200000191983,3.267255017065,
    52.350000072794));
#6196 = CARTESIAN_POINT('',(2.919514621931,6.537145426566,
    52.649999863748));
#6197 = CARTESIAN_POINT('',(-1.646774112404,7.994428416476,
    52.950000293592));
#6198 = CARTESIAN_POINT('',(-6.861127633772,5.952838899488,
    53.249999828372));
#6199 = CARTESIAN_POINT('',(-9.623220196964,4.369475113763E-06,
    53.549999946731));
#6200 = CARTESIAN_POINT('',(-6.86112532514,-5.952845685333,
    53.850000371569));
#6201 = CARTESIAN_POINT('',(-1.646776649847,-7.994425357167,
    54.149999636741));
#6202 = CARTESIAN_POINT('',(2.919515950638,-6.537146073677,
    54.450000273891));
#6203 = CARTESIAN_POINT('',(5.199999806559,-3.267255017078,
    54.749999927349));
#6204 = CARTESIAN_POINT('',(5.200000135745,-4.40931716434E-09,
    55.050000051712));
#6205 = PCURVE('',#1437,#6206);
#6206 = DEFINITIONAL_REPRESENTATION('',(#6207),#6211);
#6207 = LINE('',#6208,#6209);
#6208 = CARTESIAN_POINT('',(1.131370849898,0.));
#6209 = VECTOR('',#6210,1.);
#6210 = DIRECTION('',(0.,1.));
#6211 = ( GEOMETRIC_REPRESENTATION_CONTEXT(2) 
PARAMETRIC_REPRESENTATION_CONTEXT() REPRESENTATION_CONTEXT('2D SPACE',''
  ) );
#6212 = PCURVE('',#2409,#6213);
#6213 = DEFINITIONAL_REPRESENTATION('',(#6214),#6217);
#6214 = B_SPLINE_CURVE_WITH_KNOTS('',1,(#6215,#6216),.UNSPECIFIED.,.F.,
  .F.,(2,2),(0.,27.850577761866),.PIECEWISE_BEZIER_KNOTS.);
#6215 = CARTESIAN_POINT('',(0.,0.));
#6216 = CARTESIAN_POINT('',(0.,27.850577761866));
#6217 = ( GEOMETRIC_REPRESENTATION_CONTEXT(2) 
PARAMETRIC_REPRESENTATION_CONTEXT() REPRESENTATION_CONTEXT('2D SPACE',''
  ) );
#6218 = ORIENTED_EDGE('',*,*,#6219,.T.);
#6219 = EDGE_CURVE('',#6163,#6220,#6222,.T.);
#6220 = VERTEX_POINT('',#6221);
#6221 = CARTESIAN_POINT('',(-3.349562517746,-3.977490532939,
    53.965819676533));
#6222 = SURFACE_CURVE('',#6223,(#6262,#6269),.PCURVE_S1.);
#6223 = B_SPLINE_CURVE_WITH_KNOTS('',10,(#6224,#6225,#6226,#6227,#6228,
    #6229,#6230,#6231,#6232,#6233,#6234,#6235,#6236,#6237,#6238,#6239,
    #6240,#6241,#6242,#6243,#6244,#6245,#6246,#6247,#6248,#6249,#6250,
    #6251,#6252,#6253,#6254,#6255,#6256,#6257,#6258,#6259,#6260,#6261),
  .UNSPECIFIED.,.F.,.F.,(11,9,9,9,11),(0.,6.962644440466,13.925288880933
    ,20.887933321399,27.850577761866),.UNSPECIFIED.);
#6224 = CARTESIAN_POINT('',(5.2,-1.746082220887E-15,43.05));
#6225 = CARTESIAN_POINT('',(5.200000326493,3.267255012668,43.35000012436
    ));
#6226 = CARTESIAN_POINT('',(2.919514397562,6.537145433903,
    43.649999777826));
#6227 = CARTESIAN_POINT('',(-1.646773795021,7.994428406087,
    43.95000041495));
#6228 = CARTESIAN_POINT('',(-6.861128022023,5.952838912208,
    44.249999680191));
#6229 = CARTESIAN_POINT('',(-9.6232197817,4.355873033691E-06,
    44.550000104898));
#6230 = CARTESIAN_POINT('',(-6.861125714845,-5.952845672594,
    44.850000223437));
#6231 = CARTESIAN_POINT('',(-1.646776330182,-7.994425367577,
    45.149999758034));
#6232 = CARTESIAN_POINT('',(2.919515724006,-6.537146066328,
    45.450000188021));
#6233 = CARTESIAN_POINT('',(5.199999942721,-3.267255021476,
    45.749999978887));
#6234 = CARTESIAN_POINT('',(5.200000194456,3.267255016984,
    46.350000073732));
#6235 = CARTESIAN_POINT('',(2.919514599061,6.537145427383,
    46.649999855048));
#6236 = CARTESIAN_POINT('',(-1.646774044517,7.994428414015,
    46.950000319386));
#6237 = CARTESIAN_POINT('',(-6.861127769087,5.952838904349,
    47.249999777041));
#6238 = CARTESIAN_POINT('',(-9.623219991174,4.362258272711E-06,
    47.550000024679));
#6239 = CARTESIAN_POINT('',(-6.861125575313,-5.952845676817,
    47.850000276904));
#6240 = CARTESIAN_POINT('',(-1.64677640215,-7.994425365376,
    48.149999730432));
#6241 = CARTESIAN_POINT('',(2.91951575017,-6.537146067152,
    48.450000198061));
#6242 = CARTESIAN_POINT('',(5.199999938073,-3.267255021322,
    48.749999977107));
#6243 = CARTESIAN_POINT('',(5.20000019671,3.267255016911,49.350000074583
    ));
#6244 = CARTESIAN_POINT('',(2.919514595574,6.537145427427,
    49.649999853784));
#6245 = CARTESIAN_POINT('',(-1.646774039761,7.994428414114,
    49.950000321054));
#6246 = CARTESIAN_POINT('',(-6.861127775093,5.95283890406,
    50.249999774937));
#6247 = CARTESIAN_POINT('',(-9.623219984205,4.362613694163E-06,
    50.550000027196));
#6248 = CARTESIAN_POINT('',(-6.861125582402,-5.952845677048,
    50.850000274252));
#6249 = CARTESIAN_POINT('',(-1.6467763961,-7.994425365339,
    51.149999732743));
#6250 = CARTESIAN_POINT('',(2.919515745924,-6.537146067079,
    51.450000196433));
#6251 = CARTESIAN_POINT('',(5.199999940513,-3.267255021399,
    51.749999978036));
#6252 = CARTESIAN_POINT('',(5.200000191983,3.267255017065,
    52.350000072794));
#6253 = CARTESIAN_POINT('',(2.919514621931,6.537145426566,
    52.649999863748));
#6254 = CARTESIAN_POINT('',(-1.646774112404,7.994428416476,
    52.950000293592));
#6255 = CARTESIAN_POINT('',(-6.861127633772,5.952838899488,
    53.249999828372));
#6256 = CARTESIAN_POINT('',(-9.623220196964,4.369475113763E-06,
    53.549999946731));
#6257 = CARTESIAN_POINT('',(-6.86112532514,-5.952845685333,
    53.850000371569));
#6258 = CARTESIAN_POINT('',(-1.646776649847,-7.994425357167,
    54.149999636741));
#6259 = CARTESIAN_POINT('',(2.919515950638,-6.537146073677,
    54.450000273891));
#6260 = CARTESIAN_POINT('',(5.199999806559,-3.267255017078,
    54.749999927349));
#6261 = CARTESIAN_POINT('',(5.200000135745,-4.40931716434E-09,
    55.050000051712));
#6262 = PCURVE('',#1437,#6263);
#6263 = DEFINITIONAL_REPRESENTATION('',(#6264),#6268);
#6264 = LINE('',#6265,#6266);
#6265 = CARTESIAN_POINT('',(1.131370849898,0.));
#6266 = VECTOR('',#6267,1.);
#6267 = DIRECTION('',(0.,1.));
#6268 = ( GEOMETRIC_REPRESENTATION_CONTEXT(2) 
PARAMETRIC_REPRESENTATION_CONTEXT() REPRESENTATION_CONTEXT('2D SPACE',''
  ) );
#6269 = PCURVE('',#1537,#6270);
#6270 = DEFINITIONAL_REPRESENTATION('',(#6271),#6278);
#6271 = B_SPLINE_CURVE_WITH_KNOTS('',5,(#6272,#6273,#6274,#6275,#6276,
    #6277),.UNSPECIFIED.,.F.,.F.,(6,6),(23.404117758736,25.334323667182)
  ,.PIECEWISE_BEZIER_KNOTS.);
#6272 = CARTESIAN_POINT('',(-2.270640578606,-11.13415036185));
#6273 = CARTESIAN_POINT('',(-2.61901658726,-11.30048422327));
#6274 = CARTESIAN_POINT('',(-2.967400525891,-11.46681808533));
#6275 = CARTESIAN_POINT('',(-3.31572191504,-11.63315195306));
#6276 = CARTESIAN_POINT('',(-3.664105862815,-11.79948581512));
#6277 = CARTESIAN_POINT('',(-4.012481870697,-11.96581967653));
#6278 = ( GEOMETRIC_REPRESENTATION_CONTEXT(2) 
PARAMETRIC_REPRESENTATION_CONTEXT() REPRESENTATION_CONTEXT('2D SPACE',''
  ) );
#6279 = ORIENTED_EDGE('',*,*,#6280,.T.);
#6280 = EDGE_CURVE('',#6220,#6281,#6283,.T.);
#6281 = VERTEX_POINT('',#6282);
#6282 = CARTESIAN_POINT('',(5.200000135745,-4.40931743079E-09,
    55.050000051712));
#6283 = SURFACE_CURVE('',#6284,(#6323,#6330),.PCURVE_S1.);
#6284 = B_SPLINE_CURVE_WITH_KNOTS('',10,(#6285,#6286,#6287,#6288,#6289,
    #6290,#6291,#6292,#6293,#6294,#6295,#6296,#6297,#6298,#6299,#6300,
    #6301,#6302,#6303,#6304,#6305,#6306,#6307,#6308,#6309,#6310,#6311,
    #6312,#6313,#6314,#6315,#6316,#6317,#6318,#6319,#6320,#6321,#6322),
  .UNSPECIFIED.,.F.,.F.,(11,9,9,9,11),(0.,6.962644440466,13.925288880933
    ,20.887933321399,27.850577761866),.UNSPECIFIED.);
#6285 = CARTESIAN_POINT('',(5.2,-1.746082220887E-15,43.05));
#6286 = CARTESIAN_POINT('',(5.200000326493,3.267255012668,43.35000012436
    ));
#6287 = CARTESIAN_POINT('',(2.919514397562,6.537145433903,
    43.649999777826));
#6288 = CARTESIAN_POINT('',(-1.646773795021,7.994428406087,
    43.95000041495));
#6289 = CARTESIAN_POINT('',(-6.861128022023,5.952838912208,
    44.249999680191));
#6290 = CARTESIAN_POINT('',(-9.6232197817,4.355873033691E-06,
    44.550000104898));
#6291 = CARTESIAN_POINT('',(-6.861125714845,-5.952845672594,
    44.850000223437));
#6292 = CARTESIAN_POINT('',(-1.646776330182,-7.994425367577,
    45.149999758034));
#6293 = CARTESIAN_POINT('',(2.919515724006,-6.537146066328,
    45.450000188021));
#6294 = CARTESIAN_POINT('',(5.199999942721,-3.267255021476,
    45.749999978887));
#6295 = CARTESIAN_POINT('',(5.200000194456,3.267255016984,
    46.350000073732));
#6296 = CARTESIAN_POINT('',(2.919514599061,6.537145427383,
    46.649999855048));
#6297 = CARTESIAN_POINT('',(-1.646774044517,7.994428414015,
    46.950000319386));
#6298 = CARTESIAN_POINT('',(-6.861127769087,5.952838904349,
    47.249999777041));
#6299 = CARTESIAN_POINT('',(-9.623219991174,4.362258272711E-06,
    47.550000024679));
#6300 = CARTESIAN_POINT('',(-6.861125575313,-5.952845676817,
    47.850000276904));
#6301 = CARTESIAN_POINT('',(-1.64677640215,-7.994425365376,
    48.149999730432));
#6302 = CARTESIAN_POINT('',(2.91951575017,-6.537146067152,
    48.450000198061));
#6303 = CARTESIAN_POINT('',(5.199999938073,-3.267255021322,
    48.749999977107));
#6304 = CARTESIAN_POINT('',(5.20000019671,3.267255016911,49.350000074583
    ));
#6305 = CARTESIAN_POINT('',(2.919514595574,6.537145427427,
    49.649999853784));
#6306 = CARTESIAN_POINT('',(-1.646774039761,7.994428414114,
    49.950000321054));
#6307 = CARTESIAN_POINT('',(-6.861127775093,5.95283890406,
    50.249999774937));
#6308 = CARTESIAN_POINT('',(-9.623219984205,4.362613694163E-06,
    50.550000027196));
#6309 = CARTESIAN_POINT('',(-6.861125582402,-5.952845677048,
    50.850000274252));
#6310 = CARTESIAN_POINT('',(-1.6467763961,-7.994425365339,
    51.149999732743));
#6311 = CARTESIAN_POINT('',(2.919515745924,-6.537146067079,
    51.450000196433));
#6312 = CARTESIAN_POINT('',(5.199999940513,-3.267255021399,
    51.749999978036));
#6313 = CARTESIAN_POINT('',(5.200000191983,3.267255017065,
    52.350000072794));
#6314 = CARTESIAN_POINT('',(2.919514621931,6.537145426566,
    52.649999863748));
#6315 = CARTESIAN_POINT('',(-1.646774112404,7.994428416476,
    52.950000293592));
#6316 = CARTESIAN_POINT('',(-6.861127633772,5.952838899488,
    53.249999828372));
#6317 = CARTESIAN_POINT('',(-9.623220196964,4.369475113763E-06,
    53.549999946731));
#6318 = CARTESIAN_POINT('',(-6.86112532514,-5.952845685333,
    53.850000371569));
#6319 = CARTESIAN_POINT('',(-1.646776649847,-7.994425357167,
    54.149999636741));
#6320 = CARTESIAN_POINT('',(2.919515950638,-6.537146073677,
    54.450000273891));
#6321 = CARTESIAN_POINT('',(5.199999806559,-3.267255017078,
    54.749999927349));
#6322 = CARTESIAN_POINT('',(5.200000135745,-4.40931716434E-09,
    55.050000051712));
#6323 = PCURVE('',#1437,#6324);
#6324 = DEFINITIONAL_REPRESENTATION('',(#6325),#6329);
#6325 = LINE('',#6326,#6327);
#6326 = CARTESIAN_POINT('',(1.131370849898,0.));
#6327 = VECTOR('',#6328,1.);
#6328 = DIRECTION('',(0.,1.));
#6329 = ( GEOMETRIC_REPRESENTATION_CONTEXT(2) 
PARAMETRIC_REPRESENTATION_CONTEXT() REPRESENTATION_CONTEXT('2D SPACE',''
  ) );
#6330 = PCURVE('',#2119,#6331);
#6331 = DEFINITIONAL_REPRESENTATION('',(#6332),#6335);
#6332 = B_SPLINE_CURVE_WITH_KNOTS('',1,(#6333,#6334),.UNSPECIFIED.,.F.,
  .F.,(2,2),(0.,27.850577761866),.PIECEWISE_BEZIER_KNOTS.);
#6333 = CARTESIAN_POINT('',(0.,0.));
#6334 = CARTESIAN_POINT('',(0.,27.850577761866));
#6335 = ( GEOMETRIC_REPRESENTATION_CONTEXT(2) 
PARAMETRIC_REPRESENTATION_CONTEXT() REPRESENTATION_CONTEXT('2D SPACE',''
  ) );
#6336 = ORIENTED_EDGE('',*,*,#6337,.F.);
#6337 = EDGE_CURVE('',#4376,#6281,#6338,.T.);
#6338 = SURFACE_CURVE('',#6339,(#6342,#6349),.PCURVE_S1.);
#6339 = B_SPLINE_CURVE_WITH_KNOTS('',1,(#6340,#6341),.UNSPECIFIED.,.F.,
  .F.,(2,2),(0.,1.131370849898),.PIECEWISE_BEZIER_KNOTS.);
#6340 = CARTESIAN_POINT('',(6.00000003232,4.408952751299E-09,
    54.249999948288));
#6341 = CARTESIAN_POINT('',(5.200000135745,-4.40931716434E-09,
    55.050000051712));
#6342 = PCURVE('',#1437,#6343);
#6343 = DEFINITIONAL_REPRESENTATION('',(#6344),#6348);
#6344 = LINE('',#6345,#6346);
#6345 = CARTESIAN_POINT('',(0.,27.850577761866));
#6346 = VECTOR('',#6347,1.);
#6347 = DIRECTION('',(1.,0.));
#6348 = ( GEOMETRIC_REPRESENTATION_CONTEXT(2) 
PARAMETRIC_REPRESENTATION_CONTEXT() REPRESENTATION_CONTEXT('2D SPACE',''
  ) );
#6349 = PCURVE('',#2057,#6350);
#6350 = DEFINITIONAL_REPRESENTATION('',(#6351),#6354);
#6351 = B_SPLINE_CURVE_WITH_KNOTS('',1,(#6352,#6353),.UNSPECIFIED.,.F.,
  .F.,(2,2),(0.,1.131370849898),.PIECEWISE_BEZIER_KNOTS.);
#6352 = CARTESIAN_POINT('',(-0.531613027521,-0.249999931273));
#6353 = CARTESIAN_POINT('',(0.268386869054,-1.050000034697));
#6354 = ( GEOMETRIC_REPRESENTATION_CONTEXT(2) 
PARAMETRIC_REPRESENTATION_CONTEXT() REPRESENTATION_CONTEXT('2D SPACE',''
  ) );
#6355 = ADVANCED_FACE('',(#6356),#1339,.F.);
#6356 = FACE_BOUND('',#6357,.F.);
#6357 = EDGE_LOOP('',(#6358,#6359,#6360,#6361));
#6358 = ORIENTED_EDGE('',*,*,#1985,.F.);
#6359 = ORIENTED_EDGE('',*,*,#1325,.T.);
#6360 = ORIENTED_EDGE('',*,*,#4375,.T.);
#6361 = ORIENTED_EDGE('',*,*,#6362,.F.);
#6362 = EDGE_CURVE('',#1986,#4376,#6363,.T.);
#6363 = SURFACE_CURVE('',#6364,(#6367,#6374),.PCURVE_S1.);
#6364 = B_SPLINE_CURVE_WITH_KNOTS('',1,(#6365,#6366),.UNSPECIFIED.,.F.,
  .F.,(2,2),(0.,0.5),.PIECEWISE_BEZIER_KNOTS.);
#6365 = CARTESIAN_POINT('',(5.99999996768,4.409091737864E-09,
    53.749999948288));
#6366 = CARTESIAN_POINT('',(6.00000003232,4.408956170581E-09,
    54.249999948288));
#6367 = PCURVE('',#1339,#6368);
#6368 = DEFINITIONAL_REPRESENTATION('',(#6369),#6373);
#6369 = LINE('',#6370,#6371);
#6370 = CARTESIAN_POINT('',(0.,27.850577761866));
#6371 = VECTOR('',#6372,1.);
#6372 = DIRECTION('',(1.,0.));
#6373 = ( GEOMETRIC_REPRESENTATION_CONTEXT(2) 
PARAMETRIC_REPRESENTATION_CONTEXT() REPRESENTATION_CONTEXT('2D SPACE',''
  ) );
#6374 = PCURVE('',#2057,#6375);
#6375 = DEFINITIONAL_REPRESENTATION('',(#6376),#6379);
#6376 = B_SPLINE_CURVE_WITH_KNOTS('',1,(#6377,#6378),.UNSPECIFIED.,.F.,
  .F.,(2,2),(0.,0.5),.PIECEWISE_BEZIER_KNOTS.);
#6377 = CARTESIAN_POINT('',(-0.531612962881,0.250000068727));
#6378 = CARTESIAN_POINT('',(-0.531613027521,-0.249999931273));
#6379 = ( GEOMETRIC_REPRESENTATION_CONTEXT(2) 
PARAMETRIC_REPRESENTATION_CONTEXT() REPRESENTATION_CONTEXT('2D SPACE',''
  ) );
#6380 = ADVANCED_FACE('',(#6381),#1711,.F.);
#6381 = FACE_BOUND('',#6382,.F.);
#6382 = EDGE_LOOP('',(#6383,#6384,#6420,#6421,#6422));
#6383 = ORIENTED_EDGE('',*,*,#4605,.F.);
#6384 = ORIENTED_EDGE('',*,*,#6385,.F.);
#6385 = EDGE_CURVE('',#1574,#4568,#6386,.T.);
#6386 = SURFACE_CURVE('',#6387,(#6396,#6408),.PCURVE_S1.);
#6387 = B_SPLINE_CURVE_WITH_KNOTS('',4,(#6388,#6389,#6390,#6391,#6392,
    #6393,#6394,#6395),.UNSPECIFIED.,.F.,.F.,(5,3,5),(0.,0.516164476535,
    1.),.UNSPECIFIED.);
#6388 = CARTESIAN_POINT('',(0.880458573719,5.124918799353,41.9999994));
#6389 = CARTESIAN_POINT('',(0.880884055089,5.12484570186,42.22175122914)
  );
#6390 = CARTESIAN_POINT('',(0.88130955245,5.124772553129,42.443503057515
    ));
#6391 = CARTESIAN_POINT('',(0.88173506586,5.12469935314,42.665254885123)
  );
#6392 = CARTESIAN_POINT('',(0.882559472782,5.124557438533,
    43.094869546568));
#6393 = CARTESIAN_POINT('',(0.882958364313,5.124488730142,43.3027323805)
  );
#6394 = CARTESIAN_POINT('',(0.883357270138,5.124419976657,
    43.510595213751));
#6395 = CARTESIAN_POINT('',(0.883756190266,5.124351178068,
    43.718458046321));
#6396 = PCURVE('',#1711,#6397);
#6397 = DEFINITIONAL_REPRESENTATION('',(#6398),#6407);
#6398 = B_SPLINE_CURVE_WITH_KNOTS('',4,(#6399,#6400,#6401,#6402,#6403,
    #6404,#6405,#6406),.UNSPECIFIED.,.F.,.F.,(5,3,5),(0.,0.516164476535,
    1.),.UNSPECIFIED.);
#6399 = CARTESIAN_POINT('',(1.71876588488,1.552124903142));
#6400 = CARTESIAN_POINT('',(1.496974415883,1.552032903732));
#6401 = CARTESIAN_POINT('',(1.275182945406,1.551940899114));
#6402 = CARTESIAN_POINT('',(1.053391473448,1.551848889277));
#6403 = CARTESIAN_POINT('',(0.623700001968,1.551670622291));
#6404 = CARTESIAN_POINT('',(0.415800002628,1.551584365785));
#6405 = CARTESIAN_POINT('',(0.207900001972,1.551498104645));
#6406 = CARTESIAN_POINT('',(0.,1.551411838868));
#6407 = ( GEOMETRIC_REPRESENTATION_CONTEXT(2) 
PARAMETRIC_REPRESENTATION_CONTEXT() REPRESENTATION_CONTEXT('2D SPACE',''
  ) );
#6408 = PCURVE('',#1537,#6409);
#6409 = DEFINITIONAL_REPRESENTATION('',(#6410),#6419);
#6410 = B_SPLINE_CURVE_WITH_KNOTS('',4,(#6411,#6412,#6413,#6414,#6415,
    #6416,#6417,#6418),.UNSPECIFIED.,.F.,.F.,(5,3,5),(0.,0.516164476535,
    1.),.UNSPECIFIED.);
#6411 = CARTESIAN_POINT('',(-1.400657719698,5.999999999062E-07));
#6412 = CARTESIAN_POINT('',(-1.400574697628,-0.22175122914));
#6413 = CARTESIAN_POINT('',(-1.400491670858,-0.443503057515));
#6414 = CARTESIAN_POINT('',(-1.400408639376,-0.665254885123));
#6415 = CARTESIAN_POINT('',(-1.400247767752,-1.094869546568));
#6416 = CARTESIAN_POINT('',(-1.400169928189,-1.3027323805));
#6417 = CARTESIAN_POINT('',(-1.400092084445,-1.510595213751));
#6418 = CARTESIAN_POINT('',(-1.400014236515,-1.718458046321));
#6419 = ( GEOMETRIC_REPRESENTATION_CONTEXT(2) 
PARAMETRIC_REPRESENTATION_CONTEXT() REPRESENTATION_CONTEXT('2D SPACE',''
  ) );
#6420 = ORIENTED_EDGE('',*,*,#1597,.T.);
#6421 = ORIENTED_EDGE('',*,*,#1925,.T.);
#6422 = ORIENTED_EDGE('',*,*,#6423,.T.);
#6423 = EDGE_CURVE('',#1926,#4606,#6424,.T.);
#6424 = SURFACE_CURVE('',#6425,(#6434,#6446),.PCURVE_S1.);
#6425 = B_SPLINE_CURVE_WITH_KNOTS('',4,(#6426,#6427,#6428,#6429,#6430,
    #6431,#6432,#6433),.UNSPECIFIED.,.F.,.F.,(5,3,5),(0.,0.405999924401,
    1.),.UNSPECIFIED.);
#6426 = CARTESIAN_POINT('',(-3.344816817038,3.981482193915,
    42.033610990991));
#6427 = CARTESIAN_POINT('',(-3.345272443526,3.98109942512,
    42.246815656026));
#6428 = CARTESIAN_POINT('',(-3.34572823248,3.980716401255,
    42.460020329597));
#6429 = CARTESIAN_POINT('',(-3.346184184898,3.98033312122,
    42.673225011749));
#6430 = CARTESIAN_POINT('',(-3.34730762334,3.979388449865,
    43.198359815787));
#6431 = CARTESIAN_POINT('',(-3.347975296113,3.978826765816,
    43.510289947477));
#6432 = CARTESIAN_POINT('',(-3.348643320716,3.978264530431,
    43.822220097637));
#6433 = CARTESIAN_POINT('',(-3.34931169875,3.977701741536,
    44.134150266346));
#6434 = PCURVE('',#1711,#6435);
#6435 = DEFINITIONAL_REPRESENTATION('',(#6436),#6445);
#6436 = B_SPLINE_CURVE_WITH_KNOTS('',4,(#6437,#6438,#6439,#6440,#6441,
    #6442,#6443,#6444),.UNSPECIFIED.,.F.,.F.,(5,3,5),(0.,0.405999924401,
    1.),.UNSPECIFIED.);
#6437 = CARTESIAN_POINT('',(2.1,2.514932621457));
#6438 = CARTESIAN_POINT('',(1.886849973002,2.515059429866));
#6439 = CARTESIAN_POINT('',(1.673699963954,2.515186299747));
#6440 = CARTESIAN_POINT('',(1.460549972948,2.515313231416));
#6441 = CARTESIAN_POINT('',(0.935549941822,2.515626023372));
#6442 = CARTESIAN_POINT('',(0.623699922318,2.515811954263));
#6443 = CARTESIAN_POINT('',(0.311849941655,2.515998018165));
#6444 = CARTESIAN_POINT('',(0.,2.516184215651));
#6445 = ( GEOMETRIC_REPRESENTATION_CONTEXT(2) 
PARAMETRIC_REPRESENTATION_CONTEXT() REPRESENTATION_CONTEXT('2D SPACE',''
  ) );
#6446 = PCURVE('',#1537,#6447);
#6447 = DEFINITIONAL_REPRESENTATION('',(#6448),#6457);
#6448 = B_SPLINE_CURVE_WITH_KNOTS('',4,(#6449,#6450,#6451,#6452,#6453,
    #6454,#6455,#6456),.UNSPECIFIED.,.F.,.F.,(5,3,5),(0.,0.405999924401,
    1.),.UNSPECIFIED.);
#6449 = CARTESIAN_POINT('',(-2.269510895608,-3.361099099123E-02));
#6450 = CARTESIAN_POINT('',(-2.269625332007,-0.246815656026));
#6451 = CARTESIAN_POINT('',(-2.269739823881,-0.460020329597));
#6452 = CARTESIAN_POINT('',(-2.269854371516,-0.673225011749));
#6453 = CARTESIAN_POINT('',(-2.270136646057,-1.198359815787));
#6454 = CARTESIAN_POINT('',(-2.27030443668,-1.510289947477));
#6455 = CARTESIAN_POINT('',(-2.270472347338,-1.822220097637));
#6456 = CARTESIAN_POINT('',(-2.270640378547,-2.134150266346));
#6457 = ( GEOMETRIC_REPRESENTATION_CONTEXT(2) 
PARAMETRIC_REPRESENTATION_CONTEXT() REPRESENTATION_CONTEXT('2D SPACE',''
  ) );
#6458 = ADVANCED_FACE('',(#6459,#8064,#8140,#8225,#8310,#8386,#8462,
    #8538,#8623,#8664,#8740),#1537,.T.);
#6459 = FACE_BOUND('',#6460,.F.);
#6460 = EDGE_LOOP('',(#6461,#6462,#6463,#6464,#6465,#6503,#6530,#6531,
    #6552,#6553,#6789,#6810,#6831,#6832,#7068,#7089,#7110,#7111,#7287,
    #7308,#7329,#7352,#7381,#7417,#7418,#7456,#7483,#7484,#7485,#7486,
    #7693,#7694,#7695,#7696,#7855,#7856,#7857,#7858,#8062,#8063));
#6461 = ORIENTED_EDGE('',*,*,#1521,.F.);
#6462 = ORIENTED_EDGE('',*,*,#1573,.F.);
#6463 = ORIENTED_EDGE('',*,*,#6385,.T.);
#6464 = ORIENTED_EDGE('',*,*,#4567,.F.);
#6465 = ORIENTED_EDGE('',*,*,#6466,.F.);
#6466 = EDGE_CURVE('',#6467,#4434,#6469,.T.);
#6467 = VERTEX_POINT('',#6468);
#6468 = CARTESIAN_POINT('',(4.062208650242,3.246299567492,42.));
#6469 = SURFACE_CURVE('',#6470,(#6479,#6491),.PCURVE_S1.);
#6470 = B_SPLINE_CURVE_WITH_KNOTS('',4,(#6471,#6472,#6473,#6474,#6475,
    #6476,#6477,#6478),.UNSPECIFIED.,.F.,.F.,(5,3,5),(0.,0.595893788026,
    1.),.UNSPECIFIED.);
#6471 = CARTESIAN_POINT('',(4.062208650772,3.246299566828,41.9999994));
#6472 = CARTESIAN_POINT('',(4.062024666086,3.246529793328,
    42.204405599757));
#6473 = CARTESIAN_POINT('',(4.061840661845,3.246760008623,
    42.408811799618));
#6474 = CARTESIAN_POINT('',(4.061656637951,3.246990212836,
    42.613217999586));
#6475 = CARTESIAN_POINT('',(4.061347784998,3.247376511777,
    42.956242552259));
#6476 = CARTESIAN_POINT('',(4.061222966609,3.247532612423,
    43.094860904902));
#6477 = CARTESIAN_POINT('',(4.061098139022,3.247688708171,
    43.233479257602));
#6478 = CARTESIAN_POINT('',(4.060973302418,3.247844798794,
    43.372097610351));
#6479 = PCURVE('',#1537,#6480);
#6480 = DEFINITIONAL_REPRESENTATION('',(#6481),#6490);
#6481 = B_SPLINE_CURVE_WITH_KNOTS('',4,(#6482,#6483,#6484,#6485,#6486,
    #6487,#6488,#6489),.UNSPECIFIED.,.F.,.F.,(5,3,5),(0.,0.595893788026,
    1.),.UNSPECIFIED.);
#6482 = CARTESIAN_POINT('',(-0.67422025981,5.999999999062E-07));
#6483 = CARTESIAN_POINT('',(-0.674276935013,-0.204405599757));
#6484 = CARTESIAN_POINT('',(-0.674333610881,-0.408811799618));
#6485 = CARTESIAN_POINT('',(-0.674390287443,-0.613217999586));
#6486 = CARTESIAN_POINT('',(-0.674485400467,-0.956242552259));
#6487 = CARTESIAN_POINT('',(-0.674523836537,-1.094860904902));
#6488 = CARTESIAN_POINT('',(-0.674562272975,-1.233479257602));
#6489 = CARTESIAN_POINT('',(-0.674600709727,-1.372097610351));
#6490 = ( GEOMETRIC_REPRESENTATION_CONTEXT(2) 
PARAMETRIC_REPRESENTATION_CONTEXT() REPRESENTATION_CONTEXT('2D SPACE',''
  ) );
#6491 = PCURVE('',#4484,#6492);
#6492 = DEFINITIONAL_REPRESENTATION('',(#6493),#6502);
#6493 = B_SPLINE_CURVE_WITH_KNOTS('',4,(#6494,#6495,#6496,#6497,#6498,
    #6499,#6500,#6501),.UNSPECIFIED.,.F.,.F.,(5,3,5),(0.,0.595893788026,
    1.),.UNSPECIFIED.);
#6494 = CARTESIAN_POINT('',(1.371916551852,0.747128712428));
#6495 = CARTESIAN_POINT('',(1.167537413562,0.747191518885));
#6496 = CARTESIAN_POINT('',(0.963158275486,0.747254326081));
#6497 = CARTESIAN_POINT('',(0.758779137631,0.74731713404));
#6498 = CARTESIAN_POINT('',(0.415799999842,0.747422536607));
#6499 = CARTESIAN_POINT('',(0.277199999782,0.747465130777));
#6500 = CARTESIAN_POINT('',(0.138599999841,0.747507725355));
#6501 = CARTESIAN_POINT('',(0.,0.747550320281));
#6502 = ( GEOMETRIC_REPRESENTATION_CONTEXT(2) 
PARAMETRIC_REPRESENTATION_CONTEXT() REPRESENTATION_CONTEXT('2D SPACE',''
  ) );
#6503 = ORIENTED_EDGE('',*,*,#6504,.F.);
#6504 = EDGE_CURVE('',#1522,#6467,#6505,.T.);
#6505 = SURFACE_CURVE('',#6506,(#6511,#6518),.PCURVE_S1.);
#6506 = CIRCLE('',#6507,5.2);
#6507 = AXIS2_PLACEMENT_3D('',#6508,#6509,#6510);
#6508 = CARTESIAN_POINT('',(0.,0.,42.));
#6509 = DIRECTION('',(0.,0.,1.));
#6510 = DIRECTION('',(1.,0.,0.));
#6511 = PCURVE('',#1537,#6512);
#6512 = DEFINITIONAL_REPRESENTATION('',(#6513),#6517);
#6513 = LINE('',#6514,#6515);
#6514 = CARTESIAN_POINT('',(-0.,0.));
#6515 = VECTOR('',#6516,1.);
#6516 = DIRECTION('',(-1.,0.));
#6517 = ( GEOMETRIC_REPRESENTATION_CONTEXT(2) 
PARAMETRIC_REPRESENTATION_CONTEXT() REPRESENTATION_CONTEXT('2D SPACE',''
  ) );
#6518 = PCURVE('',#6519,#6524);
#6519 = PLANE('',#6520);
#6520 = AXIS2_PLACEMENT_3D('',#6521,#6522,#6523);
#6521 = CARTESIAN_POINT('',(-4.675009000135E-16,2.286947741797E-16,42.)
  );
#6522 = DIRECTION('',(0.,0.,1.));
#6523 = DIRECTION('',(1.,0.,-0.));
#6524 = DEFINITIONAL_REPRESENTATION('',(#6525),#6529);
#6525 = CIRCLE('',#6526,5.2);
#6526 = AXIS2_PLACEMENT_2D('',#6527,#6528);
#6527 = CARTESIAN_POINT('',(4.675009000135E-16,-2.286947741797E-16));
#6528 = DIRECTION('',(1.,0.));
#6529 = ( GEOMETRIC_REPRESENTATION_CONTEXT(2) 
PARAMETRIC_REPRESENTATION_CONTEXT() REPRESENTATION_CONTEXT('2D SPACE',''
  ) );
#6530 = ORIENTED_EDGE('',*,*,#1521,.T.);
#6531 = ORIENTED_EDGE('',*,*,#6532,.T.);
#6532 = EDGE_CURVE('',#1424,#3936,#6533,.T.);
#6533 = SEAM_CURVE('',#6534,(#6538,#6545),.PCURVE_S1.);
#6534 = LINE('',#6535,#6536);
#6535 = CARTESIAN_POINT('',(5.2,0.,42.));
#6536 = VECTOR('',#6537,1.);
#6537 = DIRECTION('',(0.,0.,1.));
#6538 = PCURVE('',#1537,#6539);
#6539 = DEFINITIONAL_REPRESENTATION('',(#6540),#6544);
#6540 = LINE('',#6541,#6542);
#6541 = CARTESIAN_POINT('',(-6.28318530718,0.));
#6542 = VECTOR('',#6543,1.);
#6543 = DIRECTION('',(-0.,-1.));
#6544 = ( GEOMETRIC_REPRESENTATION_CONTEXT(2) 
PARAMETRIC_REPRESENTATION_CONTEXT() REPRESENTATION_CONTEXT('2D SPACE',''
  ) );
#6545 = PCURVE('',#1537,#6546);
#6546 = DEFINITIONAL_REPRESENTATION('',(#6547),#6551);
#6547 = LINE('',#6548,#6549);
#6548 = CARTESIAN_POINT('',(-0.,0.));
#6549 = VECTOR('',#6550,1.);
#6550 = DIRECTION('',(-0.,-1.));
#6551 = ( GEOMETRIC_REPRESENTATION_CONTEXT(2) 
PARAMETRIC_REPRESENTATION_CONTEXT() REPRESENTATION_CONTEXT('2D SPACE',''
  ) );
#6552 = ORIENTED_EDGE('',*,*,#3935,.T.);
#6553 = ORIENTED_EDGE('',*,*,#6554,.F.);
#6554 = EDGE_CURVE('',#6555,#3875,#6557,.T.);
#6555 = VERTEX_POINT('',#6556);
#6556 = CARTESIAN_POINT('',(5.2,-1.201297997274E-15,45.00707843044));
#6557 = SURFACE_CURVE('',#6558,(#6633,#6711),.PCURVE_S1.);
#6558 = B_SPLINE_CURVE_WITH_KNOTS('',8,(#6559,#6560,#6561,#6562,#6563,
    #6564,#6565,#6566,#6567,#6568,#6569,#6570,#6571,#6572,#6573,#6574,
    #6575,#6576,#6577,#6578,#6579,#6580,#6581,#6582,#6583,#6584,#6585,
    #6586,#6587,#6588,#6589,#6590,#6591,#6592,#6593,#6594,#6595,#6596,
    #6597,#6598,#6599,#6600,#6601,#6602,#6603,#6604,#6605,#6606,#6607,
    #6608,#6609,#6610,#6611,#6612,#6613,#6614,#6615,#6616,#6617,#6618,
    #6619,#6620,#6621,#6622,#6623,#6624,#6625,#6626,#6627,#6628,#6629,
    #6630,#6631,#6632),.UNSPECIFIED.,.F.,.F.,(9,8,8,7,7,7,7,7,7,7,9),(0.
    ,5.561210725452E-02,0.111224214509,0.166836321764,0.24584543329,
    0.310530212586,0.355463947491,0.407597579461,0.643189515309,
    0.758323825588,1.),.UNSPECIFIED.);
#6559 = CARTESIAN_POINT('',(5.2,-1.201297997274E-15,45.00707843044));
#6560 = CARTESIAN_POINT('',(5.19999999987,1.651825240716E-04,
    45.007092356244));
#6561 = CARTESIAN_POINT('',(5.199999994462,2.449515415913E-04,
    45.007082259125));
#6562 = CARTESIAN_POINT('',(5.19999999194,3.112592591079E-04,
    45.007079294924));
#6563 = CARTESIAN_POINT('',(5.199999986399,4.0426840798E-04,
    45.007069522892));
#6564 = CARTESIAN_POINT('',(5.199999976237,5.654065336085E-04,
    45.007051017735));
#6565 = CARTESIAN_POINT('',(5.199999952678,8.213970261363E-04,
    45.006996576069));
#6566 = CARTESIAN_POINT('',(5.199999887465,1.16978669721E-03,
    45.006814880575));
#6567 = CARTESIAN_POINT('',(5.199999748746,1.616489707404E-03,
    45.006402985125));
#6568 = CARTESIAN_POINT('',(5.199999530223,2.317235824872E-03,
    45.005753917053));
#6569 = CARTESIAN_POINT('',(5.199999246803,2.898821836395E-03,
    45.004882781918));
#6570 = CARTESIAN_POINT('',(5.199998796854,3.783610387808E-03,
    45.003499230205));
#6571 = CARTESIAN_POINT('',(5.199998112264,4.619358740392E-03,
    45.001346552948));
#6572 = CARTESIAN_POINT('',(5.199997205514,5.561111451583E-03,
    44.998486355804));
#6573 = CARTESIAN_POINT('',(5.199996142257,6.413393918466E-03,
    44.995111708328));
#6574 = CARTESIAN_POINT('',(5.19999505908,7.194859161549E-03,
    44.991668918476));
#6575 = CARTESIAN_POINT('',(5.199994150434,7.799708274938E-03,
    44.988777425906));
#6576 = CARTESIAN_POINT('',(5.199991640831,9.472156363129E-03,
    44.980791338219));
#6577 = CARTESIAN_POINT('',(5.199989127553,1.07433031323E-02,
    44.972767551897));
#6578 = CARTESIAN_POINT('',(5.19998661208,1.192169817629E-02,
    44.964734822377));
#6579 = CARTESIAN_POINT('',(5.199984094714,1.293831266269E-02,
    44.956688915409));
#6580 = CARTESIAN_POINT('',(5.199981576513,1.391106785709E-02,
    44.948640821389));
#6581 = CARTESIAN_POINT('',(5.199979057112,1.47982241451E-02,
    44.94058712104));
#6582 = CARTESIAN_POINT('',(5.199976536683,1.564172639156E-02,
    44.932530714442));
#6583 = CARTESIAN_POINT('',(5.199970431865,1.75721833396E-02,
    44.913017829455));
#6584 = CARTESIAN_POINT('',(5.199966846828,1.861781238261E-02,
    44.901560034872));
#6585 = CARTESIAN_POINT('',(5.19996325978,1.959736805225E-02,
    44.890098058946));
#6586 = CARTESIAN_POINT('',(5.199959670833,2.052482819193E-02,
    44.878632916982));
#6587 = CARTESIAN_POINT('',(5.199956080098,2.140888183954E-02,
    44.867165246874));
#6588 = CARTESIAN_POINT('',(5.199952487666,2.225499814286E-02,
    44.855695434623));
#6589 = CARTESIAN_POINT('',(5.199948893588,2.306749527486E-02,
    44.84422373985));
#6590 = CARTESIAN_POINT('',(5.199942354058,2.449332444115E-02,
    44.82335719623));
#6591 = CARTESIAN_POINT('',(5.199939409172,2.511570808358E-02,
    44.813962903352));
#6592 = CARTESIAN_POINT('',(5.199936463238,2.572061552367E-02,
    44.804567659221));
#6593 = CARTESIAN_POINT('',(5.199933516287,2.630968515189E-02,
    44.795171565625));
#6594 = CARTESIAN_POINT('',(5.199930568346,2.688433850196E-02,
    44.785774709605));
#6595 = CARTESIAN_POINT('',(5.199927619437,2.744578025085E-02,
    44.776377163458));
#6596 = CARTESIAN_POINT('',(5.199924669577,2.799499821879E-02,
    44.766978984734));
#6597 = CARTESIAN_POINT('',(5.199919668984,2.890632569681E-02,
    44.751051295886));
#6598 = CARTESIAN_POINT('',(5.199917618739,2.927438446135E-02,
    44.744522093167));
#6599 = CARTESIAN_POINT('',(5.199915568049,2.963721898841E-02,
    44.737992624254));
#6600 = CARTESIAN_POINT('',(5.199913516919,2.999508720696E-02,
    44.731462903987));
#6601 = CARTESIAN_POINT('',(5.199911465358,3.034822564941E-02,
    44.724932945875));
#6602 = CARTESIAN_POINT('',(5.199909413369,3.069684945162E-02,
    44.718402762096));
#6603 = CARTESIAN_POINT('',(5.19990736096,3.104115235285E-02,
    44.711872363497));
#6604 = CARTESIAN_POINT('',(5.199902926382,3.177596521612E-02,
    44.697764733083));
#6605 = CARTESIAN_POINT('',(5.199900544074,3.21650462424E-02,
    44.690187430733));
#6606 = CARTESIAN_POINT('',(5.199898161214,3.254882333781E-02,
    44.682609867714));
#6607 = CARTESIAN_POINT('',(5.199895777802,3.292754932485E-02,
    44.675032057969));
#6608 = CARTESIAN_POINT('',(5.199893393845,3.330145628544E-02,
    44.667454014206));
#6609 = CARTESIAN_POINT('',(5.19989100935,3.367075556087E-02,
    44.659875747905));
#6610 = CARTESIAN_POINT('',(5.199888624329,3.403563775179E-02,
    44.652297269316));
#6611 = CARTESIAN_POINT('',(5.199875458572,3.602598249827E-02,
    44.610470516424));
#6612 = CARTESIAN_POINT('',(5.19986466775,3.756929125022E-02,
    44.57621832824));
#6613 = CARTESIAN_POINT('',(5.199853866856,3.904166600484E-02,
    44.541962821505));
#6614 = CARTESIAN_POINT('',(5.199843056351,4.045424716733E-02,
    44.507704573928));
#6615 = CARTESIAN_POINT('',(5.199832236637,4.181491743767E-02,
    44.473443992231));
#6616 = CARTESIAN_POINT('',(5.199821408059,4.312937073095E-02,
    44.439181362048));
#6617 = CARTESIAN_POINT('',(5.199810570911,4.440218109773E-02,
    44.404916897828));
#6618 = CARTESIAN_POINT('',(5.199794425232,4.624175640084E-02,
    44.353904869916));
#6619 = CARTESIAN_POINT('',(5.199789123033,4.683674138597E-02,
    44.337158558513));
#6620 = CARTESIAN_POINT('',(5.199783818881,4.742328067485E-02,
    44.320411880242));
#6621 = CARTESIAN_POINT('',(5.19977851281,4.800179367048E-02,
    44.303664855058));
#6622 = CARTESIAN_POINT('',(5.199773204848,4.857266510377E-02,
    44.28691750116));
#6623 = CARTESIAN_POINT('',(5.199767895021,4.913624503355E-02,
    44.270169834987));
#6624 = CARTESIAN_POINT('',(5.199762583349,4.969284884654E-02,
    44.25342187122));
#6625 = CARTESIAN_POINT('',(5.199746116383,5.139705922606E-02,
    44.201517702704));
#6626 = CARTESIAN_POINT('',(5.199734954886,5.252196648602E-02,
    44.16636053398));
#6627 = CARTESIAN_POINT('',(5.199723785586,5.361998233708E-02,
    44.131202232114));
#6628 = CARTESIAN_POINT('',(5.199712608692,5.469333081989E-02,
    44.096042899041));
#6629 = CARTESIAN_POINT('',(5.199701424391,5.574395671589E-02,
    44.060882623127));
#6630 = CARTESIAN_POINT('',(5.199690232849,5.677352554738E-02,
    44.02572147917));
#6631 = CARTESIAN_POINT('',(5.199679034212,5.778342357745E-02,
    43.990559528402));
#6632 = CARTESIAN_POINT('',(5.199667828606,5.877475781007E-02,
    43.955396818485));
#6633 = PCURVE('',#1537,#6634);
#6634 = DEFINITIONAL_REPRESENTATION('',(#6635),#6710);
#6635 = B_SPLINE_CURVE_WITH_KNOTS('',8,(#6636,#6637,#6638,#6639,#6640,
    #6641,#6642,#6643,#6644,#6645,#6646,#6647,#6648,#6649,#6650,#6651,
    #6652,#6653,#6654,#6655,#6656,#6657,#6658,#6659,#6660,#6661,#6662,
    #6663,#6664,#6665,#6666,#6667,#6668,#6669,#6670,#6671,#6672,#6673,
    #6674,#6675,#6676,#6677,#6678,#6679,#6680,#6681,#6682,#6683,#6684,
    #6685,#6686,#6687,#6688,#6689,#6690,#6691,#6692,#6693,#6694,#6695,
    #6696,#6697,#6698,#6699,#6700,#6701,#6702,#6703,#6704,#6705,#6706,
    #6707,#6708,#6709),.UNSPECIFIED.,.F.,.F.,(9,8,8,7,7,7,7,7,7,7,9),(0.
    ,5.561210725452E-02,0.111224214509,0.166836321764,0.24584543329,
    0.310530212586,0.355463947491,0.407597579461,0.643189515309,
    0.758323825588,1.),.UNSPECIFIED.);
#6636 = CARTESIAN_POINT('',(0.,-3.00707843044));
#6637 = CARTESIAN_POINT('',(-3.176587001071E-05,-3.007092356244));
#6638 = CARTESIAN_POINT('',(-4.710606570214E-05,-3.007082259125));
#6639 = CARTESIAN_POINT('',(-5.985754984754E-05,-3.007079294924));
#6640 = CARTESIAN_POINT('',(-7.77439246631E-05,-3.007069522892));
#6641 = CARTESIAN_POINT('',(-1.087320258293E-04,-3.007051017735));
#6642 = CARTESIAN_POINT('',(-1.579609667989E-04,-3.006996576069));
#6643 = CARTESIAN_POINT('',(-2.249589810916E-04,-3.006814880575));
#6644 = CARTESIAN_POINT('',(-3.108634102764E-04,-3.006402985125));
#6645 = CARTESIAN_POINT('',(-4.456222855576E-04,-3.005753917053));
#6646 = CARTESIAN_POINT('',(-5.574657609844E-04,-3.004882781918));
#6647 = CARTESIAN_POINT('',(-7.276174271829E-04,-3.003499230205));
#6648 = CARTESIAN_POINT('',(-8.883383066546E-04,-3.001346552949));
#6649 = CARTESIAN_POINT('',(-1.069444675689E-03,-2.998486355804));
#6650 = CARTESIAN_POINT('',(-1.23334527112E-03,-2.995111708329));
#6651 = CARTESIAN_POINT('',(-1.383627193222E-03,-2.991668918476));
#6652 = CARTESIAN_POINT('',(-1.499944461464E-03,-2.988777425906));
#6653 = CARTESIAN_POINT('',(-1.821569455781E-03,-2.980791338218));
#6654 = CARTESIAN_POINT('',(-2.066021208575E-03,-2.972767551898));
#6655 = CARTESIAN_POINT('',(-2.292636156262E-03,-2.964734822376));
#6656 = CARTESIAN_POINT('',(-2.488139519085E-03,-2.95668891541));
#6657 = CARTESIAN_POINT('',(-2.675208454575E-03,-2.948640821388));
#6658 = CARTESIAN_POINT('',(-2.84581611136E-03,-2.940587121041));
#6659 = CARTESIAN_POINT('',(-3.008028805431E-03,-2.932530714442));
#6660 = CARTESIAN_POINT('',(-3.379272381996E-03,-2.913017829455));
#6661 = CARTESIAN_POINT('',(-3.580356065721E-03,-2.901560034872));
#6662 = CARTESIAN_POINT('',(-3.768733410467E-03,-2.890098058946));
#6663 = CARTESIAN_POINT('',(-3.947092457462E-03,-2.878632916982));
#6664 = CARTESIAN_POINT('',(-4.117104171269E-03,-2.867165246874));
#6665 = CARTESIAN_POINT('',(-4.27982030772E-03,-2.855695434623));
#6666 = CARTESIAN_POINT('',(-4.436071281848E-03,-2.84422373985));
#6667 = CARTESIAN_POINT('',(-4.710272082662E-03,-2.82335719623));
#6668 = CARTESIAN_POINT('',(-4.829962583391E-03,-2.813962903352));
#6669 = CARTESIAN_POINT('',(-4.946292315005E-03,-2.804567659221));
#6670 = CARTESIAN_POINT('',(-5.059576351383E-03,-2.795171565625));
#6671 = CARTESIAN_POINT('',(-5.17008806329E-03,-2.785774709605));
#6672 = CARTESIAN_POINT('',(-5.278059118377E-03,-2.776377163458));
#6673 = CARTESIAN_POINT('',(-5.383679481183E-03,-2.766978984734));
#6674 = CARTESIAN_POINT('',(-5.558937403764E-03,-2.751051295886));
#6675 = CARTESIAN_POINT('',(-5.62971903331E-03,-2.744522093167));
#6676 = CARTESIAN_POINT('',(-5.699496017951E-03,-2.737992624254));
#6677 = CARTESIAN_POINT('',(-5.768317959156E-03,-2.731462903987));
#6678 = CARTESIAN_POINT('',(-5.836230343684E-03,-2.724932945875));
#6679 = CARTESIAN_POINT('',(-5.903274543582E-03,-2.718402762096));
#6680 = CARTESIAN_POINT('',(-5.969487816188E-03,-2.711872363497));
#6681 = CARTESIAN_POINT('',(-6.110800555503E-03,-2.697764733083));
#6682 = CARTESIAN_POINT('',(-6.185625232058E-03,-2.690187430733));
#6683 = CARTESIAN_POINT('',(-6.259429941778E-03,-2.682609867714));
#6684 = CARTESIAN_POINT('',(-6.332263304077E-03,-2.675032057969));
#6685 = CARTESIAN_POINT('',(-6.404169949806E-03,-2.667454014206));
#6686 = CARTESIAN_POINT('',(-6.475190521248E-03,-2.659875747905));
#6687 = CARTESIAN_POINT('',(-6.545361672117E-03,-2.652297269316));
#6688 = CARTESIAN_POINT('',(-6.928128651061E-03,-2.610470516424));
#6689 = CARTESIAN_POINT('',(-7.224926030121E-03,-2.57621832824));
#6690 = CARTESIAN_POINT('',(-7.508082611722E-03,-2.541962821505));
#6691 = CARTESIAN_POINT('',(-7.779740763527E-03,-2.507704573928));
#6692 = CARTESIAN_POINT('',(-8.041416374656E-03,-2.473443992231));
#6693 = CARTESIAN_POINT('',(-8.294204416465E-03,-2.439181362048));
#6694 = CARTESIAN_POINT('',(-8.538984503321E-03,-2.404916897828));
#6695 = CARTESIAN_POINT('',(-8.892762610217E-03,-2.353904869916));
#6696 = CARTESIAN_POINT('',(-9.00718734189E-03,-2.337158558513));
#6697 = CARTESIAN_POINT('',(-9.119987969403E-03,-2.320411880242));
#6698 = CARTESIAN_POINT('',(-9.231245146113E-03,-2.303664855058));
#6699 = CARTESIAN_POINT('',(-9.341032857728E-03,-2.28691750116));
#6700 = CARTESIAN_POINT('',(-9.449418422305E-03,-2.270169834987));
#6701 = CARTESIAN_POINT('',(-9.556462490251E-03,-2.25342187122));
#6702 = CARTESIAN_POINT('',(-9.884210554453E-03,-2.201517702704));
#6703 = CARTESIAN_POINT('',(-1.010054951543E-02,-2.16636053398));
#6704 = CARTESIAN_POINT('',(-1.031171732343E-02,-2.131202232114));
#6705 = CARTESIAN_POINT('',(-1.051814167157E-02,-2.096042899041));
#6706 = CARTESIAN_POINT('',(-1.07201965498E-02,-2.060882623127));
#6707 = CARTESIAN_POINT('',(-1.091820224501E-02,-2.02572147917));
#6708 = CARTESIAN_POINT('',(-1.111242534096E-02,-1.990559528402));
#6709 = CARTESIAN_POINT('',(-1.130307871831E-02,-1.955396818485));
#6710 = ( GEOMETRIC_REPRESENTATION_CONTEXT(2) 
PARAMETRIC_REPRESENTATION_CONTEXT() REPRESENTATION_CONTEXT('2D SPACE',''
  ) );
#6711 = PCURVE('',#5003,#6712);
#6712 = DEFINITIONAL_REPRESENTATION('',(#6713),#6788);
#6713 = B_SPLINE_CURVE_WITH_KNOTS('',8,(#6714,#6715,#6716,#6717,#6718,
    #6719,#6720,#6721,#6722,#6723,#6724,#6725,#6726,#6727,#6728,#6729,
    #6730,#6731,#6732,#6733,#6734,#6735,#6736,#6737,#6738,#6739,#6740,
    #6741,#6742,#6743,#6744,#6745,#6746,#6747,#6748,#6749,#6750,#6751,
    #6752,#6753,#6754,#6755,#6756,#6757,#6758,#6759,#6760,#6761,#6762,
    #6763,#6764,#6765,#6766,#6767,#6768,#6769,#6770,#6771,#6772,#6773,
    #6774,#6775,#6776,#6777,#6778,#6779,#6780,#6781,#6782,#6783,#6784,
    #6785,#6786,#6787),.UNSPECIFIED.,.F.,.F.,(9,8,8,7,7,7,7,7,7,7,9),(0.
    ,5.561210725452E-02,0.111224214509,0.166836321764,0.24584543329,
    0.310530212586,0.355463947491,0.407597579461,0.643189515309,
    0.758323825588,1.),.UNSPECIFIED.);
#6714 = CARTESIAN_POINT('',(1.042921596075,6.962644440944));
#6715 = CARTESIAN_POINT('',(1.042922837365,6.962679641967));
#6716 = CARTESIAN_POINT('',(1.042940258892,6.962696641047));
#6717 = CARTESIAN_POINT('',(1.042949311481,6.962710771473));
#6718 = CARTESIAN_POINT('',(1.042967623632,6.962730592074));
#6719 = CARTESIAN_POINT('',(1.043000924526,6.962764931218));
#6720 = CARTESIAN_POINT('',(1.043078871291,6.962819483759));
#6721 = CARTESIAN_POINT('',(1.043292555992,6.962893726905));
#6722 = CARTESIAN_POINT('',(1.043745467795,6.962988920984));
#6723 = CARTESIAN_POINT('',(1.044458878504,6.963138252596));
#6724 = CARTESIAN_POINT('',(1.045383414966,6.963262190727));
#6725 = CARTESIAN_POINT('',(1.046848208115,6.963450742442));
#6726 = CARTESIAN_POINT('',(1.04907762391,6.963628843469));
#6727 = CARTESIAN_POINT('',(1.052024292932,6.963829534413));
#6728 = CARTESIAN_POINT('',(1.05547719711,6.964011158918));
#6729 = CARTESIAN_POINT('',(1.058991741223,6.964177692024));
#6730 = CARTESIAN_POINT('',(1.061938771133,6.964306587591));
#6731 = CARTESIAN_POINT('',(1.070078423269,6.964662992419));
#6732 = CARTESIAN_POINT('',(1.078218926508,6.964933878511));
#6733 = CARTESIAN_POINT('',(1.086359856496,6.965184998931));
#6734 = CARTESIAN_POINT('',(1.094499109233,6.965401643367));
#6735 = CARTESIAN_POINT('',(1.102636521881,6.96560894128));
#6736 = CARTESIAN_POINT('',(1.110771681168,6.965797997796));
#6737 = CARTESIAN_POINT('',(1.118905538405,6.96597775152));
#6738 = CARTESIAN_POINT('',(1.13859567861,6.966389139809));
#6739 = CARTESIAN_POINT('',(1.150149483263,6.966611967767));
#6740 = CARTESIAN_POINT('',(1.161701402425,6.966820715326));
#6741 = CARTESIAN_POINT('',(1.173251704238,6.967018361212));
#6742 = CARTESIAN_POINT('',(1.184800548634,6.967206757087));
#6743 = CARTESIAN_POINT('',(1.196348051791,6.967387068443));
#6744 = CARTESIAN_POINT('',(1.20789435058,6.967560215496));
#6745 = CARTESIAN_POINT('',(1.228891814839,6.967864066737));
#6746 = CARTESIAN_POINT('',(1.238343255451,6.967996699833));
#6747 = CARTESIAN_POINT('',(1.247794042666,6.968125608728));
#6748 = CARTESIAN_POINT('',(1.257244225133,6.968251142568));
#6749 = CARTESIAN_POINT('',(1.266693846336,6.968373604285));
#6750 = CARTESIAN_POINT('',(1.27614294459,6.968493250599));
#6751 = CARTESIAN_POINT('',(1.285591553048,6.968610292018));
#6752 = CARTESIAN_POINT('',(1.301602920926,6.968804501097));
#6753 = CARTESIAN_POINT('',(1.308165919192,6.968882936546));
#6754 = CARTESIAN_POINT('',(1.31472870397,6.968960258708));
#6755 = CARTESIAN_POINT('',(1.321291284102,6.969036522549));
#6756 = CARTESIAN_POINT('',(1.327853667797,6.969111778474));
#6757 = CARTESIAN_POINT('',(1.334415862632,6.969186072329));
#6758 = CARTESIAN_POINT('',(1.340977875549,6.969259445401));
#6759 = CARTESIAN_POINT('',(1.355152977411,6.969416038611));
#6760 = CARTESIAN_POINT('',(1.362766005689,6.969498954244));
#6761 = CARTESIAN_POINT('',(1.370378807637,6.969580739611));
#6762 = CARTESIAN_POINT('',(1.377991392528,6.96966144859));
#6763 = CARTESIAN_POINT('',(1.385603768962,6.969741130637));
#6764 = CARTESIAN_POINT('',(1.393215944863,6.969819830791));
#6765 = CARTESIAN_POINT('',(1.400827927485,6.969897589668));
#6766 = CARTESIAN_POINT('',(1.44283743691,6.970321745856));
#6767 = CARTESIAN_POINT('',(1.477231334387,6.970650636282));
#6768 = CARTESIAN_POINT('',(1.511622037412,6.9709644108));
#6769 = CARTESIAN_POINT('',(1.546009991181,6.971265443454));
#6770 = CARTESIAN_POINT('',(1.580395512756,6.97155541406));
#6771 = CARTESIAN_POINT('',(1.614778839314,6.971835536));
#6772 = CARTESIAN_POINT('',(1.649160176391,6.972106784009));
#6773 = CARTESIAN_POINT('',(1.700341119378,6.972498815821));
#6774 = CARTESIAN_POINT('',(1.717142064064,6.972625613177));
#6775 = CARTESIAN_POINT('',(1.733942600165,6.972750610799));
#6776 = CARTESIAN_POINT('',(1.750742746235,6.972873898063));
#6777 = CARTESIAN_POINT('',(1.767542519402,6.972995556955));
#6778 = CARTESIAN_POINT('',(1.784341935368,6.973115662072));
#6779 = CARTESIAN_POINT('',(1.801141008409,6.973234280624));
#6780 = CARTESIAN_POINT('',(1.853201663539,6.973597467456));
#6781 = CARTESIAN_POINT('',(1.888462125452,6.973837198669));
#6782 = CARTESIAN_POINT('',(1.923721251462,6.974071199525));
#6783 = CARTESIAN_POINT('',(1.958979143844,6.974299943965));
#6784 = CARTESIAN_POINT('',(1.994235892798,6.974523846425));
#6785 = CARTESIAN_POINT('',(2.029491576452,6.974743261825));
#6786 = CARTESIAN_POINT('',(2.064746260859,6.974958485579));
#6787 = CARTESIAN_POINT('',(2.1,6.975169753588));
#6788 = ( GEOMETRIC_REPRESENTATION_CONTEXT(2) 
PARAMETRIC_REPRESENTATION_CONTEXT() REPRESENTATION_CONTEXT('2D SPACE',''
  ) );
#6789 = ORIENTED_EDGE('',*,*,#6790,.T.);
#6790 = EDGE_CURVE('',#6555,#4819,#6791,.T.);
#6791 = SEAM_CURVE('',#6792,(#6796,#6803),.PCURVE_S1.);
#6792 = LINE('',#6793,#6794);
#6793 = CARTESIAN_POINT('',(5.2,0.,42.));
#6794 = VECTOR('',#6795,1.);
#6795 = DIRECTION('',(0.,0.,1.));
#6796 = PCURVE('',#1537,#6797);
#6797 = DEFINITIONAL_REPRESENTATION('',(#6798),#6802);
#6798 = LINE('',#6799,#6800);
#6799 = CARTESIAN_POINT('',(-6.28318530718,0.));
#6800 = VECTOR('',#6801,1.);
#6801 = DIRECTION('',(-0.,-1.));
#6802 = ( GEOMETRIC_REPRESENTATION_CONTEXT(2) 
PARAMETRIC_REPRESENTATION_CONTEXT() REPRESENTATION_CONTEXT('2D SPACE',''
  ) );
#6803 = PCURVE('',#4869,#6804);
#6804 = DEFINITIONAL_REPRESENTATION('',(#6805),#6809);
#6805 = B_SPLINE_CURVE_WITH_KNOTS('',2,(#6806,#6807,#6808),
  .UNSPECIFIED.,.F.,.F.,(3,3),(3.00707843044,4.050000026515),
  .PIECEWISE_BEZIER_KNOTS.);
#6806 = CARTESIAN_POINT('',(1.042921596075,6.962644440944));
#6807 = CARTESIAN_POINT('',(0.521460798037,6.962644440945));
#6808 = CARTESIAN_POINT('',(0.,6.962644440945));
#6809 = ( GEOMETRIC_REPRESENTATION_CONTEXT(2) 
PARAMETRIC_REPRESENTATION_CONTEXT() REPRESENTATION_CONTEXT('2D SPACE',''
  ) );
#6810 = ORIENTED_EDGE('',*,*,#6811,.T.);
#6811 = EDGE_CURVE('',#4819,#3264,#6812,.T.);
#6812 = SEAM_CURVE('',#6813,(#6817,#6824),.PCURVE_S1.);
#6813 = LINE('',#6814,#6815);
#6814 = CARTESIAN_POINT('',(5.2,0.,42.));
#6815 = VECTOR('',#6816,1.);
#6816 = DIRECTION('',(0.,0.,1.));
#6817 = PCURVE('',#1537,#6818);
#6818 = DEFINITIONAL_REPRESENTATION('',(#6819),#6823);
#6819 = LINE('',#6820,#6821);
#6820 = CARTESIAN_POINT('',(-6.28318530718,0.));
#6821 = VECTOR('',#6822,1.);
#6822 = DIRECTION('',(-0.,-1.));
#6823 = ( GEOMETRIC_REPRESENTATION_CONTEXT(2) 
PARAMETRIC_REPRESENTATION_CONTEXT() REPRESENTATION_CONTEXT('2D SPACE',''
  ) );
#6824 = PCURVE('',#1537,#6825);
#6825 = DEFINITIONAL_REPRESENTATION('',(#6826),#6830);
#6826 = LINE('',#6827,#6828);
#6827 = CARTESIAN_POINT('',(-0.,0.));
#6828 = VECTOR('',#6829,1.);
#6829 = DIRECTION('',(-0.,-1.));
#6830 = ( GEOMETRIC_REPRESENTATION_CONTEXT(2) 
PARAMETRIC_REPRESENTATION_CONTEXT() REPRESENTATION_CONTEXT('2D SPACE',''
  ) );
#6831 = ORIENTED_EDGE('',*,*,#3263,.T.);
#6832 = ORIENTED_EDGE('',*,*,#6833,.F.);
#6833 = EDGE_CURVE('',#6834,#3203,#6836,.T.);
#6834 = VERTEX_POINT('',#6835);
#6835 = CARTESIAN_POINT('',(5.2,2.090890654548E-17,48.007072802786));
#6836 = SURFACE_CURVE('',#6837,(#6912,#6990),.PCURVE_S1.);
#6837 = B_SPLINE_CURVE_WITH_KNOTS('',8,(#6838,#6839,#6840,#6841,#6842,
    #6843,#6844,#6845,#6846,#6847,#6848,#6849,#6850,#6851,#6852,#6853,
    #6854,#6855,#6856,#6857,#6858,#6859,#6860,#6861,#6862,#6863,#6864,
    #6865,#6866,#6867,#6868,#6869,#6870,#6871,#6872,#6873,#6874,#6875,
    #6876,#6877,#6878,#6879,#6880,#6881,#6882,#6883,#6884,#6885,#6886,
    #6887,#6888,#6889,#6890,#6891,#6892,#6893,#6894,#6895,#6896,#6897,
    #6898,#6899,#6900,#6901,#6902,#6903,#6904,#6905,#6906,#6907,#6908,
    #6909,#6910,#6911),.UNSPECIFIED.,.F.,.F.,(9,8,8,7,7,7,7,7,7,7,9),(0.
    ,5.882979023136E-02,0.117659580463,0.176489370694,0.258576473055,
    0.296070973502,0.347862566526,0.399666148434,0.617683098803,
    0.73208863809,1.),.UNSPECIFIED.);
#6838 = CARTESIAN_POINT('',(5.2,3.40190250959E-16,48.007072809658));
#6839 = CARTESIAN_POINT('',(5.199999999826,1.850902811493E-04,
    48.007088469964));
#6840 = CARTESIAN_POINT('',(5.199999993092,2.750489228538E-04,
    48.007073958391));
#6841 = CARTESIAN_POINT('',(5.199999989666,3.521970671402E-04,
    48.007069451833));
#6842 = CARTESIAN_POINT('',(5.19999998276,4.535748223644E-04,
    48.007055611384));
#6843 = CARTESIAN_POINT('',(5.199999970303,6.282271314332E-04,
    48.007029556435));
#6844 = CARTESIAN_POINT('',(5.19999994152,9.10100902393E-04,
    48.006958689776));
#6845 = CARTESIAN_POINT('',(5.199999862524,1.291456662653E-03,
    48.006730736862));
#6846 = CARTESIAN_POINT('',(5.199999694765,1.781697998112E-03,
    48.006218362423));
#6847 = CARTESIAN_POINT('',(5.199999692718,1.760503310658E-03,
    48.006209871781));
#6848 = CARTESIAN_POINT('',(5.199999221293,3.398649582503E-03,
    48.004792516013));
#6849 = CARTESIAN_POINT('',(5.199998433406,4.275177769581E-03,
    48.00226312145));
#6850 = CARTESIAN_POINT('',(5.199997516245,5.184720812403E-03,
    47.999312406267));
#6851 = CARTESIAN_POINT('',(5.199996579767,6.13194569344E-03,
    47.996303908639));
#6852 = CARTESIAN_POINT('',(5.199995669249,6.719113957421E-03,
    47.993350950598));
#6853 = CARTESIAN_POINT('',(5.199994804917,7.382212763004E-03,
    47.990558030747));
#6854 = CARTESIAN_POINT('',(5.199993951681,7.931108534269E-03,
    47.987793039024));
#6855 = CARTESIAN_POINT('',(5.199991325336,9.652320970081E-03,
    47.979285112546));
#6856 = CARTESIAN_POINT('',(5.199988695742,1.095539129301E-02,
    47.970738847121));
#6857 = CARTESIAN_POINT('',(5.199986062273,1.216588682745E-02,
    47.962183851489));
#6858 = CARTESIAN_POINT('',(5.199983429073,1.32064493759E-02,
    47.953615297222));
#6859 = CARTESIAN_POINT('',(5.199980792157,1.420492406388E-02,
    47.945044812029));
#6860 = CARTESIAN_POINT('',(5.199978156019,1.511339257705E-02,
    47.936468512303));
#6861 = CARTESIAN_POINT('',(5.199975517469,1.59779901175E-02,
    47.927889571744));
#6862 = CARTESIAN_POINT('',(5.199969194244,1.793514150557E-02,
    47.907329549368));
#6863 = CARTESIAN_POINT('',(5.199965508396,1.898870245643E-02,
    47.895347367923));
#6864 = CARTESIAN_POINT('',(5.199961820311,1.997653163777E-02,
    47.883361105032));
#6865 = CARTESIAN_POINT('',(5.199958130111,2.09123687433E-02,
    47.871371737814));
#6866 = CARTESIAN_POINT('',(5.199954437901,2.180481241281E-02,
    47.859379883786));
#6867 = CARTESIAN_POINT('',(5.199950743765,2.265931532117E-02,
    47.847385919773));
#6868 = CARTESIAN_POINT('',(5.199947047779,2.348017926724E-02,
    47.83539010082));
#6869 = CARTESIAN_POINT('',(5.199941660974,2.463438948241E-02,
    47.817912673142));
#6870 = CARTESIAN_POINT('',(5.199939971578,2.499015336277E-02,
    47.812432336183));
#6871 = CARTESIAN_POINT('',(5.199938281819,2.534018880544E-02,
    47.806951689767));
#6872 = CARTESIAN_POINT('',(5.199936591696,2.568481411066E-02,
    47.801470753505));
#6873 = CARTESIAN_POINT('',(5.199934901212,2.602431897746E-02,
    47.795989545088));
#6874 = CARTESIAN_POINT('',(5.199933210372,2.63589645037E-02,
    47.790508080281));
#6875 = CARTESIAN_POINT('',(5.199931519183,2.668898318604E-02,
    47.785026372926));
#6876 = CARTESIAN_POINT('',(5.199927491125,2.746432812419E-02,
    47.771972169743));
#6877 = CARTESIAN_POINT('',(5.199925153943,2.790565655723E-02,
    47.764399465935));
#6878 = CARTESIAN_POINT('',(5.199922816117,2.83391008362E-02,
    47.756826355119));
#6879 = CARTESIAN_POINT('',(5.199920477657,2.876514877359E-02,
    47.749252865796));
#6880 = CARTESIAN_POINT('',(5.199918138573,2.91842393772E-02,
    47.741679023374));
#6881 = CARTESIAN_POINT('',(5.199915798876,2.959676285017E-02,
    47.734104850161));
#6882 = CARTESIAN_POINT('',(5.199913458573,3.000306059095E-02,
    47.726530365372));
#6883 = CARTESIAN_POINT('',(5.199908776238,3.08038824734E-02,
    47.711379051441));
#6884 = CARTESIAN_POINT('',(5.199906434204,3.119841733809E-02,
    47.703802223223));
#6885 = CARTESIAN_POINT('',(5.199904091583,3.15873320387E-02,
    47.696225117346));
#6886 = CARTESIAN_POINT('',(5.199901748384,3.197090556796E-02,
    47.688647749291));
#6887 = CARTESIAN_POINT('',(5.199899404612,3.234939366002E-02,
    47.681070133145));
#6888 = CARTESIAN_POINT('',(5.199897060277,3.272302879046E-02,
    47.673492281602));
#6889 = CARTESIAN_POINT('',(5.199894715385,3.309202017627E-02,
    47.665914205963));
#6890 = CARTESIAN_POINT('',(5.199882499087,3.499070451921E-02,
    47.62644245284));
#6891 = CARTESIAN_POINT('',(5.199872618508,3.644616767156E-02,
    47.594545224521));
#6892 = CARTESIAN_POINT('',(5.199862728681,3.783662089533E-02,
    47.56264494132));
#6893 = CARTESIAN_POINT('',(5.199852830023,3.91719939689E-02,
    47.530742120893));
#6894 = CARTESIAN_POINT('',(5.199842922898,4.04593843188E-02,
    47.498837131321));
#6895 = CARTESIAN_POINT('',(5.19983300762,4.170397255182E-02,
    47.466930234011));
#6896 = CARTESIAN_POINT('',(5.19982308445,4.290993798711E-02,
    47.435021626604));
#6897 = CARTESIAN_POINT('',(5.199807942348,4.469609148493E-02,
    47.386366472013));
#6898 = CARTESIAN_POINT('',(5.199802728974,4.530126824261E-02,
    47.369621039361));
#6899 = CARTESIAN_POINT('',(5.199797513525,4.589741625111E-02,
    47.352875212547));
#6900 = CARTESIAN_POINT('',(5.19979229604,4.648500660072E-02,
    47.336129014115));
#6901 = CARTESIAN_POINT('',(5.199787076551,4.706446968231E-02,
    47.319382464535));
#6902 = CARTESIAN_POINT('',(5.199781855086,4.76361951873E-02,
    47.302635582204));
#6903 = CARTESIAN_POINT('',(5.199776631671,4.82005321077E-02,
    47.285888383446));
#6904 = CARTESIAN_POINT('',(5.199759169773,5.006275511421E-02,
    47.229922101563));
#6905 = CARTESIAN_POINT('',(5.199746922654,5.132894767102E-02,
    47.190701668201));
#6906 = CARTESIAN_POINT('',(5.199734665332,5.256041625599E-02,
    47.151479768352));
#6907 = CARTESIAN_POINT('',(5.199722398111,5.376046670777E-02,
    47.112256553732));
#6908 = CARTESIAN_POINT('',(5.199710121251,5.493180239522E-02,
    47.07303214779));
#6909 = CARTESIAN_POINT('',(5.199697834988,5.607666575853E-02,
    47.03380665166));
#6910 = CARTESIAN_POINT('',(5.199685539547,5.719697985029E-02,
    46.994580150108));
#6911 = CARTESIAN_POINT('',(5.199673235161,5.829448987658E-02,
    46.95535271748));
#6912 = PCURVE('',#1537,#6913);
#6913 = DEFINITIONAL_REPRESENTATION('',(#6914),#6989);
#6914 = B_SPLINE_CURVE_WITH_KNOTS('',8,(#6915,#6916,#6917,#6918,#6919,
    #6920,#6921,#6922,#6923,#6924,#6925,#6926,#6927,#6928,#6929,#6930,
    #6931,#6932,#6933,#6934,#6935,#6936,#6937,#6938,#6939,#6940,#6941,
    #6942,#6943,#6944,#6945,#6946,#6947,#6948,#6949,#6950,#6951,#6952,
    #6953,#6954,#6955,#6956,#6957,#6958,#6959,#6960,#6961,#6962,#6963,
    #6964,#6965,#6966,#6967,#6968,#6969,#6970,#6971,#6972,#6973,#6974,
    #6975,#6976,#6977,#6978,#6979,#6980,#6981,#6982,#6983,#6984,#6985,
    #6986,#6987,#6988),.UNSPECIFIED.,.F.,.F.,(9,8,8,7,7,7,7,7,7,7,9),(0.
    ,5.882979023136E-02,0.117659580463,0.176489370694,0.258576473055,
    0.296070973502,0.347862566526,0.399666148434,0.617683098803,
    0.73208863809,1.),.UNSPECIFIED.);
#6915 = CARTESIAN_POINT('',(0.,-6.007072809658));
#6916 = CARTESIAN_POINT('',(-3.559428483119E-05,-6.007088469964));
#6917 = CARTESIAN_POINT('',(-5.289402364428E-05,-6.007073958391));
#6918 = CARTESIAN_POINT('',(-6.773020524536E-05,-6.007069451833));
#6919 = CARTESIAN_POINT('',(-8.722592744841E-05,-6.007055611384));
#6920 = CARTESIAN_POINT('',(-1.208129100825E-04,-6.007029556435));
#6921 = CARTESIAN_POINT('',(-1.750194046403E-04,-6.006958689776));
#6922 = CARTESIAN_POINT('',(-2.483570516824E-04,-6.006730736862));
#6923 = CARTESIAN_POINT('',(-3.426342371107E-04,-6.006218362423));
#6924 = CARTESIAN_POINT('',(-3.385583366285E-04,-6.006209871782));
#6925 = CARTESIAN_POINT('',(-6.535864766905E-04,-6.004792516013));
#6926 = CARTESIAN_POINT('',(-8.221496289645E-04,-6.002263121451));
#6927 = CARTESIAN_POINT('',(-9.970618310268E-04,-5.999312406267));
#6928 = CARTESIAN_POINT('',(-1.17922056474E-03,-5.996303908639));
#6929 = CARTESIAN_POINT('',(-1.292137648189E-03,-5.993350950598));
#6930 = CARTESIAN_POINT('',(-1.419656767018E-03,-5.990558030746));
#6931 = CARTESIAN_POINT('',(-1.525213771012E-03,-5.987793039024));
#6932 = CARTESIAN_POINT('',(-1.856216547703E-03,-5.979285112547));
#6933 = CARTESIAN_POINT('',(-2.106807475447E-03,-5.970738847121));
#6934 = CARTESIAN_POINT('',(-2.339595629248E-03,-5.962183851489));
#6935 = CARTESIAN_POINT('',(-2.539704427804E-03,-5.953615297222));
#6936 = CARTESIAN_POINT('',(-2.731719463003E-03,-5.94504481203));
#6937 = CARTESIAN_POINT('',(-2.906425671265E-03,-5.936468512303));
#6938 = CARTESIAN_POINT('',(-3.072695202769E-03,-5.927889571744));
#6939 = CARTESIAN_POINT('',(-3.449072433498E-03,-5.907329549368));
#6940 = CARTESIAN_POINT('',(-3.651681541978E-03,-5.895347367923));
#6941 = CARTESIAN_POINT('',(-3.841650007441E-03,-5.883361105032));
#6942 = CARTESIAN_POINT('',(-4.021620072976E-03,-5.871371737814));
#6943 = CARTESIAN_POINT('',(-4.193245318793E-03,-5.859379883786));
#6944 = CARTESIAN_POINT('',(-4.357574332769E-03,-5.847385919773));
#6945 = CARTESIAN_POINT('',(-4.51543438098E-03,-5.83539010082));
#6946 = CARTESIAN_POINT('',(-4.737400301622E-03,-5.817912673142));
#6947 = CARTESIAN_POINT('',(-4.805817203625E-03,-5.812432336183));
#6948 = CARTESIAN_POINT('',(-4.873132495828E-03,-5.806951689767));
#6949 = CARTESIAN_POINT('',(-4.939407389586E-03,-5.801470753505));
#6950 = CARTESIAN_POINT('',(-5.004697596039E-03,-5.795989545088));
#6951 = CARTESIAN_POINT('',(-5.069053326105E-03,-5.790508080281));
#6952 = CARTESIAN_POINT('',(-5.132519290488E-03,-5.785026372926));
#6953 = CARTESIAN_POINT('',(-5.281626098436E-03,-5.771972169743));
#6954 = CARTESIAN_POINT('',(-5.366498140647E-03,-5.764399465935));
#6955 = CARTESIAN_POINT('',(-5.449854021447E-03,-5.756826355119));
#6956 = CARTESIAN_POINT('',(-5.531787550489E-03,-5.749252865796));
#6957 = CARTESIAN_POINT('',(-5.61238315194E-03,-5.741679023374));
#6958 = CARTESIAN_POINT('',(-5.69171586448E-03,-5.734104850161));
#6959 = CARTESIAN_POINT('',(-5.769851341304E-03,-5.726530365372));
#6960 = CARTESIAN_POINT('',(-5.923858181868E-03,-5.711379051441));
#6961 = CARTESIAN_POINT('',(-5.999731607732E-03,-5.703802223223));
#6962 = CARTESIAN_POINT('',(-6.074524252629E-03,-5.696225117346));
#6963 = CARTESIAN_POINT('',(-6.148289768693E-03,-5.688647749291));
#6964 = CARTESIAN_POINT('',(-6.22107733527E-03,-5.681070133145));
#6965 = CARTESIAN_POINT('',(-6.29293165892E-03,-5.673492281602));
#6966 = CARTESIAN_POINT('',(-6.363892973417E-03,-5.665914205963));
#6967 = CARTESIAN_POINT('',(-6.729032135511E-03,-5.62644245284));
#6968 = CARTESIAN_POINT('',(-7.008935328175E-03,-5.594545224521));
#6969 = CARTESIAN_POINT('',(-7.27633691906E-03,-5.56264494132));
#6970 = CARTESIAN_POINT('',(-7.533146465872E-03,-5.530742120893));
#6971 = CARTESIAN_POINT('',(-7.780728845906E-03,-5.498837131321));
#6972 = CARTESIAN_POINT('',(-8.020080319253E-03,-5.466930234011));
#6973 = CARTESIAN_POINT('',(-8.252004592004E-03,-5.435021626604));
#6974 = CARTESIAN_POINT('',(-8.595507992042E-03,-5.386366472013));
#6975 = CARTESIAN_POINT('',(-8.711892455016E-03,-5.369621039361));
#6976 = CARTESIAN_POINT('',(-8.826540688307E-03,-5.352875212547));
#6977 = CARTESIAN_POINT('',(-8.939543285086E-03,-5.336129014115));
#6978 = CARTESIAN_POINT('',(-9.050983011774E-03,-5.319382464535));
#6979 = CARTESIAN_POINT('',(-9.160934808039E-03,-5.302635582204));
#6980 = CARTESIAN_POINT('',(-9.269465786802E-03,-5.285888383446));
#6981 = CARTESIAN_POINT('',(-9.627601339501E-03,-5.229922101563));
#6982 = CARTESIAN_POINT('',(-9.871111287652E-03,-5.190701668201));
#6983 = CARTESIAN_POINT('',(-1.010794388461E-02,-5.151479768352));
#6984 = CARTESIAN_POINT('',(-1.033873485862E-02,-5.112256553732));
#6985 = CARTESIAN_POINT('',(-1.056400407948E-02,-5.07303214779));
#6986 = CARTESIAN_POINT('',(-1.078418277778E-02,-5.03380665166));
#6987 = CARTESIAN_POINT('',(-1.099964076408E-02,-4.994580150108));
#6988 = CARTESIAN_POINT('',(-1.121071364821E-02,-4.95535271748));
#6989 = ( GEOMETRIC_REPRESENTATION_CONTEXT(2) 
PARAMETRIC_REPRESENTATION_CONTEXT() REPRESENTATION_CONTEXT('2D SPACE',''
  ) );
#6990 = PCURVE('',#5522,#6991);
#6991 = DEFINITIONAL_REPRESENTATION('',(#6992),#7067);
#6992 = B_SPLINE_CURVE_WITH_KNOTS('',8,(#6993,#6994,#6995,#6996,#6997,
    #6998,#6999,#7000,#7001,#7002,#7003,#7004,#7005,#7006,#7007,#7008,
    #7009,#7010,#7011,#7012,#7013,#7014,#7015,#7016,#7017,#7018,#7019,
    #7020,#7021,#7022,#7023,#7024,#7025,#7026,#7027,#7028,#7029,#7030,
    #7031,#7032,#7033,#7034,#7035,#7036,#7037,#7038,#7039,#7040,#7041,
    #7042,#7043,#7044,#7045,#7046,#7047,#7048,#7049,#7050,#7051,#7052,
    #7053,#7054,#7055,#7056,#7057,#7058,#7059,#7060,#7061,#7062,#7063,
    #7064,#7065,#7066),.UNSPECIFIED.,.F.,.F.,(9,8,8,7,7,7,7,7,7,7,9),(0.
    ,5.882979023136E-02,0.117659580463,0.176489370694,0.258576473055,
    0.296070973502,0.347862566526,0.399666148434,0.617683098803,
    0.73208863809,1.),.UNSPECIFIED.);
#6993 = CARTESIAN_POINT('',(1.042927216389,13.925288881402));
#6994 = CARTESIAN_POINT('',(1.042928551112,13.925328324844));
#6995 = CARTESIAN_POINT('',(1.042951322706,13.925347495371));
#6996 = CARTESIAN_POINT('',(1.042962913023,13.925363935933));
#6997 = CARTESIAN_POINT('',(1.042986061998,13.925385539916));
#6998 = CARTESIAN_POINT('',(1.043028153558,13.925422758983));
#6999 = CARTESIAN_POINT('',(1.043124901924,13.925482827347));
#7000 = CARTESIAN_POINT('',(1.043387870997,13.925564095689));
#7001 = CARTESIAN_POINT('',(1.043945259485,13.925668567945));
#7002 = CARTESIAN_POINT('',(1.043951804026,13.925664051277));
#7003 = CARTESIAN_POINT('',(1.04551957469,13.926013146365));
#7004 = CARTESIAN_POINT('',(1.048129452192,13.926199937701));
#7005 = CARTESIAN_POINT('',(1.051163681753,13.92639376464));
#7006 = CARTESIAN_POINT('',(1.054259153722,13.926595621744));
#7007 = CARTESIAN_POINT('',(1.057266025634,13.92672074943));
#7008 = CARTESIAN_POINT('',(1.060119831325,13.926862058223));
#7009 = CARTESIAN_POINT('',(1.062935222744,13.926979029927));
#7010 = CARTESIAN_POINT('',(1.071601191222,13.92734582662));
#7011 = CARTESIAN_POINT('',(1.080267104796,13.927623515748));
#7012 = CARTESIAN_POINT('',(1.088933248373,13.927881476914));
#7013 = CARTESIAN_POINT('',(1.097597347334,13.928103224789));
#7014 = CARTESIAN_POINT('',(1.10625951273,13.928316003643));
#7015 = CARTESIAN_POINT('',(1.1149192283,13.928509601898));
#7016 = CARTESIAN_POINT('',(1.123577556484,13.928693851137));
#7017 = CARTESIAN_POINT('',(1.144317285197,13.92911092818));
#7018 = CARTESIAN_POINT('',(1.156396205039,13.929335446498));
#7019 = CARTESIAN_POINT('',(1.168473170861,13.929545957217));
#7020 = CARTESIAN_POINT('',(1.180548467123,13.929745388313));
#7021 = CARTESIAN_POINT('',(1.192622265835,13.929935572183));
#7022 = CARTESIAN_POINT('',(1.204694690836,13.930117670809));
#7023 = CARTESIAN_POINT('',(1.216765882072,13.930292600917));
#7024 = CARTESIAN_POINT('',(1.234349290177,13.930538568887));
#7025 = CARTESIAN_POINT('',(1.239862293645,13.930614383972));
#7026 = CARTESIAN_POINT('',(1.24537508059,13.930688978318));
#7027 = CARTESIAN_POINT('',(1.250887660626,13.930762419758));
#7028 = CARTESIAN_POINT('',(1.256400042665,13.930834770027));
#7029 = CARTESIAN_POINT('',(1.261912234914,13.930906084766));
#7030 = CARTESIAN_POINT('',(1.267424244878,13.93097641352));
#7031 = CARTESIAN_POINT('',(1.280549640945,13.93114164374));
#7032 = CARTESIAN_POINT('',(1.288162867951,13.931235693266));
#7033 = CARTESIAN_POINT('',(1.295775778051,13.931328062673));
#7034 = CARTESIAN_POINT('',(1.303388387535,13.931418855917));
#7035 = CARTESIAN_POINT('',(1.311000711305,13.931508166549));
#7036 = CARTESIAN_POINT('',(1.318612762879,13.931596077725));
#7037 = CARTESIAN_POINT('',(1.326224554392,13.931682662196));
#7038 = CARTESIAN_POINT('',(1.341449400736,13.931853322184));
#7039 = CARTESIAN_POINT('',(1.349062455627,13.931937399987));
#7040 = CARTESIAN_POINT('',(1.356675272143,13.932020280133));
#7041 = CARTESIAN_POINT('',(1.364287860419,13.932102022078));
#7042 = CARTESIAN_POINT('',(1.371900229848,13.932182680317));
#7043 = CARTESIAN_POINT('',(1.379512389083,13.932262304394));
#7044 = CARTESIAN_POINT('',(1.387124346035,13.932340938891));
#7045 = CARTESIAN_POINT('',(1.42677043912,13.932745561217));
#7046 = CARTESIAN_POINT('',(1.458801310439,13.933055730735));
#7047 = CARTESIAN_POINT('',(1.490829267564,13.933352046734));
#7048 = CARTESIAN_POINT('',(1.522854704583,13.933636625269));
#7049 = CARTESIAN_POINT('',(1.554877905098,13.933910978817));
#7050 = CARTESIAN_POINT('',(1.586899083382,13.934176211371));
#7051 = CARTESIAN_POINT('',(1.618918425534,13.934433213551));
#7052 = CARTESIAN_POINT('',(1.667737589486,13.93481385978));
#7053 = CARTESIAN_POINT('',(1.684538591132,13.934942828811));
#7054 = CARTESIAN_POINT('',(1.701339157952,13.935069873857));
#7055 = CARTESIAN_POINT('',(1.718139310656,13.935195095309));
#7056 = CARTESIAN_POINT('',(1.734939068292,13.935318584883));
#7057 = CARTESIAN_POINT('',(1.751738448244,13.935440425622));
#7058 = CARTESIAN_POINT('',(1.768537466233,13.935560691897));
#7059 = CARTESIAN_POINT('',(1.824674743595,13.935957552075));
#7060 = CARTESIAN_POINT('',(1.864011443233,13.936227392284));
#7061 = CARTESIAN_POINT('',(1.903346421158,13.936489833056));
#7062 = CARTESIAN_POINT('',(1.942679829191,13.936745578868));
#7063 = CARTESIAN_POINT('',(1.982011792102,13.936995205808));
#7064 = CARTESIAN_POINT('',(2.021342414655,13.93723919174));
#7065 = CARTESIAN_POINT('',(2.060671788655,13.937477946466));
#7066 = CARTESIAN_POINT('',(2.1,13.937711841888));
#7067 = ( GEOMETRIC_REPRESENTATION_CONTEXT(2) 
PARAMETRIC_REPRESENTATION_CONTEXT() REPRESENTATION_CONTEXT('2D SPACE',''
  ) );
#7068 = ORIENTED_EDGE('',*,*,#7069,.T.);
#7069 = EDGE_CURVE('',#6834,#5338,#7070,.T.);
#7070 = SEAM_CURVE('',#7071,(#7075,#7082),.PCURVE_S1.);
#7071 = LINE('',#7072,#7073);
#7072 = CARTESIAN_POINT('',(5.2,0.,42.));
#7073 = VECTOR('',#7074,1.);
#7074 = DIRECTION('',(0.,0.,1.));
#7075 = PCURVE('',#1537,#7076);
#7076 = DEFINITIONAL_REPRESENTATION('',(#7077),#7081);
#7077 = LINE('',#7078,#7079);
#7078 = CARTESIAN_POINT('',(-6.28318530718,0.));
#7079 = VECTOR('',#7080,1.);
#7080 = DIRECTION('',(-0.,-1.));
#7081 = ( GEOMETRIC_REPRESENTATION_CONTEXT(2) 
PARAMETRIC_REPRESENTATION_CONTEXT() REPRESENTATION_CONTEXT('2D SPACE',''
  ) );
#7082 = PCURVE('',#5388,#7083);
#7083 = DEFINITIONAL_REPRESENTATION('',(#7084),#7088);
#7084 = B_SPLINE_CURVE_WITH_KNOTS('',2,(#7085,#7086,#7087),
  .UNSPECIFIED.,.F.,.F.,(3,3),(6.007072802786,7.050000026047),
  .PIECEWISE_BEZIER_KNOTS.);
#7085 = CARTESIAN_POINT('',(1.042927223262,13.925288881402));
#7086 = CARTESIAN_POINT('',(0.521463611631,13.925288881403));
#7087 = CARTESIAN_POINT('',(7.036965915927E-13,13.925288881403));
#7088 = ( GEOMETRIC_REPRESENTATION_CONTEXT(2) 
PARAMETRIC_REPRESENTATION_CONTEXT() REPRESENTATION_CONTEXT('2D SPACE',''
  ) );
#7089 = ORIENTED_EDGE('',*,*,#7090,.T.);
#7090 = EDGE_CURVE('',#5338,#2592,#7091,.T.);
#7091 = SEAM_CURVE('',#7092,(#7096,#7103),.PCURVE_S1.);
#7092 = LINE('',#7093,#7094);
#7093 = CARTESIAN_POINT('',(5.2,0.,42.));
#7094 = VECTOR('',#7095,1.);
#7095 = DIRECTION('',(0.,0.,1.));
#7096 = PCURVE('',#1537,#7097);
#7097 = DEFINITIONAL_REPRESENTATION('',(#7098),#7102);
#7098 = LINE('',#7099,#7100);
#7099 = CARTESIAN_POINT('',(-6.28318530718,0.));
#7100 = VECTOR('',#7101,1.);
#7101 = DIRECTION('',(-0.,-1.));
#7102 = ( GEOMETRIC_REPRESENTATION_CONTEXT(2) 
PARAMETRIC_REPRESENTATION_CONTEXT() REPRESENTATION_CONTEXT('2D SPACE',''
  ) );
#7103 = PCURVE('',#1537,#7104);
#7104 = DEFINITIONAL_REPRESENTATION('',(#7105),#7109);
#7105 = LINE('',#7106,#7107);
#7106 = CARTESIAN_POINT('',(-0.,0.));
#7107 = VECTOR('',#7108,1.);
#7108 = DIRECTION('',(-0.,-1.));
#7109 = ( GEOMETRIC_REPRESENTATION_CONTEXT(2) 
PARAMETRIC_REPRESENTATION_CONTEXT() REPRESENTATION_CONTEXT('2D SPACE',''
  ) );
#7110 = ORIENTED_EDGE('',*,*,#2591,.T.);
#7111 = ORIENTED_EDGE('',*,*,#7112,.T.);
#7112 = EDGE_CURVE('',#2531,#7113,#7115,.T.);
#7113 = VERTEX_POINT('',#7114);
#7114 = CARTESIAN_POINT('',(5.2,4.274358644807E-15,51.007320003751));
#7115 = SURFACE_CURVE('',#7116,(#7171,#7229),.PCURVE_S1.);
#7116 = B_SPLINE_CURVE_WITH_KNOTS('',6,(#7117,#7118,#7119,#7120,#7121,
    #7122,#7123,#7124,#7125,#7126,#7127,#7128,#7129,#7130,#7131,#7132,
    #7133,#7134,#7135,#7136,#7137,#7138,#7139,#7140,#7141,#7142,#7143,
    #7144,#7145,#7146,#7147,#7148,#7149,#7150,#7151,#7152,#7153,#7154,
    #7155,#7156,#7157,#7158,#7159,#7160,#7161,#7162,#7163,#7164,#7165,
    #7166,#7167,#7168,#7169,#7170),.UNSPECIFIED.,.F.,.F.,(7,5,5,5,5,5,5,
    5,6,6,7),(0.,0.179305390155,0.241661132989,0.41698745721,
    0.454636179465,0.494872912434,0.57919632921,0.618078443377,
    0.641389219691,0.820694609845,1.),.UNSPECIFIED.);
#7117 = CARTESIAN_POINT('',(5.199678796672,5.779629259426E-02,
    49.955306970147));
#7118 = CARTESIAN_POINT('',(5.199693642243,5.646070173037E-02,
    50.003479043841));
#7119 = CARTESIAN_POINT('',(5.199708474143,5.50891525696E-02,
    50.051649652866));
#7120 = CARTESIAN_POINT('',(5.199723291947,5.36783752257E-02,
    50.099818657459));
#7121 = CARTESIAN_POINT('',(5.199738095152,5.222364691349E-02,
    50.147985847618));
#7122 = CARTESIAN_POINT('',(5.199752883177,5.071879194882E-02,
    50.196150943103));
#7123 = CARTESIAN_POINT('',(5.199772792584,4.86127640649E-02,
    50.261062771119));
#7124 = CARTESIAN_POINT('',(5.199777927888,4.80623369841E-02,
    50.277811651842));
#7125 = CARTESIAN_POINT('',(5.199783061247,4.750456180875E-02,
    50.294560220009));
#7126 = CARTESIAN_POINT('',(5.19978819263,4.693905149467E-02,
    50.311308457602));
#7127 = CARTESIAN_POINT('',(5.199793322003,4.636537065103E-02,
    50.328056344189));
#7128 = CARTESIAN_POINT('',(5.199812865893,4.414567753948E-02,
    50.391893021677));
#7129 = CARTESIAN_POINT('',(5.199827266278,4.24401794797E-02,
    50.438979209398));
#7130 = CARTESIAN_POINT('',(5.199841649752,4.065427958262E-02,
    50.486061899537));
#7131 = CARTESIAN_POINT('',(5.199856015384,3.877535674223E-02,
    50.533140474511));
#7132 = CARTESIAN_POINT('',(5.199870361972,3.678105838205E-02,
    50.58021378803));
#7133 = CARTESIAN_POINT('',(5.199887764251,3.416800510205E-02,
    50.637386445667));
#7134 = CARTESIAN_POINT('',(5.199890839592,3.369882630567E-02,
    50.647492815627));
#7135 = CARTESIAN_POINT('',(5.199893913968,3.322197135846E-02,
    50.657598821342));
#7136 = CARTESIAN_POINT('',(5.199896987362,3.273694280447E-02,
    50.667704436355));
#7137 = CARTESIAN_POINT('',(5.199900059753,3.224316629651E-02,
    50.677809629723));
#7138 = CARTESIAN_POINT('',(5.199906413609,3.120222609652E-02,
    50.698713711961));
#7139 = CARTESIAN_POINT('',(5.199909694929,3.065370471092E-02,
    50.709512534219));
#7140 = CARTESIAN_POINT('',(5.199912975055,3.009365410357E-02,
    50.720310791292));
#7141 = CARTESIAN_POINT('',(5.199916253959,2.952109944071E-02,
    50.731108429223));
#7142 = CARTESIAN_POINT('',(5.199919531613,2.893486339074E-02,
    50.741905381606));
#7143 = CARTESIAN_POINT('',(5.199929674229,2.707343797069E-02,
    50.775326951675));
#7144 = CARTESIAN_POINT('',(5.199936534849,2.574691939971E-02,
    50.797948853307));
#7145 = CARTESIAN_POINT('',(5.199943389409,2.434198861128E-02,
    50.820566778037));
#7146 = CARTESIAN_POINT('',(5.199950237862,2.283569771251E-02,
    50.843179356439));
#7147 = CARTESIAN_POINT('',(5.19995707933,2.12068871385E-02,
    50.865785092246));
#7148 = CARTESIAN_POINT('',(5.199967064502,1.852662088535E-02,
    50.898796735481));
#7149 = CARTESIAN_POINT('',(5.199970214019,1.763774513574E-02,
    50.909212116125));
#7150 = CARTESIAN_POINT('',(5.199973361889,1.669428379022E-02,
    50.919624210108));
#7151 = CARTESIAN_POINT('',(5.199976507967,1.568782825406E-02,
    50.93003236483));
#7152 = CARTESIAN_POINT('',(5.199979652032,1.459797356796E-02,
    50.940434881501));
#7153 = CARTESIAN_POINT('',(5.199984677494,1.264505367774E-02,
    50.957058936456));
#7154 = CARTESIAN_POINT('',(5.199986560013,1.186353439055E-02,
    50.963285688448));
#7155 = CARTESIAN_POINT('',(5.199988442093,1.102853498392E-02,
    50.969508852441));
#7156 = CARTESIAN_POINT('',(5.199990322729,1.010290236954E-02,
    50.975725084282));
#7157 = CARTESIAN_POINT('',(5.199992202378,9.090257032677E-03,
    50.981933572752));
#7158 = CARTESIAN_POINT('',(5.199994079408,7.846918307222E-03,
    50.988119621392));
#7159 = CARTESIAN_POINT('',(5.199994970477,7.231938433118E-03,
    50.991053905904));
#7160 = CARTESIAN_POINT('',(5.19999585926,6.673515157239E-03,
    50.993987071239));
#7161 = CARTESIAN_POINT('',(5.199996745315,5.863535171688E-03,
    50.996890417099));
#7162 = CARTESIAN_POINT('',(5.199997635056,5.038935267914E-03,
    50.999806374969));
#7163 = CARTESIAN_POINT('',(5.199998525193,4.232992286877E-03,
    51.002727405588));
#7164 = CARTESIAN_POINT('',(5.199999386176,2.526613069208E-03,
    51.005474896418));
#7165 = CARTESIAN_POINT('',(5.199999520036,2.236131052491E-03,
    51.005899819259));
#7166 = CARTESIAN_POINT('',(5.199999631306,2.004726671677E-03,
    51.006254157758));
#7167 = CARTESIAN_POINT('',(5.199999740089,1.692307374055E-03,
    51.006592864501));
#7168 = CARTESIAN_POINT('',(5.199999870578,1.285198417047E-03,
    51.006996528427));
#7169 = CARTESIAN_POINT('',(5.19999999874,7.687592673356E-04,
    51.007383164562));
#7170 = CARTESIAN_POINT('',(5.2,4.275610169308E-15,51.007320003751));
#7171 = PCURVE('',#1537,#7172);
#7172 = DEFINITIONAL_REPRESENTATION('',(#7173),#7228);
#7173 = B_SPLINE_CURVE_WITH_KNOTS('',6,(#7174,#7175,#7176,#7177,#7178,
    #7179,#7180,#7181,#7182,#7183,#7184,#7185,#7186,#7187,#7188,#7189,
    #7190,#7191,#7192,#7193,#7194,#7195,#7196,#7197,#7198,#7199,#7200,
    #7201,#7202,#7203,#7204,#7205,#7206,#7207,#7208,#7209,#7210,#7211,
    #7212,#7213,#7214,#7215,#7216,#7217,#7218,#7219,#7220,#7221,#7222,
    #7223,#7224,#7225,#7226,#7227),.UNSPECIFIED.,.F.,.F.,(7,5,5,5,5,5,5,
    5,6,6,7),(0.,0.179305390155,0.241661132989,0.41698745721,
    0.454636179465,0.494872912434,0.57919632921,0.618078443377,
    0.641389219691,0.820694609845,1.),.UNSPECIFIED.);
#7174 = CARTESIAN_POINT('',(-1.111490050901E-02,-7.955306970147));
#7175 = CARTESIAN_POINT('',(-1.085804024588E-02,-8.003479043841));
#7176 = CARTESIAN_POINT('',(-1.059426538048E-02,-8.051649652866));
#7177 = CARTESIAN_POINT('',(-1.032294710213E-02,-8.099818657459));
#7178 = CARTESIAN_POINT('',(-1.004317719936E-02,-8.147985847618));
#7179 = CARTESIAN_POINT('',(-9.753768059933E-03,-8.196150943103));
#7180 = CARTESIAN_POINT('',(-9.34874460052E-03,-8.261062771119));
#7181 = CARTESIAN_POINT('',(-9.242888632925E-03,-8.277811651842));
#7182 = CARTESIAN_POINT('',(-9.135619634875E-03,-8.294560220009));
#7183 = CARTESIAN_POINT('',(-9.026863175837E-03,-8.311308457602));
#7184 = CARTESIAN_POINT('',(-8.916535527914E-03,-8.328056344189));
#7185 = CARTESIAN_POINT('',(-8.489654922217E-03,-8.391893021677));
#7186 = CARTESIAN_POINT('',(-8.16166285842E-03,-8.438979209398));
#7187 = CARTESIAN_POINT('',(-7.818209467516E-03,-8.486061899537));
#7188 = CARTESIAN_POINT('',(-7.45686764453E-03,-8.533140474511));
#7189 = CARTESIAN_POINT('',(-7.073338858645E-03,-8.58021378803));
#7190 = CARTESIAN_POINT('',(-6.570817468881E-03,-8.637386445667));
#7191 = CARTESIAN_POINT('',(-6.4805888395E-03,-8.647492815627));
#7192 = CARTESIAN_POINT('',(-6.388884060007E-03,-8.657598821342));
#7193 = CARTESIAN_POINT('',(-6.295607466451E-03,-8.667704436355));
#7194 = CARTESIAN_POINT('',(-6.200648608172E-03,-8.677809629723));
#7195 = CARTESIAN_POINT('',(-6.000464071317E-03,-8.698713711961));
#7196 = CARTESIAN_POINT('',(-5.894977302797E-03,-8.709512534219));
#7197 = CARTESIAN_POINT('',(-5.787273417048E-03,-8.720310791292));
#7198 = CARTESIAN_POINT('',(-5.677164947107E-03,-8.731108429223));
#7199 = CARTESIAN_POINT('',(-5.56442548424E-03,-8.741905381606));
#7200 = CARTESIAN_POINT('',(-5.206453743354E-03,-8.775326951675));
#7201 = CARTESIAN_POINT('',(-4.951350615752E-03,-8.797948853307));
#7202 = CARTESIAN_POINT('',(-4.68116842276E-03,-8.820566778037));
#7203 = CARTESIAN_POINT('',(-4.391494124298E-03,-8.843179356439));
#7204 = CARTESIAN_POINT('',(-4.078258592819E-03,-8.865785092246));
#7205 = CARTESIAN_POINT('',(-3.562819197977E-03,-8.898796735481));
#7206 = CARTESIAN_POINT('',(-3.391880484643E-03,-8.909212116125));
#7207 = CARTESIAN_POINT('',(-3.210444605049E-03,-8.919624210108));
#7208 = CARTESIAN_POINT('',(-3.016894526099E-03,-8.93003236483));
#7209 = CARTESIAN_POINT('',(-2.807306223762E-03,-8.940434881501));
#7210 = CARTESIAN_POINT('',(-2.431743463294E-03,-8.957058936456));
#7211 = CARTESIAN_POINT('',(-2.281450857685E-03,-8.963285688449));
#7212 = CARTESIAN_POINT('',(-2.120873646682E-03,-8.96950885244));
#7213 = CARTESIAN_POINT('',(-1.94286700981E-03,-8.975725084282));
#7214 = CARTESIAN_POINT('',(-1.748127197521E-03,-8.981933572752));
#7215 = CARTESIAN_POINT('',(-1.509023324101E-03,-8.988119621392));
#7216 = CARTESIAN_POINT('',(-1.390757834544E-03,-8.991053905904));
#7217 = CARTESIAN_POINT('',(-1.283368625251E-03,-8.993987071239));
#7218 = CARTESIAN_POINT('',(-1.127603139986E-03,-8.996890417099));
#7219 = CARTESIAN_POINT('',(-9.690261456237E-04,-8.999806374968));
#7220 = CARTESIAN_POINT('',(-8.140370380081E-04,-9.002727405588));
#7221 = CARTESIAN_POINT('',(-4.858871478123E-04,-9.005474896418));
#7222 = CARTESIAN_POINT('',(-4.300252148054E-04,-9.005899819259));
#7223 = CARTESIAN_POINT('',(-3.855243690581E-04,-9.006254157758));
#7224 = CARTESIAN_POINT('',(-3.254437301597E-04,-9.006592864501));
#7225 = CARTESIAN_POINT('',(-2.471535421248E-04,-9.006996528427));
#7226 = CARTESIAN_POINT('',(-1.478383205883E-04,-9.007383164562));
#7227 = CARTESIAN_POINT('',(0.,-9.007320003751));
#7228 = ( GEOMETRIC_REPRESENTATION_CONTEXT(2) 
PARAMETRIC_REPRESENTATION_CONTEXT() REPRESENTATION_CONTEXT('2D SPACE',''
  ) );
#7229 = PCURVE('',#6041,#7230);
#7230 = DEFINITIONAL_REPRESENTATION('',(#7231),#7286);
#7231 = B_SPLINE_CURVE_WITH_KNOTS('',6,(#7232,#7233,#7234,#7235,#7236,
    #7237,#7238,#7239,#7240,#7241,#7242,#7243,#7244,#7245,#7246,#7247,
    #7248,#7249,#7250,#7251,#7252,#7253,#7254,#7255,#7256,#7257,#7258,
    #7259,#7260,#7261,#7262,#7263,#7264,#7265,#7266,#7267,#7268,#7269,
    #7270,#7271,#7272,#7273,#7274,#7275,#7276,#7277,#7278,#7279,#7280,
    #7281,#7282,#7283,#7284,#7285),.UNSPECIFIED.,.F.,.F.,(7,5,5,5,5,5,5,
    5,6,6,7),(0.,0.179305390155,0.241661132989,0.41698745721,
    0.454636179465,0.494872912434,0.57919632921,0.618078443377,
    0.641389219691,0.820694609845,1.),.UNSPECIFIED.);
#7232 = CARTESIAN_POINT('',(2.1,20.900250109281));
#7233 = CARTESIAN_POINT('',(2.051705285967,20.899965475631));
#7234 = CARTESIAN_POINT('',(2.003408735123,20.899673179639));
#7235 = CARTESIAN_POINT('',(1.955110186997,20.899372524494));
#7236 = CARTESIAN_POINT('',(1.90680941795,20.899062503772));
#7237 = CARTESIAN_POINT('',(1.858506141179,20.898741801433));
#7238 = CARTESIAN_POINT('',(1.793400930591,20.898292983468));
#7239 = CARTESIAN_POINT('',(1.776601507852,20.898175681458));
#7240 = CARTESIAN_POINT('',(1.759801722998,20.898056813613));
#7241 = CARTESIAN_POINT('',(1.743001558507,20.897936297454));
#7242 = CARTESIAN_POINT('',(1.726200994833,20.897814040198));
#7243 = CARTESIAN_POINT('',(1.66216049872,20.897341001394));
#7244 = CARTESIAN_POINT('',(1.614917707686,20.896977543721));
#7245 = CARTESIAN_POINT('',(1.567671031992,20.89659695274));
#7246 = CARTESIAN_POINT('',(1.520419930364,20.896196538882));
#7247 = CARTESIAN_POINT('',(1.473163496692,20.895771538773));
#7248 = CARTESIAN_POINT('',(1.415750904401,20.895214678962));
#7249 = CARTESIAN_POINT('',(1.405601453733,20.89511469376));
#7250 = CARTESIAN_POINT('',(1.3954516625,20.895013072776));
#7251 = CARTESIAN_POINT('',(1.385301511482,20.894909710004));
#7252 = CARTESIAN_POINT('',(1.375150978887,20.894804483047));
#7253 = CARTESIAN_POINT('',(1.354151316168,20.894582652113));
#7254 = CARTESIAN_POINT('',(1.343302127994,20.894465758811));
#7255 = CARTESIAN_POINT('',(1.332452446411,20.894346408634));
#7256 = CARTESIAN_POINT('',(1.321602235863,20.894224393841));
#7257 = CARTESIAN_POINT('',(1.310751454658,20.894099463542));
#7258 = CARTESIAN_POINT('',(1.277158966616,20.893702783243));
#7259 = CARTESIAN_POINT('',(1.254415262848,20.893420094965));
#7260 = CARTESIAN_POINT('',(1.231668336255,20.893120696977));
#7261 = CARTESIAN_POINT('',(1.208917449191,20.892799699014));
#7262 = CARTESIAN_POINT('',(1.186162155057,20.892452591914));
#7263 = CARTESIAN_POINT('',(1.152904408532,20.891881415436));
#7264 = CARTESIAN_POINT('',(1.142407410945,20.891691992213));
#7265 = CARTESIAN_POINT('',(1.131908687988,20.891490936662));
#7266 = CARTESIAN_POINT('',(1.121408120185,20.891276456887));
#7267 = CARTESIAN_POINT('',(1.110905532742,20.891044204519));
#7268 = CARTESIAN_POINT('',(1.094102160199,20.890628029715));
#7269 = CARTESIAN_POINT('',(1.087803648928,20.890461484961));
#7270 = CARTESIAN_POINT('',(1.081503815118,20.890283543428));
#7271 = CARTESIAN_POINT('',(1.075202591516,20.890086287656));
#7272 = CARTESIAN_POINT('',(1.068901121778,20.889870489187));
#7273 = CARTESIAN_POINT('',(1.06260090958,20.889605529139));
#7274 = CARTESIAN_POINT('',(1.059610157517,20.889474474667));
#7275 = CARTESIAN_POINT('',(1.056625717675,20.889355472632));
#7276 = CARTESIAN_POINT('',(1.053647999325,20.889182862923));
#7277 = CARTESIAN_POINT('',(1.050656326567,20.88900713767));
#7278 = CARTESIAN_POINT('',(1.04766129415,20.888835388297));
#7279 = CARTESIAN_POINT('',(1.04475712329,20.888471752572));
#7280 = CARTESIAN_POINT('',(1.044305528339,20.888409849776));
#7281 = CARTESIAN_POINT('',(1.043929942251,20.888360536648));
#7282 = CARTESIAN_POINT('',(1.043562549111,20.88829395893));
#7283 = CARTESIAN_POINT('',(1.043121504366,20.888207202493));
#7284 = CARTESIAN_POINT('',(1.042687448691,20.88809714738));
#7285 = CARTESIAN_POINT('',(1.042680021863,20.887933321861));
#7286 = ( GEOMETRIC_REPRESENTATION_CONTEXT(2) 
PARAMETRIC_REPRESENTATION_CONTEXT() REPRESENTATION_CONTEXT('2D SPACE',''
  ) );
#7287 = ORIENTED_EDGE('',*,*,#7288,.T.);
#7288 = EDGE_CURVE('',#7113,#5857,#7289,.T.);
#7289 = SEAM_CURVE('',#7290,(#7294,#7301),.PCURVE_S1.);
#7290 = LINE('',#7291,#7292);
#7291 = CARTESIAN_POINT('',(5.2,0.,42.));
#7292 = VECTOR('',#7293,1.);
#7293 = DIRECTION('',(0.,0.,1.));
#7294 = PCURVE('',#1537,#7295);
#7295 = DEFINITIONAL_REPRESENTATION('',(#7296),#7300);
#7296 = LINE('',#7297,#7298);
#7297 = CARTESIAN_POINT('',(-6.28318530718,0.));
#7298 = VECTOR('',#7299,1.);
#7299 = DIRECTION('',(-0.,-1.));
#7300 = ( GEOMETRIC_REPRESENTATION_CONTEXT(2) 
PARAMETRIC_REPRESENTATION_CONTEXT() REPRESENTATION_CONTEXT('2D SPACE',''
  ) );
#7301 = PCURVE('',#5907,#7302);
#7302 = DEFINITIONAL_REPRESENTATION('',(#7303),#7307);
#7303 = B_SPLINE_CURVE_WITH_KNOTS('',2,(#7304,#7305,#7306),
  .UNSPECIFIED.,.F.,.F.,(3,3),(9.007320003751,10.050000025614),
  .PIECEWISE_BEZIER_KNOTS.);
#7304 = CARTESIAN_POINT('',(1.042680021863,20.887933321861));
#7305 = CARTESIAN_POINT('',(0.521340010931,20.887933321861));
#7306 = CARTESIAN_POINT('',(2.021161090358E-15,20.887933321861));
#7307 = ( GEOMETRIC_REPRESENTATION_CONTEXT(2) 
PARAMETRIC_REPRESENTATION_CONTEXT() REPRESENTATION_CONTEXT('2D SPACE',''
  ) );
#7308 = ORIENTED_EDGE('',*,*,#7309,.T.);
#7309 = EDGE_CURVE('',#5857,#2043,#7310,.T.);
#7310 = SEAM_CURVE('',#7311,(#7315,#7322),.PCURVE_S1.);
#7311 = LINE('',#7312,#7313);
#7312 = CARTESIAN_POINT('',(5.2,0.,42.));
#7313 = VECTOR('',#7314,1.);
#7314 = DIRECTION('',(0.,0.,1.));
#7315 = PCURVE('',#1537,#7316);
#7316 = DEFINITIONAL_REPRESENTATION('',(#7317),#7321);
#7317 = LINE('',#7318,#7319);
#7318 = CARTESIAN_POINT('',(-6.28318530718,0.));
#7319 = VECTOR('',#7320,1.);
#7320 = DIRECTION('',(-0.,-1.));
#7321 = ( GEOMETRIC_REPRESENTATION_CONTEXT(2) 
PARAMETRIC_REPRESENTATION_CONTEXT() REPRESENTATION_CONTEXT('2D SPACE',''
  ) );
#7322 = PCURVE('',#1537,#7323);
#7323 = DEFINITIONAL_REPRESENTATION('',(#7324),#7328);
#7324 = LINE('',#7325,#7326);
#7325 = CARTESIAN_POINT('',(-0.,0.));
#7326 = VECTOR('',#7327,1.);
#7327 = DIRECTION('',(-0.,-1.));
#7328 = ( GEOMETRIC_REPRESENTATION_CONTEXT(2) 
PARAMETRIC_REPRESENTATION_CONTEXT() REPRESENTATION_CONTEXT('2D SPACE',''
  ) );
#7329 = ORIENTED_EDGE('',*,*,#7330,.T.);
#7330 = EDGE_CURVE('',#2043,#7331,#7333,.T.);
#7331 = VERTEX_POINT('',#7332);
#7332 = CARTESIAN_POINT('',(5.2,0.,53.99));
#7333 = SEAM_CURVE('',#7334,(#7338,#7345),.PCURVE_S1.);
#7334 = LINE('',#7335,#7336);
#7335 = CARTESIAN_POINT('',(5.2,0.,42.));
#7336 = VECTOR('',#7337,1.);
#7337 = DIRECTION('',(0.,0.,1.));
#7338 = PCURVE('',#1537,#7339);
#7339 = DEFINITIONAL_REPRESENTATION('',(#7340),#7344);
#7340 = LINE('',#7341,#7342);
#7341 = CARTESIAN_POINT('',(-6.28318530718,0.));
#7342 = VECTOR('',#7343,1.);
#7343 = DIRECTION('',(-0.,-1.));
#7344 = ( GEOMETRIC_REPRESENTATION_CONTEXT(2) 
PARAMETRIC_REPRESENTATION_CONTEXT() REPRESENTATION_CONTEXT('2D SPACE',''
  ) );
#7345 = PCURVE('',#2057,#7346);
#7346 = DEFINITIONAL_REPRESENTATION('',(#7347),#7351);
#7347 = LINE('',#7348,#7349);
#7348 = CARTESIAN_POINT('',(0.268387004799,12.000000017015));
#7349 = VECTOR('',#7350,1.);
#7350 = DIRECTION('',(-4.842602904075E-38,-1.));
#7351 = ( GEOMETRIC_REPRESENTATION_CONTEXT(2) 
PARAMETRIC_REPRESENTATION_CONTEXT() REPRESENTATION_CONTEXT('2D SPACE',''
  ) );
#7352 = ORIENTED_EDGE('',*,*,#7353,.T.);
#7353 = EDGE_CURVE('',#7331,#7354,#7356,.T.);
#7354 = VERTEX_POINT('',#7355);
#7355 = CARTESIAN_POINT('',(0.882744908117,-5.124525483125,53.99));
#7356 = SURFACE_CURVE('',#7357,(#7362,#7369),.PCURVE_S1.);
#7357 = CIRCLE('',#7358,5.2);
#7358 = AXIS2_PLACEMENT_3D('',#7359,#7360,#7361);
#7359 = CARTESIAN_POINT('',(0.,0.,53.99));
#7360 = DIRECTION('',(0.,0.,1.));
#7361 = DIRECTION('',(1.,0.,0.));
#7362 = PCURVE('',#1537,#7363);
#7363 = DEFINITIONAL_REPRESENTATION('',(#7364),#7368);
#7364 = LINE('',#7365,#7366);
#7365 = CARTESIAN_POINT('',(-0.,-11.99));
#7366 = VECTOR('',#7367,1.);
#7367 = DIRECTION('',(-1.,0.));
#7368 = ( GEOMETRIC_REPRESENTATION_CONTEXT(2) 
PARAMETRIC_REPRESENTATION_CONTEXT() REPRESENTATION_CONTEXT('2D SPACE',''
  ) );
#7369 = PCURVE('',#7370,#7375);
#7370 = CYLINDRICAL_SURFACE('',#7371,5.2);
#7371 = AXIS2_PLACEMENT_3D('',#7372,#7373,#7374);
#7372 = CARTESIAN_POINT('',(0.,0.,42.));
#7373 = DIRECTION('',(-0.,-0.,-1.));
#7374 = DIRECTION('',(1.,0.,0.));
#7375 = DEFINITIONAL_REPRESENTATION('',(#7376),#7380);
#7376 = LINE('',#7377,#7378);
#7377 = CARTESIAN_POINT('',(-0.,-11.99));
#7378 = VECTOR('',#7379,1.);
#7379 = DIRECTION('',(-1.,0.));
#7380 = ( GEOMETRIC_REPRESENTATION_CONTEXT(2) 
PARAMETRIC_REPRESENTATION_CONTEXT() REPRESENTATION_CONTEXT('2D SPACE',''
  ) );
#7381 = ORIENTED_EDGE('',*,*,#7382,.F.);
#7382 = EDGE_CURVE('',#2203,#7354,#7383,.T.);
#7383 = SURFACE_CURVE('',#7384,(#7393,#7405),.PCURVE_S1.);
#7384 = B_SPLINE_CURVE_WITH_KNOTS('',4,(#7385,#7386,#7387,#7388,#7389,
    #7390,#7391,#7392),.UNSPECIFIED.,.F.,.F.,(5,3,5),(0.,0.490005719309,
    1.),.UNSPECIFIED.);
#7385 = CARTESIAN_POINT('',(0.880141223446,-5.124973309861,
    52.281205200486));
#7386 = CARTESIAN_POINT('',(0.880462171856,-5.12491819154,
    52.491760097961));
#7387 = CARTESIAN_POINT('',(0.880783077627,-5.124863052952,
    52.702314994277));
#7388 = CARTESIAN_POINT('',(0.881103943204,-5.124807893692,
    52.912869889508));
#7389 = CARTESIAN_POINT('',(0.881758677427,-5.124695283583,
    53.342568739524));
#7390 = CARTESIAN_POINT('',(0.882092543134,-5.124637830945,
    53.561712694232));
#7391 = CARTESIAN_POINT('',(0.882426363939,-5.124580356179,
    53.780856647722));
#7392 = CARTESIAN_POINT('',(0.882760139969,-5.12452285928,54.0000006));
#7393 = PCURVE('',#1537,#7394);
#7394 = DEFINITIONAL_REPRESENTATION('',(#7395),#7404);
#7395 = B_SPLINE_CURVE_WITH_KNOTS('',4,(#7396,#7397,#7398,#7399,#7400,
    #7401,#7402,#7403),.UNSPECIFIED.,.F.,.F.,(5,3,5),(0.,0.490005719309,
    1.),.UNSPECIFIED.);
#7396 = CARTESIAN_POINT('',(-4.882465664825,-10.28120520048));
#7397 = CARTESIAN_POINT('',(-4.882528289231,-10.49176009796));
#7398 = CARTESIAN_POINT('',(-4.882590906215,-10.70231499427));
#7399 = CARTESIAN_POINT('',(-4.882653516255,-10.9128698895));
#7400 = CARTESIAN_POINT('',(-4.882781275439,-11.34256873952));
#7401 = CARTESIAN_POINT('',(-4.882846424084,-11.56171269423));
#7402 = CARTESIAN_POINT('',(-4.882911564941,-11.78085664772));
#7403 = CARTESIAN_POINT('',(-4.882976698035,-12.0000006));
#7404 = ( GEOMETRIC_REPRESENTATION_CONTEXT(2) 
PARAMETRIC_REPRESENTATION_CONTEXT() REPRESENTATION_CONTEXT('2D SPACE',''
  ) );
#7405 = PCURVE('',#2119,#7406);
#7406 = DEFINITIONAL_REPRESENTATION('',(#7407),#7416);
#7407 = B_SPLINE_CURVE_WITH_KNOTS('',4,(#7408,#7409,#7410,#7411,#7412,
    #7413,#7414,#7415),.UNSPECIFIED.,.F.,.F.,(5,3,5),(0.,0.490005719309,
    1.),.UNSPECIFIED.);
#7408 = CARTESIAN_POINT('',(2.1,26.298384238742));
#7409 = CARTESIAN_POINT('',(1.889475003491,26.29845363534));
#7410 = CARTESIAN_POINT('',(1.678950004597,26.298523023712));
#7411 = CARTESIAN_POINT('',(1.468425003472,26.298592404388));
#7412 = CARTESIAN_POINT('',(1.038787154001,26.298733979422));
#7413 = CARTESIAN_POINT('',(0.819674305495,26.298806173228));
#7414 = CARTESIAN_POINT('',(0.600561454486,26.298878358401));
#7415 = CARTESIAN_POINT('',(0.381448600984,26.298950534972));
#7416 = ( GEOMETRIC_REPRESENTATION_CONTEXT(2) 
PARAMETRIC_REPRESENTATION_CONTEXT() REPRESENTATION_CONTEXT('2D SPACE',''
  ) );
#7417 = ORIENTED_EDGE('',*,*,#2202,.F.);
#7418 = ORIENTED_EDGE('',*,*,#7419,.T.);
#7419 = EDGE_CURVE('',#2069,#7420,#7422,.T.);
#7420 = VERTEX_POINT('',#7421);
#7421 = CARTESIAN_POINT('',(4.061555789283,-3.247116346937,53.99));
#7422 = SURFACE_CURVE('',#7423,(#7432,#7444),.PCURVE_S1.);
#7423 = B_SPLINE_CURVE_WITH_KNOTS('',4,(#7424,#7425,#7426,#7427,#7428,
    #7429,#7430,#7431),.UNSPECIFIED.,.F.,.F.,(5,3,5),(0.,0.626013909065,
    1.),.UNSPECIFIED.);
#7424 = CARTESIAN_POINT('',(4.063140590001,-3.24513305519,
    52.628221199929));
#7425 = CARTESIAN_POINT('',(4.062890740234,-3.245445885115,
    52.842909442152));
#7426 = CARTESIAN_POINT('',(4.062640891164,-3.245758648309,
    53.05759768602));
#7427 = CARTESIAN_POINT('',(4.062391042729,-3.24607134489,
    53.272285931529));
#7428 = CARTESIAN_POINT('',(4.061991933586,-3.246570742898,
    53.615230783131));
#7429 = CARTESIAN_POINT('',(4.061842672522,-3.246757487075,
    53.74348738817));
#7430 = CARTESIAN_POINT('',(4.061693411626,-3.246944207572,
    53.871743993795));
#7431 = CARTESIAN_POINT('',(4.061544150922,-3.247130904369,54.0000006));
#7432 = PCURVE('',#1537,#7433);
#7433 = DEFINITIONAL_REPRESENTATION('',(#7434),#7443);
#7434 = B_SPLINE_CURVE_WITH_KNOTS('',4,(#7435,#7436,#7437,#7438,#7439,
    #7440,#7441,#7442),.UNSPECIFIED.,.F.,.F.,(5,3,5),(0.,0.626013909065,
    1.),.UNSPECIFIED.);
#7435 = CARTESIAN_POINT('',(-5.609252176352,-10.62822119992));
#7436 = CARTESIAN_POINT('',(-5.609175184203,-10.84290944215));
#7437 = CARTESIAN_POINT('',(-5.609098202165,-11.05759768602));
#7438 = CARTESIAN_POINT('',(-5.609021230212,-11.27228593152));
#7439 = CARTESIAN_POINT('',(-5.608898290613,-11.61523078313));
#7440 = CARTESIAN_POINT('',(-5.608852316503,-11.74348738817));
#7441 = CARTESIAN_POINT('',(-5.60880634597,-11.87174399379));
#7442 = CARTESIAN_POINT('',(-5.60876037902,-12.0000006));
#7443 = ( GEOMETRIC_REPRESENTATION_CONTEXT(2) 
PARAMETRIC_REPRESENTATION_CONTEXT() REPRESENTATION_CONTEXT('2D SPACE',''
  ) );
#7444 = PCURVE('',#2119,#7445);
#7445 = DEFINITIONAL_REPRESENTATION('',(#7446),#7455);
#7446 = B_SPLINE_CURVE_WITH_KNOTS('',4,(#7447,#7448,#7449,#7450,#7451,
    #7452,#7453,#7454),.UNSPECIFIED.,.F.,.F.,(5,3,5),(0.,0.626013909065,
    1.),.UNSPECIFIED.);
#7447 = CARTESIAN_POINT('',(2.1,27.103767242456));
#7448 = CARTESIAN_POINT('',(1.885274995234,27.103681920951));
#7449 = CARTESIAN_POINT('',(1.670549993651,27.10359661065));
#7450 = CARTESIAN_POINT('',(1.455824995243,27.103511311525));
#7451 = CARTESIAN_POINT('',(1.112821441914,27.10337507177));
#7452 = CARTESIAN_POINT('',(0.984542884955,27.103324123968));
#7453 = CARTESIAN_POINT('',(0.856264329129,27.103273180149));
#7454 = CARTESIAN_POINT('',(0.727985774427,27.103222240288));
#7455 = ( GEOMETRIC_REPRESENTATION_CONTEXT(2) 
PARAMETRIC_REPRESENTATION_CONTEXT() REPRESENTATION_CONTEXT('2D SPACE',''
  ) );
#7456 = ORIENTED_EDGE('',*,*,#7457,.T.);
#7457 = EDGE_CURVE('',#7420,#7331,#7458,.T.);
#7458 = SURFACE_CURVE('',#7459,(#7464,#7471),.PCURVE_S1.);
#7459 = CIRCLE('',#7460,5.2);
#7460 = AXIS2_PLACEMENT_3D('',#7461,#7462,#7463);
#7461 = CARTESIAN_POINT('',(0.,0.,53.99));
#7462 = DIRECTION('',(0.,0.,1.));
#7463 = DIRECTION('',(1.,0.,0.));
#7464 = PCURVE('',#1537,#7465);
#7465 = DEFINITIONAL_REPRESENTATION('',(#7466),#7470);
#7466 = LINE('',#7467,#7468);
#7467 = CARTESIAN_POINT('',(-0.,-11.99));
#7468 = VECTOR('',#7469,1.);
#7469 = DIRECTION('',(-1.,0.));
#7470 = ( GEOMETRIC_REPRESENTATION_CONTEXT(2) 
PARAMETRIC_REPRESENTATION_CONTEXT() REPRESENTATION_CONTEXT('2D SPACE',''
  ) );
#7471 = PCURVE('',#7472,#7477);
#7472 = CYLINDRICAL_SURFACE('',#7473,5.2);
#7473 = AXIS2_PLACEMENT_3D('',#7474,#7475,#7476);
#7474 = CARTESIAN_POINT('',(0.,0.,42.));
#7475 = DIRECTION('',(-0.,-0.,-1.));
#7476 = DIRECTION('',(1.,0.,0.));
#7477 = DEFINITIONAL_REPRESENTATION('',(#7478),#7482);
#7478 = LINE('',#7479,#7480);
#7479 = CARTESIAN_POINT('',(-0.,-11.99));
#7480 = VECTOR('',#7481,1.);
#7481 = DIRECTION('',(-1.,0.));
#7482 = ( GEOMETRIC_REPRESENTATION_CONTEXT(2) 
PARAMETRIC_REPRESENTATION_CONTEXT() REPRESENTATION_CONTEXT('2D SPACE',''
  ) );
#7483 = ORIENTED_EDGE('',*,*,#7330,.F.);
#7484 = ORIENTED_EDGE('',*,*,#7309,.F.);
#7485 = ORIENTED_EDGE('',*,*,#7288,.F.);
#7486 = ORIENTED_EDGE('',*,*,#7487,.T.);
#7487 = EDGE_CURVE('',#7113,#2653,#7488,.T.);
#7488 = SURFACE_CURVE('',#7489,(#7555,#7624),.PCURVE_S1.);
#7489 = B_SPLINE_CURVE_WITH_KNOTS('',6,(#7490,#7491,#7492,#7493,#7494,
    #7495,#7496,#7497,#7498,#7499,#7500,#7501,#7502,#7503,#7504,#7505,
    #7506,#7507,#7508,#7509,#7510,#7511,#7512,#7513,#7514,#7515,#7516,
    #7517,#7518,#7519,#7520,#7521,#7522,#7523,#7524,#7525,#7526,#7527,
    #7528,#7529,#7530,#7531,#7532,#7533,#7534,#7535,#7536,#7537,#7538,
    #7539,#7540,#7541,#7542,#7543,#7544,#7545,#7546,#7547,#7548,#7549,
    #7550,#7551,#7552,#7553,#7554),.UNSPECIFIED.,.F.,.F.,(7,6,6,6,5,5,5,
    5,5,5,5,5,7),(0.,1.910733805573E-02,3.821467611146E-02,
    5.732201416719E-02,7.642935222292E-02,0.108812750814,0.175223931093,
    0.275575436022,0.328544134421,0.379602265171,0.642286217671,
    0.71784528339,1.),.UNSPECIFIED.);
#7490 = CARTESIAN_POINT('',(5.2,4.274358644807E-15,51.007320003751));
#7491 = CARTESIAN_POINT('',(5.200000000085,-1.54540635785E-04,
    51.007307207558));
#7492 = CARTESIAN_POINT('',(5.199999994308,-3.051787000785E-04,
    51.007274279376));
#7493 = CARTESIAN_POINT('',(5.199999984052,-4.462839870143E-04,
    51.007227140714));
#7494 = CARTESIAN_POINT('',(5.199999970517,-5.755629447203E-04,
    51.007170321747));
#7495 = CARTESIAN_POINT('',(5.199999954724,-6.940586753132E-04,
    51.007106961313));
#7496 = CARTESIAN_POINT('',(5.199999937512,-8.061509348994E-04,
    51.007038806916));
#7497 = CARTESIAN_POINT('',(5.199999909383,-1.002293765605E-03,
    51.006926915634));
#7498 = CARTESIAN_POINT('',(5.199999858143,-1.240786579391E-03,
    51.006732915044));
#7499 = CARTESIAN_POINT('',(5.199999790035,-1.532745391014E-03,
    51.006477459905));
#7500 = CARTESIAN_POINT('',(5.199999684365,-1.898959751838E-03,
    51.006088845042));
#7501 = CARTESIAN_POINT('',(5.199999493496,-2.369892749829E-03,
    51.00540300534));
#7502 = CARTESIAN_POINT('',(5.199999142857,-2.985681009558E-03,
    51.004163515751));
#7503 = CARTESIAN_POINT('',(5.19999876996,-3.62771855003E-03,
    51.002846368776));
#7504 = CARTESIAN_POINT('',(5.199998389212,-4.143965176902E-03,
    51.001512788785));
#7505 = CARTESIAN_POINT('',(5.199998004636,-4.589054194376E-03,
    51.000171642453));
#7506 = CARTESIAN_POINT('',(5.19999761861,-4.996675444466E-03,
    50.998828095712));
#7507 = CARTESIAN_POINT('',(5.199997231864,-5.379575306995E-03,
    50.997483613745));
#7508 = CARTESIAN_POINT('',(5.199996843478,-5.729556699595E-03,
    50.996135960988));
#7509 = CARTESIAN_POINT('',(5.199995810248,-6.666800921198E-03,
    50.992550053714));
#7510 = CARTESIAN_POINT('',(5.199994777705,-7.422945359238E-03,
    50.988978438415));
#7511 = CARTESIAN_POINT('',(5.199993747486,-8.112843786658E-03,
    50.985416879306));
#7512 = CARTESIAN_POINT('',(5.199992717433,-8.733299989116E-03,
    50.981859537505));
#7513 = CARTESIAN_POINT('',(5.199991688136,-9.313555683368E-03,
    50.978305444737));
#7514 = CARTESIAN_POINT('',(5.199988917233,-1.0774997288E-02,
    50.968740253275));
#7515 = CARTESIAN_POINT('',(5.199987173254,-1.159338634459E-02,
    50.96272221373));
#7516 = CARTESIAN_POINT('',(5.199985429077,-1.234787604256E-02,
    50.956703040292));
#7517 = CARTESIAN_POINT('',(5.199983685083,-1.305418689595E-02,
    50.950683339575));
#7518 = CARTESIAN_POINT('',(5.199981941344,-1.371875098477E-02,
    50.944663311234));
#7519 = CARTESIAN_POINT('',(5.199976622895,-1.564574602816E-02,
    50.926296418473));
#7520 = CARTESIAN_POINT('',(5.199973049666,-1.680170648305E-02,
    50.913949017789));
#7521 = CARTESIAN_POINT('',(5.199969478984,-1.78685641468E-02,
    50.901601381442));
#7522 = CARTESIAN_POINT('',(5.199965911067,-1.886794429522E-02,
    50.889253874027));
#7523 = CARTESIAN_POINT('',(5.199962345909,-1.980891332164E-02,
    50.876906602087));
#7524 = CARTESIAN_POINT('',(5.199953400302,-2.205575095702E-02,
    50.845902053272));
#7525 = CARTESIAN_POINT('',(5.1999480234,-2.330086823982E-02,
    50.827245169348));
#7526 = CARTESIAN_POINT('',(5.19994265253,-2.446830770288E-02,
    50.808588824405));
#7527 = CARTESIAN_POINT('',(5.199937287499,-2.557384162208E-02,
    50.789933048498));
#7528 = CARTESIAN_POINT('',(5.199931928089,-2.662627103719E-02,
    50.771277828376));
#7529 = CARTESIAN_POINT('',(5.19992374798,-2.816554635568E-02,
    50.742776503546));
#7530 = CARTESIAN_POINT('',(5.199920923427,-2.868478144109E-02,
    50.732930071883));
#7531 = CARTESIAN_POINT('',(5.199918100339,-2.919252346481E-02,
    50.723083773456));
#7532 = CARTESIAN_POINT('',(5.199915278688,-2.96896841786E-02,
    50.713237603447));
#7533 = CARTESIAN_POINT('',(5.199912458445,-3.017703006502E-02,
    50.703391557089));
#7534 = CARTESIAN_POINT('',(5.19990692239,-3.111608777751E-02,
    50.684054842367));
#7535 = CARTESIAN_POINT('',(5.199904206489,-3.156846281641E-02,
    50.674564165752));
#7536 = CARTESIAN_POINT('',(5.19990149184,-3.201287815155E-02,
    50.66507359574));
#7537 = CARTESIAN_POINT('',(5.199898778416,-3.244983793898E-02,
    50.655583128466));
#7538 = CARTESIAN_POINT('',(5.199896066199,-3.287977979336E-02,
    50.646092760285));
#7539 = CARTESIAN_POINT('',(5.199879407507,-3.548084355145E-02,
    50.587776918595));
#7540 = CARTESIAN_POINT('',(5.199865491319,-3.748337358167E-02,
    50.53895390895));
#7541 = CARTESIAN_POINT('',(5.199851603755,-3.935979288721E-02,
    50.490132927726));
#7542 = CARTESIAN_POINT('',(5.199837742707,-4.113563177488E-02,
    50.441313712805));
#7543 = CARTESIAN_POINT('',(5.199823906529,-4.282468067946E-02,
    50.392496086869));
#7544 = CARTESIAN_POINT('',(5.199806120604,-4.490572638102E-02,
    50.329638127283));
#7545 = CARTESIAN_POINT('',(5.199802149401,-4.536454291772E-02,
    50.315596594041));
#7546 = CARTESIAN_POINT('',(5.199798180098,-4.581758430804E-02,
    50.301555169307));
#7547 = CARTESIAN_POINT('',(5.199794212663,-4.626511193316E-02,
    50.287513849206));
#7548 = CARTESIAN_POINT('',(5.199790247067,-4.670736185088E-02,
    50.273472630166));
#7549 = CARTESIAN_POINT('',(5.199771481648,-4.877708522908E-02,
    50.206998772369));
#7550 = CARTESIAN_POINT('',(5.199756705249,-5.033903018654E-02,
    50.154567401451));
#7551 = CARTESIAN_POINT('',(5.199741952729,-5.184136686785E-02,
    50.10213721926));
#7552 = CARTESIAN_POINT('',(5.199727222717,-5.32917544988E-02,
    50.049708101991));
#7553 = CARTESIAN_POINT('',(5.199712514069,-5.469577086382E-02,
    49.997279954283));
#7554 = CARTESIAN_POINT('',(5.199697826108,-5.605815883871E-02,
    49.944852684556));
#7555 = PCURVE('',#1537,#7556);
#7556 = DEFINITIONAL_REPRESENTATION('',(#7557),#7623);
#7557 = B_SPLINE_CURVE_WITH_KNOTS('',6,(#7558,#7559,#7560,#7561,#7562,
    #7563,#7564,#7565,#7566,#7567,#7568,#7569,#7570,#7571,#7572,#7573,
    #7574,#7575,#7576,#7577,#7578,#7579,#7580,#7581,#7582,#7583,#7584,
    #7585,#7586,#7587,#7588,#7589,#7590,#7591,#7592,#7593,#7594,#7595,
    #7596,#7597,#7598,#7599,#7600,#7601,#7602,#7603,#7604,#7605,#7606,
    #7607,#7608,#7609,#7610,#7611,#7612,#7613,#7614,#7615,#7616,#7617,
    #7618,#7619,#7620,#7621,#7622),.UNSPECIFIED.,.F.,.F.,(7,6,6,6,5,5,5,
    5,5,5,5,5,7),(0.,1.910733805573E-02,3.821467611146E-02,
    5.732201416719E-02,7.642935222292E-02,0.108812750814,0.175223931093,
    0.275575436022,0.328544134421,0.379602265171,0.642286217671,
    0.71784528339,1.),.UNSPECIFIED.);
#7558 = CARTESIAN_POINT('',(-6.28318530718,-9.007320003751));
#7559 = CARTESIAN_POINT('',(-6.283155587827,-9.007307207558));
#7560 = CARTESIAN_POINT('',(-6.283126618968,-9.007274279376));
#7561 = CARTESIAN_POINT('',(-6.283099483336,-9.007227140714));
#7562 = CARTESIAN_POINT('',(-6.283074621998,-9.007170321747));
#7563 = CARTESIAN_POINT('',(-6.283051834357,-9.007106961313));
#7564 = CARTESIAN_POINT('',(-6.283030278153,-9.007038806916));
#7565 = CARTESIAN_POINT('',(-6.282992558378,-9.006926915634));
#7566 = CARTESIAN_POINT('',(-6.282946694374,-9.006732915044));
#7567 = CARTESIAN_POINT('',(-6.282890548447,-9.006477459905));
#7568 = CARTESIAN_POINT('',(-6.282820122606,-9.006088845042));
#7569 = CARTESIAN_POINT('',(-6.282729558561,-9.00540300534));
#7570 = CARTESIAN_POINT('',(-6.282611137723,-9.004163515751));
#7571 = CARTESIAN_POINT('',(-6.282487668945,-9.002846368776));
#7572 = CARTESIAN_POINT('',(-6.282388390721,-9.001512788785));
#7573 = CARTESIAN_POINT('',(-6.282302796648,-9.000171642453));
#7574 = CARTESIAN_POINT('',(-6.282224407912,-8.998828095712));
#7575 = CARTESIAN_POINT('',(-6.282150773285,-8.997483613745));
#7576 = CARTESIAN_POINT('',(-6.28208346913,-8.996135960988));
#7577 = CARTESIAN_POINT('',(-6.281903229747,-8.992550053714));
#7578 = CARTESIAN_POINT('',(-6.281757817224,-8.988978438415));
#7579 = CARTESIAN_POINT('',(-6.281625144303,-8.985416879306));
#7580 = CARTESIAN_POINT('',(-6.28150582564,-8.981859537505));
#7581 = CARTESIAN_POINT('',(-6.281394237832,-8.978305444737));
#7582 = CARTESIAN_POINT('',(-6.281113190864,-8.968740253275));
#7583 = CARTESIAN_POINT('',(-6.280955808,-8.96272221373));
#7584 = CARTESIAN_POINT('',(-6.280810713443,-8.956703040292));
#7585 = CARTESIAN_POINT('',(-6.28067488402,-8.950683339575));
#7586 = CARTESIAN_POINT('',(-6.280547082796,-8.944663311234));
#7587 = CARTESIAN_POINT('',(-6.280176505415,-8.926296418473));
#7588 = CARTESIAN_POINT('',(-6.279954204276,-8.913949017789));
#7589 = CARTESIAN_POINT('',(-6.279749038202,-8.901601381442));
#7590 = CARTESIAN_POINT('',(-6.279556848492,-8.889253874027));
#7591 = CARTESIAN_POINT('',(-6.279375891616,-8.876906602087));
#7592 = CARTESIAN_POINT('',(-6.27894380403,-8.845902053272));
#7593 = CARTESIAN_POINT('',(-6.278704356179,-8.827245169348));
#7594 = CARTESIAN_POINT('',(-6.278479846227,-8.808588824406));
#7595 = CARTESIAN_POINT('',(-6.278267241056,-8.789933048498));
#7596 = CARTESIAN_POINT('',(-6.278064848165,-8.771277828376));
#7597 = CARTESIAN_POINT('',(-6.2777688295,-8.742776503546));
#7598 = CARTESIAN_POINT('',(-6.277668975123,-8.732930071883));
#7599 = CARTESIAN_POINT('',(-6.277571330918,-8.723083773456));
#7600 = CARTESIAN_POINT('',(-6.277475721549,-8.713237603447));
#7601 = CARTESIAN_POINT('',(-6.277381999618,-8.703391557089));
#7602 = CARTESIAN_POINT('',(-6.277201408458,-8.684054842367));
#7603 = CARTESIAN_POINT('',(-6.277114411691,-8.674564165752));
#7604 = CARTESIAN_POINT('',(-6.277028945609,-8.66507359574));
#7605 = CARTESIAN_POINT('',(-6.276944913262,-8.655583128466));
#7606 = CARTESIAN_POINT('',(-6.276862230491,-8.646092760285));
#7607 = CARTESIAN_POINT('',(-6.276362015663,-8.587776918595));
#7608 = CARTESIAN_POINT('',(-6.275976904491,-8.53895390895));
#7609 = CARTESIAN_POINT('',(-6.275616044795,-8.490132927726));
#7610 = CARTESIAN_POINT('',(-6.275274526948,-8.441313712805));
#7611 = CARTESIAN_POINT('',(-6.274949698975,-8.392496086869));
#7612 = CARTESIAN_POINT('',(-6.274549483263,-8.329638127283));
#7613 = CARTESIAN_POINT('',(-6.274461246009,-8.315596594041));
#7614 = CARTESIAN_POINT('',(-6.274374119322,-8.301555169307));
#7615 = CARTESIAN_POINT('',(-6.274288052936,-8.287513849206));
#7616 = CARTESIAN_POINT('',(-6.274203001456,-8.273472630166));
#7617 = CARTESIAN_POINT('',(-6.27380496137,-8.206998772369));
#7618 = CARTESIAN_POINT('',(-6.273504573922,-8.154567401451));
#7619 = CARTESIAN_POINT('',(-6.27321564912,-8.10213721926));
#7620 = CARTESIAN_POINT('',(-6.272936714059,-8.049708101991));
#7621 = CARTESIAN_POINT('',(-6.272666696109,-7.997279954283));
#7622 = CARTESIAN_POINT('',(-6.272404683195,-7.944852684556));
#7623 = ( GEOMETRIC_REPRESENTATION_CONTEXT(2) 
PARAMETRIC_REPRESENTATION_CONTEXT() REPRESENTATION_CONTEXT('2D SPACE',''
  ) );
#7624 = PCURVE('',#5907,#7625);
#7625 = DEFINITIONAL_REPRESENTATION('',(#7626),#7692);
#7626 = B_SPLINE_CURVE_WITH_KNOTS('',6,(#7627,#7628,#7629,#7630,#7631,
    #7632,#7633,#7634,#7635,#7636,#7637,#7638,#7639,#7640,#7641,#7642,
    #7643,#7644,#7645,#7646,#7647,#7648,#7649,#7650,#7651,#7652,#7653,
    #7654,#7655,#7656,#7657,#7658,#7659,#7660,#7661,#7662,#7663,#7664,
    #7665,#7666,#7667,#7668,#7669,#7670,#7671,#7672,#7673,#7674,#7675,
    #7676,#7677,#7678,#7679,#7680,#7681,#7682,#7683,#7684,#7685,#7686,
    #7687,#7688,#7689,#7690,#7691),.UNSPECIFIED.,.F.,.F.,(7,6,6,6,5,5,5,
    5,5,5,5,5,7),(0.,1.910733805573E-02,3.821467611146E-02,
    5.732201416719E-02,7.642935222292E-02,0.108812750814,0.175223931093,
    0.275575436022,0.328544134421,0.379602265171,0.642286217671,
    0.71784528339,1.),.UNSPECIFIED.);
#7627 = CARTESIAN_POINT('',(1.042680021863,20.887933321861));
#7628 = CARTESIAN_POINT('',(1.042678628102,20.887900388665));
#7629 = CARTESIAN_POINT('',(1.042697724666,20.887868287122));
#7630 = CARTESIAN_POINT('',(1.042731907011,20.887838217052));
#7631 = CARTESIAN_POINT('',(1.042776855558,20.887810667219));
#7632 = CARTESIAN_POINT('',(1.04282933569,20.887785415332));
#7633 = CARTESIAN_POINT('',(1.042887197753,20.88776152805));
#7634 = CARTESIAN_POINT('',(1.042981079162,20.887719729274));
#7635 = CARTESIAN_POINT('',(1.043153181296,20.887668905561));
#7636 = CARTESIAN_POINT('',(1.043381828721,20.887606688045));
#7637 = CARTESIAN_POINT('',(1.043736817714,20.887528646397));
#7638 = CARTESIAN_POINT('',(1.044379416264,20.887428288826));
#7639 = CARTESIAN_POINT('',(1.045562364073,20.887297062074));
#7640 = CARTESIAN_POINT('',(1.046820559054,20.887160241505));
#7641 = CARTESIAN_POINT('',(1.048106737198,20.887050227452));
#7642 = CARTESIAN_POINT('',(1.049407015387,20.886955377352));
#7643 = CARTESIAN_POINT('',(1.050713134282,20.886868511772));
#7644 = CARTESIAN_POINT('',(1.052022458325,20.88678691441));
#7645 = CARTESIAN_POINT('',(1.053337975738,20.886712332095));
#7646 = CARTESIAN_POINT('',(1.056837825105,20.886512601923));
#7647 = CARTESIAN_POINT('',(1.060340011107,20.886351464779));
#7648 = CARTESIAN_POINT('',(1.063838223633,20.886204444893));
#7649 = CARTESIAN_POINT('',(1.067338595045,20.886072223391));
#7650 = CARTESIAN_POINT('',(1.070839408635,20.885948568756));
#7651 = CARTESIAN_POINT('',(1.080270410269,20.885637130115));
#7652 = CARTESIAN_POINT('',(1.086213305171,20.885462728331));
#7653 = CARTESIAN_POINT('',(1.092163201203,20.885301943709));
#7654 = CARTESIAN_POINT('',(1.098118048293,20.88515142615));
#7655 = CARTESIAN_POINT('',(1.10407705619,20.885009804955));
#7656 = CARTESIAN_POINT('',(1.122267011739,20.884599154717));
#7657 = CARTESIAN_POINT('',(1.134508271758,20.884352814854));
#7658 = CARTESIAN_POINT('',(1.146757948835,20.884125463033));
#7659 = CARTESIAN_POINT('',(1.159013692741,20.883912490836));
#7660 = CARTESIAN_POINT('',(1.171274564456,20.883711966187));
#7661 = CARTESIAN_POINT('',(1.202072807455,20.883233154909));
#7662 = CARTESIAN_POINT('',(1.220615363941,20.882967814517));
#7663 = CARTESIAN_POINT('',(1.23916451377,20.882719027402));
#7664 = CARTESIAN_POINT('',(1.25771877868,20.882483432443));
#7665 = CARTESIAN_POINT('',(1.276277363811,20.882259154115));
#7666 = CARTESIAN_POINT('',(1.304637350898,20.881931126018));
#7667 = CARTESIAN_POINT('',(1.314436105871,20.881820474086));
#7668 = CARTESIAN_POINT('',(1.324235782887,20.881712271333));
#7669 = CARTESIAN_POINT('',(1.334036303048,20.881606323462));
#7670 = CARTESIAN_POINT('',(1.343837600744,20.881502467135));
#7671 = CARTESIAN_POINT('',(1.363088090055,20.881302348208));
#7672 = CARTESIAN_POINT('',(1.372537229027,20.881205944277));
#7673 = CARTESIAN_POINT('',(1.381986992246,20.88111123656));
#7674 = CARTESIAN_POINT('',(1.391437337284,20.881018117618));
#7675 = CARTESIAN_POINT('',(1.400888227604,20.880926494196));
#7676 = CARTESIAN_POINT('',(1.45896523587,20.880372190208));
#7677 = CARTESIAN_POINT('',(1.507604369785,20.879945436496));
#7678 = CARTESIAN_POINT('',(1.556253054507,20.879545556793));
#7679 = CARTESIAN_POINT('',(1.604909207976,20.879167110546));
#7680 = CARTESIAN_POINT('',(1.653571741287,20.878807159));
#7681 = CARTESIAN_POINT('',(1.716238613629,20.878363668218));
#7682 = CARTESIAN_POINT('',(1.730238017061,20.878265889938));
#7683 = CARTESIAN_POINT('',(1.744237842242,20.878169342319));
#7684 = CARTESIAN_POINT('',(1.758238069046,20.878073969661));
#7685 = CARTESIAN_POINT('',(1.772238679371,20.87797972166));
#7686 = CARTESIAN_POINT('',(1.838522488802,20.877538641991));
#7687 = CARTESIAN_POINT('',(1.890810436676,20.877205774154));
#7688 = CARTESIAN_POINT('',(1.943102668832,20.876885608518));
#7689 = CARTESIAN_POINT('',(1.995398605813,20.876576512899));
#7690 = CARTESIAN_POINT('',(2.047697830837,20.876277298672));
#7691 = CARTESIAN_POINT('',(2.1,20.875986955134));
#7692 = ( GEOMETRIC_REPRESENTATION_CONTEXT(2) 
PARAMETRIC_REPRESENTATION_CONTEXT() REPRESENTATION_CONTEXT('2D SPACE',''
  ) );
#7693 = ORIENTED_EDGE('',*,*,#2652,.T.);
#7694 = ORIENTED_EDGE('',*,*,#7090,.F.);
#7695 = ORIENTED_EDGE('',*,*,#7069,.F.);
#7696 = ORIENTED_EDGE('',*,*,#7697,.F.);
#7697 = EDGE_CURVE('',#3325,#6834,#7698,.T.);
#7698 = SURFACE_CURVE('',#7699,(#7749,#7802),.PCURVE_S1.);
#7699 = B_SPLINE_CURVE_WITH_KNOTS('',6,(#7700,#7701,#7702,#7703,#7704,
    #7705,#7706,#7707,#7708,#7709,#7710,#7711,#7712,#7713,#7714,#7715,
    #7716,#7717,#7718,#7719,#7720,#7721,#7722,#7723,#7724,#7725,#7726,
    #7727,#7728,#7729,#7730,#7731,#7732,#7733,#7734,#7735,#7736,#7737,
    #7738,#7739,#7740,#7741,#7742,#7743,#7744,#7745,#7746,#7747,#7748),
  .UNSPECIFIED.,.F.,.F.,(7,5,5,5,5,5,5,6,6,7),(0.,0.172643866076,
    0.423188898426,0.461458699209,0.523514644316,0.6015269687,
    0.634687340225,0.654712267848,0.827356133924,1.),.UNSPECIFIED.);
#7700 = CARTESIAN_POINT('',(5.199692963823,-5.650736212482E-02,
    46.944811437093));
#7701 = CARTESIAN_POINT('',(5.199706047843,-5.530339704326E-02,
    46.990778639312));
#7702 = CARTESIAN_POINT('',(5.199719148257,-5.406702936496E-02,
    47.036746523081));
#7703 = CARTESIAN_POINT('',(5.199732265676,-5.279541263187E-02,
    47.082715141955));
#7704 = CARTESIAN_POINT('',(5.19974540083,-5.148455929608E-02,
    47.128684564969));
#7705 = CARTESIAN_POINT('',(5.199758554567,-5.012934071985E-02,
    47.174654876637));
#7706 = CARTESIAN_POINT('',(5.199790845254,-4.668327787229E-02,
    47.287340860701));
#7707 = CARTESIAN_POINT('',(5.199810003832,-4.453583864875E-02,
    47.354057501581));
#7708 = CARTESIAN_POINT('',(5.199829206449,-4.226272149991E-02,
    47.420776608897));
#7709 = CARTESIAN_POINT('',(5.199848457155,-3.982856374644E-02,
    47.48749870406));
#7710 = CARTESIAN_POINT('',(5.199867760211,-3.720097174322E-02,
    47.554224033035));
#7711 = CARTESIAN_POINT('',(5.199890080675,-3.381346465412E-02,
    47.631146760478));
#7712 = CARTESIAN_POINT('',(5.19989303968,-3.335732424813E-02,
    47.641339616875));
#7713 = CARTESIAN_POINT('',(5.1998960001,-3.289349207162E-02,
    47.651532583431));
#7714 = CARTESIAN_POINT('',(5.199898961957,-3.242147218675E-02,
    47.661725664409));
#7715 = CARTESIAN_POINT('',(5.199901925287,-3.194069029896E-02,
    47.671918864349));
#7716 = CARTESIAN_POINT('',(5.199909697747,-3.065562132298E-02,
    47.69864105219));
#7717 = CARTESIAN_POINT('',(5.199914509334,-2.983583259364E-02,
    47.715170237972));
#7718 = CARTESIAN_POINT('',(5.199919325008,-2.898871604419E-02,
    47.731699770362));
#7719 = CARTESIAN_POINT('',(5.199924144906,-2.811052164284E-02,
    47.748229672456));
#7720 = CARTESIAN_POINT('',(5.19992896919,-2.719616085083E-02,
    47.764759965492));
#7721 = CARTESIAN_POINT('',(5.199939868535,-2.503619176924E-02,
    47.802071894415));
#7722 = CARTESIAN_POINT('',(5.199945946184,-2.376534095268E-02,
    47.822853623032));
#7723 = CARTESIAN_POINT('',(5.199952031453,-2.241418364264E-02,
    47.84363614262));
#7724 = CARTESIAN_POINT('',(5.199958124467,-2.09570674745E-02,
    47.864419451117));
#7725 = CARTESIAN_POINT('',(5.19996422585,-1.937300329655E-02,
    47.88520325212));
#7726 = CARTESIAN_POINT('',(5.19997293176,-1.679563104289E-02,
    47.914821539582));
#7727 = CARTESIAN_POINT('',(5.199975529906,-1.598686077686E-02,
    47.923655867542));
#7728 = CARTESIAN_POINT('',(5.199978129366,-1.512730852965E-02,
    47.932490130381));
#7729 = CARTESIAN_POINT('',(5.199980730095,-1.420915712693E-02,
    47.94132416817));
#7730 = CARTESIAN_POINT('',(5.199983331734,-1.321335136298E-02,
    47.950157472086));
#7731 = CARTESIAN_POINT('',(5.199987504327,-1.142008458816E-02,
    47.964322321602));
#7732 = CARTESIAN_POINT('',(5.19998907513,-1.069772800215E-02,
    47.969654209892));
#7733 = CARTESIAN_POINT('',(5.199990645752,-9.925504146988E-03,
    47.974985700391));
#7734 = CARTESIAN_POINT('',(5.199992215499,-9.065327824466E-03,
    47.980315494935));
#7735 = CARTESIAN_POINT('',(5.199993783821,-8.124127649752E-03,
    47.985642580759));
#7736 = CARTESIAN_POINT('',(5.199995345773,-6.957293930582E-03,
    47.990960028332));
#7737 = CARTESIAN_POINT('',(5.199996042448,-6.464359079245E-03,
    47.993329357488));
#7738 = CARTESIAN_POINT('',(5.19999673074,-5.847309372341E-03,
    47.995680021766));
#7739 = CARTESIAN_POINT('',(5.199997421501,-5.224156125225E-03,
    47.998037824889));
#7740 = CARTESIAN_POINT('',(5.199998114168,-4.573067950452E-03,
    48.00040253796));
#7741 = CARTESIAN_POINT('',(5.199998796764,-3.732370757771E-03,
    48.00274789947));
#7742 = CARTESIAN_POINT('',(5.199999445901,-2.400547754125E-03,
    48.005021615291));
#7743 = CARTESIAN_POINT('',(5.19999957423,-2.150284455684E-03,
    48.005468168083));
#7744 = CARTESIAN_POINT('',(5.199999667969,-1.870248955783E-03,
    48.005806303453));
#7745 = CARTESIAN_POINT('',(5.199999772633,-1.568473662633E-03,
    48.006181365177));
#7746 = CARTESIAN_POINT('',(5.199999893248,-1.212122110725E-03,
    48.006611447009));
#7747 = CARTESIAN_POINT('',(5.199999994354,-7.274889608306E-04,
    48.006987392683));
#7748 = CARTESIAN_POINT('',(5.2,-2.98372437868E-16,48.007072795913));
#7749 = PCURVE('',#1537,#7750);
#7750 = DEFINITIONAL_REPRESENTATION('',(#7751),#7801);
#7751 = B_SPLINE_CURVE_WITH_KNOTS('',6,(#7752,#7753,#7754,#7755,#7756,
    #7757,#7758,#7759,#7760,#7761,#7762,#7763,#7764,#7765,#7766,#7767,
    #7768,#7769,#7770,#7771,#7772,#7773,#7774,#7775,#7776,#7777,#7778,
    #7779,#7780,#7781,#7782,#7783,#7784,#7785,#7786,#7787,#7788,#7789,
    #7790,#7791,#7792,#7793,#7794,#7795,#7796,#7797,#7798,#7799,#7800),
  .UNSPECIFIED.,.F.,.F.,(7,5,5,5,5,5,5,6,6,7),(0.,0.172643866076,
    0.423188898426,0.461458699209,0.523514644316,0.6015269687,
    0.634687340225,0.654712267848,0.827356133924,1.),.UNSPECIFIED.);
#7752 = CARTESIAN_POINT('',(-6.272318292888,-4.944811437093));
#7753 = CARTESIAN_POINT('',(-6.272549838306,-4.990778639312));
#7754 = CARTESIAN_POINT('',(-6.27278761466,-5.036746523081));
#7755 = CARTESIAN_POINT('',(-6.273032169334,-5.082715141955));
#7756 = CARTESIAN_POINT('',(-6.273284269151,-5.128684564969));
#7757 = CARTESIAN_POINT('',(-6.27354490037,-5.174654876637));
#7758 = CARTESIAN_POINT('',(-6.274207633856,-5.287340860701));
#7759 = CARTESIAN_POINT('',(-6.274620619333,-5.354057501581));
#7760 = CARTESIAN_POINT('',(-6.275057772756,-5.420776608897));
#7761 = CARTESIAN_POINT('',(-6.275525894562,-5.48749870406));
#7762 = CARTESIAN_POINT('',(-6.276031214209,-5.554224033035));
#7763 = CARTESIAN_POINT('',(-6.276682672021,-5.631146760478));
#7764 = CARTESIAN_POINT('',(-6.276770393175,-5.641339616875));
#7765 = CARTESIAN_POINT('',(-6.276859593487,-5.651532583431));
#7766 = CARTESIAN_POINT('',(-6.276950368328,-5.661725664409));
#7767 = CARTESIAN_POINT('',(-6.277042828139,-5.671918864349));
#7768 = CARTESIAN_POINT('',(-6.277289961308,-5.69864105219));
#7769 = CARTESIAN_POINT('',(-6.2774476157,-5.715170237972));
#7770 = CARTESIAN_POINT('',(-6.277610525356,-5.731699770362));
#7771 = CARTESIAN_POINT('',(-6.277779411433,-5.748229672456));
#7772 = CARTESIAN_POINT('',(-6.27795525249,-5.764759965492));
#7773 = CARTESIAN_POINT('',(-6.278370636448,-5.802071894415));
#7774 = CARTESIAN_POINT('',(-6.278615033622,-5.822853623032));
#7775 = CARTESIAN_POINT('',(-6.278874874183,-5.84363614262));
#7776 = CARTESIAN_POINT('',(-6.279155091262,-5.864419451117));
#7777 = CARTESIAN_POINT('',(-6.279459721215,-5.88520325212));
#7778 = CARTESIAN_POINT('',(-6.279955372553,-5.914821539582));
#7779 = CARTESIAN_POINT('',(-6.280110906096,-5.923655867542));
#7780 = CARTESIAN_POINT('',(-6.280276205358,-5.932490130381));
#7781 = CARTESIAN_POINT('',(-6.280452773637,-5.94132416817));
#7782 = CARTESIAN_POINT('',(-6.280644275392,-5.950157472086));
#7783 = CARTESIAN_POINT('',(-6.28098913532,-5.964322321602));
#7784 = CARTESIAN_POINT('',(-6.281128050376,-5.969654209892));
#7785 = CARTESIAN_POINT('',(-6.281276555266,-5.974985700391));
#7786 = CARTESIAN_POINT('',(-6.281441974063,-5.980315494935));
#7787 = CARTESIAN_POINT('',(-6.281622974339,-5.985642580759));
#7788 = CARTESIAN_POINT('',(-6.28184736564,-5.990960028332));
#7789 = CARTESIAN_POINT('',(-6.281942160893,-5.993329357488));
#7790 = CARTESIAN_POINT('',(-6.282060824379,-5.995680021766));
#7791 = CARTESIAN_POINT('',(-6.282180661614,-5.998037824889));
#7792 = CARTESIAN_POINT('',(-6.282305870941,-6.00040253796));
#7793 = CARTESIAN_POINT('',(-6.282467543527,-6.00274789947));
#7794 = CARTESIAN_POINT('',(-6.282723663364,-6.005021615291));
#7795 = CARTESIAN_POINT('',(-6.282771790927,-6.005468168083));
#7796 = CARTESIAN_POINT('',(-6.282825643912,-6.005806303453));
#7797 = CARTESIAN_POINT('',(-6.282883677626,-6.006181365177));
#7798 = CARTESIAN_POINT('',(-6.282952206773,-6.006611447009));
#7799 = CARTESIAN_POINT('',(-6.283045405457,-6.006987392683));
#7800 = CARTESIAN_POINT('',(-6.28318530718,-6.007072795913));
#7801 = ( GEOMETRIC_REPRESENTATION_CONTEXT(2) 
PARAMETRIC_REPRESENTATION_CONTEXT() REPRESENTATION_CONTEXT('2D SPACE',''
  ) );
#7802 = PCURVE('',#5388,#7803);
#7803 = DEFINITIONAL_REPRESENTATION('',(#7804),#7854);
#7804 = B_SPLINE_CURVE_WITH_KNOTS('',6,(#7805,#7806,#7807,#7808,#7809,
    #7810,#7811,#7812,#7813,#7814,#7815,#7816,#7817,#7818,#7819,#7820,
    #7821,#7822,#7823,#7824,#7825,#7826,#7827,#7828,#7829,#7830,#7831,
    #7832,#7833,#7834,#7835,#7836,#7837,#7838,#7839,#7840,#7841,#7842,
    #7843,#7844,#7845,#7846,#7847,#7848,#7849,#7850,#7851,#7852,#7853),
  .UNSPECIFIED.,.F.,.F.,(7,5,5,5,5,5,5,6,6,7),(0.,0.172643866076,
    0.423188898426,0.461458699209,0.523514644316,0.6015269687,
    0.634687340225,0.654712267848,0.827356133924,1.),.UNSPECIFIED.);
#7805 = CARTESIAN_POINT('',(2.1,13.913246783264));
#7806 = CARTESIAN_POINT('',(2.054143351339,13.913503364931));
#7807 = CARTESIAN_POINT('',(2.008288996178,13.913766851337));
#7808 = CARTESIAN_POINT('',(1.96243714232,13.914037849059));
#7809 = CARTESIAN_POINT('',(1.916588086861,13.914317207844));
#7810 = CARTESIAN_POINT('',(1.870742216189,13.914606020605));
#7811 = CARTESIAN_POINT('',(1.758372661002,13.915340414415));
#7812 = CARTESIAN_POINT('',(1.69185320435,13.91579805557));
#7813 = CARTESIAN_POINT('',(1.625342820603,13.916282478161));
#7814 = CARTESIAN_POINT('',(1.55884423532,13.916801218023));
#7815 = CARTESIAN_POINT('',(1.492360176883,13.917361178262));
#7816 = CARTESIAN_POINT('',(1.415748495538,13.918083079278));
#7817 = CARTESIAN_POINT('',(1.405597522629,13.918180285875));
#7818 = CARTESIAN_POINT('',(1.395447145807,13.918279131584));
#7819 = CARTESIAN_POINT('',(1.385297406346,13.918379722092));
#7820 = CARTESIAN_POINT('',(1.375148352436,13.918482179781));
#7821 = CARTESIAN_POINT('',(1.348544161265,13.918756036024));
#7822 = CARTESIAN_POINT('',(1.332090249462,13.918930737979));
#7823 = CARTESIAN_POINT('',(1.315638500254,13.919111263499));
#7824 = CARTESIAN_POINT('',(1.299189234873,13.919298411725));
#7825 = CARTESIAN_POINT('',(1.282742899311,13.919493267039));
#7826 = CARTESIAN_POINT('',(1.245629300611,13.919953567911));
#7827 = CARTESIAN_POINT('',(1.224964262491,13.920224392681));
#7828 = CARTESIAN_POINT('',(1.204305807076,13.920512330876));
#7829 = CARTESIAN_POINT('',(1.183656291826,13.920822849096));
#7830 = CARTESIAN_POINT('',(1.163017940362,13.921160420188));
#7831 = CARTESIAN_POINT('',(1.133636308215,13.921709669037));
#7832 = CARTESIAN_POINT('',(1.124876241825,13.92188202131));
#7833 = CARTESIAN_POINT('',(1.116120903344,13.922065195364));
#7834 = CARTESIAN_POINT('',(1.107371170477,13.922260857063));
#7835 = CARTESIAN_POINT('',(1.098629301694,13.922473067139));
#7836 = CARTESIAN_POINT('',(1.084629110325,13.92285521912));
#7837 = CARTESIAN_POINT('',(1.079363548963,13.923009156034));
#7838 = CARTESIAN_POINT('',(1.074102964202,13.923173719823));
#7839 = CARTESIAN_POINT('',(1.068852151197,13.923357026585));
#7840 = CARTESIAN_POINT('',(1.063611486524,13.923557599803));
#7841 = CARTESIAN_POINT('',(1.058401177804,13.923806256341));
#7842 = CARTESIAN_POINT('',(1.05607711,13.923911302559));
#7843 = CARTESIAN_POINT('',(1.053783103324,13.924042798116));
#7844 = CARTESIAN_POINT('',(1.051482518227,13.92417559435));
#7845 = CARTESIAN_POINT('',(1.049177588167,13.924314343613));
#7846 = CARTESIAN_POINT('',(1.046909419604,13.924493499264));
#7847 = CARTESIAN_POINT('',(1.044757992,13.924777315677));
#7848 = CARTESIAN_POINT('',(1.044334418427,13.92483064771));
#7849 = CARTESIAN_POINT('',(1.044021995968,13.924890324321));
#7850 = CARTESIAN_POINT('',(1.043674643306,13.92495463376));
#7851 = CARTESIAN_POINT('',(1.043277281738,13.925030573603));
#7852 = CARTESIAN_POINT('',(1.042945835173,13.925133850744));
#7853 = CARTESIAN_POINT('',(1.042927230134,13.925288881402));
#7854 = ( GEOMETRIC_REPRESENTATION_CONTEXT(2) 
PARAMETRIC_REPRESENTATION_CONTEXT() REPRESENTATION_CONTEXT('2D SPACE',''
  ) );
#7855 = ORIENTED_EDGE('',*,*,#3324,.T.);
#7856 = ORIENTED_EDGE('',*,*,#6811,.F.);
#7857 = ORIENTED_EDGE('',*,*,#6790,.F.);
#7858 = ORIENTED_EDGE('',*,*,#7859,.F.);
#7859 = EDGE_CURVE('',#3997,#6555,#7860,.T.);
#7860 = SURFACE_CURVE('',#7861,(#7926,#7994),.PCURVE_S1.);
#7861 = B_SPLINE_CURVE_WITH_KNOTS('',6,(#7862,#7863,#7864,#7865,#7866,
    #7867,#7868,#7869,#7870,#7871,#7872,#7873,#7874,#7875,#7876,#7877,
    #7878,#7879,#7880,#7881,#7882,#7883,#7884,#7885,#7886,#7887,#7888,
    #7889,#7890,#7891,#7892,#7893,#7894,#7895,#7896,#7897,#7898,#7899,
    #7900,#7901,#7902,#7903,#7904,#7905,#7906,#7907,#7908,#7909,#7910,
    #7911,#7912,#7913,#7914,#7915,#7916,#7917,#7918,#7919,#7920,#7921,
    #7922,#7923,#7924,#7925),.UNSPECIFIED.,.F.,.F.,(7,5,5,5,5,5,5,5,5,5,
    6,6,7),(0.,0.188739767304,0.259224457625,0.302026969884,
    0.405292748566,0.441831031694,0.46829813904,0.487208679122,
    0.564189999829,0.600888365256,0.622520465393,0.811260232696,1.),
  .UNSPECIFIED.);
#7862 = CARTESIAN_POINT('',(5.199687178733,-5.703720996017E-02,
    43.944762784517));
#7863 = CARTESIAN_POINT('',(5.199702451009,-5.564494236755E-02,
    43.997399662966));
#7864 = CARTESIAN_POINT('',(5.19971774447,-5.420998600834E-02,
    44.050037434375));
#7865 = CARTESIAN_POINT('',(5.199733060111,-5.272742430518E-02,
    44.102676192931));
#7866 = CARTESIAN_POINT('',(5.199748398979,-5.119152448898E-02,
    44.155316035156));
#7867 = CARTESIAN_POINT('',(5.19976376232,-4.959439809586E-02,
    44.207957086317));
#7868 = CARTESIAN_POINT('',(5.199784898898,-4.730109987396E-02,
    44.280258797221));
#7869 = CARTESIAN_POINT('',(5.199790649698,-4.666740089905E-02,
    44.299918261032));
#7870 = CARTESIAN_POINT('',(5.199796404213,-4.602298020285E-02,
    44.319577927267));
#7871 = CARTESIAN_POINT('',(5.199802162529,-4.536714683957E-02,
    44.339237806107));
#7872 = CARTESIAN_POINT('',(5.199807924739,-4.469910325416E-02,
    44.358897908911));
#7873 = CARTESIAN_POINT('',(5.199817192523,-4.360430549312E-02,
    44.390497180073));
#7874 = CARTESIAN_POINT('',(5.199820695567,-4.318582725375E-02,
    44.402436199136));
#7875 = CARTESIAN_POINT('',(5.199824200114,-4.276230402775E-02,
    44.414375308272));
#7876 = CARTESIAN_POINT('',(5.199827706193,-4.233350644144E-02,
    44.426314510557));
#7877 = CARTESIAN_POINT('',(5.199831213823,-4.18991822839E-02,
    44.438253809277));
#7878 = CARTESIAN_POINT('',(5.199843189315,-4.039720455765E-02,
    44.478998323181));
#7879 = CARTESIAN_POINT('',(5.199851664728,-3.930160078246E-02,
    44.507804014937));
#7880 = CARTESIAN_POINT('',(5.199860149724,-3.816816361484E-02,
    44.536610344007));
#7881 = CARTESIAN_POINT('',(5.199868644662,-3.699216077912E-02,
    44.565417364176));
#7882 = CARTESIAN_POINT('',(5.199877149963,-3.576694887793E-02,
    44.594225141579));
#7883 = CARTESIAN_POINT('',(5.199888679604,-3.402831486777E-02,
    44.63322706352));
#7884 = CARTESIAN_POINT('',(5.199891694297,-3.356651833166E-02,
    44.643420459514));
#7885 = CARTESIAN_POINT('',(5.199894710393,-3.309689459734E-02,
    44.653613966025));
#7886 = CARTESIAN_POINT('',(5.199897727917,-3.261893570302E-02,
    44.663807587271));
#7887 = CARTESIAN_POINT('',(5.199900746896,-3.21320544991E-02,
    44.674001327733));
#7888 = CARTESIAN_POINT('',(5.19990595528,-3.127595853243E-02,
    44.691579285786));
#7889 = CARTESIAN_POINT('',(5.19990814397,-3.09112983465E-02,
    44.698963444391));
#7890 = CARTESIAN_POINT('',(5.199910333457,-3.054134729324E-02,
    44.706347669829));
#7891 = CARTESIAN_POINT('',(5.199912523758,-3.016581219158E-02,
    44.713731963968));
#7892 = CARTESIAN_POINT('',(5.19991471488,-2.978436347656E-02,
    44.721116328683));
#7893 = CARTESIAN_POINT('',(5.199918472945,-2.911960639397E-02,
    44.733776888152));
#7894 = CARTESIAN_POINT('',(5.199920039482,-2.883937088446E-02,
    44.739053047406));
#7895 = CARTESIAN_POINT('',(5.199921606451,-2.855579142812E-02,
    44.744329244361));
#7896 = CARTESIAN_POINT('',(5.19992317386,-2.826871628042E-02,
    44.749605479716));
#7897 = CARTESIAN_POINT('',(5.199924741711,-2.797797919493E-02,
    44.75488175413));
#7898 = CARTESIAN_POINT('',(5.199932694198,-2.648421950699E-02,
    44.78163696969));
#7899 = CARTESIAN_POINT('',(5.199939085669,-2.522119614422E-02,
    44.803116429932));
#7900 = CARTESIAN_POINT('',(5.1999454849,-2.388279272795E-02,
    44.824596666951));
#7901 = CARTESIAN_POINT('',(5.19995189207,-2.244786212273E-02,
    44.846077703204));
#7902 = CARTESIAN_POINT('',(5.199958307659,-2.089583421386E-02,
    44.867559345824));
#7903 = CARTESIAN_POINT('',(5.199967793896,-1.832010440215E-02,
    44.899282201803));
#7904 = CARTESIAN_POINT('',(5.199970858136,-1.744560979224E-02,
    44.90952299287));
#7905 = CARTESIAN_POINT('',(5.199973924161,-1.651670937656E-02,
    44.919763829381));
#7906 = CARTESIAN_POINT('',(5.199976991979,-1.552495459816E-02,
    44.930004568699));
#7907 = CARTESIAN_POINT('',(5.199980061301,-1.445010848472E-02,
    44.940244752581));
#7908 = CARTESIAN_POINT('',(5.199984940682,-1.253503351211E-02,
    44.956518848384));
#7909 = CARTESIAN_POINT('',(5.19998675029,-1.177759718151E-02,
    44.962553121916));
#7910 = CARTESIAN_POINT('',(5.199988559861,-1.096822264488E-02,
    44.968587007974));
#7911 = CARTESIAN_POINT('',(5.199990368933,-1.007508229636E-02,
    44.974619564555));
#7912 = CARTESIAN_POINT('',(5.199992176882,-9.097072450247E-03,
    44.980649760039));
#7913 = CARTESIAN_POINT('',(5.199993979744,-7.912687717564E-03,
    44.986672543607));
#7914 = CARTESIAN_POINT('',(5.199994846405,-7.362535404701E-03,
    44.989566051799));
#7915 = CARTESIAN_POINT('',(5.199995707286,-6.706209923732E-03,
    44.992447990919));
#7916 = CARTESIAN_POINT('',(5.199996569466,-6.030159561088E-03,
    44.995333802634));
#7917 = CARTESIAN_POINT('',(5.199997431866,-5.306862529739E-03,
    44.998221982295));
#7918 = CARTESIAN_POINT('',(5.199998285246,-4.394826969201E-03,
    45.001094078939));
#7919 = CARTESIAN_POINT('',(5.199999112208,-3.03859094553E-03,
    45.003914695285));
#7920 = CARTESIAN_POINT('',(5.199999690176,-2.059074664554E-03,
    45.005888342072));
#7921 = CARTESIAN_POINT('',(5.199999877425,-1.311585681021E-03,
    45.006564604443));
#7922 = CARTESIAN_POINT('',(5.199999952539,-8.875893870571E-04,
    45.006845794285));
#7923 = CARTESIAN_POINT('',(5.199999995617,-5.223367396438E-04,
    45.007018220178));
#7924 = CARTESIAN_POINT('',(5.200000002667,-7.353192117349E-05,
    45.007081592817));
#7925 = CARTESIAN_POINT('',(5.2,-1.200428645376E-15,45.00707843044));
#7926 = PCURVE('',#1537,#7927);
#7927 = DEFINITIONAL_REPRESENTATION('',(#7928),#7993);
#7928 = B_SPLINE_CURVE_WITH_KNOTS('',6,(#7929,#7930,#7931,#7932,#7933,
    #7934,#7935,#7936,#7937,#7938,#7939,#7940,#7941,#7942,#7943,#7944,
    #7945,#7946,#7947,#7948,#7949,#7950,#7951,#7952,#7953,#7954,#7955,
    #7956,#7957,#7958,#7959,#7960,#7961,#7962,#7963,#7964,#7965,#7966,
    #7967,#7968,#7969,#7970,#7971,#7972,#7973,#7974,#7975,#7976,#7977,
    #7978,#7979,#7980,#7981,#7982,#7983,#7984,#7985,#7986,#7987,#7988,
    #7989,#7990,#7991,#7992),.UNSPECIFIED.,.F.,.F.,(7,5,5,5,5,5,5,5,5,5,
    6,6,7),(0.,0.188739767304,0.259224457625,0.302026969884,
    0.405292748566,0.441831031694,0.46829813904,0.487208679122,
    0.564189999829,0.600888365256,0.622520465393,0.811260232696,1.),
  .UNSPECIFIED.);
#7929 = CARTESIAN_POINT('',(-6.272216393,-1.944762784517));
#7930 = CARTESIAN_POINT('',(-6.272484152876,-1.997399662966));
#7931 = CARTESIAN_POINT('',(-6.27276012168,-2.050037434375));
#7932 = CARTESIAN_POINT('',(-6.27304524489,-2.102676192931));
#7933 = CARTESIAN_POINT('',(-6.27334062494,-2.155316035156));
#7934 = CARTESIAN_POINT('',(-6.273647778816,-2.207957086317));
#7935 = CARTESIAN_POINT('',(-6.274088816436,-2.280258797221));
#7936 = CARTESIAN_POINT('',(-6.27421068664,-2.299918261032));
#7937 = CARTESIAN_POINT('',(-6.274334618636,-2.319577927267));
#7938 = CARTESIAN_POINT('',(-6.274460745296,-2.339237806107));
#7939 = CARTESIAN_POINT('',(-6.274589219993,-2.358897908911));
#7940 = CARTESIAN_POINT('',(-6.274799765568,-2.390497180073));
#7941 = CARTESIAN_POINT('',(-6.274880244971,-2.402436199136));
#7942 = CARTESIAN_POINT('',(-6.274961694533,-2.414375308272));
#7943 = CARTESIAN_POINT('',(-6.275044158364,-2.426314510557));
#7944 = CARTESIAN_POINT('',(-6.275127684963,-2.438253809277));
#7945 = CARTESIAN_POINT('',(-6.275416536015,-2.478998323181));
#7946 = CARTESIAN_POINT('',(-6.275627235346,-2.507804014937));
#7947 = CARTESIAN_POINT('',(-6.27584521013,-2.536610344007));
#7948 = CARTESIAN_POINT('',(-6.276071370409,-2.565417364176));
#7949 = CARTESIAN_POINT('',(-6.276306993748,-2.594225141579));
#7950 = CARTESIAN_POINT('',(-6.276641353794,-2.63322706352));
#7951 = CARTESIAN_POINT('',(-6.276730162712,-2.643420459514));
#7952 = CARTESIAN_POINT('',(-6.27682047683,-2.653613966025));
#7953 = CARTESIAN_POINT('',(-6.276912393833,-2.663807587271));
#7954 = CARTESIAN_POINT('',(-6.277006026633,-2.674001327733));
#7955 = CARTESIAN_POINT('',(-6.27717066352,-2.691579285786));
#7956 = CARTESIAN_POINT('',(-6.277240791742,-2.698963444391));
#7957 = CARTESIAN_POINT('',(-6.27731193742,-2.706347669829));
#7958 = CARTESIAN_POINT('',(-6.277384156937,-2.713731963968));
#7959 = CARTESIAN_POINT('',(-6.277457513669,-2.721116328683));
#7960 = CARTESIAN_POINT('',(-6.277585353612,-2.733776888152));
#7961 = CARTESIAN_POINT('',(-6.277639245899,-2.739053047406));
#7962 = CARTESIAN_POINT('',(-6.277693781242,-2.744329244361));
#7963 = CARTESIAN_POINT('',(-6.277748988824,-2.749605479716));
#7964 = CARTESIAN_POINT('',(-6.277804900614,-2.75488175413));
#7965 = CARTESIAN_POINT('',(-6.278092166164,-2.78163696969));
#7966 = CARTESIAN_POINT('',(-6.278335058374,-2.803116429932));
#7967 = CARTESIAN_POINT('',(-6.278592446571,-2.824596666951));
#7968 = CARTESIAN_POINT('',(-6.278868397495,-2.846077703204));
#7969 = CARTESIAN_POINT('',(-6.279166866921,-2.867559345824));
#7970 = CARTESIAN_POINT('',(-6.279662202937,-2.899282201803));
#7971 = CARTESIAN_POINT('',(-6.279830376006,-2.90952299287));
#7972 = CARTESIAN_POINT('',(-6.28000901167,-2.919763829381));
#7973 = CARTESIAN_POINT('',(-6.280199734648,-2.930004568699));
#7974 = CARTESIAN_POINT('',(-6.280406436657,-2.940244752581));
#7975 = CARTESIAN_POINT('',(-6.280774721501,-2.956518848384));
#7976 = CARTESIAN_POINT('',(-6.280920382748,-2.962553121916));
#7977 = CARTESIAN_POINT('',(-6.281076032082,-2.968587007974));
#7978 = CARTESIAN_POINT('',(-6.28124779019,-2.974619564555));
#7979 = CARTESIAN_POINT('',(-6.281435869319,-2.980649760039));
#7980 = CARTESIAN_POINT('',(-6.281663635877,-2.986672543607));
#7981 = CARTESIAN_POINT('',(-6.281769434526,-2.989566051799));
#7982 = CARTESIAN_POINT('',(-6.281895651079,-2.992447990919));
#7983 = CARTESIAN_POINT('',(-6.282025660868,-2.995333802634));
#7984 = CARTESIAN_POINT('',(-6.282164756541,-2.998221982295));
#7985 = CARTESIAN_POINT('',(-6.282340148067,-3.001094078939));
#7986 = CARTESIAN_POINT('',(-6.282600962734,-3.003914695285));
#7987 = CARTESIAN_POINT('',(-6.282789331281,-3.005888342072));
#7988 = CARTESIAN_POINT('',(-6.282933079163,-3.006564604443));
#7989 = CARTESIAN_POINT('',(-6.283014616912,-3.006845794285));
#7990 = CARTESIAN_POINT('',(-6.283084857808,-3.007018220178));
#7991 = CARTESIAN_POINT('',(-6.283171166425,-3.007081592817));
#7992 = CARTESIAN_POINT('',(-6.28318530718,-3.00707843044));
#7993 = ( GEOMETRIC_REPRESENTATION_CONTEXT(2) 
PARAMETRIC_REPRESENTATION_CONTEXT() REPRESENTATION_CONTEXT('2D SPACE',''
  ) );
#7994 = PCURVE('',#4869,#7995);
#7995 = DEFINITIONAL_REPRESENTATION('',(#7996),#8061);
#7996 = B_SPLINE_CURVE_WITH_KNOTS('',6,(#7997,#7998,#7999,#8000,#8001,
    #8002,#8003,#8004,#8005,#8006,#8007,#8008,#8009,#8010,#8011,#8012,
    #8013,#8014,#8015,#8016,#8017,#8018,#8019,#8020,#8021,#8022,#8023,
    #8024,#8025,#8026,#8027,#8028,#8029,#8030,#8031,#8032,#8033,#8034,
    #8035,#8036,#8037,#8038,#8039,#8040,#8041,#8042,#8043,#8044,#8045,
    #8046,#8047,#8048,#8049,#8050,#8051,#8052,#8053,#8054,#8055,#8056,
    #8057,#8058,#8059,#8060),.UNSPECIFIED.,.F.,.F.,(7,5,5,5,5,5,5,5,5,5,
    6,6,7),(0.,0.188739767304,0.259224457625,0.302026969884,
    0.405292748566,0.441831031694,0.46829813904,0.487208679122,
    0.564189999829,0.600888365256,0.622520465393,0.811260232696,1.),
  .UNSPECIFIED.);
#7997 = CARTESIAN_POINT('',(2.1,6.950489424826));
#7998 = CARTESIAN_POINT('',(2.047490966032,6.95078613667));
#7999 = CARTESIAN_POINT('',(1.994984958575,6.951091945143));
#8000 = CARTESIAN_POINT('',(1.942482334876,6.951407897964));
#8001 = CARTESIAN_POINT('',(1.889983524785,6.951735216784));
#8002 = CARTESIAN_POINT('',(1.837489127343,6.952075582636));
#8003 = CARTESIAN_POINT('',(1.765397994391,6.952564309033));
#8004 = CARTESIAN_POINT('',(1.745796718772,6.952699356911));
#8005 = CARTESIAN_POINT('',(1.726196225162,6.952836689539));
#8006 = CARTESIAN_POINT('',(1.706596566822,6.95297645416));
#8007 = CARTESIAN_POINT('',(1.686997805622,6.953118820733));
#8008 = CARTESIAN_POINT('',(1.655499061691,6.953352132486));
#8009 = CARTESIAN_POINT('',(1.643598468381,6.953441314092));
#8010 = CARTESIAN_POINT('',(1.631698248214,6.953531570769));
#8011 = CARTESIAN_POINT('',(1.619798419177,6.953622951395));
#8012 = CARTESIAN_POINT('',(1.607899001139,6.953715509718));
#8013 = CARTESIAN_POINT('',(1.567292402321,6.954035594241));
#8014 = CARTESIAN_POINT('',(1.538587311286,6.954269076554));
#8015 = CARTESIAN_POINT('',(1.509885056708,6.954510621079));
#8016 = CARTESIAN_POINT('',(1.481186019317,6.954761236272));
#8017 = CARTESIAN_POINT('',(1.452490742971,6.955022337852));
#8018 = CARTESIAN_POINT('',(1.413648465109,6.955392852782));
#8019 = CARTESIAN_POINT('',(1.403497471965,6.955491264761));
#8020 = CARTESIAN_POINT('',(1.393347086987,6.955591344711));
#8021 = CARTESIAN_POINT('',(1.383197352594,6.95569320088));
#8022 = CARTESIAN_POINT('',(1.373048318218,6.955796958392));
#8023 = CARTESIAN_POINT('',(1.355548968,6.955979397834));
#8024 = CARTESIAN_POINT('',(1.34819829295,6.956057109184));
#8025 = CARTESIAN_POINT('',(1.340848036867,6.956135948019));
#8026 = CARTESIAN_POINT('',(1.333498224803,6.956215976815));
#8027 = CARTESIAN_POINT('',(1.326148885143,6.956297265805));
#8028 = CARTESIAN_POINT('',(1.3135493644,6.956438929433));
#8029 = CARTESIAN_POINT('',(1.308298936672,6.956498649245));
#8030 = CARTESIAN_POINT('',(1.30304877828,6.956559081653));
#8031 = CARTESIAN_POINT('',(1.297798902457,6.956620258996));
#8032 = CARTESIAN_POINT('',(1.292549323811,6.9566822167));
#8033 = CARTESIAN_POINT('',(1.265931266709,6.957000545177));
#8034 = CARTESIAN_POINT('',(1.244567778364,6.957269702164));
#8035 = CARTESIAN_POINT('',(1.223210434568,6.957554922724));
#8036 = CARTESIAN_POINT('',(1.20186115459,6.957860713377));
#8037 = CARTESIAN_POINT('',(1.180522020041,6.95819145767));
#8038 = CARTESIAN_POINT('',(1.14903566874,6.958740356914));
#8039 = CARTESIAN_POINT('',(1.138875174127,6.958926715437));
#8040 = CARTESIAN_POINT('',(1.128719629594,6.959124667977));
#8041 = CARTESIAN_POINT('',(1.118569953522,6.959336014948));
#8042 = CARTESIAN_POINT('',(1.108428462318,6.959565068918));
#8043 = CARTESIAN_POINT('',(1.092330209166,6.959973178809));
#8044 = CARTESIAN_POINT('',(1.086365483608,6.960134591388));
#8045 = CARTESIAN_POINT('',(1.080405914485,6.960307072161));
#8046 = CARTESIAN_POINT('',(1.074455366219,6.960497403709));
#8047 = CARTESIAN_POINT('',(1.068514971766,6.960705821226));
#8048 = CARTESIAN_POINT('',(1.062600938592,6.960958217963));
#8049 = CARTESIAN_POINT('',(1.059757945472,6.96107545744));
#8050 = CARTESIAN_POINT('',(1.056936270262,6.961215322809));
#8051 = CARTESIAN_POINT('',(1.054112533594,6.961359391613));
#8052 = CARTESIAN_POINT('',(1.051290767172,6.961513528846));
#8053 = CARTESIAN_POINT('',(1.048502413771,6.961707886958));
#8054 = CARTESIAN_POINT('',(1.04580632724,6.961996905855));
#8055 = CARTESIAN_POINT('',(1.043922619801,6.962205644388));
#8056 = CARTESIAN_POINT('',(1.043314992008,6.962364937083));
#8057 = CARTESIAN_POINT('',(1.043072733588,6.962455292285));
#8058 = CARTESIAN_POINT('',(1.042933845268,6.962533129004));
#8059 = CARTESIAN_POINT('',(1.042911681981,6.962628771012));
#8060 = CARTESIAN_POINT('',(1.042921596075,6.962644440944));
#8061 = ( GEOMETRIC_REPRESENTATION_CONTEXT(2) 
PARAMETRIC_REPRESENTATION_CONTEXT() REPRESENTATION_CONTEXT('2D SPACE',''
  ) );
#8062 = ORIENTED_EDGE('',*,*,#3996,.T.);
#8063 = ORIENTED_EDGE('',*,*,#6532,.F.);
#8064 = FACE_BOUND('',#8065,.F.);
#8065 = EDGE_LOOP('',(#8066,#8102,#8103,#8139));
#8066 = ORIENTED_EDGE('',*,*,#8067,.F.);
#8067 = EDGE_CURVE('',#2493,#5991,#8068,.T.);
#8068 = SURFACE_CURVE('',#8069,(#8078,#8090),.PCURVE_S1.);
#8069 = B_SPLINE_CURVE_WITH_KNOTS('',4,(#8070,#8071,#8072,#8073,#8074,
    #8075,#8076,#8077),.UNSPECIFIED.,.F.,.F.,(5,3,5),(0.,0.403999999911,
    1.),.UNSPECIFIED.);
#8070 = CARTESIAN_POINT('',(4.062859518072,3.245484946262,
    50.271820206632));
#8071 = CARTESIAN_POINT('',(4.062669505129,3.245722813917,
    50.483948161793));
#8072 = CARTESIAN_POINT('',(4.062479473583,3.245960666783,
    50.696076116956));
#8073 = CARTESIAN_POINT('',(4.062289423303,3.246198505022,
    50.908204072127));
#8074 = CARTESIAN_POINT('',(4.061818955431,3.246787177353,
    51.433273268231));
#8075 = CARTESIAN_POINT('',(4.061538515738,3.247137994317,
    51.746214509177));
#8076 = CARTESIAN_POINT('',(4.061258035034,3.247488779749,
    52.059155750151));
#8077 = CARTESIAN_POINT('',(4.060977513042,3.247839533993,
    52.372096991169));
#8078 = PCURVE('',#1537,#8079);
#8079 = DEFINITIONAL_REPRESENTATION('',(#8080),#8089);
#8080 = B_SPLINE_CURVE_WITH_KNOTS('',4,(#8081,#8082,#8083,#8084,#8085,
    #8086,#8087,#8088),.UNSPECIFIED.,.F.,.F.,(5,3,5),(0.,0.403999999911,
    1.),.UNSPECIFIED.);
#8081 = CARTESIAN_POINT('',(-0.674019739508,-8.271820206632));
#8082 = CARTESIAN_POINT('',(-0.674078286365,-8.483948161793));
#8083 = CARTESIAN_POINT('',(-0.674136833233,-8.696076116956));
#8084 = CARTESIAN_POINT('',(-0.674195380152,-8.908204072127));
#8085 = CARTESIAN_POINT('',(-0.674340298402,-9.433273268231));
#8086 = CARTESIAN_POINT('',(-0.674426669814,-9.746214509177));
#8087 = CARTESIAN_POINT('',(-0.674513041414,-10.05915575015));
#8088 = CARTESIAN_POINT('',(-0.674599413289,-10.37209699116));
#8089 = ( GEOMETRIC_REPRESENTATION_CONTEXT(2) 
PARAMETRIC_REPRESENTATION_CONTEXT() REPRESENTATION_CONTEXT('2D SPACE',''
  ) );
#8090 = PCURVE('',#6041,#8091);
#8091 = DEFINITIONAL_REPRESENTATION('',(#8092),#8101);
#8092 = B_SPLINE_CURVE_WITH_KNOTS('',4,(#8093,#8094,#8095,#8096,#8097,
    #8098,#8099,#8100),.UNSPECIFIED.,.F.,.F.,(5,3,5),(0.,0.403999999911,
    1.),.UNSPECIFIED.);
#8093 = CARTESIAN_POINT('',(2.1,21.634839820821));
#8094 = CARTESIAN_POINT('',(1.887899999985,21.634904701404));
#8095 = CARTESIAN_POINT('',(1.675799999974,21.634969581998));
#8096 = CARTESIAN_POINT('',(1.463699999978,21.635034462649));
#8097 = CARTESIAN_POINT('',(0.938699999916,21.635195058464));
#8098 = CARTESIAN_POINT('',(0.625799999875,21.635290773717));
#8099 = CARTESIAN_POINT('',(0.312899999893,21.635386489178));
#8100 = CARTESIAN_POINT('',(0.,21.635482204941));
#8101 = ( GEOMETRIC_REPRESENTATION_CONTEXT(2) 
PARAMETRIC_REPRESENTATION_CONTEXT() REPRESENTATION_CONTEXT('2D SPACE',''
  ) );
#8102 = ORIENTED_EDGE('',*,*,#2492,.F.);
#8103 = ORIENTED_EDGE('',*,*,#8104,.T.);
#8104 = EDGE_CURVE('',#2359,#6125,#8105,.T.);
#8105 = SURFACE_CURVE('',#8106,(#8115,#8127),.PCURVE_S1.);
#8106 = B_SPLINE_CURVE_WITH_KNOTS('',4,(#8107,#8108,#8109,#8110,#8111,
    #8112,#8113,#8114),.UNSPECIFIED.,.F.,.F.,(5,3,5),(0.,0.414000005783,
    1.),.UNSPECIFIED.);
#8107 = CARTESIAN_POINT('',(0.879726820274,5.12504446046,50.618833457679
    ));
#8108 = CARTESIAN_POINT('',(0.880143833015,5.12497287917,50.836144605621
    ));
#8109 = CARTESIAN_POINT('',(0.880560861026,5.124901248684,
    51.053455752832));
#8110 = CARTESIAN_POINT('',(0.880977904556,5.124829568948,
    51.270766899302));
#8111 = CARTESIAN_POINT('',(0.881985293331,5.124656310539,
    51.795673041083));
#8112 = CARTESIAN_POINT('',(0.882575654031,5.12455468245,52.103268035654
    ));
#8113 = CARTESIAN_POINT('',(0.883166046301,5.124452955549,
    52.410863028726));
#8114 = CARTESIAN_POINT('',(0.883756469837,5.124351129853,
    52.718458020308));
#8115 = PCURVE('',#1537,#8116);
#8116 = DEFINITIONAL_REPRESENTATION('',(#8117),#8126);
#8117 = B_SPLINE_CURVE_WITH_KNOTS('',4,(#8118,#8119,#8120,#8121,#8122,
    #8123,#8124,#8125),.UNSPECIFIED.,.F.,.F.,(5,3,5),(0.,0.414000005783,
    1.),.UNSPECIFIED.);
#8118 = CARTESIAN_POINT('',(-1.40080050137,-8.618833457679));
#8119 = CARTESIAN_POINT('',(-1.400719133736,-8.836144605621));
#8120 = CARTESIAN_POINT('',(-1.400637761607,-9.053455752832));
#8121 = CARTESIAN_POINT('',(-1.400556384934,-9.270766899302));
#8122 = CARTESIAN_POINT('',(-1.400359811982,-9.795673041083));
#8123 = CARTESIAN_POINT('',(-1.400244611164,-10.10326803565));
#8124 = CARTESIAN_POINT('',(-1.400129401138,-10.41086302872));
#8125 = CARTESIAN_POINT('',(-1.400014181958,-10.7184580203));
#8126 = ( GEOMETRIC_REPRESENTATION_CONTEXT(2) 
PARAMETRIC_REPRESENTATION_CONTEXT() REPRESENTATION_CONTEXT('2D SPACE',''
  ) );
#8127 = PCURVE('',#2409,#8128);
#8128 = DEFINITIONAL_REPRESENTATION('',(#8129),#8138);
#8129 = B_SPLINE_CURVE_WITH_KNOTS('',4,(#8130,#8131,#8132,#8133,#8134,
    #8135,#8136,#8137),.UNSPECIFIED.,.F.,.F.,(5,3,5),(0.,0.414000005783,
    1.),.UNSPECIFIED.);
#8130 = CARTESIAN_POINT('',(2.1,22.440216445458));
#8131 = CARTESIAN_POINT('',(1.882650002132,22.440126279385));
#8132 = CARTESIAN_POINT('',(1.66530000285,22.440036108332));
#8133 = CARTESIAN_POINT('',(1.447950002137,22.439945932243));
#8134 = CARTESIAN_POINT('',(0.922950004309,22.439728103482));
#8135 = CARTESIAN_POINT('',(0.615300005764,22.439600445781));
#8136 = CARTESIAN_POINT('',(0.307650004322,22.439472777875));
#8137 = CARTESIAN_POINT('',(0.,22.439345099827));
#8138 = ( GEOMETRIC_REPRESENTATION_CONTEXT(2) 
PARAMETRIC_REPRESENTATION_CONTEXT() REPRESENTATION_CONTEXT('2D SPACE',''
  ) );
#8139 = ORIENTED_EDGE('',*,*,#6124,.F.);
#8140 = FACE_BOUND('',#8141,.F.);
#8141 = EDGE_LOOP('',(#8142,#8187,#8188,#8224));
#8142 = ORIENTED_EDGE('',*,*,#8143,.F.);
#8143 = EDGE_CURVE('',#2298,#6163,#8144,.T.);
#8144 = SURFACE_CURVE('',#8145,(#8157,#8172),.PCURVE_S1.);
#8145 = B_SPLINE_CURVE_WITH_KNOTS('',4,(#8146,#8147,#8148,#8149,#8150,
    #8151,#8152,#8153,#8154,#8155,#8156),.UNSPECIFIED.,.F.,.F.,(5,3,3,5)
  ,(0.,0.405999924401,0.783999946818,1.),.UNSPECIFIED.);
#8146 = CARTESIAN_POINT('',(-3.344816518772,3.981482444486,
    51.033610955219));
#8147 = CARTESIAN_POINT('',(-3.34527220663,3.981099624193,
    51.246815627609));
#8148 = CARTESIAN_POINT('',(-3.345728057096,3.980716548678,
    51.460020308542));
#8149 = CARTESIAN_POINT('',(-3.346184070682,3.980333217251,
    51.673224998043));
#8150 = CARTESIAN_POINT('',(-3.347064964752,3.979592495427,
    52.084930670683));
#8151 = CARTESIAN_POINT('',(-3.347489823483,3.979235139171,
    52.28343165268));
#8152 = CARTESIAN_POINT('',(-3.347914824329,3.978877560043,
    52.48193264214));
#8153 = CARTESIAN_POINT('',(-3.34858290707,3.978315298629,
    52.793862801406));
#8154 = CARTESIAN_POINT('',(-3.348825892849,3.978110766924,
    52.907291966166));
#8155 = CARTESIAN_POINT('',(-3.349068925329,3.977906162087,
    53.020721133377));
#8156 = CARTESIAN_POINT('',(-3.349312004487,3.977701484099,
    53.134150303039));
#8157 = PCURVE('',#1537,#8158);
#8158 = DEFINITIONAL_REPRESENTATION('',(#8159),#8171);
#8159 = B_SPLINE_CURVE_WITH_KNOTS('',4,(#8160,#8161,#8162,#8163,#8164,
    #8165,#8166,#8167,#8168,#8169,#8170),.UNSPECIFIED.,.F.,.F.,(5,3,3,5)
  ,(0.,0.405999924401,0.783999946818,1.),.UNSPECIFIED.);
#8160 = CARTESIAN_POINT('',(-2.269510820694,-9.033610955219));
#8161 = CARTESIAN_POINT('',(-2.269625272501,-9.246815627609));
#8162 = CARTESIAN_POINT('',(-2.269739779821,-9.460020308542));
#8163 = CARTESIAN_POINT('',(-2.26985434282,-9.673224998043));
#8164 = CARTESIAN_POINT('',(-2.270075675789,-10.08493067068));
#8165 = CARTESIAN_POINT('',(-2.270182438333,-10.28343165268));
#8166 = CARTESIAN_POINT('',(-2.270289249381,-10.48193264214));
#8167 = CARTESIAN_POINT('',(-2.27045717182,-10.7938628014));
#8168 = CARTESIAN_POINT('',(-2.270518250422,-10.90729196616));
#8169 = CARTESIAN_POINT('',(-2.270579344953,-11.02072113337));
#8170 = CARTESIAN_POINT('',(-2.27064045541,-11.13415030303));
#8171 = ( GEOMETRIC_REPRESENTATION_CONTEXT(2) 
PARAMETRIC_REPRESENTATION_CONTEXT() REPRESENTATION_CONTEXT('2D SPACE',''
  ) );
#8172 = PCURVE('',#2409,#8173);
#8173 = DEFINITIONAL_REPRESENTATION('',(#8174),#8186);
#8174 = B_SPLINE_CURVE_WITH_KNOTS('',4,(#8175,#8176,#8177,#8178,#8179,
    #8180,#8181,#8182,#8183,#8184,#8185),.UNSPECIFIED.,.F.,.F.,(5,3,3,5)
  ,(0.,0.405999924401,0.783999946818,1.),.UNSPECIFIED.);
#8175 = CARTESIAN_POINT('',(2.1,23.402865859845));
#8176 = CARTESIAN_POINT('',(1.886849973003,23.402992685327));
#8177 = CARTESIAN_POINT('',(1.673699963968,23.403119572323));
#8178 = CARTESIAN_POINT('',(1.460549972949,23.403246521017));
#8179 = CARTESIAN_POINT('',(1.048949976465,23.403491782853));
#8180 = CARTESIAN_POINT('',(0.850499968596,23.403610087765));
#8181 = CARTESIAN_POINT('',(0.652049976423,23.403728446425));
#8182 = CARTESIAN_POINT('',(0.340199992279,23.403914523381));
#8183 = CARTESIAN_POINT('',(0.226799989699,23.403982205345));
#8184 = CARTESIAN_POINT('',(0.113399992272,23.404049904959));
#8185 = CARTESIAN_POINT('',(0.,23.404117622221));
#8186 = ( GEOMETRIC_REPRESENTATION_CONTEXT(2) 
PARAMETRIC_REPRESENTATION_CONTEXT() REPRESENTATION_CONTEXT('2D SPACE',''
  ) );
#8187 = ORIENTED_EDGE('',*,*,#2297,.T.);
#8188 = ORIENTED_EDGE('',*,*,#8189,.T.);
#8189 = EDGE_CURVE('',#2241,#6220,#8190,.T.);
#8190 = SURFACE_CURVE('',#8191,(#8200,#8212),.PCURVE_S1.);
#8191 = B_SPLINE_CURVE_WITH_KNOTS('',4,(#8192,#8193,#8194,#8195,#8196,
    #8197,#8198,#8199),.UNSPECIFIED.,.F.,.F.,(5,3,5),(0.,0.434000026186,
    1.),.UNSPECIFIED.);
#8192 = CARTESIAN_POINT('',(-3.344563429474,-3.981695049376,
    51.866419448182));
#8193 = CARTESIAN_POINT('',(-3.345105775428,-3.981239487003,
    52.094204403443));
#8194 = CARTESIAN_POINT('',(-3.345648127825,-3.980783751224,
    52.321989355008));
#8195 = CARTESIAN_POINT('',(-3.346190485709,-3.980327842719,
    52.549774302913));
#8196 = CARTESIAN_POINT('',(-3.347440174001,-3.979276961406,
    53.074624373054));
#8197 = CARTESIAN_POINT('',(-3.348147508667,-3.978681867117,
    53.371689492705));
#8198 = CARTESIAN_POINT('',(-3.348854855414,-3.978086476256,
    53.668754606002));
#8199 = CARTESIAN_POINT('',(-3.349562214583,-3.977490788253,
    53.965819712925));
#8200 = PCURVE('',#1537,#8201);
#8201 = DEFINITIONAL_REPRESENTATION('',(#8202),#8211);
#8202 = B_SPLINE_CURVE_WITH_KNOTS('',4,(#8203,#8204,#8205,#8206,#8207,
    #8208,#8209,#8210),.UNSPECIFIED.,.F.,.F.,(5,3,5),(0.,0.434000026186,
    1.),.UNSPECIFIED.);
#8203 = CARTESIAN_POINT('',(-4.013738051387,-9.866419448182));
#8204 = CARTESIAN_POINT('',(-4.01360184157,-10.09420440344));
#8205 = CARTESIAN_POINT('',(-4.013465609356,-10.321989355));
#8206 = CARTESIAN_POINT('',(-4.013329354962,-10.54977430291));
#8207 = CARTESIAN_POINT('',(-4.013015352812,-11.07462437305));
#8208 = CARTESIAN_POINT('',(-4.012837589392,-11.3716894927));
#8209 = CARTESIAN_POINT('',(-4.012659787472,-11.668754606));
#8210 = CARTESIAN_POINT('',(-4.012481946918,-11.96581971292));
#8211 = ( GEOMETRIC_REPRESENTATION_CONTEXT(2) 
PARAMETRIC_REPRESENTATION_CONTEXT() REPRESENTATION_CONTEXT('2D SPACE',''
  ) );
#8212 = PCURVE('',#2119,#8213);
#8213 = DEFINITIONAL_REPRESENTATION('',(#8214),#8223);
#8214 = B_SPLINE_CURVE_WITH_KNOTS('',4,(#8215,#8216,#8217,#8218,#8219,
    #8220,#8221,#8222),.UNSPECIFIED.,.F.,.F.,(5,3,5),(0.,0.434000026186,
    1.),.UNSPECIFIED.);
#8215 = CARTESIAN_POINT('',(2.1,25.335715666107));
#8216 = CARTESIAN_POINT('',(1.872150010474,25.335564729286));
#8217 = CARTESIAN_POINT('',(1.644300013951,25.335413767645));
#8218 = CARTESIAN_POINT('',(1.416450010498,25.335262781428));
#8219 = CARTESIAN_POINT('',(0.891450017986,25.33491482937));
#8220 = CARTESIAN_POINT('',(0.594300024033,25.334717846173));
#8221 = CARTESIAN_POINT('',(0.297150018052,25.334520820314));
#8222 = CARTESIAN_POINT('',(0.,25.334323751644));
#8223 = ( GEOMETRIC_REPRESENTATION_CONTEXT(2) 
PARAMETRIC_REPRESENTATION_CONTEXT() REPRESENTATION_CONTEXT('2D SPACE',''
  ) );
#8224 = ORIENTED_EDGE('',*,*,#6219,.F.);
#8225 = FACE_BOUND('',#8226,.F.);
#8226 = EDGE_LOOP('',(#8227,#8272,#8273,#8309));
#8227 = ORIENTED_EDGE('',*,*,#8228,.F.);
#8228 = EDGE_CURVE('',#3165,#5472,#8229,.T.);
#8229 = SURFACE_CURVE('',#8230,(#8242,#8257),.PCURVE_S1.);
#8230 = B_SPLINE_CURVE_WITH_KNOTS('',4,(#8231,#8232,#8233,#8234,#8235,
    #8236,#8237,#8238,#8239,#8240,#8241),.UNSPECIFIED.,.F.,.F.,(5,3,3,5)
  ,(0.,0.291000000065,0.705000000046,1.),.UNSPECIFIED.);
#8231 = CARTESIAN_POINT('',(4.062858808995,3.24548583392,47.271820310935
    ));
#8232 = CARTESIAN_POINT('',(4.062722043914,3.245657043175,
    47.424615432104));
#8233 = CARTESIAN_POINT('',(4.062585269418,3.245828244491,
    47.577410553264));
#8234 = CARTESIAN_POINT('',(4.062448485343,3.24599943807,47.730205674421
    ));
#8235 = CARTESIAN_POINT('',(4.062117078386,3.246414166226,
    48.100379421474));
#8236 = CARTESIAN_POINT('',(4.061922445757,3.246657692803,
    48.317758047365));
#8237 = CARTESIAN_POINT('',(4.061727793776,3.246901203679,48.53513667325
    ));
#8238 = CARTESIAN_POINT('',(4.061394407309,3.247318203937,
    48.907410696784));
#8239 = CARTESIAN_POINT('',(4.061255682306,3.247491701103,
    49.062306094436));
#8240 = CARTESIAN_POINT('',(4.061116947543,3.247665190213,
    49.217201492083));
#8241 = CARTESIAN_POINT('',(4.060978202842,3.247838671492,
    49.372096889733));
#8242 = PCURVE('',#1537,#8243);
#8243 = DEFINITIONAL_REPRESENTATION('',(#8244),#8256);
#8244 = B_SPLINE_CURVE_WITH_KNOTS('',4,(#8245,#8246,#8247,#8248,#8249,
    #8250,#8251,#8252,#8253,#8254,#8255),.UNSPECIFIED.,.F.,.F.,(5,3,3,5)
  ,(0.,0.291000000065,0.705000000046,1.),.UNSPECIFIED.);
#8245 = CARTESIAN_POINT('',(-0.674019957989,-5.271820310935));
#8246 = CARTESIAN_POINT('',(-0.674062098084,-5.424615432104));
#8247 = CARTESIAN_POINT('',(-0.674104238116,-5.577410553264));
#8248 = CARTESIAN_POINT('',(-0.674146378135,-5.730205674421));
#8249 = CARTESIAN_POINT('',(-0.674248469798,-6.100379421474));
#8250 = CARTESIAN_POINT('',(-0.67430842141,-6.317758047365));
#8251 = CARTESIAN_POINT('',(-0.674368372987,-6.53513667325));
#8252 = CARTESIAN_POINT('',(-0.67447104364,-6.907410696784));
#8253 = CARTESIAN_POINT('',(-0.674513762746,-7.062306094436));
#8254 = CARTESIAN_POINT('',(-0.674556481815,-7.217201492083));
#8255 = CARTESIAN_POINT('',(-0.674599200902,-7.372096889733));
#8256 = ( GEOMETRIC_REPRESENTATION_CONTEXT(2) 
PARAMETRIC_REPRESENTATION_CONTEXT() REPRESENTATION_CONTEXT('2D SPACE',''
  ) );
#8257 = PCURVE('',#5522,#8258);
#8258 = DEFINITIONAL_REPRESENTATION('',(#8259),#8271);
#8259 = B_SPLINE_CURVE_WITH_KNOTS('',4,(#8260,#8261,#8262,#8263,#8264,
    #8265,#8266,#8267,#8268,#8269,#8270),.UNSPECIFIED.,.F.,.F.,(5,3,3,5)
  ,(0.,0.291000000065,0.705000000046,1.),.UNSPECIFIED.);
#8260 = CARTESIAN_POINT('',(2.1,14.672195622478));
#8261 = CARTESIAN_POINT('',(1.947225000022,14.672242321379));
#8262 = CARTESIAN_POINT('',(1.794450000023,14.67228902021));
#8263 = CARTESIAN_POINT('',(1.641675000021,14.672335719026));
#8264 = CARTESIAN_POINT('',(1.271550000029,14.672448855181));
#8265 = CARTESIAN_POINT('',(1.05420000003,14.672515292485));
#8266 = CARTESIAN_POINT('',(0.836850000019,14.672581729748));
#8267 = CARTESIAN_POINT('',(0.464625000003,14.672695507525));
#8268 = CARTESIAN_POINT('',(0.309750000009,14.672742848073));
#8269 = CARTESIAN_POINT('',(0.154875000002,14.672790188578));
#8270 = CARTESIAN_POINT('',(0.,14.672837529103));
#8271 = ( GEOMETRIC_REPRESENTATION_CONTEXT(2) 
PARAMETRIC_REPRESENTATION_CONTEXT() REPRESENTATION_CONTEXT('2D SPACE',''
  ) );
#8272 = ORIENTED_EDGE('',*,*,#3164,.F.);
#8273 = ORIENTED_EDGE('',*,*,#8274,.T.);
#8274 = EDGE_CURVE('',#3031,#5606,#8275,.T.);
#8275 = SURFACE_CURVE('',#8276,(#8285,#8297),.PCURVE_S1.);
#8276 = B_SPLINE_CURVE_WITH_KNOTS('',4,(#8277,#8278,#8279,#8280,#8281,
    #8282,#8283,#8284),.UNSPECIFIED.,.F.,.F.,(5,3,5),(0.,0.417000005797,
    1.),.UNSPECIFIED.);
#8277 = CARTESIAN_POINT('',(0.87972664148,5.12504449115,47.618833474346)
  );
#8278 = CARTESIAN_POINT('',(0.880146707596,5.124972385756,
    47.837719337796));
#8279 = CARTESIAN_POINT('',(0.880566789305,5.124900230426,
    48.056605200501));
#8280 = CARTESIAN_POINT('',(0.880986886615,5.124828025147,48.27549106246
    ));
#8281 = CARTESIAN_POINT('',(0.881994351934,5.124654751136,
    48.800397197148));
#8282 = CARTESIAN_POINT('',(0.882581734941,5.124553634693,
    49.106417469161));
#8283 = CARTESIAN_POINT('',(0.883169148864,5.124452420489,
    49.412437739701));
#8284 = CARTESIAN_POINT('',(0.883756593974,5.124351108444,
    49.718458008757));
#8285 = PCURVE('',#1537,#8286);
#8286 = DEFINITIONAL_REPRESENTATION('',(#8287),#8296);
#8287 = B_SPLINE_CURVE_WITH_KNOTS('',4,(#8288,#8289,#8290,#8291,#8292,
    #8293,#8294,#8295),.UNSPECIFIED.,.F.,.F.,(5,3,5),(0.,0.417000005797,
    1.),.UNSPECIFIED.);
#8288 = CARTESIAN_POINT('',(-1.400800536256,-5.618833474346));
#8289 = CARTESIAN_POINT('',(-1.400718572847,-5.837719337796));
#8290 = CARTESIAN_POINT('',(-1.400636604859,-6.056605200501));
#8291 = CARTESIAN_POINT('',(-1.400554632287,-6.27549106246));
#8292 = CARTESIAN_POINT('',(-1.400358044319,-6.800397197148));
#8293 = CARTESIAN_POINT('',(-1.400243424527,-7.106417469161));
#8294 = CARTESIAN_POINT('',(-1.400128795684,-7.4124377397));
#8295 = CARTESIAN_POINT('',(-1.400014157733,-7.718458008757));
#8296 = ( GEOMETRIC_REPRESENTATION_CONTEXT(2) 
PARAMETRIC_REPRESENTATION_CONTEXT() REPRESENTATION_CONTEXT('2D SPACE',''
  ) );
#8297 = PCURVE('',#3081,#8298);
#8298 = DEFINITIONAL_REPRESENTATION('',(#8299),#8308);
#8299 = B_SPLINE_CURVE_WITH_KNOTS('',4,(#8300,#8301,#8302,#8303,#8304,
    #8305,#8306,#8307),.UNSPECIFIED.,.F.,.F.,(5,3,5),(0.,0.417000005797,
    1.),.UNSPECIFIED.);
#8300 = CARTESIAN_POINT('',(2.1,15.477572043644));
#8301 = CARTESIAN_POINT('',(1.881075002164,15.477481217375));
#8302 = CARTESIAN_POINT('',(1.662150002888,15.477390386032));
#8303 = CARTESIAN_POINT('',(1.443225002169,15.47729954961));
#8304 = CARTESIAN_POINT('',(0.918225004266,15.477081704214));
#8305 = CARTESIAN_POINT('',(0.612150005697,15.476954690366));
#8306 = CARTESIAN_POINT('',(0.306075004281,15.476827666491));
#8307 = CARTESIAN_POINT('',(0.,15.476700632523));
#8308 = ( GEOMETRIC_REPRESENTATION_CONTEXT(2) 
PARAMETRIC_REPRESENTATION_CONTEXT() REPRESENTATION_CONTEXT('2D SPACE',''
  ) );
#8309 = ORIENTED_EDGE('',*,*,#5605,.F.);
#8310 = FACE_BOUND('',#8311,.F.);
#8311 = EDGE_LOOP('',(#8312,#8348,#8349,#8385));
#8312 = ORIENTED_EDGE('',*,*,#8313,.F.);
#8313 = EDGE_CURVE('',#2970,#5644,#8314,.T.);
#8314 = SURFACE_CURVE('',#8315,(#8324,#8336),.PCURVE_S1.);
#8315 = B_SPLINE_CURVE_WITH_KNOTS('',4,(#8316,#8317,#8318,#8319,#8320,
    #8321,#8322,#8323),.UNSPECIFIED.,.F.,.F.,(5,3,5),(0.,0.405999924392,
    1.),.UNSPECIFIED.);
#8316 = CARTESIAN_POINT('',(-3.344816118569,3.981482780694,
    48.033610907222));
#8317 = CARTESIAN_POINT('',(-3.345271891607,3.98109988892,
    48.246815589827));
#8318 = CARTESIAN_POINT('',(-3.345727827214,3.980716741912,
    48.460020280974));
#8319 = CARTESIAN_POINT('',(-3.346183926115,3.980333338802,
    48.673224980697));
#8320 = CARTESIAN_POINT('',(-3.347307725456,3.979388364031,
    49.198359828031));
#8321 = CARTESIAN_POINT('',(-3.347975612557,3.978826499627,
    49.510289985446));
#8322 = CARTESIAN_POINT('',(-3.348643851544,3.978264083676,
    49.822220161335));
#8323 = CARTESIAN_POINT('',(-3.349312443896,3.977701114107,
    50.134150355774));
#8324 = PCURVE('',#1537,#8325);
#8325 = DEFINITIONAL_REPRESENTATION('',(#8326),#8335);
#8326 = B_SPLINE_CURVE_WITH_KNOTS('',4,(#8327,#8328,#8329,#8330,#8331,
    #8332,#8333,#8334),.UNSPECIFIED.,.F.,.F.,(5,3,5),(0.,0.405999924392,
    1.),.UNSPECIFIED.);
#8327 = CARTESIAN_POINT('',(-2.269510720178,-6.033610907222));
#8328 = CARTESIAN_POINT('',(-2.269625193369,-6.246815589827));
#8329 = CARTESIAN_POINT('',(-2.269739722069,-6.460020280974));
#8330 = CARTESIAN_POINT('',(-2.269854306497,-6.673224980697));
#8331 = CARTESIAN_POINT('',(-2.270136671711,-7.198359828031));
#8332 = CARTESIAN_POINT('',(-2.270304516202,-7.510289985446));
#8333 = CARTESIAN_POINT('',(-2.270472480762,-7.822220161335));
#8334 = CARTESIAN_POINT('',(-2.270640565878,-8.134150355774));
#8335 = ( GEOMETRIC_REPRESENTATION_CONTEXT(2) 
PARAMETRIC_REPRESENTATION_CONTEXT() REPRESENTATION_CONTEXT('2D SPACE',''
  ) );
#8336 = PCURVE('',#3081,#8337);
#8337 = DEFINITIONAL_REPRESENTATION('',(#8338),#8347);
#8338 = B_SPLINE_CURVE_WITH_KNOTS('',4,(#8339,#8340,#8341,#8342,#8343,
    #8344,#8345,#8346),.UNSPECIFIED.,.F.,.F.,(5,3,5),(0.,0.405999924392,
    1.),.UNSPECIFIED.);
#8339 = CARTESIAN_POINT('',(2.1,16.440221307999));
#8340 = CARTESIAN_POINT('',(1.886849972997,16.440348157175));
#8341 = CARTESIAN_POINT('',(1.673699963956,16.440475067863));
#8342 = CARTESIAN_POINT('',(1.460549972946,16.440602040303));
#8343 = CARTESIAN_POINT('',(0.935549941814,16.440914932731));
#8344 = CARTESIAN_POINT('',(0.623699922305,16.441100923313));
#8345 = CARTESIAN_POINT('',(0.311849941647,16.441287046944));
#8346 = CARTESIAN_POINT('',(0.,16.441473304163));
#8347 = ( GEOMETRIC_REPRESENTATION_CONTEXT(2) 
PARAMETRIC_REPRESENTATION_CONTEXT() REPRESENTATION_CONTEXT('2D SPACE',''
  ) );
#8348 = ORIENTED_EDGE('',*,*,#2969,.T.);
#8349 = ORIENTED_EDGE('',*,*,#8350,.T.);
#8350 = EDGE_CURVE('',#2836,#5701,#8351,.T.);
#8351 = SURFACE_CURVE('',#8352,(#8361,#8373),.PCURVE_S1.);
#8352 = B_SPLINE_CURVE_WITH_KNOTS('',4,(#8353,#8354,#8355,#8356,#8357,
    #8358,#8359,#8360),.UNSPECIFIED.,.F.,.F.,(5,3,5),(0.,0.420000025978,
    1.),.UNSPECIFIED.);
#8353 = CARTESIAN_POINT('',(-3.344564184006,-3.98169441558,
    48.866419357719));
#8354 = CARTESIAN_POINT('',(-3.345088881439,-3.981253677528,
    49.08685642992));
#8355 = CARTESIAN_POINT('',(-3.345613584529,-3.980812777485,
    49.307293498677));
#8356 = CARTESIAN_POINT('',(-3.346138293554,-3.980371715106,
    49.527730563976));
#8357 = CARTESIAN_POINT('',(-3.347387615444,-3.979321179333,
    50.052580678718));
#8358 = CARTESIAN_POINT('',(-3.348112233763,-3.978711558533,
    50.356993725018));
#8359 = CARTESIAN_POINT('',(-3.348836865178,-3.978101626144,
    50.661406764633));
#8360 = CARTESIAN_POINT('',(-3.349561509618,-3.977491381925,
    50.965819797558));
#8361 = PCURVE('',#1537,#8362);
#8362 = DEFINITIONAL_REPRESENTATION('',(#8363),#8372);
#8363 = B_SPLINE_CURVE_WITH_KNOTS('',4,(#8364,#8365,#8366,#8367,#8368,
    #8369,#8370,#8371),.UNSPECIFIED.,.F.,.F.,(5,3,5),(0.,0.420000025978,
    1.),.UNSPECIFIED.);
#8364 = CARTESIAN_POINT('',(-4.013737861887,-6.866419357719));
#8365 = CARTESIAN_POINT('',(-4.013606084463,-7.08685642992));
#8366 = CARTESIAN_POINT('',(-4.013474286169,-7.307293498677));
#8367 = CARTESIAN_POINT('',(-4.013342466917,-7.527730563976));
#8368 = CARTESIAN_POINT('',(-4.013028561462,-8.052580678718));
#8369 = CARTESIAN_POINT('',(-4.012846456213,-8.356993725018));
#8370 = CARTESIAN_POINT('',(-4.012664310457,-8.661406764633));
#8371 = CARTESIAN_POINT('',(-4.012482124156,-8.965819797558));
#8372 = ( GEOMETRIC_REPRESENTATION_CONTEXT(2) 
PARAMETRIC_REPRESENTATION_CONTEXT() REPRESENTATION_CONTEXT('2D SPACE',''
  ) );
#8373 = PCURVE('',#2886,#8374);
#8374 = DEFINITIONAL_REPRESENTATION('',(#8375),#8384);
#8375 = B_SPLINE_CURVE_WITH_KNOTS('',4,(#8376,#8377,#8378,#8379,#8380,
    #8381,#8382,#8383),.UNSPECIFIED.,.F.,.F.,(5,3,5),(0.,0.420000025978,
    1.),.UNSPECIFIED.);
#8376 = CARTESIAN_POINT('',(2.1,18.373071015658));
#8377 = CARTESIAN_POINT('',(1.879500009808,18.372924990458));
#8378 = CARTESIAN_POINT('',(1.659000013097,18.372778942133));
#8379 = CARTESIAN_POINT('',(1.438500009836,18.372632870583));
#8380 = CARTESIAN_POINT('',(0.91350001889,18.372285025672));
#8381 = CARTESIAN_POINT('',(0.609000025253,18.372083231206));
#8382 = CARTESIAN_POINT('',(0.30450001896,18.371881391853));
#8383 = CARTESIAN_POINT('',(0.,18.371679507573));
#8384 = ( GEOMETRIC_REPRESENTATION_CONTEXT(2) 
PARAMETRIC_REPRESENTATION_CONTEXT() REPRESENTATION_CONTEXT('2D SPACE',''
  ) );
#8385 = ORIENTED_EDGE('',*,*,#5700,.F.);
#8386 = FACE_BOUND('',#8387,.F.);
#8387 = EDGE_LOOP('',(#8388,#8389,#8425,#8426));
#8388 = ORIENTED_EDGE('',*,*,#2774,.T.);
#8389 = ORIENTED_EDGE('',*,*,#8390,.T.);
#8390 = EDGE_CURVE('',#2714,#5819,#8391,.T.);
#8391 = SURFACE_CURVE('',#8392,(#8401,#8413),.PCURVE_S1.);
#8392 = B_SPLINE_CURVE_WITH_KNOTS('',4,(#8393,#8394,#8395,#8396,#8397,
    #8398,#8399,#8400),.UNSPECIFIED.,.F.,.F.,(5,3,5),(0.,0.406999988274,
    1.),.UNSPECIFIED.);
#8393 = CARTESIAN_POINT('',(4.063145503022,-3.245126903723,
    49.628221923003));
#8394 = CARTESIAN_POINT('',(4.062895847643,-3.245439491231,
    49.84186019323));
#8395 = CARTESIAN_POINT('',(4.062646189401,-3.245752016568,
    50.05549846492));
#8396 = CARTESIAN_POINT('',(4.062396528224,-3.246064479858,
    50.269136738071));
#8397 = CARTESIAN_POINT('',(4.06178310282,-3.246832050653,
    50.794046518814));
#8398 = CARTESIAN_POINT('',(4.061419335237,-3.247287088602,
    51.105318028041));
#8399 = CARTESIAN_POINT('',(4.061055561246,-3.247741995238,
    51.416589540352));
#8400 = CARTESIAN_POINT('',(4.06069178063,-3.248196770937,
    51.727861055733));
#8401 = PCURVE('',#1537,#8402);
#8402 = DEFINITIONAL_REPRESENTATION('',(#8403),#8412);
#8403 = B_SPLINE_CURVE_WITH_KNOTS('',4,(#8404,#8405,#8406,#8407,#8408,
    #8409,#8410,#8411),.UNSPECIFIED.,.F.,.F.,(5,3,5),(0.,0.406999988274,
    1.),.UNSPECIFIED.);
#8404 = CARTESIAN_POINT('',(-5.609253690319,-7.628221923003));
#8405 = CARTESIAN_POINT('',(-5.609176757926,-7.84186019323));
#8406 = CARTESIAN_POINT('',(-5.609099834531,-8.05549846492));
#8407 = CARTESIAN_POINT('',(-5.609022920106,-8.269136738071));
#8408 = CARTESIAN_POINT('',(-5.608833963178,-8.794046518814));
#8409 = CARTESIAN_POINT('',(-5.60872193072,-9.105318028041));
#8410 = CARTESIAN_POINT('',(-5.608609917217,-9.416589540352));
#8411 = CARTESIAN_POINT('',(-5.60849792258,-9.727861055733));
#8412 = ( GEOMETRIC_REPRESENTATION_CONTEXT(2) 
PARAMETRIC_REPRESENTATION_CONTEXT() REPRESENTATION_CONTEXT('2D SPACE',''
  ) );
#8413 = PCURVE('',#5907,#8414);
#8414 = DEFINITIONAL_REPRESENTATION('',(#8415),#8424);
#8415 = B_SPLINE_CURVE_WITH_KNOTS('',4,(#8416,#8417,#8418,#8419,#8420,
    #8421,#8422,#8423),.UNSPECIFIED.,.F.,.F.,(5,3,5),(0.,0.406999988274,
    1.),.UNSPECIFIED.);
#8416 = CARTESIAN_POINT('',(2.1,20.1411244798));
#8417 = CARTESIAN_POINT('',(1.886324995759,20.141039224503));
#8418 = CARTESIAN_POINT('',(1.67264999435,20.140953979179));
#8419 = CARTESIAN_POINT('',(1.458974995765,20.140868743796));
#8420 = CARTESIAN_POINT('',(0.933974991045,20.140659344634));
#8421 = CARTESIAN_POINT('',(0.622649988072,20.140535191988));
#8422 = CARTESIAN_POINT('',(0.311324991066,20.140411060348));
#8423 = CARTESIAN_POINT('',(0.,20.140286949617));
#8424 = ( GEOMETRIC_REPRESENTATION_CONTEXT(2) 
PARAMETRIC_REPRESENTATION_CONTEXT() REPRESENTATION_CONTEXT('2D SPACE',''
  ) );
#8425 = ORIENTED_EDGE('',*,*,#5818,.F.);
#8426 = ORIENTED_EDGE('',*,*,#8427,.F.);
#8427 = EDGE_CURVE('',#2775,#5762,#8428,.T.);
#8428 = SURFACE_CURVE('',#8429,(#8438,#8450),.PCURVE_S1.);
#8429 = B_SPLINE_CURVE_WITH_KNOTS('',4,(#8430,#8431,#8432,#8433,#8434,
    #8435,#8436,#8437),.UNSPECIFIED.,.F.,.F.,(5,3,5),(0.,0.386000009745,
    1.),.UNSPECIFIED.);
#8430 = CARTESIAN_POINT('',(0.880141628252,-5.124973240342,
    49.281205238147));
#8431 = CARTESIAN_POINT('',(0.880450474126,-5.124920200433,
    49.483884008352));
#8432 = CARTESIAN_POINT('',(0.880759280423,-5.124867141774,
    49.686562777481));
#8433 = CARTESIAN_POINT('',(0.881068049509,-5.12481406397,
    49.889241545605));
#8434 = CARTESIAN_POINT('',(0.881867868306,-5.124676507952,
    50.414316058422));
#8435 = CARTESIAN_POINT('',(0.882358859865,-5.124592000668,
    50.736711801541));
#8436 = CARTESIAN_POINT('',(0.882849753475,-5.12450744568,
    51.059107542002));
#8437 = CARTESIAN_POINT('',(0.883340550809,-5.12442284275,
    51.381503279858));
#8438 = PCURVE('',#1537,#8439);
#8439 = DEFINITIONAL_REPRESENTATION('',(#8440),#8449);
#8440 = B_SPLINE_CURVE_WITH_KNOTS('',4,(#8441,#8442,#8443,#8444,#8445,
    #8446,#8447,#8448),.UNSPECIFIED.,.F.,.F.,(5,3,5),(0.,0.386000009745,
    1.),.UNSPECIFIED.);
#8441 = CARTESIAN_POINT('',(-4.882465743812,-7.281205238147));
#8442 = CARTESIAN_POINT('',(-4.882526006736,-7.483884008352));
#8443 = CARTESIAN_POINT('',(-4.88258626277,-7.686562777481));
#8444 = CARTESIAN_POINT('',(-4.882646512374,-7.889241545605));
#8445 = CARTESIAN_POINT('',(-4.882802581858,-8.414316058422));
#8446 = CARTESIAN_POINT('',(-4.882898391663,-8.736711801541));
#8447 = CARTESIAN_POINT('',(-4.882994184462,-9.059107542002));
#8448 = CARTESIAN_POINT('',(-4.883089960581,-9.381503279858));
#8449 = ( GEOMETRIC_REPRESENTATION_CONTEXT(2) 
PARAMETRIC_REPRESENTATION_CONTEXT() REPRESENTATION_CONTEXT('2D SPACE',''
  ) );
#8450 = PCURVE('',#2886,#8451);
#8451 = DEFINITIONAL_REPRESENTATION('',(#8452),#8461);
#8452 = B_SPLINE_CURVE_WITH_KNOTS('',4,(#8453,#8454,#8455,#8456,#8457,
    #8458,#8459,#8460),.UNSPECIFIED.,.F.,.F.,(5,3,5),(0.,0.386000009745,
    1.),.UNSPECIFIED.);
#8453 = CARTESIAN_POINT('',(2.1,19.335739885781));
#8454 = CARTESIAN_POINT('',(1.897350003238,19.335806665531));
#8455 = CARTESIAN_POINT('',(1.694700004261,19.335873437644));
#8456 = CARTESIAN_POINT('',(1.49205000322,19.335940202633));
#8457 = CARTESIAN_POINT('',(0.967050008132,19.336113149448));
#8458 = CARTESIAN_POINT('',(0.64470001085,19.336219320111));
#8459 = CARTESIAN_POINT('',(0.322350008104,19.336325471927));
#8460 = CARTESIAN_POINT('',(0.,19.336431605259));
#8461 = ( GEOMETRIC_REPRESENTATION_CONTEXT(2) 
PARAMETRIC_REPRESENTATION_CONTEXT() REPRESENTATION_CONTEXT('2D SPACE',''
  ) );
#8462 = FACE_BOUND('',#8463,.F.);
#8463 = EDGE_LOOP('',(#8464,#8500,#8501,#8537));
#8464 = ORIENTED_EDGE('',*,*,#8465,.F.);
#8465 = EDGE_CURVE('',#3837,#4953,#8466,.T.);
#8466 = SURFACE_CURVE('',#8467,(#8476,#8488),.PCURVE_S1.);
#8467 = B_SPLINE_CURVE_WITH_KNOTS('',4,(#8468,#8469,#8470,#8471,#8472,
    #8473,#8474,#8475),.UNSPECIFIED.,.F.,.F.,(5,3,5),(0.,0.367000000089,
    1.),.UNSPECIFIED.);
#8468 = CARTESIAN_POINT('',(4.062858775099,3.245485876352,44.27182031592
    ));
#8469 = CARTESIAN_POINT('',(4.062686296862,3.245701793088,
    44.464520691269));
#8470 = CARTESIAN_POINT('',(4.06251380366,3.245917697185,44.657221066601
    ));
#8471 = CARTESIAN_POINT('',(4.062341295439,3.246133588709,44.84992144192
    ));
#8472 = CARTESIAN_POINT('',(4.061871204589,3.246721815081,
    45.374990584327));
#8473 = CARTESIAN_POINT('',(4.061573592155,3.24709412528,45.707359351395
    ));
#8474 = CARTESIAN_POINT('',(4.061275934642,3.247466398577,
    46.039728118443));
#8475 = CARTESIAN_POINT('',(4.060978231703,3.247838635405,
    46.372096885487));
#8476 = PCURVE('',#1537,#8477);
#8477 = DEFINITIONAL_REPRESENTATION('',(#8478),#8487);
#8478 = B_SPLINE_CURVE_WITH_KNOTS('',4,(#8479,#8480,#8481,#8482,#8483,
    #8484,#8485,#8486),.UNSPECIFIED.,.F.,.F.,(5,3,5),(0.,0.367000000089,
    1.),.UNSPECIFIED.);
#8479 = CARTESIAN_POINT('',(-0.674019968433,-2.27182031592));
#8480 = CARTESIAN_POINT('',(-0.674073112475,-2.464520691269));
#8481 = CARTESIAN_POINT('',(-0.674126256413,-2.657221066601));
#8482 = CARTESIAN_POINT('',(-0.674179400266,-2.84992144192));
#8483 = CARTESIAN_POINT('',(-0.674324206257,-3.374990584327));
#8484 = CARTESIAN_POINT('',(-0.67441586827,-3.707359351395));
#8485 = CARTESIAN_POINT('',(-0.674507530153,-4.039728118443));
#8486 = CARTESIAN_POINT('',(-0.674599192015,-4.372096885487));
#8487 = ( GEOMETRIC_REPRESENTATION_CONTEXT(2) 
PARAMETRIC_REPRESENTATION_CONTEXT() REPRESENTATION_CONTEXT('2D SPACE',''
  ) );
#8488 = PCURVE('',#5003,#8489);
#8489 = DEFINITIONAL_REPRESENTATION('',(#8490),#8499);
#8490 = B_SPLINE_CURVE_WITH_KNOTS('',4,(#8491,#8492,#8493,#8494,#8495,
    #8496,#8497,#8498),.UNSPECIFIED.,.F.,.F.,(5,3,5),(0.,0.367000000089,
    1.),.UNSPECIFIED.);
#8491 = CARTESIAN_POINT('',(2.1,7.709551193587));
#8492 = CARTESIAN_POINT('',(1.907325000043,7.709610086865));
#8493 = CARTESIAN_POINT('',(1.714650000053,7.709668980028));
#8494 = CARTESIAN_POINT('',(1.521975000035,7.709727873096));
#8495 = CARTESIAN_POINT('',(0.996975000066,7.709888344503));
#8496 = CARTESIAN_POINT('',(0.664650000075,7.709989922704));
#8497 = CARTESIAN_POINT('',(0.332325000041,7.710091500758));
#8498 = CARTESIAN_POINT('',(0.,7.710193078788));
#8499 = ( GEOMETRIC_REPRESENTATION_CONTEXT(2) 
PARAMETRIC_REPRESENTATION_CONTEXT() REPRESENTATION_CONTEXT('2D SPACE',''
  ) );
#8500 = ORIENTED_EDGE('',*,*,#3836,.F.);
#8501 = ORIENTED_EDGE('',*,*,#8502,.T.);
#8502 = EDGE_CURVE('',#3703,#5087,#8503,.T.);
#8503 = SURFACE_CURVE('',#8504,(#8513,#8525),.PCURVE_S1.);
#8504 = B_SPLINE_CURVE_WITH_KNOTS('',4,(#8505,#8506,#8507,#8508,#8509,
    #8510,#8511,#8512),.UNSPECIFIED.,.F.,.F.,(5,3,5),(0.,0.414000005786,
    1.),.UNSPECIFIED.);
#8505 = CARTESIAN_POINT('',(0.879726662768,5.125044487496,
    44.618833472363));
#8506 = CARTESIAN_POINT('',(0.880143702228,5.124972901633,
    44.836144617816));
#8507 = CARTESIAN_POINT('',(0.880560756931,5.124901266573,
    45.053455762538));
#8508 = CARTESIAN_POINT('',(0.880977827238,5.124829582242,
    45.270766906517));
#8509 = CARTESIAN_POINT('',(0.881985280628,5.12465631273,45.795673042279
    ));
#8510 = CARTESIAN_POINT('',(0.882575679221,5.124554678118,46.10326803332
    ));
#8511 = CARTESIAN_POINT('',(0.883166109377,5.124452944682,
    46.410863022863));
#8512 = CARTESIAN_POINT('',(0.88375657084,5.124351112433,46.718458010914
    ));
#8513 = PCURVE('',#1537,#8514);
#8514 = DEFINITIONAL_REPRESENTATION('',(#8515),#8524);
#8515 = B_SPLINE_CURVE_WITH_KNOTS('',4,(#8516,#8517,#8518,#8519,#8520,
    #8521,#8522,#8523),.UNSPECIFIED.,.F.,.F.,(5,3,5),(0.,0.414000005786,
    1.),.UNSPECIFIED.);
#8516 = CARTESIAN_POINT('',(-1.400800532102,-2.618833472363));
#8517 = CARTESIAN_POINT('',(-1.400719159256,-2.836144617816));
#8518 = CARTESIAN_POINT('',(-1.400637781919,-3.053455762538));
#8519 = CARTESIAN_POINT('',(-1.400556400021,-3.270766906517));
#8520 = CARTESIAN_POINT('',(-1.400359814461,-3.795673042279));
#8521 = CARTESIAN_POINT('',(-1.400244606249,-4.10326803332));
#8522 = CARTESIAN_POINT('',(-1.40012938883,-4.410863022863));
#8523 = CARTESIAN_POINT('',(-1.400014162248,-4.718458010914));
#8524 = ( GEOMETRIC_REPRESENTATION_CONTEXT(2) 
PARAMETRIC_REPRESENTATION_CONTEXT() REPRESENTATION_CONTEXT('2D SPACE',''
  ) );
#8525 = PCURVE('',#3753,#8526);
#8526 = DEFINITIONAL_REPRESENTATION('',(#8527),#8536);
#8527 = B_SPLINE_CURVE_WITH_KNOTS('',4,(#8528,#8529,#8530,#8531,#8532,
    #8533,#8534,#8535),.UNSPECIFIED.,.F.,.F.,(5,3,5),(0.,0.414000005786,
    1.),.UNSPECIFIED.);
#8528 = CARTESIAN_POINT('',(2.1,8.514927598574));
#8529 = CARTESIAN_POINT('',(1.882650002133,8.514837426726));
#8530 = CARTESIAN_POINT('',(1.665300002853,8.514747249904));
#8531 = CARTESIAN_POINT('',(1.447950002138,8.514657068026));
#8532 = CARTESIAN_POINT('',(0.92295000431,8.514439225298));
#8533 = CARTESIAN_POINT('',(0.615300005766,8.514311559404));
#8534 = CARTESIAN_POINT('',(0.307650004324,8.514183883308));
#8535 = CARTESIAN_POINT('',(0.,8.51405619706));
#8536 = ( GEOMETRIC_REPRESENTATION_CONTEXT(2) 
PARAMETRIC_REPRESENTATION_CONTEXT() REPRESENTATION_CONTEXT('2D SPACE',''
  ) );
#8537 = ORIENTED_EDGE('',*,*,#5086,.F.);
#8538 = FACE_BOUND('',#8539,.F.);
#8539 = EDGE_LOOP('',(#8540,#8585,#8586,#8622));
#8540 = ORIENTED_EDGE('',*,*,#8541,.F.);
#8541 = EDGE_CURVE('',#3642,#5125,#8542,.T.);
#8542 = SURFACE_CURVE('',#8543,(#8555,#8570),.PCURVE_S1.);
#8543 = B_SPLINE_CURVE_WITH_KNOTS('',4,(#8544,#8545,#8546,#8547,#8548,
    #8549,#8550,#8551,#8552,#8553,#8554),.UNSPECIFIED.,.F.,.F.,(5,3,3,5)
  ,(0.,0.391999925276,0.769999944374,1.),.UNSPECIFIED.);
#8544 = CARTESIAN_POINT('',(-3.344816076986,3.981482815628,
    45.033610902235));
#8545 = CARTESIAN_POINT('',(-3.345256141514,3.981113120472,
    45.239463699269));
#8546 = CARTESIAN_POINT('',(-3.345696357774,3.980743187225,
    45.445316504273));
#8547 = CARTESIAN_POINT('',(-3.346136725915,3.980373015528,
    45.651169317259));
#8548 = CARTESIAN_POINT('',(-3.347002034654,3.979645422402,
    46.055523120661));
#8549 = CARTESIAN_POINT('',(-3.347426964518,3.979288017783,
    46.254024110514));
#8550 = CARTESIAN_POINT('',(-3.347852036492,3.978930390271,
    46.452525107832));
#8551 = CARTESIAN_POINT('',(-3.348535979688,3.978354799045,
    46.771807170419));
#8552 = CARTESIAN_POINT('',(-3.348794761005,3.978136976181,
    46.892588230971));
#8553 = CARTESIAN_POINT('',(-3.349053595328,3.977919070339,
    47.013369294303));
#8554 = CARTESIAN_POINT('',(-3.349312482558,3.977701081552,
    47.134150360414));
#8555 = PCURVE('',#1537,#8556);
#8556 = DEFINITIONAL_REPRESENTATION('',(#8557),#8569);
#8557 = B_SPLINE_CURVE_WITH_KNOTS('',4,(#8558,#8559,#8560,#8561,#8562,
    #8563,#8564,#8565,#8566,#8567,#8568),.UNSPECIFIED.,.F.,.F.,(5,3,3,5)
  ,(0.,0.391999925276,0.769999944374,1.),.UNSPECIFIED.);
#8558 = CARTESIAN_POINT('',(-2.269510709734,-3.033610902235));
#8559 = CARTESIAN_POINT('',(-2.269621237532,-3.239463699269));
#8560 = CARTESIAN_POINT('',(-2.269731817123,-3.445316504273));
#8561 = CARTESIAN_POINT('',(-2.269842448578,-3.651169317259));
#8562 = CARTESIAN_POINT('',(-2.270059862692,-4.055523120661));
#8563 = CARTESIAN_POINT('',(-2.27016664169,-4.254024110514));
#8564 = CARTESIAN_POINT('',(-2.270273469196,-4.452525107832));
#8565 = CARTESIAN_POINT('',(-2.270445375876,-4.771807170419));
#8566 = CARTESIAN_POINT('',(-2.270510424381,-4.892588230971));
#8567 = CARTESIAN_POINT('',(-2.270575490961,-5.013369294303));
#8568 = CARTESIAN_POINT('',(-2.270640575598,-5.134150360414));
#8569 = ( GEOMETRIC_REPRESENTATION_CONTEXT(2) 
PARAMETRIC_REPRESENTATION_CONTEXT() REPRESENTATION_CONTEXT('2D SPACE',''
  ) );
#8570 = PCURVE('',#3753,#8571);
#8571 = DEFINITIONAL_REPRESENTATION('',(#8572),#8584);
#8572 = B_SPLINE_CURVE_WITH_KNOTS('',4,(#8573,#8574,#8575,#8576,#8577,
    #8578,#8579,#8580,#8581,#8582,#8583),.UNSPECIFIED.,.F.,.F.,(5,3,3,5)
  ,(0.,0.391999925276,0.769999944374,1.),.UNSPECIFIED.);
#8573 = CARTESIAN_POINT('',(2.1,9.477576855959));
#8574 = CARTESIAN_POINT('',(1.894199974827,9.477699333197));
#8575 = CARTESIAN_POINT('',(1.688399966414,9.477821867827));
#8576 = CARTESIAN_POINT('',(1.482599974781,9.477944459927));
#8577 = CARTESIAN_POINT('',(1.078349976464,9.478185379229));
#8578 = CARTESIAN_POINT('',(0.879899968595,9.478303702374));
#8579 = CARTESIAN_POINT('',(0.681449976422,9.47842207927));
#8580 = CARTESIAN_POINT('',(0.362249991245,9.478612571213));
#8581 = CARTESIAN_POINT('',(0.241499988316,9.478684652276));
#8582 = CARTESIAN_POINT('',(0.120749991237,9.478756753367));
#8583 = CARTESIAN_POINT('',(0.,9.478828874468));
#8584 = ( GEOMETRIC_REPRESENTATION_CONTEXT(2) 
PARAMETRIC_REPRESENTATION_CONTEXT() REPRESENTATION_CONTEXT('2D SPACE',''
  ) );
#8585 = ORIENTED_EDGE('',*,*,#3641,.T.);
#8586 = ORIENTED_EDGE('',*,*,#8587,.T.);
#8587 = EDGE_CURVE('',#3508,#5182,#8588,.T.);
#8588 = SURFACE_CURVE('',#8589,(#8598,#8610),.PCURVE_S1.);
#8589 = B_SPLINE_CURVE_WITH_KNOTS('',4,(#8590,#8591,#8592,#8593,#8594,
    #8595,#8596,#8597),.UNSPECIFIED.,.F.,.F.,(5,3,5),(0.,0.435000026214,
    1.),.UNSPECIFIED.);
#8590 = CARTESIAN_POINT('',(-3.344564202231,-3.981694400272,
    45.866419355533));
#8591 = CARTESIAN_POINT('',(-3.345107634662,-3.981237925095,
    46.094729180456));
#8592 = CARTESIAN_POINT('',(-3.345651072907,-3.980781276367,
    46.323039001695));
#8593 = CARTESIAN_POINT('',(-3.346194517891,-3.980324453185,
    46.551348819209));
#8594 = CARTESIAN_POINT('',(-3.34744383163,-3.979273884096,
    47.076198934232));
#8595 = CARTESIAN_POINT('',(-3.348149704647,-3.978680018561,
    47.372739229194));
#8596 = CARTESIAN_POINT('',(-3.348855590878,-3.97808585668,
    47.669279517781));
#8597 = CARTESIAN_POINT('',(-3.34956148894,-3.977491399338,
    47.96581980004));
#8598 = PCURVE('',#1537,#8599);
#8599 = DEFINITIONAL_REPRESENTATION('',(#8600),#8609);
#8600 = B_SPLINE_CURVE_WITH_KNOTS('',4,(#8601,#8602,#8603,#8604,#8605,
    #8606,#8607,#8608),.UNSPECIFIED.,.F.,.F.,(5,3,5),(0.,0.435000026214,
    1.),.UNSPECIFIED.);
#8601 = CARTESIAN_POINT('',(-4.01373785731,-3.866419355533));
#8602 = CARTESIAN_POINT('',(-4.013601374602,-4.094729180456));
#8603 = CARTESIAN_POINT('',(-4.013464869573,-4.323039001695));
#8604 = CARTESIAN_POINT('',(-4.013328341966,-4.551348819209));
#8605 = CARTESIAN_POINT('',(-4.013014433587,-5.076198934232));
#8606 = CARTESIAN_POINT('',(-4.012837037382,-5.372739229194));
#8607 = CARTESIAN_POINT('',(-4.012659602539,-5.669279517781));
#8608 = CARTESIAN_POINT('',(-4.012482129355,-5.96581980004));
#8609 = ( GEOMETRIC_REPRESENTATION_CONTEXT(2) 
PARAMETRIC_REPRESENTATION_CONTEXT() REPRESENTATION_CONTEXT('2D SPACE',''
  ) );
#8610 = PCURVE('',#3558,#8611);
#8611 = DEFINITIONAL_REPRESENTATION('',(#8612),#8621);
#8612 = B_SPLINE_CURVE_WITH_KNOTS('',4,(#8613,#8614,#8615,#8616,#8617,
    #8618,#8619,#8620),.UNSPECIFIED.,.F.,.F.,(5,3,5),(0.,0.435000026214,
    1.),.UNSPECIFIED.);
#8613 = CARTESIAN_POINT('',(2.1,11.410426570119));
#8614 = CARTESIAN_POINT('',(1.871625010519,11.410275330901));
#8615 = CARTESIAN_POINT('',(1.643250014063,11.410124066947));
#8616 = CARTESIAN_POINT('',(1.414875010554,11.409972777976));
#8617 = CARTESIAN_POINT('',(0.88987501793,11.409624929825));
#8618 = CARTESIAN_POINT('',(0.593250023994,11.409428353544));
#8619 = CARTESIAN_POINT('',(0.296625017986,11.409231734448));
#8620 = CARTESIAN_POINT('',(0.,11.409035072868));
#8621 = ( GEOMETRIC_REPRESENTATION_CONTEXT(2) 
PARAMETRIC_REPRESENTATION_CONTEXT() REPRESENTATION_CONTEXT('2D SPACE',''
  ) );
#8622 = ORIENTED_EDGE('',*,*,#5181,.F.);
#8623 = FACE_BOUND('',#8624,.F.);
#8624 = EDGE_LOOP('',(#8625,#8626,#8627,#8663));
#8625 = ORIENTED_EDGE('',*,*,#6423,.F.);
#8626 = ORIENTED_EDGE('',*,*,#4313,.T.);
#8627 = ORIENTED_EDGE('',*,*,#8628,.T.);
#8628 = EDGE_CURVE('',#4180,#4663,#8629,.T.);
#8629 = SURFACE_CURVE('',#8630,(#8639,#8651),.PCURVE_S1.);
#8630 = B_SPLINE_CURVE_WITH_KNOTS('',4,(#8631,#8632,#8633,#8634,#8635,
    #8636,#8637,#8638),.UNSPECIFIED.,.F.,.F.,(5,3,5),(0.,0.420000025981,
    1.),.UNSPECIFIED.);
#8631 = CARTESIAN_POINT('',(-3.344563741366,-3.981694787391,
    42.866419410788));
#8632 = CARTESIAN_POINT('',(-3.345088527606,-3.981253974842,
    43.086856472347));
#8633 = CARTESIAN_POINT('',(-3.345613319401,-3.980813000335,
    43.307293530465));
#8634 = CARTESIAN_POINT('',(-3.346138117235,-3.98037186335,
    43.527730585119));
#8635 = CARTESIAN_POINT('',(-3.347387650404,-3.979321149963,
    44.052580674516));
#8636 = CARTESIAN_POINT('',(-3.34811239109,-3.978711426192,
    44.356993706119));
#8637 = CARTESIAN_POINT('',(-3.348837145205,-3.978101390451,
    44.661406731022));
#8638 = CARTESIAN_POINT('',(-3.34956191205,-3.977491043025,
    44.965819749245));
#8639 = PCURVE('',#1537,#8640);
#8640 = DEFINITIONAL_REPRESENTATION('',(#8641),#8650);
#8641 = B_SPLINE_CURVE_WITH_KNOTS('',4,(#8642,#8643,#8644,#8645,#8646,
    #8647,#8648,#8649),.UNSPECIFIED.,.F.,.F.,(5,3,5),(0.,0.420000025981,
    1.),.UNSPECIFIED.);
#8642 = CARTESIAN_POINT('',(-4.013737973056,-0.866419410788));
#8643 = CARTESIAN_POINT('',(-4.01360617334,-1.086856472347));
#8644 = CARTESIAN_POINT('',(-4.013474352774,-1.307293530465));
#8645 = CARTESIAN_POINT('',(-4.013342511216,-1.527730585119));
#8646 = CARTESIAN_POINT('',(-4.013028552681,-2.052580674516));
#8647 = CARTESIAN_POINT('',(-4.012846416677,-2.356993706119));
#8648 = CARTESIAN_POINT('',(-4.012664240069,-2.661406731022));
#8649 = CARTESIAN_POINT('',(-4.012482022979,-2.965819749245));
#8650 = ( GEOMETRIC_REPRESENTATION_CONTEXT(2) 
PARAMETRIC_REPRESENTATION_CONTEXT() REPRESENTATION_CONTEXT('2D SPACE',''
  ) );
#8651 = PCURVE('',#4230,#8652);
#8652 = DEFINITIONAL_REPRESENTATION('',(#8653),#8662);
#8653 = B_SPLINE_CURVE_WITH_KNOTS('',4,(#8654,#8655,#8656,#8657,#8658,
    #8659,#8660,#8661),.UNSPECIFIED.,.F.,.F.,(5,3,5),(0.,0.420000025981,
    1.),.UNSPECIFIED.);
#8654 = CARTESIAN_POINT('',(2.1,4.44778225791));
#8655 = CARTESIAN_POINT('',(1.879500009808,4.447636208009));
#8656 = CARTESIAN_POINT('',(1.659000013102,4.447490135004));
#8657 = CARTESIAN_POINT('',(1.438500009837,4.447344038738));
#8658 = CARTESIAN_POINT('',(0.913500018893,4.44699613501));
#8659 = CARTESIAN_POINT('',(0.609000025268,4.446794306464));
#8660 = CARTESIAN_POINT('',(0.304500018958,4.446592432925));
#8661 = CARTESIAN_POINT('',(0.,4.446390514527));
#8662 = ( GEOMETRIC_REPRESENTATION_CONTEXT(2) 
PARAMETRIC_REPRESENTATION_CONTEXT() REPRESENTATION_CONTEXT('2D SPACE',''
  ) );
#8663 = ORIENTED_EDGE('',*,*,#4662,.F.);
#8664 = FACE_BOUND('',#8665,.F.);
#8665 = EDGE_LOOP('',(#8666,#8667,#8703,#8704));
#8666 = ORIENTED_EDGE('',*,*,#3446,.T.);
#8667 = ORIENTED_EDGE('',*,*,#8668,.T.);
#8668 = EDGE_CURVE('',#3386,#5300,#8669,.T.);
#8669 = SURFACE_CURVE('',#8670,(#8679,#8691),.PCURVE_S1.);
#8670 = B_SPLINE_CURVE_WITH_KNOTS('',4,(#8671,#8672,#8673,#8674,#8675,
    #8676,#8677,#8678),.UNSPECIFIED.,.F.,.F.,(5,3,5),(0.,0.406999988264,
    1.),.UNSPECIFIED.);
#8671 = CARTESIAN_POINT('',(4.063145406525,-3.245127024546,
    46.628221908802));
#8672 = CARTESIAN_POINT('',(4.062895771258,-3.245439586852,
    46.841860181994));
#8673 = CARTESIAN_POINT('',(4.062646133183,-3.245752086929,
    47.055498456653));
#8674 = CARTESIAN_POINT('',(4.062396492194,-3.246064524946,
    47.269136732772));
#8675 = CARTESIAN_POINT('',(4.061783116454,-3.246832033589,
    47.794046520825));
#8676 = CARTESIAN_POINT('',(4.06141937838,-3.247287034631,
    48.105318034395));
#8677 = CARTESIAN_POINT('',(4.061055633978,-3.247741904283,
    48.416589551053));
#8678 = CARTESIAN_POINT('',(4.060691883023,-3.248196642931,
    48.727861070783));
#8679 = PCURVE('',#1537,#8680);
#8680 = DEFINITIONAL_REPRESENTATION('',(#8681),#8690);
#8681 = B_SPLINE_CURVE_WITH_KNOTS('',4,(#8682,#8683,#8684,#8685,#8686,
    #8687,#8688,#8689),.UNSPECIFIED.,.F.,.F.,(5,3,5),(0.,0.406999988264,
    1.),.UNSPECIFIED.);
#8682 = CARTESIAN_POINT('',(-5.609253660583,-4.628221908802));
#8683 = CARTESIAN_POINT('',(-5.60917673439,-4.841860181994));
#8684 = CARTESIAN_POINT('',(-5.609099817212,-5.055498456653));
#8685 = CARTESIAN_POINT('',(-5.609022909007,-5.269136732772));
#8686 = CARTESIAN_POINT('',(-5.608833967378,-5.794046520825));
#8687 = CARTESIAN_POINT('',(-5.608721944008,-6.105318034395));
#8688 = CARTESIAN_POINT('',(-5.608609939613,-6.416589551053));
#8689 = CARTESIAN_POINT('',(-5.608497954103,-6.727861070783));
#8690 = ( GEOMETRIC_REPRESENTATION_CONTEXT(2) 
PARAMETRIC_REPRESENTATION_CONTEXT() REPRESENTATION_CONTEXT('2D SPACE',''
  ) );
#8691 = PCURVE('',#5388,#8692);
#8692 = DEFINITIONAL_REPRESENTATION('',(#8693),#8702);
#8693 = B_SPLINE_CURVE_WITH_KNOTS('',4,(#8694,#8695,#8696,#8697,#8698,
    #8699,#8700,#8701),.UNSPECIFIED.,.F.,.F.,(5,3,5),(0.,0.406999988264,
    1.),.UNSPECIFIED.);
#8694 = CARTESIAN_POINT('',(2.1,13.17848000638));
#8695 = CARTESIAN_POINT('',(1.886324995754,13.178394757955));
#8696 = CARTESIAN_POINT('',(1.672649994345,13.178309519519));
#8697 = CARTESIAN_POINT('',(1.458974995762,13.17822429103));
#8698 = CARTESIAN_POINT('',(0.933974991037,13.178014908822));
#8699 = CARTESIAN_POINT('',(0.62264998806,13.177890766247));
#8700 = CARTESIAN_POINT('',(0.311324991057,13.177766644701));
#8701 = CARTESIAN_POINT('',(0.,13.177642544084));
#8702 = ( GEOMETRIC_REPRESENTATION_CONTEXT(2) 
PARAMETRIC_REPRESENTATION_CONTEXT() REPRESENTATION_CONTEXT('2D SPACE',''
  ) );
#8703 = ORIENTED_EDGE('',*,*,#5299,.F.);
#8704 = ORIENTED_EDGE('',*,*,#8705,.F.);
#8705 = EDGE_CURVE('',#3447,#5243,#8706,.T.);
#8706 = SURFACE_CURVE('',#8707,(#8716,#8728),.PCURVE_S1.);
#8707 = B_SPLINE_CURVE_WITH_KNOTS('',4,(#8708,#8709,#8710,#8711,#8712,
    #8713,#8714,#8715),.UNSPECIFIED.,.F.,.F.,(5,3,5),(0.,0.431000010075,
    1.),.UNSPECIFIED.);
#8708 = CARTESIAN_POINT('',(0.880141602319,-5.124973244795,
    46.281205235731));
#8709 = CARTESIAN_POINT('',(0.880486459087,-5.124914020527,
    46.507512360074));
#8710 = CARTESIAN_POINT('',(0.880831266713,-5.124854772846,
    46.733819483081));
#8711 = CARTESIAN_POINT('',(0.881176027674,-5.124795501344,
    46.960126604826));
#8712 = CARTESIAN_POINT('',(0.881975824463,-5.124657925978,
    47.485201117907));
#8713 = CARTESIAN_POINT('',(0.882430824699,-5.124579604591,
    47.783968508277));
#8714 = CARTESIAN_POINT('',(0.882885742817,-5.124501241892,
    48.082735896426));
#8715 = CARTESIAN_POINT('',(0.883340577005,-5.124422838234,
    48.381503282299));
#8716 = PCURVE('',#1537,#8717);
#8717 = DEFINITIONAL_REPRESENTATION('',(#8718),#8727);
#8718 = B_SPLINE_CURVE_WITH_KNOTS('',4,(#8719,#8720,#8721,#8722,#8723,
    #8724,#8725,#8726),.UNSPECIFIED.,.F.,.F.,(5,3,5),(0.,0.431000010075,
    1.),.UNSPECIFIED.);
#8719 = CARTESIAN_POINT('',(-4.882465738752,-4.281205235731));
#8720 = CARTESIAN_POINT('',(-4.882533028229,-4.507512360074));
#8721 = CARTESIAN_POINT('',(-4.882600309153,-4.733819483081));
#8722 = CARTESIAN_POINT('',(-4.88266758201,-4.960126604826));
#8723 = CARTESIAN_POINT('',(-4.882823647953,-5.485201117907));
#8724 = CARTESIAN_POINT('',(-4.882912434865,-5.783968508277));
#8725 = CARTESIAN_POINT('',(-4.883001207563,-6.082735896426));
#8726 = CARTESIAN_POINT('',(-4.883089965693,-6.381503282299));
#8727 = ( GEOMETRIC_REPRESENTATION_CONTEXT(2) 
PARAMETRIC_REPRESENTATION_CONTEXT() REPRESENTATION_CONTEXT('2D SPACE',''
  ) );
#8728 = PCURVE('',#3558,#8729);
#8729 = DEFINITIONAL_REPRESENTATION('',(#8730),#8739);
#8730 = B_SPLINE_CURVE_WITH_KNOTS('',4,(#8731,#8732,#8733,#8734,#8735,
    #8736,#8737,#8738),.UNSPECIFIED.,.F.,.F.,(5,3,5),(0.,0.431000010075,
    1.),.UNSPECIFIED.);
#8731 = CARTESIAN_POINT('',(2.1,12.373095439707));
#8732 = CARTESIAN_POINT('',(1.873725004034,12.37317000586));
#8733 = CARTESIAN_POINT('',(1.64745000532,12.373244562536));
#8734 = CARTESIAN_POINT('',(1.421175004015,12.37331911027));
#8735 = CARTESIAN_POINT('',(0.896175006973,12.373492053162));
#8736 = CARTESIAN_POINT('',(0.597450009253,12.373590441477));
#8737 = CARTESIAN_POINT('',(0.298725006966,12.373688814039));
#8738 = CARTESIAN_POINT('',(0.,12.373787170457));
#8739 = ( GEOMETRIC_REPRESENTATION_CONTEXT(2) 
PARAMETRIC_REPRESENTATION_CONTEXT() REPRESENTATION_CONTEXT('2D SPACE',''
  ) );
#8740 = FACE_BOUND('',#8741,.F.);
#8741 = EDGE_LOOP('',(#8742,#8743,#8788,#8789));
#8742 = ORIENTED_EDGE('',*,*,#4118,.T.);
#8743 = ORIENTED_EDGE('',*,*,#8744,.T.);
#8744 = EDGE_CURVE('',#4058,#4781,#8745,.T.);
#8745 = SURFACE_CURVE('',#8746,(#8758,#8773),.PCURVE_S1.);
#8746 = B_SPLINE_CURVE_WITH_KNOTS('',4,(#8747,#8748,#8749,#8750,#8751,
    #8752,#8753,#8754,#8755,#8756,#8757),.UNSPECIFIED.,.F.,.F.,(5,3,3,5)
  ,(0.,0.391999988207,0.773999991357,1.),.UNSPECIFIED.);
#8747 = CARTESIAN_POINT('',(4.063144745954,-3.245127851631,
    43.628221811582));
#8748 = CARTESIAN_POINT('',(4.062904441972,-3.245428730335,
    43.83398645754));
#8749 = CARTESIAN_POINT('',(4.06266413584,-3.245729550808,44.03975110488
    ));
#8750 = CARTESIAN_POINT('',(4.062423827599,-3.246030313032,
    44.245515753603));
#8751 = CARTESIAN_POINT('',(4.061949336993,-3.246624050366,
    44.651795963267));
#8752 = CARTESIAN_POINT('',(4.061715154753,-3.246917028383,
    44.85231152414));
#8753 = CARTESIAN_POINT('',(4.061480970378,-3.247209951308,
    45.052827086318));
#8754 = CARTESIAN_POINT('',(4.061108233668,-3.247676086627,
    45.371972279918));
#8755 = CARTESIAN_POINT('',(4.060969682767,-3.247849334754,
    45.490601910495));
#8756 = CARTESIAN_POINT('',(4.060831131052,-3.248022563696,
    45.609231541525));
#8757 = CARTESIAN_POINT('',(4.060692578573,-3.248195773398,
    45.72786117301));
#8758 = PCURVE('',#1537,#8759);
#8759 = DEFINITIONAL_REPRESENTATION('',(#8760),#8772);
#8760 = B_SPLINE_CURVE_WITH_KNOTS('',4,(#8761,#8762,#8763,#8764,#8765,
    #8766,#8767,#8768,#8769,#8770,#8771),.UNSPECIFIED.,.F.,.F.,(5,3,3,5)
  ,(0.,0.391999988207,0.773999991357,1.),.UNSPECIFIED.);
#8761 = CARTESIAN_POINT('',(-5.609253457025,-1.628221811582));
#8762 = CARTESIAN_POINT('',(-5.609179406327,-1.83398645754));
#8763 = CARTESIAN_POINT('',(-5.609105364122,-2.03975110488));
#8764 = CARTESIAN_POINT('',(-5.609031330414,-2.245515753603));
#8765 = CARTESIAN_POINT('',(-5.608885168299,-2.651795963267));
#8766 = CARTESIAN_POINT('',(-5.60881303947,-2.85231152414));
#8767 = CARTESIAN_POINT('',(-5.60874091866,-3.052827086318));
#8768 = CARTESIAN_POINT('',(-5.608626142252,-3.371972279918));
#8769 = CARTESIAN_POINT('',(-5.608583481459,-3.490601910495));
#8770 = CARTESIAN_POINT('',(-5.60854082345,-3.609231541525));
#8771 = CARTESIAN_POINT('',(-5.608498168238,-3.72786117301));
#8772 = ( GEOMETRIC_REPRESENTATION_CONTEXT(2) 
PARAMETRIC_REPRESENTATION_CONTEXT() REPRESENTATION_CONTEXT('2D SPACE',''
  ) );
#8773 = PCURVE('',#4869,#8774);
#8774 = DEFINITIONAL_REPRESENTATION('',(#8775),#8787);
#8775 = B_SPLINE_CURVE_WITH_KNOTS('',4,(#8776,#8777,#8778,#8779,#8780,
    #8781,#8782,#8783,#8784,#8785,#8786),.UNSPECIFIED.,.F.,.F.,(5,3,3,5)
  ,(0.,0.391999988207,0.773999991357,1.),.UNSPECIFIED.);
#8776 = CARTESIAN_POINT('',(2.1,6.215835340326));
#8777 = CARTESIAN_POINT('',(1.894199995992,6.215753278482));
#8778 = CARTESIAN_POINT('',(1.688399994658,6.215671226049));
#8779 = CARTESIAN_POINT('',(1.482599995998,6.215589183034));
#8780 = CARTESIAN_POINT('',(1.076249996212,6.215427208429));
#8781 = CARTESIAN_POINT('',(0.875699994952,6.215347276371));
#8782 = CARTESIAN_POINT('',(0.675149996216,6.215267353201));
#8783 = CARTESIAN_POINT('',(0.355949998679,6.215140159754));
#8784 = CARTESIAN_POINT('',(0.237299998241,6.215092883721));
#8785 = CARTESIAN_POINT('',(0.11864999868,6.215045610773));
#8786 = CARTESIAN_POINT('',(0.,6.214998340925));
#8787 = ( GEOMETRIC_REPRESENTATION_CONTEXT(2) 
PARAMETRIC_REPRESENTATION_CONTEXT() REPRESENTATION_CONTEXT('2D SPACE',''
  ) );
#8788 = ORIENTED_EDGE('',*,*,#4780,.F.);
#8789 = ORIENTED_EDGE('',*,*,#8790,.F.);
#8790 = EDGE_CURVE('',#4119,#4724,#8791,.T.);
#8791 = SURFACE_CURVE('',#8792,(#8801,#8813),.PCURVE_S1.);
#8792 = B_SPLINE_CURVE_WITH_KNOTS('',4,(#8793,#8794,#8795,#8796,#8797,
    #8798,#8799,#8800),.UNSPECIFIED.,.F.,.F.,(5,3,5),(0.,0.433000010094,
    1.),.UNSPECIFIED.);
#8793 = CARTESIAN_POINT('',(0.880141494396,-5.12497326333,
    43.281205225693));
#8794 = CARTESIAN_POINT('',(0.880487980903,-5.124913759185,
    43.508562501839));
#8795 = CARTESIAN_POINT('',(0.88083441884,-5.124854231226,
    43.735919776667));
#8796 = CARTESIAN_POINT('',(0.881180808083,-5.124794679494,
    43.963277050174));
#8797 = CARTESIAN_POINT('',(0.881980671408,-5.124657091653,
    44.488351569562));
#8798 = CARTESIAN_POINT('',(0.882434110345,-5.124579038626,
    44.786068814488));
#8799 = CARTESIAN_POINT('',(0.8828874678,-5.124500944557,45.08378605721)
  );
#8800 = CARTESIAN_POINT('',(0.883340741886,-5.124422809812,
    45.381503297671));
#8801 = PCURVE('',#1537,#8802);
#8802 = DEFINITIONAL_REPRESENTATION('',(#8803),#8812);
#8803 = B_SPLINE_CURVE_WITH_KNOTS('',4,(#8804,#8805,#8806,#8807,#8808,
    #8809,#8810,#8811),.UNSPECIFIED.,.F.,.F.,(5,3,5),(0.,0.433000010094,
    1.),.UNSPECIFIED.);
#8804 = CARTESIAN_POINT('',(-4.882465717694,-1.281205225693));
#8805 = CARTESIAN_POINT('',(-4.88253332517,-1.508562501839));
#8806 = CARTESIAN_POINT('',(-4.882600924215,-1.735919776667));
#8807 = CARTESIAN_POINT('',(-4.882668514806,-1.963277050174));
#8808 = CARTESIAN_POINT('',(-4.882824593766,-2.488351569562));
#8809 = CARTESIAN_POINT('',(-4.882913076026,-2.786068814488));
#8810 = CARTESIAN_POINT('',(-4.883001544182,-3.08378605721));
#8811 = CARTESIAN_POINT('',(-4.883089997868,-3.381503297671));
#8812 = ( GEOMETRIC_REPRESENTATION_CONTEXT(2) 
PARAMETRIC_REPRESENTATION_CONTEXT() REPRESENTATION_CONTEXT('2D SPACE',''
  ) );
#8813 = PCURVE('',#4230,#8814);
#8814 = DEFINITIONAL_REPRESENTATION('',(#8815),#8824);
#8815 = B_SPLINE_CURVE_WITH_KNOTS('',4,(#8816,#8817,#8818,#8819,#8820,
    #8821,#8822,#8823),.UNSPECIFIED.,.F.,.F.,(5,3,5),(0.,0.433000010094,
    1.),.UNSPECIFIED.);
#8816 = CARTESIAN_POINT('',(2.1,5.410450975913));
#8817 = CARTESIAN_POINT('',(1.872675004064,5.410525894452));
#8818 = CARTESIAN_POINT('',(1.645350005419,5.410600803648));
#8819 = CARTESIAN_POINT('',(1.418025004059,5.410675703475));
#8820 = CARTESIAN_POINT('',(0.893025006923,5.410848660787));
#8821 = CARTESIAN_POINT('',(0.595350009185,5.410946711503));
#8822 = CARTESIAN_POINT('',(0.297675006917,5.411044746589));
#8823 = CARTESIAN_POINT('',(0.,5.411142765639));
#8824 = ( GEOMETRIC_REPRESENTATION_CONTEXT(2) 
PARAMETRIC_REPRESENTATION_CONTEXT() REPRESENTATION_CONTEXT('2D SPACE',''
  ) );
#8825 = ADVANCED_FACE('',(#8826),#4230,.F.);
#8826 = FACE_BOUND('',#8827,.F.);
#8827 = EDGE_LOOP('',(#8828,#8829,#8830,#8831));
#8828 = ORIENTED_EDGE('',*,*,#4723,.F.);
#8829 = ORIENTED_EDGE('',*,*,#8628,.F.);
#8830 = ORIENTED_EDGE('',*,*,#4179,.T.);
#8831 = ORIENTED_EDGE('',*,*,#8790,.T.);
#8832 = ADVANCED_FACE('',(#8833),#3753,.F.);
#8833 = FACE_BOUND('',#8834,.F.);
#8834 = EDGE_LOOP('',(#8835,#8836,#8837,#8838));
#8835 = ORIENTED_EDGE('',*,*,#5124,.F.);
#8836 = ORIENTED_EDGE('',*,*,#8502,.F.);
#8837 = ORIENTED_EDGE('',*,*,#3702,.T.);
#8838 = ORIENTED_EDGE('',*,*,#8541,.T.);
#8839 = ADVANCED_FACE('',(#8840),#3558,.F.);
#8840 = FACE_BOUND('',#8841,.F.);
#8841 = EDGE_LOOP('',(#8842,#8843,#8844,#8845));
#8842 = ORIENTED_EDGE('',*,*,#5242,.F.);
#8843 = ORIENTED_EDGE('',*,*,#8587,.F.);
#8844 = ORIENTED_EDGE('',*,*,#3507,.T.);
#8845 = ORIENTED_EDGE('',*,*,#8705,.T.);
#8846 = ADVANCED_FACE('',(#8847),#3081,.F.);
#8847 = FACE_BOUND('',#8848,.F.);
#8848 = EDGE_LOOP('',(#8849,#8850,#8851,#8852));
#8849 = ORIENTED_EDGE('',*,*,#5643,.F.);
#8850 = ORIENTED_EDGE('',*,*,#8274,.F.);
#8851 = ORIENTED_EDGE('',*,*,#3030,.T.);
#8852 = ORIENTED_EDGE('',*,*,#8313,.T.);
#8853 = ADVANCED_FACE('',(#8854),#2886,.F.);
#8854 = FACE_BOUND('',#8855,.F.);
#8855 = EDGE_LOOP('',(#8856,#8857,#8858,#8859));
#8856 = ORIENTED_EDGE('',*,*,#5761,.F.);
#8857 = ORIENTED_EDGE('',*,*,#8350,.F.);
#8858 = ORIENTED_EDGE('',*,*,#2835,.T.);
#8859 = ORIENTED_EDGE('',*,*,#8427,.T.);
#8860 = ADVANCED_FACE('',(#8861),#2409,.F.);
#8861 = FACE_BOUND('',#8862,.F.);
#8862 = EDGE_LOOP('',(#8863,#8864,#8865,#8866));
#8863 = ORIENTED_EDGE('',*,*,#6162,.F.);
#8864 = ORIENTED_EDGE('',*,*,#8104,.F.);
#8865 = ORIENTED_EDGE('',*,*,#2358,.T.);
#8866 = ORIENTED_EDGE('',*,*,#8143,.T.);
#8867 = ADVANCED_FACE('',(#8868),#2119,.F.);
#8868 = FACE_BOUND('',#8869,.F.);
#8869 = EDGE_LOOP('',(#8870,#8871,#8872,#8873,#8874,#8912,#9009,#9045,
    #9046,#9047,#9048,#9070));
#8870 = ORIENTED_EDGE('',*,*,#6280,.F.);
#8871 = ORIENTED_EDGE('',*,*,#8189,.F.);
#8872 = ORIENTED_EDGE('',*,*,#2240,.T.);
#8873 = ORIENTED_EDGE('',*,*,#7382,.T.);
#8874 = ORIENTED_EDGE('',*,*,#8875,.T.);
#8875 = EDGE_CURVE('',#7354,#8876,#8878,.T.);
#8876 = VERTEX_POINT('',#8877);
#8877 = CARTESIAN_POINT('',(0.882760139087,-5.124522859432,54.));
#8878 = SURFACE_CURVE('',#8879,(#8888,#8900),.PCURVE_S1.);
#8879 = B_SPLINE_CURVE_WITH_KNOTS('',4,(#8880,#8881,#8882,#8883,#8884,
    #8885,#8886,#8887),.UNSPECIFIED.,.F.,.F.,(5,3,5),(0.,0.490005719309,
    1.),.UNSPECIFIED.);
#8880 = CARTESIAN_POINT('',(0.880141223446,-5.124973309861,
    52.281205200486));
#8881 = CARTESIAN_POINT('',(0.880462171856,-5.12491819154,
    52.491760097961));
#8882 = CARTESIAN_POINT('',(0.880783077627,-5.124863052952,
    52.702314994277));
#8883 = CARTESIAN_POINT('',(0.881103943204,-5.124807893692,
    52.912869889508));
#8884 = CARTESIAN_POINT('',(0.881758677427,-5.124695283583,
    53.342568739524));
#8885 = CARTESIAN_POINT('',(0.882092543134,-5.124637830945,
    53.561712694232));
#8886 = CARTESIAN_POINT('',(0.882426363939,-5.124580356179,
    53.780856647722));
#8887 = CARTESIAN_POINT('',(0.882760139969,-5.12452285928,54.0000006));
#8888 = PCURVE('',#2119,#8889);
#8889 = DEFINITIONAL_REPRESENTATION('',(#8890),#8899);
#8890 = B_SPLINE_CURVE_WITH_KNOTS('',4,(#8891,#8892,#8893,#8894,#8895,
    #8896,#8897,#8898),.UNSPECIFIED.,.F.,.F.,(5,3,5),(0.,0.490005719309,
    1.),.UNSPECIFIED.);
#8891 = CARTESIAN_POINT('',(2.1,26.298384238742));
#8892 = CARTESIAN_POINT('',(1.889475003491,26.29845363534));
#8893 = CARTESIAN_POINT('',(1.678950004597,26.298523023712));
#8894 = CARTESIAN_POINT('',(1.468425003472,26.298592404388));
#8895 = CARTESIAN_POINT('',(1.038787154001,26.298733979422));
#8896 = CARTESIAN_POINT('',(0.819674305495,26.298806173228));
#8897 = CARTESIAN_POINT('',(0.600561454486,26.298878358401));
#8898 = CARTESIAN_POINT('',(0.381448600984,26.298950534972));
#8899 = ( GEOMETRIC_REPRESENTATION_CONTEXT(2) 
PARAMETRIC_REPRESENTATION_CONTEXT() REPRESENTATION_CONTEXT('2D SPACE',''
  ) );
#8900 = PCURVE('',#7370,#8901);
#8901 = DEFINITIONAL_REPRESENTATION('',(#8902),#8911);
#8902 = B_SPLINE_CURVE_WITH_KNOTS('',4,(#8903,#8904,#8905,#8906,#8907,
    #8908,#8909,#8910),.UNSPECIFIED.,.F.,.F.,(5,3,5),(0.,0.490005719309,
    1.),.UNSPECIFIED.);
#8903 = CARTESIAN_POINT('',(-4.882465664825,-10.28120520048));
#8904 = CARTESIAN_POINT('',(-4.882528289231,-10.49176009796));
#8905 = CARTESIAN_POINT('',(-4.882590906215,-10.70231499427));
#8906 = CARTESIAN_POINT('',(-4.882653516255,-10.9128698895));
#8907 = CARTESIAN_POINT('',(-4.882781275439,-11.34256873952));
#8908 = CARTESIAN_POINT('',(-4.882846424084,-11.56171269423));
#8909 = CARTESIAN_POINT('',(-4.882911564941,-11.78085664772));
#8910 = CARTESIAN_POINT('',(-4.882976698035,-12.0000006));
#8911 = ( GEOMETRIC_REPRESENTATION_CONTEXT(2) 
PARAMETRIC_REPRESENTATION_CONTEXT() REPRESENTATION_CONTEXT('2D SPACE',''
  ) );
#8912 = ORIENTED_EDGE('',*,*,#8913,.F.);
#8913 = EDGE_CURVE('',#8914,#8876,#8916,.T.);
#8914 = VERTEX_POINT('',#8915);
#8915 = CARTESIAN_POINT('',(4.061544151638,-3.247130903473,54.));
#8916 = SURFACE_CURVE('',#8917,(#8944,#8974),.PCURVE_S1.);
#8917 = B_SPLINE_CURVE_WITH_KNOTS('',5,(#8918,#8919,#8920,#8921,#8922,
    #8923,#8924,#8925,#8926,#8927,#8928,#8929,#8930,#8931,#8932,#8933,
    #8934,#8935,#8936,#8937,#8938,#8939,#8940,#8941,#8942,#8943),
  .UNSPECIFIED.,.F.,.F.,(6,4,4,4,4,4,6),(0.,0.115050032702,
    0.263769016137,0.434926964338,0.642563212078,0.841786747465,1.),
  .UNSPECIFIED.);
#8918 = CARTESIAN_POINT('',(5.2,-4.409081049524E-09,54.));
#8919 = CARTESIAN_POINT('',(5.20000000207,-0.18754882269,54.));
#8920 = CARTESIAN_POINT('',(5.191546441611,-0.375098758704,54.));
#8921 = CARTESIAN_POINT('',(5.174639215171,-0.562139660533,54.));
#8922 = CARTESIAN_POINT('',(5.149323438058,-0.748165500759,54.));
#8923 = CARTESIAN_POINT('',(5.072212591391,-1.171179066842,54.));
#8924 = CARTESIAN_POINT('',(5.01483603549,-1.407152149306,54.));
#8925 = CARTESIAN_POINT('',(4.943756254836,-1.639506656013,54.));
#8926 = CARTESIAN_POINT('',(4.859293253744,-1.867193198485,54.));
#8927 = CARTESIAN_POINT('',(4.649791593364,-2.344703483111,54.));
#8928 = CARTESIAN_POINT('',(4.520550716679,-2.592690448354,54.));
#8929 = CARTESIAN_POINT('',(4.374845968506,-2.831617149212,54.));
#8930 = CARTESIAN_POINT('',(4.213550161644,-3.060055805699,54.));
#8931 = CARTESIAN_POINT('',(3.824429458909,-3.539513062322,54.));
#8932 = CARTESIAN_POINT('',(3.589741210736,-3.784980242471,54.));
#8933 = CARTESIAN_POINT('',(3.335566976961,-4.010759811756,54.));
#8934 = CARTESIAN_POINT('',(3.06414139527,-4.214869752928,54.));
#8935 = CARTESIAN_POINT('',(2.503478663862,-4.569196971262,54.));
#8936 = CARTESIAN_POINT('',(2.215393459676,-4.721272539107,54.));
#8937 = CARTESIAN_POINT('',(1.916009853608,-4.850501974542,54.));
#8938 = CARTESIAN_POINT('',(1.607749355399,-4.955838198548,54.));
#8939 = CARTESIAN_POINT('',(1.043384761325,-5.10076484754,54.));
#8940 = CARTESIAN_POINT('',(0.78959876274,-5.14942778977,54.));
#8941 = CARTESIAN_POINT('',(0.533120921635,-5.182273206259,54.));
#8942 = CARTESIAN_POINT('',(0.275261976446,-5.199132380858,54.));
#8943 = CARTESIAN_POINT('',(1.735205691876E-02,-5.2,54.));
#8944 = PCURVE('',#2119,#8945);
#8945 = DEFINITIONAL_REPRESENTATION('',(#8946),#8973);
#8946 = B_SPLINE_CURVE_WITH_KNOTS('',5,(#8947,#8948,#8949,#8950,#8951,
    #8952,#8953,#8954,#8955,#8956,#8957,#8958,#8959,#8960,#8961,#8962,
    #8963,#8964,#8965,#8966,#8967,#8968,#8969,#8970,#8971,#8972),
  .UNSPECIFIED.,.F.,.F.,(6,4,4,4,4,4,6),(0.,0.115050032702,
    0.263769016137,0.434926964338,0.642563212078,0.841786747465,1.),
  .UNSPECIFIED.);
#8947 = CARTESIAN_POINT('',(1.050000051712,27.850577761866));
#8948 = CARTESIAN_POINT('',(1.032779274845,27.810610396328));
#8949 = CARTESIAN_POINT('',(1.015559320184,27.770644934988));
#8950 = CARTESIAN_POINT('',(0.998339638714,27.730680104583));
#8951 = CARTESIAN_POINT('',(0.981119911954,27.690715166695));
#8952 = CARTESIAN_POINT('',(0.941640866006,27.59908899201));
#8953 = CARTESIAN_POINT('',(0.919381330201,27.547427251251));
#8954 = CARTESIAN_POINT('',(0.897121291577,27.495764341574));
#8955 = CARTESIAN_POINT('',(0.874860788782,27.444100353456));
#8956 = CARTESIAN_POINT('',(0.826980578827,27.332976060553));
#8957 = CARTESIAN_POINT('',(0.801360304572,27.27351443939));
#8958 = CARTESIAN_POINT('',(0.775740533012,27.214053984707));
#8959 = CARTESIAN_POINT('',(0.750120045345,27.154591868106));
#8960 = CARTESIAN_POINT('',(0.693419758594,27.022997220369));
#8961 = CARTESIAN_POINT('',(0.662338667324,26.950861690329));
#8962 = CARTESIAN_POINT('',(0.631259747076,26.87873119954));
#8963 = CARTESIAN_POINT('',(0.600179313145,26.806597196131));
#8964 = CARTESIAN_POINT('',(0.53928001663,26.665257147533));
#8965 = CARTESIAN_POINT('',(0.509459381785,26.59604698911));
#8966 = CARTESIAN_POINT('',(0.479640347686,26.52684054601));
#8967 = CARTESIAN_POINT('',(0.449819821771,26.457630640614));
#8968 = CARTESIAN_POINT('',(0.396318699637,26.333460878641));
#8969 = CARTESIAN_POINT('',(0.372637070079,26.278498623828));
#8970 = CARTESIAN_POINT('',(0.348955890669,26.22353741367));
#8971 = CARTESIAN_POINT('',(0.325274193573,26.168575001905));
#8972 = CARTESIAN_POINT('',(0.301592745248,26.113613167384));
#8973 = ( GEOMETRIC_REPRESENTATION_CONTEXT(2) 
PARAMETRIC_REPRESENTATION_CONTEXT() REPRESENTATION_CONTEXT('2D SPACE',''
  ) );
#8974 = PCURVE('',#8975,#8980);
#8975 = PLANE('',#8976);
#8976 = AXIS2_PLACEMENT_3D('',#8977,#8978,#8979);
#8977 = CARTESIAN_POINT('',(-3.944538843864E-16,5.069714440537E-17,54.)
  );
#8978 = DIRECTION('',(0.,0.,1.));
#8979 = DIRECTION('',(1.,0.,-0.));
#8980 = DEFINITIONAL_REPRESENTATION('',(#8981),#9008);
#8981 = B_SPLINE_CURVE_WITH_KNOTS('',5,(#8982,#8983,#8984,#8985,#8986,
    #8987,#8988,#8989,#8990,#8991,#8992,#8993,#8994,#8995,#8996,#8997,
    #8998,#8999,#9000,#9001,#9002,#9003,#9004,#9005,#9006,#9007),
  .UNSPECIFIED.,.F.,.F.,(6,4,4,4,4,4,6),(0.,0.115050032702,
    0.263769016137,0.434926964338,0.642563212078,0.841786747465,1.),
  .UNSPECIFIED.);
#8982 = CARTESIAN_POINT('',(5.2,-4.409081100221E-09));
#8983 = CARTESIAN_POINT('',(5.20000000207,-0.18754882269));
#8984 = CARTESIAN_POINT('',(5.191546441611,-0.375098758704));
#8985 = CARTESIAN_POINT('',(5.174639215171,-0.562139660533));
#8986 = CARTESIAN_POINT('',(5.149323438058,-0.748165500759));
#8987 = CARTESIAN_POINT('',(5.072212591391,-1.171179066842));
#8988 = CARTESIAN_POINT('',(5.01483603549,-1.407152149306));
#8989 = CARTESIAN_POINT('',(4.943756254836,-1.639506656013));
#8990 = CARTESIAN_POINT('',(4.859293253744,-1.867193198485));
#8991 = CARTESIAN_POINT('',(4.649791593364,-2.344703483111));
#8992 = CARTESIAN_POINT('',(4.520550716679,-2.592690448354));
#8993 = CARTESIAN_POINT('',(4.374845968506,-2.831617149212));
#8994 = CARTESIAN_POINT('',(4.213550161644,-3.060055805699));
#8995 = CARTESIAN_POINT('',(3.824429458909,-3.539513062322));
#8996 = CARTESIAN_POINT('',(3.589741210736,-3.784980242471));
#8997 = CARTESIAN_POINT('',(3.335566976961,-4.010759811756));
#8998 = CARTESIAN_POINT('',(3.06414139527,-4.214869752928));
#8999 = CARTESIAN_POINT('',(2.503478663862,-4.569196971262));
#9000 = CARTESIAN_POINT('',(2.215393459676,-4.721272539107));
#9001 = CARTESIAN_POINT('',(1.916009853608,-4.850501974542));
#9002 = CARTESIAN_POINT('',(1.607749355399,-4.955838198548));
#9003 = CARTESIAN_POINT('',(1.043384761325,-5.10076484754));
#9004 = CARTESIAN_POINT('',(0.78959876274,-5.14942778977));
#9005 = CARTESIAN_POINT('',(0.533120921635,-5.182273206259));
#9006 = CARTESIAN_POINT('',(0.275261976446,-5.199132380858));
#9007 = CARTESIAN_POINT('',(1.735205691876E-02,-5.2));
#9008 = ( GEOMETRIC_REPRESENTATION_CONTEXT(2) 
PARAMETRIC_REPRESENTATION_CONTEXT() REPRESENTATION_CONTEXT('2D SPACE',''
  ) );
#9009 = ORIENTED_EDGE('',*,*,#9010,.F.);
#9010 = EDGE_CURVE('',#7420,#8914,#9011,.T.);
#9011 = SURFACE_CURVE('',#9012,(#9021,#9033),.PCURVE_S1.);
#9012 = B_SPLINE_CURVE_WITH_KNOTS('',4,(#9013,#9014,#9015,#9016,#9017,
    #9018,#9019,#9020),.UNSPECIFIED.,.F.,.F.,(5,3,5),(0.,0.626013909065,
    1.),.UNSPECIFIED.);
#9013 = CARTESIAN_POINT('',(4.063140590001,-3.24513305519,
    52.628221199929));
#9014 = CARTESIAN_POINT('',(4.062890740234,-3.245445885115,
    52.842909442152));
#9015 = CARTESIAN_POINT('',(4.062640891164,-3.245758648309,
    53.05759768602));
#9016 = CARTESIAN_POINT('',(4.062391042729,-3.24607134489,
    53.272285931529));
#9017 = CARTESIAN_POINT('',(4.061991933586,-3.246570742898,
    53.615230783131));
#9018 = CARTESIAN_POINT('',(4.061842672522,-3.246757487075,
    53.74348738817));
#9019 = CARTESIAN_POINT('',(4.061693411626,-3.246944207572,
    53.871743993795));
#9020 = CARTESIAN_POINT('',(4.061544150922,-3.247130904369,54.0000006));
#9021 = PCURVE('',#2119,#9022);
#9022 = DEFINITIONAL_REPRESENTATION('',(#9023),#9032);
#9023 = B_SPLINE_CURVE_WITH_KNOTS('',4,(#9024,#9025,#9026,#9027,#9028,
    #9029,#9030,#9031),.UNSPECIFIED.,.F.,.F.,(5,3,5),(0.,0.626013909065,
    1.),.UNSPECIFIED.);
#9024 = CARTESIAN_POINT('',(2.1,27.103767242456));
#9025 = CARTESIAN_POINT('',(1.885274995234,27.103681920951));
#9026 = CARTESIAN_POINT('',(1.670549993651,27.10359661065));
#9027 = CARTESIAN_POINT('',(1.455824995243,27.103511311525));
#9028 = CARTESIAN_POINT('',(1.112821441914,27.10337507177));
#9029 = CARTESIAN_POINT('',(0.984542884955,27.103324123968));
#9030 = CARTESIAN_POINT('',(0.856264329129,27.103273180149));
#9031 = CARTESIAN_POINT('',(0.727985774427,27.103222240288));
#9032 = ( GEOMETRIC_REPRESENTATION_CONTEXT(2) 
PARAMETRIC_REPRESENTATION_CONTEXT() REPRESENTATION_CONTEXT('2D SPACE',''
  ) );
#9033 = PCURVE('',#7472,#9034);
#9034 = DEFINITIONAL_REPRESENTATION('',(#9035),#9044);
#9035 = B_SPLINE_CURVE_WITH_KNOTS('',4,(#9036,#9037,#9038,#9039,#9040,
    #9041,#9042,#9043),.UNSPECIFIED.,.F.,.F.,(5,3,5),(0.,0.626013909065,
    1.),.UNSPECIFIED.);
#9036 = CARTESIAN_POINT('',(-5.609252176352,-10.62822119992));
#9037 = CARTESIAN_POINT('',(-5.609175184203,-10.84290944215));
#9038 = CARTESIAN_POINT('',(-5.609098202165,-11.05759768602));
#9039 = CARTESIAN_POINT('',(-5.609021230212,-11.27228593152));
#9040 = CARTESIAN_POINT('',(-5.608898290613,-11.61523078313));
#9041 = CARTESIAN_POINT('',(-5.608852316503,-11.74348738817));
#9042 = CARTESIAN_POINT('',(-5.60880634597,-11.87174399379));
#9043 = CARTESIAN_POINT('',(-5.60876037902,-12.0000006));
#9044 = ( GEOMETRIC_REPRESENTATION_CONTEXT(2) 
PARAMETRIC_REPRESENTATION_CONTEXT() REPRESENTATION_CONTEXT('2D SPACE',''
  ) );
#9045 = ORIENTED_EDGE('',*,*,#7419,.F.);
#9046 = ORIENTED_EDGE('',*,*,#2068,.T.);
#9047 = ORIENTED_EDGE('',*,*,#7330,.T.);
#9048 = ORIENTED_EDGE('',*,*,#9049,.T.);
#9049 = EDGE_CURVE('',#7331,#9050,#9052,.T.);
#9050 = VERTEX_POINT('',#9051);
#9051 = CARTESIAN_POINT('',(5.2,0.,54.));
#9052 = SURFACE_CURVE('',#9053,(#9057,#9063),.PCURVE_S1.);
#9053 = LINE('',#9054,#9055);
#9054 = CARTESIAN_POINT('',(5.2,0.,42.));
#9055 = VECTOR('',#9056,1.);
#9056 = DIRECTION('',(0.,0.,1.));
#9057 = PCURVE('',#2119,#9058);
#9058 = DEFINITIONAL_REPRESENTATION('',(#9059),#9062);
#9059 = B_SPLINE_CURVE_WITH_KNOTS('',1,(#9060,#9061),.UNSPECIFIED.,.F.,
  .F.,(2,2),(10.950000051712,12.),.PIECEWISE_BEZIER_KNOTS.);
#9060 = CARTESIAN_POINT('',(2.1,27.850577761866));
#9061 = CARTESIAN_POINT('',(1.050000051712,27.850577761866));
#9062 = ( GEOMETRIC_REPRESENTATION_CONTEXT(2) 
PARAMETRIC_REPRESENTATION_CONTEXT() REPRESENTATION_CONTEXT('2D SPACE',''
  ) );
#9063 = PCURVE('',#2057,#9064);
#9064 = DEFINITIONAL_REPRESENTATION('',(#9065),#9069);
#9065 = LINE('',#9066,#9067);
#9066 = CARTESIAN_POINT('',(0.268387004799,12.000000017015));
#9067 = VECTOR('',#9068,1.);
#9068 = DIRECTION('',(-4.842602904075E-38,-1.));
#9069 = ( GEOMETRIC_REPRESENTATION_CONTEXT(2) 
PARAMETRIC_REPRESENTATION_CONTEXT() REPRESENTATION_CONTEXT('2D SPACE',''
  ) );
#9070 = ORIENTED_EDGE('',*,*,#9071,.F.);
#9071 = EDGE_CURVE('',#6281,#9050,#9072,.T.);
#9072 = SURFACE_CURVE('',#9073,(#9076,#9083),.PCURVE_S1.);
#9073 = B_SPLINE_CURVE_WITH_KNOTS('',1,(#9074,#9075),.UNSPECIFIED.,.F.,
  .F.,(2,2),(0.,2.1),.PIECEWISE_BEZIER_KNOTS.);
#9074 = CARTESIAN_POINT('',(5.200000135745,-4.40931743079E-09,
    55.050000051712));
#9075 = CARTESIAN_POINT('',(5.199999864255,-4.408783459548E-09,
    52.950000051712));
#9076 = PCURVE('',#2119,#9077);
#9077 = DEFINITIONAL_REPRESENTATION('',(#9078),#9082);
#9078 = LINE('',#9079,#9080);
#9079 = CARTESIAN_POINT('',(0.,27.850577761866));
#9080 = VECTOR('',#9081,1.);
#9081 = DIRECTION('',(1.,0.));
#9082 = ( GEOMETRIC_REPRESENTATION_CONTEXT(2) 
PARAMETRIC_REPRESENTATION_CONTEXT() REPRESENTATION_CONTEXT('2D SPACE',''
  ) );
#9083 = PCURVE('',#2057,#9084);
#9084 = DEFINITIONAL_REPRESENTATION('',(#9085),#9088);
#9085 = B_SPLINE_CURVE_WITH_KNOTS('',1,(#9086,#9087),.UNSPECIFIED.,.F.,
  .F.,(2,2),(0.,2.1),.PIECEWISE_BEZIER_KNOTS.);
#9086 = CARTESIAN_POINT('',(0.268386869054,-1.050000034697));
#9087 = CARTESIAN_POINT('',(0.268387140543,1.049999965303));
#9088 = ( GEOMETRIC_REPRESENTATION_CONTEXT(2) 
PARAMETRIC_REPRESENTATION_CONTEXT() REPRESENTATION_CONTEXT('2D SPACE',''
  ) );
#9089 = ADVANCED_FACE('',(#9090),#2057,.F.);
#9090 = FACE_BOUND('',#9091,.F.);
#9091 = EDGE_LOOP('',(#9092,#9093,#9094,#9095,#9096,#9097));
#9092 = ORIENTED_EDGE('',*,*,#2042,.T.);
#9093 = ORIENTED_EDGE('',*,*,#6362,.T.);
#9094 = ORIENTED_EDGE('',*,*,#6337,.T.);
#9095 = ORIENTED_EDGE('',*,*,#9071,.T.);
#9096 = ORIENTED_EDGE('',*,*,#9049,.F.);
#9097 = ORIENTED_EDGE('',*,*,#7330,.F.);
#9098 = ADVANCED_FACE('',(#9099),#6041,.F.);
#9099 = FACE_BOUND('',#9100,.F.);
#9100 = EDGE_LOOP('',(#9101,#9102,#9103,#9104,#9105));
#9101 = ORIENTED_EDGE('',*,*,#5990,.F.);
#9102 = ORIENTED_EDGE('',*,*,#7288,.F.);
#9103 = ORIENTED_EDGE('',*,*,#7112,.F.);
#9104 = ORIENTED_EDGE('',*,*,#2530,.T.);
#9105 = ORIENTED_EDGE('',*,*,#8067,.T.);
#9106 = ADVANCED_FACE('',(#9107),#5907,.F.);
#9107 = FACE_BOUND('',#9108,.F.);
#9108 = EDGE_LOOP('',(#9109,#9110,#9111,#9112,#9113));
#9109 = ORIENTED_EDGE('',*,*,#5856,.F.);
#9110 = ORIENTED_EDGE('',*,*,#8390,.F.);
#9111 = ORIENTED_EDGE('',*,*,#2713,.T.);
#9112 = ORIENTED_EDGE('',*,*,#7487,.F.);
#9113 = ORIENTED_EDGE('',*,*,#7288,.T.);
#9114 = ADVANCED_FACE('',(#9115),#5522,.F.);
#9115 = FACE_BOUND('',#9116,.F.);
#9116 = EDGE_LOOP('',(#9117,#9118,#9119,#9120,#9121));
#9117 = ORIENTED_EDGE('',*,*,#5471,.F.);
#9118 = ORIENTED_EDGE('',*,*,#7069,.F.);
#9119 = ORIENTED_EDGE('',*,*,#6833,.T.);
#9120 = ORIENTED_EDGE('',*,*,#3202,.T.);
#9121 = ORIENTED_EDGE('',*,*,#8228,.T.);
#9122 = ADVANCED_FACE('',(#9123),#5388,.F.);
#9123 = FACE_BOUND('',#9124,.F.);
#9124 = EDGE_LOOP('',(#9125,#9126,#9127,#9128,#9129));
#9125 = ORIENTED_EDGE('',*,*,#5337,.F.);
#9126 = ORIENTED_EDGE('',*,*,#8668,.F.);
#9127 = ORIENTED_EDGE('',*,*,#3385,.T.);
#9128 = ORIENTED_EDGE('',*,*,#7697,.T.);
#9129 = ORIENTED_EDGE('',*,*,#7069,.T.);
#9130 = ADVANCED_FACE('',(#9131),#5003,.F.);
#9131 = FACE_BOUND('',#9132,.F.);
#9132 = EDGE_LOOP('',(#9133,#9134,#9135,#9136,#9137));
#9133 = ORIENTED_EDGE('',*,*,#4952,.F.);
#9134 = ORIENTED_EDGE('',*,*,#6790,.F.);
#9135 = ORIENTED_EDGE('',*,*,#6554,.T.);
#9136 = ORIENTED_EDGE('',*,*,#3874,.T.);
#9137 = ORIENTED_EDGE('',*,*,#8465,.T.);
#9138 = ADVANCED_FACE('',(#9139),#4869,.F.);
#9139 = FACE_BOUND('',#9140,.F.);
#9140 = EDGE_LOOP('',(#9141,#9142,#9143,#9144,#9145));
#9141 = ORIENTED_EDGE('',*,*,#4818,.F.);
#9142 = ORIENTED_EDGE('',*,*,#8744,.F.);
#9143 = ORIENTED_EDGE('',*,*,#4057,.T.);
#9144 = ORIENTED_EDGE('',*,*,#7859,.T.);
#9145 = ORIENTED_EDGE('',*,*,#6790,.T.);
#9146 = ADVANCED_FACE('',(#9147),#4484,.F.);
#9147 = FACE_BOUND('',#9148,.F.);
#9148 = EDGE_LOOP('',(#9149,#9150,#9151,#9319));
#9149 = ORIENTED_EDGE('',*,*,#4433,.F.);
#9150 = ORIENTED_EDGE('',*,*,#1521,.F.);
#9151 = ORIENTED_EDGE('',*,*,#9152,.T.);
#9152 = EDGE_CURVE('',#1522,#6467,#9153,.T.);
#9153 = SURFACE_CURVE('',#9154,(#9207,#9263),.PCURVE_S1.);
#9154 = B_SPLINE_CURVE_WITH_KNOTS('',6,(#9155,#9156,#9157,#9158,#9159,
    #9160,#9161,#9162,#9163,#9164,#9165,#9166,#9167,#9168,#9169,#9170,
    #9171,#9172,#9173,#9174,#9175,#9176,#9177,#9178,#9179,#9180,#9181,
    #9182,#9183,#9184,#9185,#9186,#9187,#9188,#9189,#9190,#9191,#9192,
    #9193,#9194,#9195,#9196,#9197,#9198,#9199,#9200,#9201,#9202,#9203,
    #9204,#9205,#9206),.UNSPECIFIED.,.F.,.F.,(7,5,5,5,5,5,5,5,5,5,7),(0.
    ,8.200382675584E-02,0.188005758593,0.310001435866,0.356000007432,
    0.457998465931,0.609998029838,0.665998323145,0.783998345113,
    0.931998721019,1.),.UNSPECIFIED.);
#9155 = CARTESIAN_POINT('',(5.2,-6.223743142816E-16,42.));
#9156 = CARTESIAN_POINT('',(5.200000000002,0.156290681743,42.));
#9157 = CARTESIAN_POINT('',(5.194364291663,0.312582108576,42.));
#9158 = CARTESIAN_POINT('',(5.183092823257,0.468619204542,42.));
#9159 = CARTESIAN_POINT('',(5.166200615979,0.624148268513,42.));
#9160 = CARTESIAN_POINT('',(5.143717763942,0.778916974196,42.));
#9161 = CARTESIAN_POINT('',(5.079458721323,1.1314282777,42.));
#9162 = CARTESIAN_POINT('',(5.033961539895,1.328494446556,42.));
#9163 = CARTESIAN_POINT('',(4.979296128995,1.523329392782,42.));
#9164 = CARTESIAN_POINT('',(4.915601903096,1.715402158918,42.));
#9165 = CARTESIAN_POINT('',(4.843059452041,1.904194313952,42.));
#9166 = CARTESIAN_POINT('',(4.668474731562,2.302119547185,42.));
#9167 = CARTESIAN_POINT('',(4.563630983958,2.510028107441,42.));
#9168 = CARTESIAN_POINT('',(4.44769831619,2.712153777042,42.));
#9169 = CARTESIAN_POINT('',(4.321080671841,2.907763343646,42.));
#9170 = CARTESIAN_POINT('',(4.184246137001,3.096162861334,42.));
#9171 = CARTESIAN_POINT('',(3.9824806769,3.344769299187,42.));
#9172 = CARTESIAN_POINT('',(3.925857998384,3.411722647968,42.));
#9173 = CARTESIAN_POINT('',(3.867886452565,3.477523482393,42.));
#9174 = CARTESIAN_POINT('',(3.808595490771,3.542137978385,42.));
#9175 = CARTESIAN_POINT('',(3.748015684695,3.605533324088,42.));
#9176 = CARTESIAN_POINT('',(3.549059807039,3.805478359244,42.));
#9177 = CARTESIAN_POINT('',(3.405758524606,3.937128970216,42.));
#9178 = CARTESIAN_POINT('',(3.256621990998,4.062281476382,42.));
#9179 = CARTESIAN_POINT('',(3.102020087199,4.180616264593,42.));
#9180 = CARTESIAN_POINT('',(2.942345463278,4.291842184941,42.));
#9181 = CARTESIAN_POINT('',(2.533123749979,4.550461814341,42.));
#9182 = CARTESIAN_POINT('',(2.277882011372,4.688862826973,42.));
#9183 = CARTESIAN_POINT('',(2.01367051698,4.810023607587,42.));
#9184 = CARTESIAN_POINT('',(1.741947097015,4.91324221921,42.));
#9185 = CARTESIAN_POINT('',(1.464234332411,4.997970849177,42.));
#9186 = CARTESIAN_POINT('',(1.078191105264,5.088105500633,42.));
#9187 = CARTESIAN_POINT('',(0.973658027692,5.109812796588,42.));
#9188 = CARTESIAN_POINT('',(0.868606133144,5.128941743738,42.));
#9189 = CARTESIAN_POINT('',(0.763114912477,5.145477141434,42.));
#9190 = CARTESIAN_POINT('',(0.657264417537,5.159407067837,42.));
#9191 = CARTESIAN_POINT('',(0.327507097001,5.194566792051,42.));
#9192 = CARTESIAN_POINT('',(0.102639063618,5.20680416033,42.));
#9193 = CARTESIAN_POINT('',(-0.122710810972,5.207354020688,42.));
#9194 = CARTESIAN_POINT('',(-0.347785217791,5.196201105624,42.));
#9195 = CARTESIAN_POINT('',(-0.57182834379,5.173395858776,42.));
#9196 = CARTESIAN_POINT('',(-1.072851958515,5.095982072069,42.));
#9197 = CARTESIAN_POINT('',(-1.348820102758,5.034759975152,42.));
#9198 = CARTESIAN_POINT('',(-1.620499262927,4.955619654236,42.));
#9199 = CARTESIAN_POINT('',(-1.886445499858,4.858948250419,42.));
#9200 = CARTESIAN_POINT('',(-2.145265520448,4.745287432954,42.));
#9201 = CARTESIAN_POINT('',(-2.51064879426,4.555622186898,42.));
#9202 = CARTESIAN_POINT('',(-2.623892388331,4.492471534468,42.));
#9203 = CARTESIAN_POINT('',(-2.735221320788,4.42594731855,42.));
#9204 = CARTESIAN_POINT('',(-2.844510490077,4.356122674208,42.));
#9205 = CARTESIAN_POINT('',(-2.951638598881,4.283076877519,42.));
#9206 = CARTESIAN_POINT('',(-3.056488154122,4.206895345574,42.));
#9207 = PCURVE('',#4484,#9208);
#9208 = DEFINITIONAL_REPRESENTATION('',(#9209),#9262);
#9209 = B_SPLINE_CURVE_WITH_KNOTS('',6,(#9210,#9211,#9212,#9213,#9214,
    #9215,#9216,#9217,#9218,#9219,#9220,#9221,#9222,#9223,#9224,#9225,
    #9226,#9227,#9228,#9229,#9230,#9231,#9232,#9233,#9234,#9235,#9236,
    #9237,#9238,#9239,#9240,#9241,#9242,#9243,#9244,#9245,#9246,#9247,
    #9248,#9249,#9250,#9251,#9252,#9253,#9254,#9255,#9256,#9257,#9258,
    #9259,#9260,#9261),.UNSPECIFIED.,.F.,.F.,(7,5,5,5,5,5,5,5,5,5,7),(0.
    ,8.200382675584E-02,0.188005758593,0.310001435866,0.356000007432,
    0.457998465931,0.609998029838,0.665998323145,0.783998345113,
    0.931998721019,1.),.UNSPECIFIED.);
#9210 = CARTESIAN_POINT('',(1.05,0.));
#9211 = CARTESIAN_POINT('',(1.064350647375,3.330613791458E-02));
#9212 = CARTESIAN_POINT('',(1.078700746618,6.661100637752E-02));
#9213 = CARTESIAN_POINT('',(1.093050572237,9.991524202025E-02));
#9214 = CARTESIAN_POINT('',(1.107400321895,0.133219303193));
#9215 = CARTESIAN_POINT('',(1.121750116408,0.166523469963));
#9216 = CARTESIAN_POINT('',(1.154649321355,0.242878615511));
#9217 = CARTESIAN_POINT('',(1.173198876204,0.285929930273));
#9218 = CARTESIAN_POINT('',(1.19174874078,0.328981965354));
#9219 = CARTESIAN_POINT('',(1.210298927695,0.372034749576));
#9220 = CARTESIAN_POINT('',(1.228849385689,0.415088163639));
#9221 = CARTESIAN_POINT('',(1.268749560644,0.50769174104));
#9222 = CARTESIAN_POINT('',(1.290099655671,0.557242781971));
#9223 = CARTESIAN_POINT('',(1.311449632862,0.606793549685));
#9224 = CARTESIAN_POINT('',(1.332799681204,0.656344482575));
#9225 = CARTESIAN_POINT('',(1.35415000521,0.705896055169));
#9226 = CARTESIAN_POINT('',(1.383550032761,0.774130035821));
#9227 = CARTESIAN_POINT('',(1.391600056201,0.792813186443));
#9228 = CARTESIAN_POINT('',(1.399650066806,0.811496307251));
#9229 = CARTESIAN_POINT('',(1.407700062067,0.83017939242));
#9230 = CARTESIAN_POINT('',(1.415750040095,0.848862437564));
#9231 = CARTESIAN_POINT('',(1.441650194418,0.908973626689));
#9232 = CARTESIAN_POINT('',(1.459500335375,0.950401688538));
#9233 = CARTESIAN_POINT('',(1.477350398079,0.99182956862));
#9234 = CARTESIAN_POINT('',(1.49520036659,1.033257229944));
#9235 = CARTESIAN_POINT('',(1.51305023344,1.074684655197));
#9236 = CARTESIAN_POINT('',(1.557499976908,1.177847240997));
#9237 = CARTESIAN_POINT('',(1.58410057662,1.239584079632));
#9238 = CARTESIAN_POINT('',(1.610700187811,1.301318623869));
#9239 = CARTESIAN_POINT('',(1.637299763752,1.363053086225));
#9240 = CARTESIAN_POINT('',(1.663900249923,1.424789661124));
#9241 = CARTESIAN_POINT('',(1.700299986879,1.509269135474));
#9242 = CARTESIAN_POINT('',(1.710099979799,1.53201375728));
#9243 = CARTESIAN_POINT('',(1.719899978275,1.554758391988));
#9244 = CARTESIAN_POINT('',(1.729699981768,1.577503038357));
#9245 = CARTESIAN_POINT('',(1.739499989339,1.600247694203));
#9246 = CARTESIAN_POINT('',(1.769949917033,1.6709183668));
#9247 = CARTESIAN_POINT('',(1.790600070517,1.718844925214));
#9248 = CARTESIAN_POINT('',(1.811249987756,1.766770935422));
#9249 = CARTESIAN_POINT('',(1.831899909427,1.814696956013));
#9250 = CARTESIAN_POINT('',(1.852550073519,1.862623539333));
#9251 = CARTESIAN_POINT('',(1.89909996792,1.970660327168));
#9252 = CARTESIAN_POINT('',(1.925000554053,2.030772518002));
#9253 = CARTESIAN_POINT('',(1.950900314986,2.090882793779));
#9254 = CARTESIAN_POINT('',(1.976799997705,2.150992888136));
#9255 = CARTESIAN_POINT('',(2.002700361396,2.211104563022));
#9256 = CARTESIAN_POINT('',(2.040500026998,2.298833107616));
#9257 = CARTESIAN_POINT('',(2.052400044199,2.326451637394));
#9258 = CARTESIAN_POINT('',(2.064300050247,2.354070141292));
#9259 = CARTESIAN_POINT('',(2.076200044717,2.381688618321));
#9260 = CARTESIAN_POINT('',(2.088100027739,2.40930706878));
#9261 = CARTESIAN_POINT('',(2.1,2.43692549426));
#9262 = ( GEOMETRIC_REPRESENTATION_CONTEXT(2) 
PARAMETRIC_REPRESENTATION_CONTEXT() REPRESENTATION_CONTEXT('2D SPACE',''
  ) );
#9263 = PCURVE('',#6519,#9264);
#9264 = DEFINITIONAL_REPRESENTATION('',(#9265),#9318);
#9265 = B_SPLINE_CURVE_WITH_KNOTS('',6,(#9266,#9267,#9268,#9269,#9270,
    #9271,#9272,#9273,#9274,#9275,#9276,#9277,#9278,#9279,#9280,#9281,
    #9282,#9283,#9284,#9285,#9286,#9287,#9288,#9289,#9290,#9291,#9292,
    #9293,#9294,#9295,#9296,#9297,#9298,#9299,#9300,#9301,#9302,#9303,
    #9304,#9305,#9306,#9307,#9308,#9309,#9310,#9311,#9312,#9313,#9314,
    #9315,#9316,#9317),.UNSPECIFIED.,.F.,.F.,(7,5,5,5,5,5,5,5,5,5,7),(0.
    ,8.200382675584E-02,0.188005758593,0.310001435866,0.356000007432,
    0.457998465931,0.609998029838,0.665998323145,0.783998345113,
    0.931998721019,1.),.UNSPECIFIED.);
#9266 = CARTESIAN_POINT('',(5.2,-8.510690884614E-16));
#9267 = CARTESIAN_POINT('',(5.200000000002,0.156290681743));
#9268 = CARTESIAN_POINT('',(5.194364291663,0.312582108576));
#9269 = CARTESIAN_POINT('',(5.183092823257,0.468619204542));
#9270 = CARTESIAN_POINT('',(5.166200615979,0.624148268513));
#9271 = CARTESIAN_POINT('',(5.143717763942,0.778916974196));
#9272 = CARTESIAN_POINT('',(5.079458721323,1.1314282777));
#9273 = CARTESIAN_POINT('',(5.033961539895,1.328494446556));
#9274 = CARTESIAN_POINT('',(4.979296128995,1.523329392782));
#9275 = CARTESIAN_POINT('',(4.915601903096,1.715402158918));
#9276 = CARTESIAN_POINT('',(4.843059452041,1.904194313952));
#9277 = CARTESIAN_POINT('',(4.668474731562,2.302119547185));
#9278 = CARTESIAN_POINT('',(4.563630983958,2.510028107441));
#9279 = CARTESIAN_POINT('',(4.44769831619,2.712153777042));
#9280 = CARTESIAN_POINT('',(4.321080671841,2.907763343646));
#9281 = CARTESIAN_POINT('',(4.184246137001,3.096162861334));
#9282 = CARTESIAN_POINT('',(3.9824806769,3.344769299187));
#9283 = CARTESIAN_POINT('',(3.925857998384,3.411722647968));
#9284 = CARTESIAN_POINT('',(3.867886452565,3.477523482393));
#9285 = CARTESIAN_POINT('',(3.808595490771,3.542137978385));
#9286 = CARTESIAN_POINT('',(3.748015684695,3.605533324088));
#9287 = CARTESIAN_POINT('',(3.549059807039,3.805478359244));
#9288 = CARTESIAN_POINT('',(3.405758524606,3.937128970216));
#9289 = CARTESIAN_POINT('',(3.256621990998,4.062281476382));
#9290 = CARTESIAN_POINT('',(3.102020087199,4.180616264593));
#9291 = CARTESIAN_POINT('',(2.942345463278,4.291842184941));
#9292 = CARTESIAN_POINT('',(2.533123749979,4.550461814341));
#9293 = CARTESIAN_POINT('',(2.277882011372,4.688862826973));
#9294 = CARTESIAN_POINT('',(2.01367051698,4.810023607587));
#9295 = CARTESIAN_POINT('',(1.741947097015,4.91324221921));
#9296 = CARTESIAN_POINT('',(1.464234332411,4.997970849177));
#9297 = CARTESIAN_POINT('',(1.078191105264,5.088105500633));
#9298 = CARTESIAN_POINT('',(0.973658027692,5.109812796588));
#9299 = CARTESIAN_POINT('',(0.868606133144,5.128941743738));
#9300 = CARTESIAN_POINT('',(0.763114912477,5.145477141434));
#9301 = CARTESIAN_POINT('',(0.657264417537,5.159407067837));
#9302 = CARTESIAN_POINT('',(0.327507097001,5.194566792051));
#9303 = CARTESIAN_POINT('',(0.102639063618,5.20680416033));
#9304 = CARTESIAN_POINT('',(-0.122710810972,5.207354020688));
#9305 = CARTESIAN_POINT('',(-0.347785217791,5.196201105624));
#9306 = CARTESIAN_POINT('',(-0.57182834379,5.173395858776));
#9307 = CARTESIAN_POINT('',(-1.072851958515,5.095982072069));
#9308 = CARTESIAN_POINT('',(-1.348820102758,5.034759975152));
#9309 = CARTESIAN_POINT('',(-1.620499262927,4.955619654236));
#9310 = CARTESIAN_POINT('',(-1.886445499858,4.858948250419));
#9311 = CARTESIAN_POINT('',(-2.145265520448,4.745287432954));
#9312 = CARTESIAN_POINT('',(-2.51064879426,4.555622186898));
#9313 = CARTESIAN_POINT('',(-2.623892388331,4.492471534468));
#9314 = CARTESIAN_POINT('',(-2.735221320788,4.42594731855));
#9315 = CARTESIAN_POINT('',(-2.844510490077,4.356122674208));
#9316 = CARTESIAN_POINT('',(-2.951638598881,4.283076877519));
#9317 = CARTESIAN_POINT('',(-3.056488154122,4.206895345574));
#9318 = ( GEOMETRIC_REPRESENTATION_CONTEXT(2) 
PARAMETRIC_REPRESENTATION_CONTEXT() REPRESENTATION_CONTEXT('2D SPACE',''
  ) );
#9319 = ORIENTED_EDGE('',*,*,#6466,.T.);
#9320 = ADVANCED_FACE('',(#9321),#7472,.T.);
#9321 = FACE_BOUND('',#9322,.F.);
#9322 = EDGE_LOOP('',(#9323,#9324,#9325,#9326));
#9323 = ORIENTED_EDGE('',*,*,#9049,.F.);
#9324 = ORIENTED_EDGE('',*,*,#7457,.F.);
#9325 = ORIENTED_EDGE('',*,*,#9010,.T.);
#9326 = ORIENTED_EDGE('',*,*,#9327,.T.);
#9327 = EDGE_CURVE('',#8914,#9050,#9328,.T.);
#9328 = SURFACE_CURVE('',#9329,(#9334,#9341),.PCURVE_S1.);
#9329 = CIRCLE('',#9330,5.2);
#9330 = AXIS2_PLACEMENT_3D('',#9331,#9332,#9333);
#9331 = CARTESIAN_POINT('',(0.,0.,54.));
#9332 = DIRECTION('',(0.,0.,1.));
#9333 = DIRECTION('',(1.,0.,0.));
#9334 = PCURVE('',#7472,#9335);
#9335 = DEFINITIONAL_REPRESENTATION('',(#9336),#9340);
#9336 = LINE('',#9337,#9338);
#9337 = CARTESIAN_POINT('',(-0.,-12.));
#9338 = VECTOR('',#9339,1.);
#9339 = DIRECTION('',(-1.,0.));
#9340 = ( GEOMETRIC_REPRESENTATION_CONTEXT(2) 
PARAMETRIC_REPRESENTATION_CONTEXT() REPRESENTATION_CONTEXT('2D SPACE',''
  ) );
#9341 = PCURVE('',#8975,#9342);
#9342 = DEFINITIONAL_REPRESENTATION('',(#9343),#9347);
#9343 = CIRCLE('',#9344,5.2);
#9344 = AXIS2_PLACEMENT_2D('',#9345,#9346);
#9345 = CARTESIAN_POINT('',(3.944538843864E-16,-5.069714440537E-17));
#9346 = DIRECTION('',(1.,0.));
#9347 = ( GEOMETRIC_REPRESENTATION_CONTEXT(2) 
PARAMETRIC_REPRESENTATION_CONTEXT() REPRESENTATION_CONTEXT('2D SPACE',''
  ) );
#9348 = ADVANCED_FACE('',(#9349),#7370,.T.);
#9349 = FACE_BOUND('',#9350,.F.);
#9350 = EDGE_LOOP('',(#9351,#9352,#9353,#9375));
#9351 = ORIENTED_EDGE('',*,*,#7353,.F.);
#9352 = ORIENTED_EDGE('',*,*,#9049,.T.);
#9353 = ORIENTED_EDGE('',*,*,#9354,.T.);
#9354 = EDGE_CURVE('',#9050,#8876,#9355,.T.);
#9355 = SURFACE_CURVE('',#9356,(#9361,#9368),.PCURVE_S1.);
#9356 = CIRCLE('',#9357,5.2);
#9357 = AXIS2_PLACEMENT_3D('',#9358,#9359,#9360);
#9358 = CARTESIAN_POINT('',(0.,0.,54.));
#9359 = DIRECTION('',(0.,0.,1.));
#9360 = DIRECTION('',(1.,0.,0.));
#9361 = PCURVE('',#7370,#9362);
#9362 = DEFINITIONAL_REPRESENTATION('',(#9363),#9367);
#9363 = LINE('',#9364,#9365);
#9364 = CARTESIAN_POINT('',(-0.,-12.));
#9365 = VECTOR('',#9366,1.);
#9366 = DIRECTION('',(-1.,0.));
#9367 = ( GEOMETRIC_REPRESENTATION_CONTEXT(2) 
PARAMETRIC_REPRESENTATION_CONTEXT() REPRESENTATION_CONTEXT('2D SPACE',''
  ) );
#9368 = PCURVE('',#8975,#9369);
#9369 = DEFINITIONAL_REPRESENTATION('',(#9370),#9374);
#9370 = CIRCLE('',#9371,5.2);
#9371 = AXIS2_PLACEMENT_2D('',#9372,#9373);
#9372 = CARTESIAN_POINT('',(3.944538843864E-16,-5.069714440537E-17));
#9373 = DIRECTION('',(1.,0.));
#9374 = ( GEOMETRIC_REPRESENTATION_CONTEXT(2) 
PARAMETRIC_REPRESENTATION_CONTEXT() REPRESENTATION_CONTEXT('2D SPACE',''
  ) );
#9375 = ORIENTED_EDGE('',*,*,#8875,.F.);
#9376 = ADVANCED_FACE('',(#9377),#6519,.T.);
#9377 = FACE_BOUND('',#9378,.T.);
#9378 = EDGE_LOOP('',(#9379,#9380));
#9379 = ORIENTED_EDGE('',*,*,#6504,.F.);
#9380 = ORIENTED_EDGE('',*,*,#9152,.T.);
#9381 = ADVANCED_FACE('',(#9382,#9387),#8975,.T.);
#9382 = FACE_BOUND('',#9383,.T.);
#9383 = EDGE_LOOP('',(#9384,#9385,#9386));
#9384 = ORIENTED_EDGE('',*,*,#9327,.T.);
#9385 = ORIENTED_EDGE('',*,*,#9354,.T.);
#9386 = ORIENTED_EDGE('',*,*,#8913,.F.);
#9387 = FACE_BOUND('',#9388,.T.);
#9388 = EDGE_LOOP('',(#9389));
#9389 = ORIENTED_EDGE('',*,*,#9390,.F.);
#9390 = EDGE_CURVE('',#9391,#9391,#9393,.T.);
#9391 = VERTEX_POINT('',#9392);
#9392 = CARTESIAN_POINT('',(5.1875,0.,54.));
#9393 = SURFACE_CURVE('',#9394,(#9399,#9406),.PCURVE_S1.);
#9394 = CIRCLE('',#9395,5.1875);
#9395 = AXIS2_PLACEMENT_3D('',#9396,#9397,#9398);
#9396 = CARTESIAN_POINT('',(0.,0.,54.));
#9397 = DIRECTION('',(0.,0.,1.));
#9398 = DIRECTION('',(1.,0.,-0.));
#9399 = PCURVE('',#8975,#9400);
#9400 = DEFINITIONAL_REPRESENTATION('',(#9401),#9405);
#9401 = CIRCLE('',#9402,5.1875);
#9402 = AXIS2_PLACEMENT_2D('',#9403,#9404);
#9403 = CARTESIAN_POINT('',(3.944538843864E-16,-5.069714440537E-17));
#9404 = DIRECTION('',(1.,0.));
#9405 = ( GEOMETRIC_REPRESENTATION_CONTEXT(2) 
PARAMETRIC_REPRESENTATION_CONTEXT() REPRESENTATION_CONTEXT('2D SPACE',''
  ) );
#9406 = PCURVE('',#9407,#9412);
#9407 = CONICAL_SURFACE('',#9408,5.2,0.896055384571);
#9408 = AXIS2_PLACEMENT_3D('',#9409,#9410,#9411);
#9409 = CARTESIAN_POINT('',(0.,0.,53.99));
#9410 = DIRECTION('',(-0.,-0.,-1.));
#9411 = DIRECTION('',(1.,0.,0.));
#9412 = DEFINITIONAL_REPRESENTATION('',(#9413),#9417);
#9413 = LINE('',#9414,#9415);
#9414 = CARTESIAN_POINT('',(-0.,-1.000000000001E-02));
#9415 = VECTOR('',#9416,1.);
#9416 = DIRECTION('',(-1.,-0.));
#9417 = ( GEOMETRIC_REPRESENTATION_CONTEXT(2) 
PARAMETRIC_REPRESENTATION_CONTEXT() REPRESENTATION_CONTEXT('2D SPACE',''
  ) );
#9418 = ADVANCED_FACE('',(#9419),#9407,.T.);
#9419 = FACE_BOUND('',#9420,.T.);
#9420 = EDGE_LOOP('',(#9421,#9422,#9442,#9469));
#9421 = ORIENTED_EDGE('',*,*,#9390,.T.);
#9422 = ORIENTED_EDGE('',*,*,#9423,.T.);
#9423 = EDGE_CURVE('',#9391,#9424,#9426,.T.);
#9424 = VERTEX_POINT('',#9425);
#9425 = CARTESIAN_POINT('',(3.2,0.,55.59));
#9426 = SEAM_CURVE('',#9427,(#9430,#9436),.PCURVE_S1.);
#9427 = B_SPLINE_CURVE_WITH_KNOTS('',1,(#9428,#9429),.UNSPECIFIED.,.F.,
  .F.,(2,2),(0.,1.),.PIECEWISE_BEZIER_KNOTS.);
#9428 = CARTESIAN_POINT('',(5.2,0.,53.99));
#9429 = CARTESIAN_POINT('',(3.2,0.,55.59));
#9430 = PCURVE('',#9407,#9431);
#9431 = DEFINITIONAL_REPRESENTATION('',(#9432),#9435);
#9432 = B_SPLINE_CURVE_WITH_KNOTS('',1,(#9433,#9434),.UNSPECIFIED.,.F.,
  .F.,(2,2),(0.,1.),.PIECEWISE_BEZIER_KNOTS.);
#9433 = CARTESIAN_POINT('',(0.,0.));
#9434 = CARTESIAN_POINT('',(0.,-1.6));
#9435 = ( GEOMETRIC_REPRESENTATION_CONTEXT(2) 
PARAMETRIC_REPRESENTATION_CONTEXT() REPRESENTATION_CONTEXT('2D SPACE',''
  ) );
#9436 = PCURVE('',#9407,#9437);
#9437 = DEFINITIONAL_REPRESENTATION('',(#9438),#9441);
#9438 = B_SPLINE_CURVE_WITH_KNOTS('',1,(#9439,#9440),.UNSPECIFIED.,.F.,
  .F.,(2,2),(0.,1.),.PIECEWISE_BEZIER_KNOTS.);
#9439 = CARTESIAN_POINT('',(-6.28318530718,0.));
#9440 = CARTESIAN_POINT('',(-6.28318530718,-1.6));
#9441 = ( GEOMETRIC_REPRESENTATION_CONTEXT(2) 
PARAMETRIC_REPRESENTATION_CONTEXT() REPRESENTATION_CONTEXT('2D SPACE',''
  ) );
#9442 = ORIENTED_EDGE('',*,*,#9443,.F.);
#9443 = EDGE_CURVE('',#9424,#9424,#9444,.T.);
#9444 = SURFACE_CURVE('',#9445,(#9450,#9457),.PCURVE_S1.);
#9445 = CIRCLE('',#9446,3.2);
#9446 = AXIS2_PLACEMENT_3D('',#9447,#9448,#9449);
#9447 = CARTESIAN_POINT('',(0.,0.,55.59));
#9448 = DIRECTION('',(0.,0.,1.));
#9449 = DIRECTION('',(1.,0.,0.));
#9450 = PCURVE('',#9407,#9451);
#9451 = DEFINITIONAL_REPRESENTATION('',(#9452),#9456);
#9452 = LINE('',#9453,#9454);
#9453 = CARTESIAN_POINT('',(-0.,-1.6));
#9454 = VECTOR('',#9455,1.);
#9455 = DIRECTION('',(-1.,-0.));
#9456 = ( GEOMETRIC_REPRESENTATION_CONTEXT(2) 
PARAMETRIC_REPRESENTATION_CONTEXT() REPRESENTATION_CONTEXT('2D SPACE',''
  ) );
#9457 = PCURVE('',#9458,#9463);
#9458 = PLANE('',#9459);
#9459 = AXIS2_PLACEMENT_3D('',#9460,#9461,#9462);
#9460 = CARTESIAN_POINT('',(0.,0.,55.59));
#9461 = DIRECTION('',(0.,0.,1.));
#9462 = DIRECTION('',(1.,0.,0.));
#9463 = DEFINITIONAL_REPRESENTATION('',(#9464),#9468);
#9464 = CIRCLE('',#9465,3.2);
#9465 = AXIS2_PLACEMENT_2D('',#9466,#9467);
#9466 = CARTESIAN_POINT('',(0.,0.));
#9467 = DIRECTION('',(1.,0.));
#9468 = ( GEOMETRIC_REPRESENTATION_CONTEXT(2) 
PARAMETRIC_REPRESENTATION_CONTEXT() REPRESENTATION_CONTEXT('2D SPACE',''
  ) );
#9469 = ORIENTED_EDGE('',*,*,#9423,.F.);
#9470 = ADVANCED_FACE('',(#9471),#9458,.T.);
#9471 = FACE_BOUND('',#9472,.T.);
#9472 = EDGE_LOOP('',(#9473));
#9473 = ORIENTED_EDGE('',*,*,#9443,.T.);
#9474 = ( GEOMETRIC_REPRESENTATION_CONTEXT(3) 
GLOBAL_UNCERTAINTY_ASSIGNED_CONTEXT((#9478)) 
GLOBAL_UNIT_ASSIGNED_CONTEXT((#9475,#9476,#9477)) REPRESENTATION_CONTEXT
('Context #1','3D Context with UNIT and UNCERTAINTY') );
#9475 = ( LENGTH_UNIT() NAMED_UNIT(*) SI_UNIT(.MILLI.,.METRE.) );
#9476 = ( NAMED_UNIT(*) PLANE_ANGLE_UNIT() SI_UNIT($,.RADIAN.) );
#9477 = ( NAMED_UNIT(*) SI_UNIT($,.STERADIAN.) SOLID_ANGLE_UNIT() );
#9478 = UNCERTAINTY_MEASURE_WITH_UNIT(LENGTH_MEASURE(1.E-03),#9475,
  'distance_accuracy_value','confusion accuracy');
#9479 = PRODUCT_RELATED_PRODUCT_CATEGORY('part',$,(#7));
ENDSEC;
END-ISO-10303-21;
