solid OpenSCAD_Model
  facet normal 0.13052618840856664 -0.9914448618756018 0
    outer loop
      vertex 43.21553724259138 -119.89365427196026 0
      vertex 42.61009019613266 -119.97336288541555 5
      vertex 42.61009019613266 -119.97336288541555 0
    endloop
  endfacet
  facet normal 0.13052618840856664 -0.9914448618756018 0
    outer loop
      vertex 43.21553724259138 -119.89365427196026 0
      vertex 43.21553724259138 -119.89365427196026 5
      vertex 42.61009019613266 -119.97336288541555 5
    endloop
  endfacet
  facet normal 0.2164396129653254 -0.976296007335593 0
    outer loop
      vertex 43.811733312904835 -119.76148078590631 0
      vertex 43.21553724259138 -119.89365427196026 5
      vertex 43.21553724259138 -119.89365427196026 0
    endloop
  endfacet
  facet normal 0.2164396129653254 -0.976296007335593 0
    outer loop
      vertex 43.811733312904835 -119.76148078590631 0
      vertex 43.811733312904835 -119.76148078590631 5
      vertex 43.21553724259138 -119.89365427196026 5
    endloop
  endfacet
  facet normal 0.30070580157447224 -0.9537169500954957 0
    outer loop
      vertex 44.394141003489494 -119.57784834504128 0
      vertex 43.811733312904835 -119.76148078590631 5
      vertex 43.811733312904835 -119.76148078590631 0
    endloop
  endfacet
  facet normal 0.30070580157447224 -0.9537169500954957 0
    outer loop
      vertex 44.394141003489494 -119.57784834504128 0
      vertex 44.394141003489494 -119.57784834504128 5
      vertex 43.811733312904835 -119.76148078590631 5
    endloop
  endfacet
  facet normal 0.3826834364657549 -0.9238795308127357 0
    outer loop
      vertex 44.9583278298378 -119.34415450692177 0
      vertex 44.394141003489494 -119.57784834504128 5
      vertex 44.394141003489494 -119.57784834504128 0
    endloop
  endfacet
  facet normal 0.3826834364657549 -0.9238795308127357 0
    outer loop
      vertex 44.9583278298378 -119.34415450692177 0
      vertex 44.9583278298378 -119.34415450692177 5
      vertex 44.394141003489494 -119.57784834504128 5
    endloop
  endfacet
  facet normal 0.46174860484763514 -0.8870108375444251 0
    outer loop
      vertex 45.5 -119.06217782944441 0
      vertex 44.9583278298378 -119.34415450692177 5
      vertex 44.9583278298378 -119.34415450692177 0
    endloop
  endfacet
  facet normal 0.46174860484763514 -0.8870108375444251 0
    outer loop
      vertex 45.5 -119.06217782944441 0
      vertex 45.5 -119.06217782944441 5
      vertex 44.9583278298378 -119.34415450692177 5
    endloop
  endfacet
  facet normal 0.5372996100630123 -0.843391444719553 0
    outer loop
      vertex 46.015035055577755 -118.73406431078911 0
      vertex 45.5 -119.06217782944441 5
      vertex 45.5 -119.06217782944441 0
    endloop
  endfacet
  facet normal 0.5372996100630123 -0.843391444719553 0
    outer loop
      vertex 46.015035055577755 -118.73406431078911 0
      vertex 46.015035055577755 -118.73406431078911 5
      vertex 45.5 -119.06217782944441 5
    endloop
  endfacet
  facet normal 0.6087614295226117 -0.7933533398969126 0
    outer loop
      vertex 46.499513268470764 -118.3623111024499 0
      vertex 46.015035055577755 -118.73406431078911 5
      vertex 46.015035055577755 -118.73406431078911 0
    endloop
  endfacet
  facet normal 0.6087614295226117 -0.7933533398969126 0
    outer loop
      vertex 46.499513268470764 -118.3623111024499 0
      vertex 46.499513268470764 -118.3623111024499 5
      vertex 46.015035055577755 -118.73406431078911 5
    endloop
  endfacet
  facet normal 0.6755902134066439 -0.737277331503665 0
    outer loop
      vertex 46.9497474655509 -117.9497474655509 0
      vertex 46.499513268470764 -118.3623111024499 5
      vertex 46.499513268470764 -118.3623111024499 0
    endloop
  endfacet
  facet normal 0.6755902134066439 -0.737277331503665 0
    outer loop
      vertex 46.9497474655509 -117.9497474655509 0
      vertex 46.9497474655509 -117.9497474655509 5
      vertex 46.499513268470764 -118.3623111024499 5
    endloop
  endfacet
  facet normal 0.737277331503665 -0.6755902134066439 0
    outer loop
      vertex 47.362311102449894 -117.49951326847076 0
      vertex 46.9497474655509 -117.9497474655509 5
      vertex 46.9497474655509 -117.9497474655509 0
    endloop
  endfacet
  facet normal 0.737277331503665 -0.6755902134066439 0
    outer loop
      vertex 47.362311102449894 -117.49951326847076 0
      vertex 47.362311102449894 -117.49951326847076 5
      vertex 46.9497474655509 -117.9497474655509 5
    endloop
  endfacet
  facet normal 0.7933533398969126 -0.6087614295226117 0
    outer loop
      vertex 47.73406431078911 -117.01503505557775 0
      vertex 47.362311102449894 -117.49951326847076 5
      vertex 47.362311102449894 -117.49951326847076 0
    endloop
  endfacet
  facet normal 0.7933533398969126 -0.6087614295226117 0
    outer loop
      vertex 47.73406431078911 -117.01503505557775 0
      vertex 47.73406431078911 -117.01503505557775 5
      vertex 47.362311102449894 -117.49951326847076 5
    endloop
  endfacet
  facet normal 0.843391444719553 -0.5372996100630123 0
    outer loop
      vertex 48.06217782944441 -116.5 0
      vertex 47.73406431078911 -117.01503505557775 5
      vertex 47.73406431078911 -117.01503505557775 0
    endloop
  endfacet
  facet normal 0.843391444719553 -0.5372996100630123 0
    outer loop
      vertex 48.06217782944441 -116.5 0
      vertex 48.06217782944441 -116.5 5
      vertex 47.73406431078911 -117.01503505557775 5
    endloop
  endfacet
  facet normal 0.8870108375444251 -0.46174860484763514 0
    outer loop
      vertex 48.34415450692177 -115.9583278298378 0
      vertex 48.06217782944441 -116.5 5
      vertex 48.06217782944441 -116.5 0
    endloop
  endfacet
  facet normal 0.8870108375444251 -0.46174860484763514 0
    outer loop
      vertex 48.34415450692177 -115.9583278298378 0
      vertex 48.34415450692177 -115.9583278298378 5
      vertex 48.06217782944441 -116.5 5
    endloop
  endfacet
  facet normal 0.9238795308127357 -0.3826834364657549 0
    outer loop
      vertex 48.577848345041275 -115.3941410034895 0
      vertex 48.34415450692177 -115.9583278298378 5
      vertex 48.34415450692177 -115.9583278298378 0
    endloop
  endfacet
  facet normal 0.9238795308127357 -0.3826834364657549 0
    outer loop
      vertex 48.577848345041275 -115.3941410034895 0
      vertex 48.577848345041275 -115.3941410034895 5
      vertex 48.34415450692177 -115.9583278298378 5
    endloop
  endfacet
  facet normal 0.9537169500954957 -0.30070580157447224 0
    outer loop
      vertex 48.761480785906315 -114.81173331290483 0
      vertex 48.577848345041275 -115.3941410034895 5
      vertex 48.577848345041275 -115.3941410034895 0
    endloop
  endfacet
  facet normal 0.9537169500954957 -0.30070580157447224 0
    outer loop
      vertex 48.761480785906315 -114.81173331290483 0
      vertex 48.761480785906315 -114.81173331290483 5
      vertex 48.577848345041275 -115.3941410034895 5
    endloop
  endfacet
  facet normal 0.976296007335593 -0.2164396129653254 0
    outer loop
      vertex 48.89365427196026 -114.21553724259138 0
      vertex 48.761480785906315 -114.81173331290483 5
      vertex 48.761480785906315 -114.81173331290483 0
    endloop
  endfacet
  facet normal 0.976296007335593 -0.2164396129653254 0
    outer loop
      vertex 48.89365427196026 -114.21553724259138 0
      vertex 48.89365427196026 -114.21553724259138 5
      vertex 48.761480785906315 -114.81173331290483 5
    endloop
  endfacet
  facet normal 0.9914448618756018 -0.13052618840856664 0
    outer loop
      vertex 48.973362885415554 -113.61009019613266 0
      vertex 48.89365427196026 -114.21553724259138 5
      vertex 48.89365427196026 -114.21553724259138 0
    endloop
  endfacet
  facet normal 0.9914448618756018 -0.13052618840856664 0
    outer loop
      vertex 48.973362885415554 -113.61009019613266 0
      vertex 48.973362885415554 -113.61009019613266 5
      vertex 48.89365427196026 -114.21553724259138 5
    endloop
  endfacet
  facet normal 0.9990482214846607 -0.04361938959151427 0
    outer loop
      vertex 49 -113 0
      vertex 48.973362885415554 -113.61009019613266 5
      vertex 48.973362885415554 -113.61009019613266 0
    endloop
  endfacet
  facet normal 0.9990482214846607 -0.04361938959151427 0
    outer loop
      vertex 49 -113 0
      vertex 49 -113 5
      vertex 48.973362885415554 -113.61009019613266 5
    endloop
  endfacet
  facet normal 1 0 0
    outer loop
      vertex 49 -49 0
      vertex 49 -113 5
      vertex 49 -113 0
    endloop
  endfacet
  facet normal 1 0 0
    outer loop
      vertex 49 -49 0
      vertex 49 -49 5
      vertex 49 -113 5
    endloop
  endfacet
  facet normal 0 -1 0
    outer loop
      vertex 113 -49 0
      vertex 49 -49 5
      vertex 49 -49 0
    endloop
  endfacet
  facet normal 0 -1 0
    outer loop
      vertex 113 -49 0
      vertex 113 -49 5
      vertex 49 -49 5
    endloop
  endfacet
  facet normal 0.04361938959151427 -0.9990482214846607 0
    outer loop
      vertex 113.61009019613266 -48.973362885415554 0
      vertex 113 -49 5
      vertex 113 -49 0
    endloop
  endfacet
  facet normal 0.04361938959151427 -0.9990482214846607 0
    outer loop
      vertex 113.61009019613266 -48.973362885415554 0
      vertex 113.61009019613266 -48.973362885415554 5
      vertex 113 -49 5
    endloop
  endfacet
  facet normal 0.13052618840856664 -0.9914448618756018 0
    outer loop
      vertex 114.21553724259138 -48.89365427196026 0
      vertex 113.61009019613266 -48.973362885415554 5
      vertex 113.61009019613266 -48.973362885415554 0
    endloop
  endfacet
  facet normal 0.13052618840856664 -0.9914448618756018 0
    outer loop
      vertex 114.21553724259138 -48.89365427196026 0
      vertex 114.21553724259138 -48.89365427196026 5
      vertex 113.61009019613266 -48.973362885415554 5
    endloop
  endfacet
  facet normal 0.2164396129653254 -0.976296007335593 0
    outer loop
      vertex 114.81173331290483 -48.761480785906315 0
      vertex 114.21553724259138 -48.89365427196026 5
      vertex 114.21553724259138 -48.89365427196026 0
    endloop
  endfacet
  facet normal 0.2164396129653254 -0.976296007335593 0
    outer loop
      vertex 114.81173331290483 -48.761480785906315 0
      vertex 114.81173331290483 -48.761480785906315 5
      vertex 114.21553724259138 -48.89365427196026 5
    endloop
  endfacet
  facet normal 0.30070580157447224 -0.9537169500954957 0
    outer loop
      vertex 115.3941410034895 -48.577848345041275 0
      vertex 114.81173331290483 -48.761480785906315 5
      vertex 114.81173331290483 -48.761480785906315 0
    endloop
  endfacet
  facet normal 0.30070580157447224 -0.9537169500954957 0
    outer loop
      vertex 115.3941410034895 -48.577848345041275 0
      vertex 115.3941410034895 -48.577848345041275 5
      vertex 114.81173331290483 -48.761480785906315 5
    endloop
  endfacet
  facet normal 0.3826834364657549 -0.9238795308127357 0
    outer loop
      vertex 115.9583278298378 -48.34415450692177 0
      vertex 115.3941410034895 -48.577848345041275 5
      vertex 115.3941410034895 -48.577848345041275 0
    endloop
  endfacet
  facet normal 0.3826834364657549 -0.9238795308127357 0
    outer loop
      vertex 115.9583278298378 -48.34415450692177 0
      vertex 115.9583278298378 -48.34415450692177 5
      vertex 115.3941410034895 -48.577848345041275 5
    endloop
  endfacet
  facet normal 0.46174860484763514 -0.8870108375444251 0
    outer loop
      vertex 116.5 -48.06217782944441 0
      vertex 115.9583278298378 -48.34415450692177 5
      vertex 115.9583278298378 -48.34415450692177 0
    endloop
  endfacet
  facet normal 0.46174860484763514 -0.8870108375444251 0
    outer loop
      vertex 116.5 -48.06217782944441 0
      vertex 116.5 -48.06217782944441 5
      vertex 115.9583278298378 -48.34415450692177 5
    endloop
  endfacet
  facet normal 0.5372996100630123 -0.843391444719553 0
    outer loop
      vertex 117.01503505557775 -47.73406431078911 0
      vertex 116.5 -48.06217782944441 5
      vertex 116.5 -48.06217782944441 0
    endloop
  endfacet
  facet normal 0.5372996100630123 -0.843391444719553 0
    outer loop
      vertex 117.01503505557775 -47.73406431078911 0
      vertex 117.01503505557775 -47.73406431078911 5
      vertex 116.5 -48.06217782944441 5
    endloop
  endfacet
  facet normal 0.6087614295226117 -0.7933533398969126 0
    outer loop
      vertex 117.49951326847076 -47.362311102449894 0
      vertex 117.01503505557775 -47.73406431078911 5
      vertex 117.01503505557775 -47.73406431078911 0
    endloop
  endfacet
  facet normal 0.6087614295226117 -0.7933533398969126 0
    outer loop
      vertex 117.49951326847076 -47.362311102449894 0
      vertex 117.49951326847076 -47.362311102449894 5
      vertex 117.01503505557775 -47.73406431078911 5
    endloop
  endfacet
  facet normal 0.6755902134066439 -0.737277331503665 0
    outer loop
      vertex 117.9497474655509 -46.9497474655509 0
      vertex 117.49951326847076 -47.362311102449894 5
      vertex 117.49951326847076 -47.362311102449894 0
    endloop
  endfacet
  facet normal 0.6755902134066439 -0.737277331503665 0
    outer loop
      vertex 117.9497474655509 -46.9497474655509 0
      vertex 117.9497474655509 -46.9497474655509 5
      vertex 117.49951326847076 -47.362311102449894 5
    endloop
  endfacet
  facet normal 0.737277331503665 -0.6755902134066439 0
    outer loop
      vertex 118.3623111024499 -46.499513268470764 0
      vertex 117.9497474655509 -46.9497474655509 5
      vertex 117.9497474655509 -46.9497474655509 0
    endloop
  endfacet
  facet normal 0.737277331503665 -0.6755902134066439 0
    outer loop
      vertex 118.3623111024499 -46.499513268470764 0
      vertex 118.3623111024499 -46.499513268470764 5
      vertex 117.9497474655509 -46.9497474655509 5
    endloop
  endfacet
  facet normal 0.7933533398969126 -0.6087614295226117 0
    outer loop
      vertex 118.73406431078911 -46.015035055577755 0
      vertex 118.3623111024499 -46.499513268470764 5
      vertex 118.3623111024499 -46.499513268470764 0
    endloop
  endfacet
  facet normal 0.7933533398969126 -0.6087614295226117 0
    outer loop
      vertex 118.73406431078911 -46.015035055577755 0
      vertex 118.73406431078911 -46.015035055577755 5
      vertex 118.3623111024499 -46.499513268470764 5
    endloop
  endfacet
  facet normal 0.843391444719553 -0.5372996100630123 0
    outer loop
      vertex 119.06217782944441 -45.5 0
      vertex 118.73406431078911 -46.015035055577755 5
      vertex 118.73406431078911 -46.015035055577755 0
    endloop
  endfacet
  facet normal 0.843391444719553 -0.5372996100630123 0
    outer loop
      vertex 119.06217782944441 -45.5 0
      vertex 119.06217782944441 -45.5 5
      vertex 118.73406431078911 -46.015035055577755 5
    endloop
  endfacet
  facet normal 0.8870108375444251 -0.46174860484763514 0
    outer loop
      vertex 119.34415450692177 -44.9583278298378 0
      vertex 119.06217782944441 -45.5 5
      vertex 119.06217782944441 -45.5 0
    endloop
  endfacet
  facet normal 0.8870108375444251 -0.46174860484763514 0
    outer loop
      vertex 119.34415450692177 -44.9583278298378 0
      vertex 119.34415450692177 -44.9583278298378 5
      vertex 119.06217782944441 -45.5 5
    endloop
  endfacet
  facet normal 0.9238795308127357 -0.3826834364657549 0
    outer loop
      vertex 119.57784834504128 -44.394141003489494 0
      vertex 119.34415450692177 -44.9583278298378 5
      vertex 119.34415450692177 -44.9583278298378 0
    endloop
  endfacet
  facet normal 0.9238795308127357 -0.3826834364657549 0
    outer loop
      vertex 119.57784834504128 -44.394141003489494 0
      vertex 119.57784834504128 -44.394141003489494 5
      vertex 119.34415450692177 -44.9583278298378 5
    endloop
  endfacet
  facet normal 0.9537169500954957 -0.30070580157447224 0
    outer loop
      vertex 119.76148078590631 -43.811733312904835 0
      vertex 119.57784834504128 -44.394141003489494 5
      vertex 119.57784834504128 -44.394141003489494 0
    endloop
  endfacet
  facet normal 0.9537169500954957 -0.30070580157447224 0
    outer loop
      vertex 119.76148078590631 -43.811733312904835 0
      vertex 119.76148078590631 -43.811733312904835 5
      vertex 119.57784834504128 -44.394141003489494 5
    endloop
  endfacet
  facet normal 0.976296007335593 -0.2164396129653254 0
    outer loop
      vertex 119.89365427196026 -43.21553724259138 0
      vertex 119.76148078590631 -43.811733312904835 5
      vertex 119.76148078590631 -43.811733312904835 0
    endloop
  endfacet
  facet normal 0.976296007335593 -0.2164396129653254 0
    outer loop
      vertex 119.89365427196026 -43.21553724259138 0
      vertex 119.89365427196026 -43.21553724259138 5
      vertex 119.76148078590631 -43.811733312904835 5
    endloop
  endfacet
  facet normal 0.9914448618756018 -0.13052618840856664 0
    outer loop
      vertex 119.97336288541555 -42.61009019613266 0
      vertex 119.89365427196026 -43.21553724259138 5
      vertex 119.89365427196026 -43.21553724259138 0
    endloop
  endfacet
  facet normal 0.9914448618756018 -0.13052618840856664 0
    outer loop
      vertex 119.97336288541555 -42.61009019613266 0
      vertex 119.97336288541555 -42.61009019613266 5
      vertex 119.89365427196026 -43.21553724259138 5
    endloop
  endfacet
  facet normal 0.9990482214846607 -0.04361938959151427 0
    outer loop
      vertex 120 -42 0
      vertex 119.97336288541555 -42.61009019613266 5
      vertex 119.97336288541555 -42.61009019613266 0
    endloop
  endfacet
  facet normal 0.9990482214846607 -0.04361938959151427 0
    outer loop
      vertex 120 -42 0
      vertex 120 -42 5
      vertex 119.97336288541555 -42.61009019613266 5
    endloop
  endfacet
  facet normal 0.9990482214846607 0.04361938959151427 0
    outer loop
      vertex 119.97336288541555 -41.38990980386734 0
      vertex 120 -42 5
      vertex 120 -42 0
    endloop
  endfacet
  facet normal 0.9990482214846607 0.04361938959151427 0
    outer loop
      vertex 119.97336288541555 -41.38990980386734 0
      vertex 119.97336288541555 -41.38990980386734 5
      vertex 120 -42 5
    endloop
  endfacet
  facet normal 0.9914448618756018 0.13052618840856664 0
    outer loop
      vertex 119.89365427196026 -40.78446275740862 0
      vertex 119.97336288541555 -41.38990980386734 5
      vertex 119.97336288541555 -41.38990980386734 0
    endloop
  endfacet
  facet normal 0.9914448618756018 0.13052618840856664 0
    outer loop
      vertex 119.89365427196026 -40.78446275740862 0
      vertex 119.89365427196026 -40.78446275740862 5
      vertex 119.97336288541555 -41.38990980386734 5
    endloop
  endfacet
  facet normal 0.976296007335593 0.2164396129653254 0
    outer loop
      vertex 119.76148078590631 -40.188266687095165 0
      vertex 119.89365427196026 -40.78446275740862 5
      vertex 119.89365427196026 -40.78446275740862 0
    endloop
  endfacet
  facet normal 0.976296007335593 0.2164396129653254 0
    outer loop
      vertex 119.76148078590631 -40.188266687095165 0
      vertex 119.76148078590631 -40.188266687095165 5
      vertex 119.89365427196026 -40.78446275740862 5
    endloop
  endfacet
  facet normal 0.9537169500954957 0.30070580157447224 0
    outer loop
      vertex 119.57784834504128 -39.605858996510506 0
      vertex 119.76148078590631 -40.188266687095165 5
      vertex 119.76148078590631 -40.188266687095165 0
    endloop
  endfacet
  facet normal 0.9537169500954957 0.30070580157447224 0
    outer loop
      vertex 119.57784834504128 -39.605858996510506 0
      vertex 119.57784834504128 -39.605858996510506 5
      vertex 119.76148078590631 -40.188266687095165 5
    endloop
  endfacet
  facet normal 0.9238795308127357 0.3826834364657549 0
    outer loop
      vertex 119.34415450692177 -39.0416721701622 0
      vertex 119.57784834504128 -39.605858996510506 5
      vertex 119.57784834504128 -39.605858996510506 0
    endloop
  endfacet
  facet normal 0.9238795308127357 0.3826834364657549 0
    outer loop
      vertex 119.34415450692177 -39.0416721701622 0
      vertex 119.34415450692177 -39.0416721701622 5
      vertex 119.57784834504128 -39.605858996510506 5
    endloop
  endfacet
  facet normal 0.8870108375444251 0.46174860484763514 0
    outer loop
      vertex 119.06217782944441 -38.5 0
      vertex 119.34415450692177 -39.0416721701622 5
      vertex 119.34415450692177 -39.0416721701622 0
    endloop
  endfacet
  facet normal 0.8870108375444251 0.46174860484763514 0
    outer loop
      vertex 119.06217782944441 -38.5 0
      vertex 119.06217782944441 -38.5 5
      vertex 119.34415450692177 -39.0416721701622 5
    endloop
  endfacet
  facet normal 0.843391444719553 0.5372996100630123 0
    outer loop
      vertex 118.73406431078911 -37.984964944422245 0
      vertex 119.06217782944441 -38.5 5
      vertex 119.06217782944441 -38.5 0
    endloop
  endfacet
  facet normal 0.843391444719553 0.5372996100630123 0
    outer loop
      vertex 118.73406431078911 -37.984964944422245 0
      vertex 118.73406431078911 -37.984964944422245 5
      vertex 119.06217782944441 -38.5 5
    endloop
  endfacet
  facet normal 0.7933533398969126 0.6087614295226117 0
    outer loop
      vertex 118.3623111024499 -37.500486731529236 0
      vertex 118.73406431078911 -37.984964944422245 5
      vertex 118.73406431078911 -37.984964944422245 0
    endloop
  endfacet
  facet normal 0.7933533398969126 0.6087614295226117 0
    outer loop
      vertex 118.3623111024499 -37.500486731529236 0
      vertex 118.3623111024499 -37.500486731529236 5
      vertex 118.73406431078911 -37.984964944422245 5
    endloop
  endfacet
  facet normal 0.737277331503665 0.6755902134066439 0
    outer loop
      vertex 117.9497474655509 -37.0502525344491 0
      vertex 118.3623111024499 -37.500486731529236 5
      vertex 118.3623111024499 -37.500486731529236 0
    endloop
  endfacet
  facet normal 0.737277331503665 0.6755902134066439 0
    outer loop
      vertex 117.9497474655509 -37.0502525344491 0
      vertex 117.9497474655509 -37.0502525344491 5
      vertex 118.3623111024499 -37.500486731529236 5
    endloop
  endfacet
  facet normal 0.6755902134066439 0.737277331503665 0
    outer loop
      vertex 117.49951326847076 -36.637688897550106 0
      vertex 117.9497474655509 -37.0502525344491 5
      vertex 117.9497474655509 -37.0502525344491 0
    endloop
  endfacet
  facet normal 0.6755902134066439 0.737277331503665 0
    outer loop
      vertex 117.49951326847076 -36.637688897550106 0
      vertex 117.49951326847076 -36.637688897550106 5
      vertex 117.9497474655509 -37.0502525344491 5
    endloop
  endfacet
  facet normal 0.6087614295226117 0.7933533398969126 0
    outer loop
      vertex 117.01503505557775 -36.26593568921089 0
      vertex 117.49951326847076 -36.637688897550106 5
      vertex 117.49951326847076 -36.637688897550106 0
    endloop
  endfacet
  facet normal 0.6087614295226117 0.7933533398969126 0
    outer loop
      vertex 117.01503505557775 -36.26593568921089 0
      vertex 117.01503505557775 -36.26593568921089 5
      vertex 117.49951326847076 -36.637688897550106 5
    endloop
  endfacet
  facet normal 0.5372996100630123 0.843391444719553 0
    outer loop
      vertex 116.5 -35.93782217055559 0
      vertex 117.01503505557775 -36.26593568921089 5
      vertex 117.01503505557775 -36.26593568921089 0
    endloop
  endfacet
  facet normal 0.5372996100630123 0.843391444719553 0
    outer loop
      vertex 116.5 -35.93782217055559 0
      vertex 116.5 -35.93782217055559 5
      vertex 117.01503505557775 -36.26593568921089 5
    endloop
  endfacet
  facet normal 0.46174860484763514 0.8870108375444251 0
    outer loop
      vertex 115.9583278298378 -35.65584549307823 0
      vertex 116.5 -35.93782217055559 5
      vertex 116.5 -35.93782217055559 0
    endloop
  endfacet
  facet normal 0.46174860484763514 0.8870108375444251 0
    outer loop
      vertex 115.9583278298378 -35.65584549307823 0
      vertex 115.9583278298378 -35.65584549307823 5
      vertex 116.5 -35.93782217055559 5
    endloop
  endfacet
  facet normal 0.3826834364657549 0.9238795308127357 0
    outer loop
      vertex 115.3941410034895 -35.422151654958725 0
      vertex 115.9583278298378 -35.65584549307823 5
      vertex 115.9583278298378 -35.65584549307823 0
    endloop
  endfacet
  facet normal 0.3826834364657549 0.9238795308127357 0
    outer loop
      vertex 115.3941410034895 -35.422151654958725 0
      vertex 115.3941410034895 -35.422151654958725 5
      vertex 115.9583278298378 -35.65584549307823 5
    endloop
  endfacet
  facet normal 0.30070580157447224 0.9537169500954957 0
    outer loop
      vertex 114.81173331290483 -35.238519214093685 0
      vertex 115.3941410034895 -35.422151654958725 5
      vertex 115.3941410034895 -35.422151654958725 0
    endloop
  endfacet
  facet normal 0.30070580157447224 0.9537169500954957 0
    outer loop
      vertex 114.81173331290483 -35.238519214093685 0
      vertex 114.81173331290483 -35.238519214093685 5
      vertex 115.3941410034895 -35.422151654958725 5
    endloop
  endfacet
  facet normal 0.2164396129653254 0.976296007335593 0
    outer loop
      vertex 114.21553724259138 -35.10634572803974 0
      vertex 114.81173331290483 -35.238519214093685 5
      vertex 114.81173331290483 -35.238519214093685 0
    endloop
  endfacet
  facet normal 0.2164396129653254 0.976296007335593 0
    outer loop
      vertex 114.21553724259138 -35.10634572803974 0
      vertex 114.21553724259138 -35.10634572803974 5
      vertex 114.81173331290483 -35.238519214093685 5
    endloop
  endfacet
  facet normal 0.13052618840856664 0.9914448618756018 0
    outer loop
      vertex 113.61009019613266 -35.026637114584446 0
      vertex 114.21553724259138 -35.10634572803974 5
      vertex 114.21553724259138 -35.10634572803974 0
    endloop
  endfacet
  facet normal 0.13052618840856664 0.9914448618756018 0
    outer loop
      vertex 113.61009019613266 -35.026637114584446 0
      vertex 113.61009019613266 -35.026637114584446 5
      vertex 114.21553724259138 -35.10634572803974 5
    endloop
  endfacet
  facet normal 0.04361938959151427 0.9990482214846607 0
    outer loop
      vertex 113 -35 0
      vertex 113.61009019613266 -35.026637114584446 5
      vertex 113.61009019613266 -35.026637114584446 0
    endloop
  endfacet
  facet normal 0.04361938959151427 0.9990482214846607 0
    outer loop
      vertex 113 -35 0
      vertex 113 -35 5
      vertex 113.61009019613266 -35.026637114584446 5
    endloop
  endfacet
  facet normal 0 1 0
    outer loop
      vertex 49 -35 0
      vertex 113 -35 5
      vertex 113 -35 0
    endloop
  endfacet
  facet normal 0 1 0
    outer loop
      vertex 49 -35 0
      vertex 49 -35 5
      vertex 113 -35 5
    endloop
  endfacet
  facet normal 1 0 0
    outer loop
      vertex 49 35 0
      vertex 49 -35 5
      vertex 49 -35 0
    endloop
  endfacet
  facet normal 1 0 0
    outer loop
      vertex 49 35 0
      vertex 49 35 5
      vertex 49 -35 5
    endloop
  endfacet
  facet normal 0 -1 0
    outer loop
      vertex 113 35 0
      vertex 49 35 5
      vertex 49 35 0
    endloop
  endfacet
  facet normal 0 -1 0
    outer loop
      vertex 113 35 0
      vertex 113 35 5
      vertex 49 35 5
    endloop
  endfacet
  facet normal 0.04361938959151427 -0.9990482214846607 0
    outer loop
      vertex 113.61009019613266 35.026637114584446 0
      vertex 113 35 5
      vertex 113 35 0
    endloop
  endfacet
  facet normal 0.04361938959151427 -0.9990482214846607 0
    outer loop
      vertex 113.61009019613266 35.026637114584446 0
      vertex 113.61009019613266 35.026637114584446 5
      vertex 113 35 5
    endloop
  endfacet
  facet normal 0.13052618840856664 -0.9914448618756018 0
    outer loop
      vertex 114.21553724259138 35.10634572803974 0
      vertex 113.61009019613266 35.026637114584446 5
      vertex 113.61009019613266 35.026637114584446 0
    endloop
  endfacet
  facet normal 0.13052618840856664 -0.9914448618756018 0
    outer loop
      vertex 114.21553724259138 35.10634572803974 0
      vertex 114.21553724259138 35.10634572803974 5
      vertex 113.61009019613266 35.026637114584446 5
    endloop
  endfacet
  facet normal 0.2164396129653254 -0.976296007335593 0
    outer loop
      vertex 114.81173331290483 35.238519214093685 0
      vertex 114.21553724259138 35.10634572803974 5
      vertex 114.21553724259138 35.10634572803974 0
    endloop
  endfacet
  facet normal 0.2164396129653254 -0.976296007335593 0
    outer loop
      vertex 114.81173331290483 35.238519214093685 0
      vertex 114.81173331290483 35.238519214093685 5
      vertex 114.21553724259138 35.10634572803974 5
    endloop
  endfacet
  facet normal 0.30070580157447224 -0.9537169500954957 0
    outer loop
      vertex 115.3941410034895 35.422151654958725 0
      vertex 114.81173331290483 35.238519214093685 5
      vertex 114.81173331290483 35.238519214093685 0
    endloop
  endfacet
  facet normal 0.30070580157447224 -0.9537169500954957 0
    outer loop
      vertex 115.3941410034895 35.422151654958725 0
      vertex 115.3941410034895 35.422151654958725 5
      vertex 114.81173331290483 35.238519214093685 5
    endloop
  endfacet
  facet normal 0.3826834364657549 -0.9238795308127357 0
    outer loop
      vertex 115.9583278298378 35.65584549307823 0
      vertex 115.3941410034895 35.422151654958725 5
      vertex 115.3941410034895 35.422151654958725 0
    endloop
  endfacet
  facet normal 0.3826834364657549 -0.9238795308127357 0
    outer loop
      vertex 115.9583278298378 35.65584549307823 0
      vertex 115.9583278298378 35.65584549307823 5
      vertex 115.3941410034895 35.422151654958725 5
    endloop
  endfacet
  facet normal 0.46174860484763514 -0.8870108375444251 0
    outer loop
      vertex 116.5 35.93782217055559 0
      vertex 115.9583278298378 35.65584549307823 5
      vertex 115.9583278298378 35.65584549307823 0
    endloop
  endfacet
  facet normal 0.46174860484763514 -0.8870108375444251 0
    outer loop
      vertex 116.5 35.93782217055559 0
      vertex 116.5 35.93782217055559 5
      vertex 115.9583278298378 35.65584549307823 5
    endloop
  endfacet
  facet normal 0.5372996100630123 -0.843391444719553 0
    outer loop
      vertex 117.01503505557775 36.26593568921089 0
      vertex 116.5 35.93782217055559 5
      vertex 116.5 35.93782217055559 0
    endloop
  endfacet
  facet normal 0.5372996100630123 -0.843391444719553 0
    outer loop
      vertex 117.01503505557775 36.26593568921089 0
      vertex 117.01503505557775 36.26593568921089 5
      vertex 116.5 35.93782217055559 5
    endloop
  endfacet
  facet normal 0.6087614295226117 -0.7933533398969126 0
    outer loop
      vertex 117.49951326847076 36.637688897550106 0
      vertex 117.01503505557775 36.26593568921089 5
      vertex 117.01503505557775 36.26593568921089 0
    endloop
  endfacet
  facet normal 0.6087614295226117 -0.7933533398969126 0
    outer loop
      vertex 117.49951326847076 36.637688897550106 0
      vertex 117.49951326847076 36.637688897550106 5
      vertex 117.01503505557775 36.26593568921089 5
    endloop
  endfacet
  facet normal 0.6755902134066439 -0.737277331503665 0
    outer loop
      vertex 117.9497474655509 37.0502525344491 0
      vertex 117.49951326847076 36.637688897550106 5
      vertex 117.49951326847076 36.637688897550106 0
    endloop
  endfacet
  facet normal 0.6755902134066439 -0.737277331503665 0
    outer loop
      vertex 117.9497474655509 37.0502525344491 0
      vertex 117.9497474655509 37.0502525344491 5
      vertex 117.49951326847076 36.637688897550106 5
    endloop
  endfacet
  facet normal 0.737277331503665 -0.6755902134066439 0
    outer loop
      vertex 118.3623111024499 37.500486731529236 0
      vertex 117.9497474655509 37.0502525344491 5
      vertex 117.9497474655509 37.0502525344491 0
    endloop
  endfacet
  facet normal 0.737277331503665 -0.6755902134066439 0
    outer loop
      vertex 118.3623111024499 37.500486731529236 0
      vertex 118.3623111024499 37.500486731529236 5
      vertex 117.9497474655509 37.0502525344491 5
    endloop
  endfacet
  facet normal 0.7933533398969126 -0.6087614295226117 0
    outer loop
      vertex 118.73406431078911 37.984964944422245 0
      vertex 118.3623111024499 37.500486731529236 5
      vertex 118.3623111024499 37.500486731529236 0
    endloop
  endfacet
  facet normal 0.7933533398969126 -0.6087614295226117 0
    outer loop
      vertex 118.73406431078911 37.984964944422245 0
      vertex 118.73406431078911 37.984964944422245 5
      vertex 118.3623111024499 37.500486731529236 5
    endloop
  endfacet
  facet normal 0.843391444719553 -0.5372996100630123 0
    outer loop
      vertex 119.06217782944441 38.5 0
      vertex 118.73406431078911 37.984964944422245 5
      vertex 118.73406431078911 37.984964944422245 0
    endloop
  endfacet
  facet normal 0.843391444719553 -0.5372996100630123 0
    outer loop
      vertex 119.06217782944441 38.5 0
      vertex 119.06217782944441 38.5 5
      vertex 118.73406431078911 37.984964944422245 5
    endloop
  endfacet
  facet normal 0.8870108375444251 -0.46174860484763514 0
    outer loop
      vertex 119.34415450692177 39.0416721701622 0
      vertex 119.06217782944441 38.5 5
      vertex 119.06217782944441 38.5 0
    endloop
  endfacet
  facet normal 0.8870108375444251 -0.46174860484763514 0
    outer loop
      vertex 119.34415450692177 39.0416721701622 0
      vertex 119.34415450692177 39.0416721701622 5
      vertex 119.06217782944441 38.5 5
    endloop
  endfacet
  facet normal 0.9238795308127357 -0.3826834364657549 0
    outer loop
      vertex 119.57784834504128 39.605858996510506 0
      vertex 119.34415450692177 39.0416721701622 5
      vertex 119.34415450692177 39.0416721701622 0
    endloop
  endfacet
  facet normal 0.9238795308127357 -0.3826834364657549 0
    outer loop
      vertex 119.57784834504128 39.605858996510506 0
      vertex 119.57784834504128 39.605858996510506 5
      vertex 119.34415450692177 39.0416721701622 5
    endloop
  endfacet
  facet normal 0.9537169500954957 -0.30070580157447224 0
    outer loop
      vertex 119.76148078590631 40.188266687095165 0
      vertex 119.57784834504128 39.605858996510506 5
      vertex 119.57784834504128 39.605858996510506 0
    endloop
  endfacet
  facet normal 0.9537169500954957 -0.30070580157447224 0
    outer loop
      vertex 119.76148078590631 40.188266687095165 0
      vertex 119.76148078590631 40.188266687095165 5
      vertex 119.57784834504128 39.605858996510506 5
    endloop
  endfacet
  facet normal 0.976296007335593 -0.2164396129653254 0
    outer loop
      vertex 119.89365427196026 40.78446275740862 0
      vertex 119.76148078590631 40.188266687095165 5
      vertex 119.76148078590631 40.188266687095165 0
    endloop
  endfacet
  facet normal 0.976296007335593 -0.2164396129653254 0
    outer loop
      vertex 119.89365427196026 40.78446275740862 0
      vertex 119.89365427196026 40.78446275740862 5
      vertex 119.76148078590631 40.188266687095165 5
    endloop
  endfacet
  facet normal 0.9914448618756018 -0.13052618840856664 0
    outer loop
      vertex 119.97336288541555 41.38990980386734 0
      vertex 119.89365427196026 40.78446275740862 5
      vertex 119.89365427196026 40.78446275740862 0
    endloop
  endfacet
  facet normal 0.9914448618756018 -0.13052618840856664 0
    outer loop
      vertex 119.97336288541555 41.38990980386734 0
      vertex 119.97336288541555 41.38990980386734 5
      vertex 119.89365427196026 40.78446275740862 5
    endloop
  endfacet
  facet normal 0.9990482214846607 -0.04361938959151427 0
    outer loop
      vertex 120 42 0
      vertex 119.97336288541555 41.38990980386734 5
      vertex 119.97336288541555 41.38990980386734 0
    endloop
  endfacet
  facet normal 0.9990482214846607 -0.04361938959151427 0
    outer loop
      vertex 120 42 0
      vertex 120 42 5
      vertex 119.97336288541555 41.38990980386734 5
    endloop
  endfacet
  facet normal 0.9990482214846607 0.04361938959151427 0
    outer loop
      vertex 119.97336288541555 42.61009019613266 0
      vertex 120 42 5
      vertex 120 42 0
    endloop
  endfacet
  facet normal 0.9990482214846607 0.04361938959151427 0
    outer loop
      vertex 119.97336288541555 42.61009019613266 0
      vertex 119.97336288541555 42.61009019613266 5
      vertex 120 42 5
    endloop
  endfacet
  facet normal 0.9914448618756018 0.13052618840856664 0
    outer loop
      vertex 119.89365427196026 43.21553724259138 0
      vertex 119.97336288541555 42.61009019613266 5
      vertex 119.97336288541555 42.61009019613266 0
    endloop
  endfacet
  facet normal 0.9914448618756018 0.13052618840856664 0
    outer loop
      vertex 119.89365427196026 43.21553724259138 0
      vertex 119.89365427196026 43.21553724259138 5
      vertex 119.97336288541555 42.61009019613266 5
    endloop
  endfacet
  facet normal 0.976296007335593 0.2164396129653254 0
    outer loop
      vertex 119.76148078590631 43.811733312904835 0
      vertex 119.89365427196026 43.21553724259138 5
      vertex 119.89365427196026 43.21553724259138 0
    endloop
  endfacet
  facet normal 0.976296007335593 0.2164396129653254 0
    outer loop
      vertex 119.76148078590631 43.811733312904835 0
      vertex 119.76148078590631 43.811733312904835 5
      vertex 119.89365427196026 43.21553724259138 5
    endloop
  endfacet
  facet normal 0.9537169500954957 0.30070580157447224 0
    outer loop
      vertex 119.57784834504128 44.394141003489494 0
      vertex 119.76148078590631 43.811733312904835 5
      vertex 119.76148078590631 43.811733312904835 0
    endloop
  endfacet
  facet normal 0.9537169500954957 0.30070580157447224 0
    outer loop
      vertex 119.57784834504128 44.394141003489494 0
      vertex 119.57784834504128 44.394141003489494 5
      vertex 119.76148078590631 43.811733312904835 5
    endloop
  endfacet
  facet normal 0.9238795308127357 0.3826834364657549 0
    outer loop
      vertex 119.34415450692177 44.9583278298378 0
      vertex 119.57784834504128 44.394141003489494 5
      vertex 119.57784834504128 44.394141003489494 0
    endloop
  endfacet
  facet normal 0.9238795308127357 0.3826834364657549 0
    outer loop
      vertex 119.34415450692177 44.9583278298378 0
      vertex 119.34415450692177 44.9583278298378 5
      vertex 119.57784834504128 44.394141003489494 5
    endloop
  endfacet
  facet normal 0.8870108375444251 0.46174860484763514 0
    outer loop
      vertex 119.06217782944441 45.5 0
      vertex 119.34415450692177 44.9583278298378 5
      vertex 119.34415450692177 44.9583278298378 0
    endloop
  endfacet
  facet normal 0.8870108375444251 0.46174860484763514 0
    outer loop
      vertex 119.06217782944441 45.5 0
      vertex 119.06217782944441 45.5 5
      vertex 119.34415450692177 44.9583278298378 5
    endloop
  endfacet
  facet normal 0.843391444719553 0.5372996100630123 0
    outer loop
      vertex 118.73406431078911 46.015035055577755 0
      vertex 119.06217782944441 45.5 5
      vertex 119.06217782944441 45.5 0
    endloop
  endfacet
  facet normal 0.843391444719553 0.5372996100630123 0
    outer loop
      vertex 118.73406431078911 46.015035055577755 0
      vertex 118.73406431078911 46.015035055577755 5
      vertex 119.06217782944441 45.5 5
    endloop
  endfacet
  facet normal 0.7933533398969126 0.6087614295226117 0
    outer loop
      vertex 118.3623111024499 46.499513268470764 0
      vertex 118.73406431078911 46.015035055577755 5
      vertex 118.73406431078911 46.015035055577755 0
    endloop
  endfacet
  facet normal 0.7933533398969126 0.6087614295226117 0
    outer loop
      vertex 118.3623111024499 46.499513268470764 0
      vertex 118.3623111024499 46.499513268470764 5
      vertex 118.73406431078911 46.015035055577755 5
    endloop
  endfacet
  facet normal 0.737277331503665 0.6755902134066439 0
    outer loop
      vertex 117.9497474655509 46.9497474655509 0
      vertex 118.3623111024499 46.499513268470764 5
      vertex 118.3623111024499 46.499513268470764 0
    endloop
  endfacet
  facet normal 0.737277331503665 0.6755902134066439 0
    outer loop
      vertex 117.9497474655509 46.9497474655509 0
      vertex 117.9497474655509 46.9497474655509 5
      vertex 118.3623111024499 46.499513268470764 5
    endloop
  endfacet
  facet normal 0.6755902134066439 0.737277331503665 0
    outer loop
      vertex 117.49951326847076 47.362311102449894 0
      vertex 117.9497474655509 46.9497474655509 5
      vertex 117.9497474655509 46.9497474655509 0
    endloop
  endfacet
  facet normal 0.6755902134066439 0.737277331503665 0
    outer loop
      vertex 117.49951326847076 47.362311102449894 0
      vertex 117.49951326847076 47.362311102449894 5
      vertex 117.9497474655509 46.9497474655509 5
    endloop
  endfacet
  facet normal 0.6087614295226117 0.7933533398969126 0
    outer loop
      vertex 117.01503505557775 47.73406431078911 0
      vertex 117.49951326847076 47.362311102449894 5
      vertex 117.49951326847076 47.362311102449894 0
    endloop
  endfacet
  facet normal 0.6087614295226117 0.7933533398969126 0
    outer loop
      vertex 117.01503505557775 47.73406431078911 0
      vertex 117.01503505557775 47.73406431078911 5
      vertex 117.49951326847076 47.362311102449894 5
    endloop
  endfacet
  facet normal 0.5372996100630123 0.843391444719553 0
    outer loop
      vertex 116.5 48.06217782944441 0
      vertex 117.01503505557775 47.73406431078911 5
      vertex 117.01503505557775 47.73406431078911 0
    endloop
  endfacet
  facet normal 0.5372996100630123 0.843391444719553 0
    outer loop
      vertex 116.5 48.06217782944441 0
      vertex 116.5 48.06217782944441 5
      vertex 117.01503505557775 47.73406431078911 5
    endloop
  endfacet
  facet normal 0.46174860484763514 0.8870108375444251 0
    outer loop
      vertex 115.9583278298378 48.34415450692177 0
      vertex 116.5 48.06217782944441 5
      vertex 116.5 48.06217782944441 0
    endloop
  endfacet
  facet normal 0.46174860484763514 0.8870108375444251 0
    outer loop
      vertex 115.9583278298378 48.34415450692177 0
      vertex 115.9583278298378 48.34415450692177 5
      vertex 116.5 48.06217782944441 5
    endloop
  endfacet
  facet normal 0.3826834364657549 0.9238795308127357 0
    outer loop
      vertex 115.3941410034895 48.577848345041275 0
      vertex 115.9583278298378 48.34415450692177 5
      vertex 115.9583278298378 48.34415450692177 0
    endloop
  endfacet
  facet normal 0.3826834364657549 0.9238795308127357 0
    outer loop
      vertex 115.3941410034895 48.577848345041275 0
      vertex 115.3941410034895 48.577848345041275 5
      vertex 115.9583278298378 48.34415450692177 5
    endloop
  endfacet
  facet normal 0.30070580157447224 0.9537169500954957 0
    outer loop
      vertex 114.81173331290483 48.761480785906315 0
      vertex 115.3941410034895 48.577848345041275 5
      vertex 115.3941410034895 48.577848345041275 0
    endloop
  endfacet
  facet normal 0.30070580157447224 0.9537169500954957 0
    outer loop
      vertex 114.81173331290483 48.761480785906315 0
      vertex 114.81173331290483 48.761480785906315 5
      vertex 115.3941410034895 48.577848345041275 5
    endloop
  endfacet
  facet normal 0.2164396129653254 0.976296007335593 0
    outer loop
      vertex 114.21553724259138 48.89365427196026 0
      vertex 114.81173331290483 48.761480785906315 5
      vertex 114.81173331290483 48.761480785906315 0
    endloop
  endfacet
  facet normal 0.2164396129653254 0.976296007335593 0
    outer loop
      vertex 114.21553724259138 48.89365427196026 0
      vertex 114.21553724259138 48.89365427196026 5
      vertex 114.81173331290483 48.761480785906315 5
    endloop
  endfacet
  facet normal 0.13052618840856664 0.9914448618756018 0
    outer loop
      vertex 113.61009019613266 48.973362885415554 0
      vertex 114.21553724259138 48.89365427196026 5
      vertex 114.21553724259138 48.89365427196026 0
    endloop
  endfacet
  facet normal 0.13052618840856664 0.9914448618756018 0
    outer loop
      vertex 113.61009019613266 48.973362885415554 0
      vertex 113.61009019613266 48.973362885415554 5
      vertex 114.21553724259138 48.89365427196026 5
    endloop
  endfacet
  facet normal 0.04361938959151427 0.9990482214846607 0
    outer loop
      vertex 113 49 0
      vertex 113.61009019613266 48.973362885415554 5
      vertex 113.61009019613266 48.973362885415554 0
    endloop
  endfacet
  facet normal 0.04361938959151427 0.9990482214846607 0
    outer loop
      vertex 113 49 0
      vertex 113 49 5
      vertex 113.61009019613266 48.973362885415554 5
    endloop
  endfacet
  facet normal 0 1 0
    outer loop
      vertex 49 49 0
      vertex 113 49 5
      vertex 113 49 0
    endloop
  endfacet
  facet normal 0 1 0
    outer loop
      vertex 49 49 0
      vertex 49 49 5
      vertex 113 49 5
    endloop
  endfacet
  facet normal 1 0 0
    outer loop
      vertex 49 113 0
      vertex 49 49 5
      vertex 49 49 0
    endloop
  endfacet
  facet normal 1 0 0
    outer loop
      vertex 49 113 0
      vertex 49 113 5
      vertex 49 49 5
    endloop
  endfacet
  facet normal 0.9990482214846607 0.04361938959151427 0
    outer loop
      vertex 48.973362885415554 113.61009019613266 0
      vertex 49 113 5
      vertex 49 113 0
    endloop
  endfacet
  facet normal 0.9990482214846607 0.04361938959151427 0
    outer loop
      vertex 48.973362885415554 113.61009019613266 0
      vertex 48.973362885415554 113.61009019613266 5
      vertex 49 113 5
    endloop
  endfacet
  facet normal 0.9914448618756018 0.13052618840856664 0
    outer loop
      vertex 48.89365427196026 114.21553724259138 0
      vertex 48.973362885415554 113.61009019613266 5
      vertex 48.973362885415554 113.61009019613266 0
    endloop
  endfacet
  facet normal 0.9914448618756018 0.13052618840856664 0
    outer loop
      vertex 48.89365427196026 114.21553724259138 0
      vertex 48.89365427196026 114.21553724259138 5
      vertex 48.973362885415554 113.61009019613266 5
    endloop
  endfacet
  facet normal 0.976296007335593 0.2164396129653254 0
    outer loop
      vertex 48.761480785906315 114.81173331290483 0
      vertex 48.89365427196026 114.21553724259138 5
      vertex 48.89365427196026 114.21553724259138 0
    endloop
  endfacet
  facet normal 0.976296007335593 0.2164396129653254 0
    outer loop
      vertex 48.761480785906315 114.81173331290483 0
      vertex 48.761480785906315 114.81173331290483 5
      vertex 48.89365427196026 114.21553724259138 5
    endloop
  endfacet
  facet normal 0.9537169500954957 0.30070580157447224 0
    outer loop
      vertex 48.577848345041275 115.3941410034895 0
      vertex 48.761480785906315 114.81173331290483 5
      vertex 48.761480785906315 114.81173331290483 0
    endloop
  endfacet
  facet normal 0.9537169500954957 0.30070580157447224 0
    outer loop
      vertex 48.577848345041275 115.3941410034895 0
      vertex 48.577848345041275 115.3941410034895 5
      vertex 48.761480785906315 114.81173331290483 5
    endloop
  endfacet
  facet normal 0.9238795308127357 0.3826834364657549 0
    outer loop
      vertex 48.34415450692177 115.9583278298378 0
      vertex 48.577848345041275 115.3941410034895 5
      vertex 48.577848345041275 115.3941410034895 0
    endloop
  endfacet
  facet normal 0.9238795308127357 0.3826834364657549 0
    outer loop
      vertex 48.34415450692177 115.9583278298378 0
      vertex 48.34415450692177 115.9583278298378 5
      vertex 48.577848345041275 115.3941410034895 5
    endloop
  endfacet
  facet normal 0.8870108375444251 0.46174860484763514 0
    outer loop
      vertex 48.06217782944441 116.5 0
      vertex 48.34415450692177 115.9583278298378 5
      vertex 48.34415450692177 115.9583278298378 0
    endloop
  endfacet
  facet normal 0.8870108375444251 0.46174860484763514 0
    outer loop
      vertex 48.06217782944441 116.5 0
      vertex 48.06217782944441 116.5 5
      vertex 48.34415450692177 115.9583278298378 5
    endloop
  endfacet
  facet normal 0.843391444719553 0.5372996100630123 0
    outer loop
      vertex 47.73406431078911 117.01503505557775 0
      vertex 48.06217782944441 116.5 5
      vertex 48.06217782944441 116.5 0
    endloop
  endfacet
  facet normal 0.843391444719553 0.5372996100630123 0
    outer loop
      vertex 47.73406431078911 117.01503505557775 0
      vertex 47.73406431078911 117.01503505557775 5
      vertex 48.06217782944441 116.5 5
    endloop
  endfacet
  facet normal 0.7933533398969126 0.6087614295226117 0
    outer loop
      vertex 47.362311102449894 117.49951326847076 0
      vertex 47.73406431078911 117.01503505557775 5
      vertex 47.73406431078911 117.01503505557775 0
    endloop
  endfacet
  facet normal 0.7933533398969126 0.6087614295226117 0
    outer loop
      vertex 47.362311102449894 117.49951326847076 0
      vertex 47.362311102449894 117.49951326847076 5
      vertex 47.73406431078911 117.01503505557775 5
    endloop
  endfacet
  facet normal 0.737277331503665 0.6755902134066439 0
    outer loop
      vertex 46.9497474655509 117.9497474655509 0
      vertex 47.362311102449894 117.49951326847076 5
      vertex 47.362311102449894 117.49951326847076 0
    endloop
  endfacet
  facet normal 0.737277331503665 0.6755902134066439 0
    outer loop
      vertex 46.9497474655509 117.9497474655509 0
      vertex 46.9497474655509 117.9497474655509 5
      vertex 47.362311102449894 117.49951326847076 5
    endloop
  endfacet
  facet normal 0.6755902134066439 0.737277331503665 0
    outer loop
      vertex 46.499513268470764 118.3623111024499 0
      vertex 46.9497474655509 117.9497474655509 5
      vertex 46.9497474655509 117.9497474655509 0
    endloop
  endfacet
  facet normal 0.6755902134066439 0.737277331503665 0
    outer loop
      vertex 46.499513268470764 118.3623111024499 0
      vertex 46.499513268470764 118.3623111024499 5
      vertex 46.9497474655509 117.9497474655509 5
    endloop
  endfacet
  facet normal 0.6087614295226117 0.7933533398969126 0
    outer loop
      vertex 46.015035055577755 118.73406431078911 0
      vertex 46.499513268470764 118.3623111024499 5
      vertex 46.499513268470764 118.3623111024499 0
    endloop
  endfacet
  facet normal 0.6087614295226117 0.7933533398969126 0
    outer loop
      vertex 46.015035055577755 118.73406431078911 0
      vertex 46.015035055577755 118.73406431078911 5
      vertex 46.499513268470764 118.3623111024499 5
    endloop
  endfacet
  facet normal 0.5372996100630123 0.843391444719553 0
    outer loop
      vertex 45.5 119.06217782944441 0
      vertex 46.015035055577755 118.73406431078911 5
      vertex 46.015035055577755 118.73406431078911 0
    endloop
  endfacet
  facet normal 0.5372996100630123 0.843391444719553 0
    outer loop
      vertex 45.5 119.06217782944441 0
      vertex 45.5 119.06217782944441 5
      vertex 46.015035055577755 118.73406431078911 5
    endloop
  endfacet
  facet normal 0.46174860484763514 0.8870108375444251 0
    outer loop
      vertex 44.9583278298378 119.34415450692177 0
      vertex 45.5 119.06217782944441 5
      vertex 45.5 119.06217782944441 0
    endloop
  endfacet
  facet normal 0.46174860484763514 0.8870108375444251 0
    outer loop
      vertex 44.9583278298378 119.34415450692177 0
      vertex 44.9583278298378 119.34415450692177 5
      vertex 45.5 119.06217782944441 5
    endloop
  endfacet
  facet normal 0.3826834364657549 0.9238795308127357 0
    outer loop
      vertex 44.394141003489494 119.57784834504128 0
      vertex 44.9583278298378 119.34415450692177 5
      vertex 44.9583278298378 119.34415450692177 0
    endloop
  endfacet
  facet normal 0.3826834364657549 0.9238795308127357 0
    outer loop
      vertex 44.394141003489494 119.57784834504128 0
      vertex 44.394141003489494 119.57784834504128 5
      vertex 44.9583278298378 119.34415450692177 5
    endloop
  endfacet
  facet normal 0.30070580157447224 0.9537169500954957 0
    outer loop
      vertex 43.811733312904835 119.76148078590631 0
      vertex 44.394141003489494 119.57784834504128 5
      vertex 44.394141003489494 119.57784834504128 0
    endloop
  endfacet
  facet normal 0.30070580157447224 0.9537169500954957 0
    outer loop
      vertex 43.811733312904835 119.76148078590631 0
      vertex 43.811733312904835 119.76148078590631 5
      vertex 44.394141003489494 119.57784834504128 5
    endloop
  endfacet
  facet normal 0.2164396129653254 0.976296007335593 0
    outer loop
      vertex 43.21553724259138 119.89365427196026 0
      vertex 43.811733312904835 119.76148078590631 5
      vertex 43.811733312904835 119.76148078590631 0
    endloop
  endfacet
  facet normal 0.2164396129653254 0.976296007335593 0
    outer loop
      vertex 43.21553724259138 119.89365427196026 0
      vertex 43.21553724259138 119.89365427196026 5
      vertex 43.811733312904835 119.76148078590631 5
    endloop
  endfacet
  facet normal 0.13052618840856664 0.9914448618756018 0
    outer loop
      vertex 42.61009019613266 119.97336288541555 0
      vertex 43.21553724259138 119.89365427196026 5
      vertex 43.21553724259138 119.89365427196026 0
    endloop
  endfacet
  facet normal 0.13052618840856664 0.9914448618756018 0
    outer loop
      vertex 42.61009019613266 119.97336288541555 0
      vertex 42.61009019613266 119.97336288541555 5
      vertex 43.21553724259138 119.89365427196026 5
    endloop
  endfacet
  facet normal 0.04361938959151427 0.9990482214846607 0
    outer loop
      vertex 42 120 0
      vertex 42.61009019613266 119.97336288541555 5
      vertex 42.61009019613266 119.97336288541555 0
    endloop
  endfacet
  facet normal 0.04361938959151427 0.9990482214846607 0
    outer loop
      vertex 42 120 0
      vertex 42 120 5
      vertex 42.61009019613266 119.97336288541555 5
    endloop
  endfacet
  facet normal -0.04361938959151427 0.9990482214846607 0
    outer loop
      vertex 41.38990980386734 119.97336288541555 0
      vertex 42 120 5
      vertex 42 120 0
    endloop
  endfacet
  facet normal -0.04361938959151427 0.9990482214846607 0
    outer loop
      vertex 41.38990980386734 119.97336288541555 0
      vertex 41.38990980386734 119.97336288541555 5
      vertex 42 120 5
    endloop
  endfacet
  facet normal -0.13052618840856664 0.9914448618756018 0
    outer loop
      vertex 40.78446275740862 119.89365427196026 0
      vertex 41.38990980386734 119.97336288541555 5
      vertex 41.38990980386734 119.97336288541555 0
    endloop
  endfacet
  facet normal -0.13052618840856664 0.9914448618756018 0
    outer loop
      vertex 40.78446275740862 119.89365427196026 0
      vertex 40.78446275740862 119.89365427196026 5
      vertex 41.38990980386734 119.97336288541555 5
    endloop
  endfacet
  facet normal -0.2164396129653254 0.976296007335593 0
    outer loop
      vertex 40.188266687095165 119.76148078590631 0
      vertex 40.78446275740862 119.89365427196026 5
      vertex 40.78446275740862 119.89365427196026 0
    endloop
  endfacet
  facet normal -0.2164396129653254 0.976296007335593 0
    outer loop
      vertex 40.188266687095165 119.76148078590631 0
      vertex 40.188266687095165 119.76148078590631 5
      vertex 40.78446275740862 119.89365427196026 5
    endloop
  endfacet
  facet normal -0.30070580157447224 0.9537169500954957 0
    outer loop
      vertex 39.605858996510506 119.57784834504128 0
      vertex 40.188266687095165 119.76148078590631 5
      vertex 40.188266687095165 119.76148078590631 0
    endloop
  endfacet
  facet normal -0.30070580157447224 0.9537169500954957 0
    outer loop
      vertex 39.605858996510506 119.57784834504128 0
      vertex 39.605858996510506 119.57784834504128 5
      vertex 40.188266687095165 119.76148078590631 5
    endloop
  endfacet
  facet normal -0.3826834364657549 0.9238795308127357 0
    outer loop
      vertex 39.0416721701622 119.34415450692177 0
      vertex 39.605858996510506 119.57784834504128 5
      vertex 39.605858996510506 119.57784834504128 0
    endloop
  endfacet
  facet normal -0.3826834364657549 0.9238795308127357 0
    outer loop
      vertex 39.0416721701622 119.34415450692177 0
      vertex 39.0416721701622 119.34415450692177 5
      vertex 39.605858996510506 119.57784834504128 5
    endloop
  endfacet
  facet normal -0.46174860484763514 0.8870108375444251 0
    outer loop
      vertex 38.5 119.06217782944441 0
      vertex 39.0416721701622 119.34415450692177 5
      vertex 39.0416721701622 119.34415450692177 0
    endloop
  endfacet
  facet normal -0.46174860484763514 0.8870108375444251 0
    outer loop
      vertex 38.5 119.06217782944441 0
      vertex 38.5 119.06217782944441 5
      vertex 39.0416721701622 119.34415450692177 5
    endloop
  endfacet
  facet normal -0.5372996100630123 0.843391444719553 0
    outer loop
      vertex 37.984964944422245 118.73406431078911 0
      vertex 38.5 119.06217782944441 5
      vertex 38.5 119.06217782944441 0
    endloop
  endfacet
  facet normal -0.5372996100630123 0.843391444719553 0
    outer loop
      vertex 37.984964944422245 118.73406431078911 0
      vertex 37.984964944422245 118.73406431078911 5
      vertex 38.5 119.06217782944441 5
    endloop
  endfacet
  facet normal -0.6087614295226117 0.7933533398969126 0
    outer loop
      vertex 37.500486731529236 118.3623111024499 0
      vertex 37.984964944422245 118.73406431078911 5
      vertex 37.984964944422245 118.73406431078911 0
    endloop
  endfacet
  facet normal -0.6087614295226117 0.7933533398969126 0
    outer loop
      vertex 37.500486731529236 118.3623111024499 0
      vertex 37.500486731529236 118.3623111024499 5
      vertex 37.984964944422245 118.73406431078911 5
    endloop
  endfacet
  facet normal -0.6755902134066439 0.737277331503665 0
    outer loop
      vertex 37.0502525344491 117.9497474655509 0
      vertex 37.500486731529236 118.3623111024499 5
      vertex 37.500486731529236 118.3623111024499 0
    endloop
  endfacet
  facet normal -0.6755902134066439 0.737277331503665 0
    outer loop
      vertex 37.0502525344491 117.9497474655509 0
      vertex 37.0502525344491 117.9497474655509 5
      vertex 37.500486731529236 118.3623111024499 5
    endloop
  endfacet
  facet normal -0.737277331503665 0.6755902134066439 0
    outer loop
      vertex 36.637688897550106 117.49951326847076 0
      vertex 37.0502525344491 117.9497474655509 5
      vertex 37.0502525344491 117.9497474655509 0
    endloop
  endfacet
  facet normal -0.737277331503665 0.6755902134066439 0
    outer loop
      vertex 36.637688897550106 117.49951326847076 0
      vertex 36.637688897550106 117.49951326847076 5
      vertex 37.0502525344491 117.9497474655509 5
    endloop
  endfacet
  facet normal -0.7933533398969126 0.6087614295226117 0
    outer loop
      vertex 36.26593568921089 117.01503505557775 0
      vertex 36.637688897550106 117.49951326847076 5
      vertex 36.637688897550106 117.49951326847076 0
    endloop
  endfacet
  facet normal -0.7933533398969126 0.6087614295226117 0
    outer loop
      vertex 36.26593568921089 117.01503505557775 0
      vertex 36.26593568921089 117.01503505557775 5
      vertex 36.637688897550106 117.49951326847076 5
    endloop
  endfacet
  facet normal -0.843391444719553 0.5372996100630123 0
    outer loop
      vertex 35.93782217055559 116.5 0
      vertex 36.26593568921089 117.01503505557775 5
      vertex 36.26593568921089 117.01503505557775 0
    endloop
  endfacet
  facet normal -0.843391444719553 0.5372996100630123 0
    outer loop
      vertex 35.93782217055559 116.5 0
      vertex 35.93782217055559 116.5 5
      vertex 36.26593568921089 117.01503505557775 5
    endloop
  endfacet
  facet normal -0.8870108375444251 0.46174860484763514 0
    outer loop
      vertex 35.65584549307823 115.9583278298378 0
      vertex 35.93782217055559 116.5 5
      vertex 35.93782217055559 116.5 0
    endloop
  endfacet
  facet normal -0.8870108375444251 0.46174860484763514 0
    outer loop
      vertex 35.65584549307823 115.9583278298378 0
      vertex 35.65584549307823 115.9583278298378 5
      vertex 35.93782217055559 116.5 5
    endloop
  endfacet
  facet normal -0.9238795308127357 0.3826834364657549 0
    outer loop
      vertex 35.422151654958725 115.3941410034895 0
      vertex 35.65584549307823 115.9583278298378 5
      vertex 35.65584549307823 115.9583278298378 0
    endloop
  endfacet
  facet normal -0.9238795308127357 0.3826834364657549 0
    outer loop
      vertex 35.422151654958725 115.3941410034895 0
      vertex 35.422151654958725 115.3941410034895 5
      vertex 35.65584549307823 115.9583278298378 5
    endloop
  endfacet
  facet normal -0.9537169500954957 0.30070580157447224 0
    outer loop
      vertex 35.238519214093685 114.81173331290483 0
      vertex 35.422151654958725 115.3941410034895 5
      vertex 35.422151654958725 115.3941410034895 0
    endloop
  endfacet
  facet normal -0.9537169500954957 0.30070580157447224 0
    outer loop
      vertex 35.238519214093685 114.81173331290483 0
      vertex 35.238519214093685 114.81173331290483 5
      vertex 35.422151654958725 115.3941410034895 5
    endloop
  endfacet
  facet normal -0.976296007335593 0.2164396129653254 0
    outer loop
      vertex 35.10634572803974 114.21553724259138 0
      vertex 35.238519214093685 114.81173331290483 5
      vertex 35.238519214093685 114.81173331290483 0
    endloop
  endfacet
  facet normal -0.976296007335593 0.2164396129653254 0
    outer loop
      vertex 35.10634572803974 114.21553724259138 0
      vertex 35.10634572803974 114.21553724259138 5
      vertex 35.238519214093685 114.81173331290483 5
    endloop
  endfacet
  facet normal -0.9914448618756018 0.13052618840856664 0
    outer loop
      vertex 35.026637114584446 113.61009019613266 0
      vertex 35.10634572803974 114.21553724259138 5
      vertex 35.10634572803974 114.21553724259138 0
    endloop
  endfacet
  facet normal -0.9914448618756018 0.13052618840856664 0
    outer loop
      vertex 35.026637114584446 113.61009019613266 0
      vertex 35.026637114584446 113.61009019613266 5
      vertex 35.10634572803974 114.21553724259138 5
    endloop
  endfacet
  facet normal -0.9990482214846607 0.04361938959151427 0
    outer loop
      vertex 35 113 0
      vertex 35.026637114584446 113.61009019613266 5
      vertex 35.026637114584446 113.61009019613266 0
    endloop
  endfacet
  facet normal -0.9990482214846607 0.04361938959151427 0
    outer loop
      vertex 35 113 0
      vertex 35 113 5
      vertex 35.026637114584446 113.61009019613266 5
    endloop
  endfacet
  facet normal -1 0 0
    outer loop
      vertex 35 49 0
      vertex 35 113 5
      vertex 35 113 0
    endloop
  endfacet
  facet normal -1 0 0
    outer loop
      vertex 35 49 0
      vertex 35 49 5
      vertex 35 113 5
    endloop
  endfacet
  facet normal 0 1 0
    outer loop
      vertex -35 49 0
      vertex 35 49 5
      vertex 35 49 0
    endloop
  endfacet
  facet normal 0 1 0
    outer loop
      vertex -35 49 0
      vertex -35 49 5
      vertex 35 49 5
    endloop
  endfacet
  facet normal 1 0 0
    outer loop
      vertex -35 113 0
      vertex -35 49 5
      vertex -35 49 0
    endloop
  endfacet
  facet normal 1 0 0
    outer loop
      vertex -35 113 0
      vertex -35 113 5
      vertex -35 49 5
    endloop
  endfacet
  facet normal 0.9990482214846607 0.04361938959151427 0
    outer loop
      vertex -35.026637114584446 113.61009019613266 0
      vertex -35 113 5
      vertex -35 113 0
    endloop
  endfacet
  facet normal 0.9990482214846607 0.04361938959151427 0
    outer loop
      vertex -35.026637114584446 113.61009019613266 0
      vertex -35.026637114584446 113.61009019613266 5
      vertex -35 113 5
    endloop
  endfacet
  facet normal 0.9914448618756018 0.13052618840856664 0
    outer loop
      vertex -35.10634572803974 114.21553724259138 0
      vertex -35.026637114584446 113.61009019613266 5
      vertex -35.026637114584446 113.61009019613266 0
    endloop
  endfacet
  facet normal 0.9914448618756018 0.13052618840856664 0
    outer loop
      vertex -35.10634572803974 114.21553724259138 0
      vertex -35.10634572803974 114.21553724259138 5
      vertex -35.026637114584446 113.61009019613266 5
    endloop
  endfacet
  facet normal 0.976296007335593 0.2164396129653254 0
    outer loop
      vertex -35.238519214093685 114.81173331290483 0
      vertex -35.10634572803974 114.21553724259138 5
      vertex -35.10634572803974 114.21553724259138 0
    endloop
  endfacet
  facet normal 0.976296007335593 0.2164396129653254 0
    outer loop
      vertex -35.238519214093685 114.81173331290483 0
      vertex -35.238519214093685 114.81173331290483 5
      vertex -35.10634572803974 114.21553724259138 5
    endloop
  endfacet
  facet normal 0.9537169500954957 0.30070580157447224 0
    outer loop
      vertex -35.422151654958725 115.3941410034895 0
      vertex -35.238519214093685 114.81173331290483 5
      vertex -35.238519214093685 114.81173331290483 0
    endloop
  endfacet
  facet normal 0.9537169500954957 0.30070580157447224 0
    outer loop
      vertex -35.422151654958725 115.3941410034895 0
      vertex -35.422151654958725 115.3941410034895 5
      vertex -35.238519214093685 114.81173331290483 5
    endloop
  endfacet
  facet normal 0.9238795308127357 0.3826834364657549 0
    outer loop
      vertex -35.65584549307823 115.9583278298378 0
      vertex -35.422151654958725 115.3941410034895 5
      vertex -35.422151654958725 115.3941410034895 0
    endloop
  endfacet
  facet normal 0.9238795308127357 0.3826834364657549 0
    outer loop
      vertex -35.65584549307823 115.9583278298378 0
      vertex -35.65584549307823 115.9583278298378 5
      vertex -35.422151654958725 115.3941410034895 5
    endloop
  endfacet
  facet normal 0.8870108375444251 0.46174860484763514 0
    outer loop
      vertex -35.93782217055559 116.5 0
      vertex -35.65584549307823 115.9583278298378 5
      vertex -35.65584549307823 115.9583278298378 0
    endloop
  endfacet
  facet normal 0.8870108375444251 0.46174860484763514 0
    outer loop
      vertex -35.93782217055559 116.5 0
      vertex -35.93782217055559 116.5 5
      vertex -35.65584549307823 115.9583278298378 5
    endloop
  endfacet
  facet normal 0.843391444719553 0.5372996100630123 0
    outer loop
      vertex -36.26593568921089 117.01503505557775 0
      vertex -35.93782217055559 116.5 5
      vertex -35.93782217055559 116.5 0
    endloop
  endfacet
  facet normal 0.843391444719553 0.5372996100630123 0
    outer loop
      vertex -36.26593568921089 117.01503505557775 0
      vertex -36.26593568921089 117.01503505557775 5
      vertex -35.93782217055559 116.5 5
    endloop
  endfacet
  facet normal 0.7933533398969126 0.6087614295226117 0
    outer loop
      vertex -36.637688897550106 117.49951326847076 0
      vertex -36.26593568921089 117.01503505557775 5
      vertex -36.26593568921089 117.01503505557775 0
    endloop
  endfacet
  facet normal 0.7933533398969126 0.6087614295226117 0
    outer loop
      vertex -36.637688897550106 117.49951326847076 0
      vertex -36.637688897550106 117.49951326847076 5
      vertex -36.26593568921089 117.01503505557775 5
    endloop
  endfacet
  facet normal 0.737277331503665 0.6755902134066439 0
    outer loop
      vertex -37.0502525344491 117.9497474655509 0
      vertex -36.637688897550106 117.49951326847076 5
      vertex -36.637688897550106 117.49951326847076 0
    endloop
  endfacet
  facet normal 0.737277331503665 0.6755902134066439 0
    outer loop
      vertex -37.0502525344491 117.9497474655509 0
      vertex -37.0502525344491 117.9497474655509 5
      vertex -36.637688897550106 117.49951326847076 5
    endloop
  endfacet
  facet normal 0.6755902134066439 0.737277331503665 0
    outer loop
      vertex -37.500486731529236 118.3623111024499 0
      vertex -37.0502525344491 117.9497474655509 5
      vertex -37.0502525344491 117.9497474655509 0
    endloop
  endfacet
  facet normal 0.6755902134066439 0.737277331503665 0
    outer loop
      vertex -37.500486731529236 118.3623111024499 0
      vertex -37.500486731529236 118.3623111024499 5
      vertex -37.0502525344491 117.9497474655509 5
    endloop
  endfacet
  facet normal 0.6087614295226117 0.7933533398969126 0
    outer loop
      vertex -37.984964944422245 118.73406431078911 0
      vertex -37.500486731529236 118.3623111024499 5
      vertex -37.500486731529236 118.3623111024499 0
    endloop
  endfacet
  facet normal 0.6087614295226117 0.7933533398969126 0
    outer loop
      vertex -37.984964944422245 118.73406431078911 0
      vertex -37.984964944422245 118.73406431078911 5
      vertex -37.500486731529236 118.3623111024499 5
    endloop
  endfacet
  facet normal 0.5372996100630123 0.843391444719553 0
    outer loop
      vertex -38.5 119.06217782944441 0
      vertex -37.984964944422245 118.73406431078911 5
      vertex -37.984964944422245 118.73406431078911 0
    endloop
  endfacet
  facet normal 0.5372996100630123 0.843391444719553 0
    outer loop
      vertex -38.5 119.06217782944441 0
      vertex -38.5 119.06217782944441 5
      vertex -37.984964944422245 118.73406431078911 5
    endloop
  endfacet
  facet normal 0.46174860484763514 0.8870108375444251 0
    outer loop
      vertex -39.0416721701622 119.34415450692177 0
      vertex -38.5 119.06217782944441 5
      vertex -38.5 119.06217782944441 0
    endloop
  endfacet
  facet normal 0.46174860484763514 0.8870108375444251 0
    outer loop
      vertex -39.0416721701622 119.34415450692177 0
      vertex -39.0416721701622 119.34415450692177 5
      vertex -38.5 119.06217782944441 5
    endloop
  endfacet
  facet normal 0.3826834364657549 0.9238795308127357 0
    outer loop
      vertex -39.605858996510506 119.57784834504128 0
      vertex -39.0416721701622 119.34415450692177 5
      vertex -39.0416721701622 119.34415450692177 0
    endloop
  endfacet
  facet normal 0.3826834364657549 0.9238795308127357 0
    outer loop
      vertex -39.605858996510506 119.57784834504128 0
      vertex -39.605858996510506 119.57784834504128 5
      vertex -39.0416721701622 119.34415450692177 5
    endloop
  endfacet
  facet normal 0.30070580157447224 0.9537169500954957 0
    outer loop
      vertex -40.188266687095165 119.76148078590631 0
      vertex -39.605858996510506 119.57784834504128 5
      vertex -39.605858996510506 119.57784834504128 0
    endloop
  endfacet
  facet normal 0.30070580157447224 0.9537169500954957 0
    outer loop
      vertex -40.188266687095165 119.76148078590631 0
      vertex -40.188266687095165 119.76148078590631 5
      vertex -39.605858996510506 119.57784834504128 5
    endloop
  endfacet
  facet normal 0.2164396129653254 0.976296007335593 0
    outer loop
      vertex -40.78446275740862 119.89365427196026 0
      vertex -40.188266687095165 119.76148078590631 5
      vertex -40.188266687095165 119.76148078590631 0
    endloop
  endfacet
  facet normal 0.2164396129653254 0.976296007335593 0
    outer loop
      vertex -40.78446275740862 119.89365427196026 0
      vertex -40.78446275740862 119.89365427196026 5
      vertex -40.188266687095165 119.76148078590631 5
    endloop
  endfacet
  facet normal 0.13052618840856664 0.9914448618756018 0
    outer loop
      vertex -41.38990980386734 119.97336288541555 0
      vertex -40.78446275740862 119.89365427196026 5
      vertex -40.78446275740862 119.89365427196026 0
    endloop
  endfacet
  facet normal 0.13052618840856664 0.9914448618756018 0
    outer loop
      vertex -41.38990980386734 119.97336288541555 0
      vertex -41.38990980386734 119.97336288541555 5
      vertex -40.78446275740862 119.89365427196026 5
    endloop
  endfacet
  facet normal 0.04361938959151427 0.9990482214846607 0
    outer loop
      vertex -42 120 0
      vertex -41.38990980386734 119.97336288541555 5
      vertex -41.38990980386734 119.97336288541555 0
    endloop
  endfacet
  facet normal 0.04361938959151427 0.9990482214846607 0
    outer loop
      vertex -42 120 0
      vertex -42 120 5
      vertex -41.38990980386734 119.97336288541555 5
    endloop
  endfacet
  facet normal -0.04361938959151427 0.9990482214846607 0
    outer loop
      vertex -42.61009019613266 119.97336288541555 0
      vertex -42 120 5
      vertex -42 120 0
    endloop
  endfacet
  facet normal -0.04361938959151427 0.9990482214846607 0
    outer loop
      vertex -42.61009019613266 119.97336288541555 0
      vertex -42.61009019613266 119.97336288541555 5
      vertex -42 120 5
    endloop
  endfacet
  facet normal -0.13052618840856664 0.9914448618756018 0
    outer loop
      vertex -43.21553724259138 119.89365427196026 0
      vertex -42.61009019613266 119.97336288541555 5
      vertex -42.61009019613266 119.97336288541555 0
    endloop
  endfacet
  facet normal -0.13052618840856664 0.9914448618756018 0
    outer loop
      vertex -43.21553724259138 119.89365427196026 0
      vertex -43.21553724259138 119.89365427196026 5
      vertex -42.61009019613266 119.97336288541555 5
    endloop
  endfacet
  facet normal -0.2164396129653254 0.976296007335593 0
    outer loop
      vertex -43.811733312904835 119.76148078590631 0
      vertex -43.21553724259138 119.89365427196026 5
      vertex -43.21553724259138 119.89365427196026 0
    endloop
  endfacet
  facet normal -0.2164396129653254 0.976296007335593 0
    outer loop
      vertex -43.811733312904835 119.76148078590631 0
      vertex -43.811733312904835 119.76148078590631 5
      vertex -43.21553724259138 119.89365427196026 5
    endloop
  endfacet
  facet normal -0.30070580157447224 0.9537169500954957 0
    outer loop
      vertex -44.394141003489494 119.57784834504128 0
      vertex -43.811733312904835 119.76148078590631 5
      vertex -43.811733312904835 119.76148078590631 0
    endloop
  endfacet
  facet normal -0.30070580157447224 0.9537169500954957 0
    outer loop
      vertex -44.394141003489494 119.57784834504128 0
      vertex -44.394141003489494 119.57784834504128 5
      vertex -43.811733312904835 119.76148078590631 5
    endloop
  endfacet
  facet normal -0.3826834364657549 0.9238795308127357 0
    outer loop
      vertex -44.9583278298378 119.34415450692177 0
      vertex -44.394141003489494 119.57784834504128 5
      vertex -44.394141003489494 119.57784834504128 0
    endloop
  endfacet
  facet normal -0.3826834364657549 0.9238795308127357 0
    outer loop
      vertex -44.9583278298378 119.34415450692177 0
      vertex -44.9583278298378 119.34415450692177 5
      vertex -44.394141003489494 119.57784834504128 5
    endloop
  endfacet
  facet normal -0.46174860484763514 0.8870108375444251 0
    outer loop
      vertex -45.5 119.06217782944441 0
      vertex -44.9583278298378 119.34415450692177 5
      vertex -44.9583278298378 119.34415450692177 0
    endloop
  endfacet
  facet normal -0.46174860484763514 0.8870108375444251 0
    outer loop
      vertex -45.5 119.06217782944441 0
      vertex -45.5 119.06217782944441 5
      vertex -44.9583278298378 119.34415450692177 5
    endloop
  endfacet
  facet normal -0.5372996100630123 0.843391444719553 0
    outer loop
      vertex -46.015035055577755 118.73406431078911 0
      vertex -45.5 119.06217782944441 5
      vertex -45.5 119.06217782944441 0
    endloop
  endfacet
  facet normal -0.5372996100630123 0.843391444719553 0
    outer loop
      vertex -46.015035055577755 118.73406431078911 0
      vertex -46.015035055577755 118.73406431078911 5
      vertex -45.5 119.06217782944441 5
    endloop
  endfacet
  facet normal -0.6087614295226117 0.7933533398969126 0
    outer loop
      vertex -46.499513268470764 118.3623111024499 0
      vertex -46.015035055577755 118.73406431078911 5
      vertex -46.015035055577755 118.73406431078911 0
    endloop
  endfacet
  facet normal -0.6087614295226117 0.7933533398969126 0
    outer loop
      vertex -46.499513268470764 118.3623111024499 0
      vertex -46.499513268470764 118.3623111024499 5
      vertex -46.015035055577755 118.73406431078911 5
    endloop
  endfacet
  facet normal -0.6755902134066439 0.737277331503665 0
    outer loop
      vertex -46.9497474655509 117.9497474655509 0
      vertex -46.499513268470764 118.3623111024499 5
      vertex -46.499513268470764 118.3623111024499 0
    endloop
  endfacet
  facet normal -0.6755902134066439 0.737277331503665 0
    outer loop
      vertex -46.9497474655509 117.9497474655509 0
      vertex -46.9497474655509 117.9497474655509 5
      vertex -46.499513268470764 118.3623111024499 5
    endloop
  endfacet
  facet normal -0.737277331503665 0.6755902134066439 0
    outer loop
      vertex -47.362311102449894 117.49951326847076 0
      vertex -46.9497474655509 117.9497474655509 5
      vertex -46.9497474655509 117.9497474655509 0
    endloop
  endfacet
  facet normal -0.737277331503665 0.6755902134066439 0
    outer loop
      vertex -47.362311102449894 117.49951326847076 0
      vertex -47.362311102449894 117.49951326847076 5
      vertex -46.9497474655509 117.9497474655509 5
    endloop
  endfacet
  facet normal -0.7933533398969126 0.6087614295226117 0
    outer loop
      vertex -47.73406431078911 117.01503505557775 0
      vertex -47.362311102449894 117.49951326847076 5
      vertex -47.362311102449894 117.49951326847076 0
    endloop
  endfacet
  facet normal -0.7933533398969126 0.6087614295226117 0
    outer loop
      vertex -47.73406431078911 117.01503505557775 0
      vertex -47.73406431078911 117.01503505557775 5
      vertex -47.362311102449894 117.49951326847076 5
    endloop
  endfacet
  facet normal -0.843391444719553 0.5372996100630123 0
    outer loop
      vertex -48.06217782944441 116.5 0
      vertex -47.73406431078911 117.01503505557775 5
      vertex -47.73406431078911 117.01503505557775 0
    endloop
  endfacet
  facet normal -0.843391444719553 0.5372996100630123 0
    outer loop
      vertex -48.06217782944441 116.5 0
      vertex -48.06217782944441 116.5 5
      vertex -47.73406431078911 117.01503505557775 5
    endloop
  endfacet
  facet normal -0.8870108375444251 0.46174860484763514 0
    outer loop
      vertex -48.34415450692177 115.9583278298378 0
      vertex -48.06217782944441 116.5 5
      vertex -48.06217782944441 116.5 0
    endloop
  endfacet
  facet normal -0.8870108375444251 0.46174860484763514 0
    outer loop
      vertex -48.34415450692177 115.9583278298378 0
      vertex -48.34415450692177 115.9583278298378 5
      vertex -48.06217782944441 116.5 5
    endloop
  endfacet
  facet normal -0.9238795308127357 0.3826834364657549 0
    outer loop
      vertex -48.577848345041275 115.3941410034895 0
      vertex -48.34415450692177 115.9583278298378 5
      vertex -48.34415450692177 115.9583278298378 0
    endloop
  endfacet
  facet normal -0.9238795308127357 0.3826834364657549 0
    outer loop
      vertex -48.577848345041275 115.3941410034895 0
      vertex -48.577848345041275 115.3941410034895 5
      vertex -48.34415450692177 115.9583278298378 5
    endloop
  endfacet
  facet normal -0.9537169500954957 0.30070580157447224 0
    outer loop
      vertex -48.761480785906315 114.81173331290483 0
      vertex -48.577848345041275 115.3941410034895 5
      vertex -48.577848345041275 115.3941410034895 0
    endloop
  endfacet
  facet normal -0.9537169500954957 0.30070580157447224 0
    outer loop
      vertex -48.761480785906315 114.81173331290483 0
      vertex -48.761480785906315 114.81173331290483 5
      vertex -48.577848345041275 115.3941410034895 5
    endloop
  endfacet
  facet normal -0.976296007335593 0.2164396129653254 0
    outer loop
      vertex -48.89365427196026 114.21553724259138 0
      vertex -48.761480785906315 114.81173331290483 5
      vertex -48.761480785906315 114.81173331290483 0
    endloop
  endfacet
  facet normal -0.976296007335593 0.2164396129653254 0
    outer loop
      vertex -48.89365427196026 114.21553724259138 0
      vertex -48.89365427196026 114.21553724259138 5
      vertex -48.761480785906315 114.81173331290483 5
    endloop
  endfacet
  facet normal -0.9914448618756018 0.13052618840856664 0
    outer loop
      vertex -48.973362885415554 113.61009019613266 0
      vertex -48.89365427196026 114.21553724259138 5
      vertex -48.89365427196026 114.21553724259138 0
    endloop
  endfacet
  facet normal -0.9914448618756018 0.13052618840856664 0
    outer loop
      vertex -48.973362885415554 113.61009019613266 0
      vertex -48.973362885415554 113.61009019613266 5
      vertex -48.89365427196026 114.21553724259138 5
    endloop
  endfacet
  facet normal -0.9990482214846607 0.04361938959151427 0
    outer loop
      vertex -49 113 0
      vertex -48.973362885415554 113.61009019613266 5
      vertex -48.973362885415554 113.61009019613266 0
    endloop
  endfacet
  facet normal -0.9990482214846607 0.04361938959151427 0
    outer loop
      vertex -49 113 0
      vertex -49 113 5
      vertex -48.973362885415554 113.61009019613266 5
    endloop
  endfacet
  facet normal -1 0 0
    outer loop
      vertex -49 49 0
      vertex -49 113 5
      vertex -49 113 0
    endloop
  endfacet
  facet normal -1 0 0
    outer loop
      vertex -49 49 0
      vertex -49 49 5
      vertex -49 113 5
    endloop
  endfacet
  facet normal 0 1 0
    outer loop
      vertex -113 49 0
      vertex -49 49 5
      vertex -49 49 0
    endloop
  endfacet
  facet normal 0 1 0
    outer loop
      vertex -113 49 0
      vertex -113 49 5
      vertex -49 49 5
    endloop
  endfacet
  facet normal -0.04361938959151427 0.9990482214846607 0
    outer loop
      vertex -113.61009019613266 48.973362885415554 0
      vertex -113 49 5
      vertex -113 49 0
    endloop
  endfacet
  facet normal -0.04361938959151427 0.9990482214846607 0
    outer loop
      vertex -113.61009019613266 48.973362885415554 0
      vertex -113.61009019613266 48.973362885415554 5
      vertex -113 49 5
    endloop
  endfacet
  facet normal -0.13052618840856664 0.9914448618756018 0
    outer loop
      vertex -114.21553724259138 48.89365427196026 0
      vertex -113.61009019613266 48.973362885415554 5
      vertex -113.61009019613266 48.973362885415554 0
    endloop
  endfacet
  facet normal -0.13052618840856664 0.9914448618756018 0
    outer loop
      vertex -114.21553724259138 48.89365427196026 0
      vertex -114.21553724259138 48.89365427196026 5
      vertex -113.61009019613266 48.973362885415554 5
    endloop
  endfacet
  facet normal -0.2164396129653254 0.976296007335593 0
    outer loop
      vertex -114.81173331290483 48.761480785906315 0
      vertex -114.21553724259138 48.89365427196026 5
      vertex -114.21553724259138 48.89365427196026 0
    endloop
  endfacet
  facet normal -0.2164396129653254 0.976296007335593 0
    outer loop
      vertex -114.81173331290483 48.761480785906315 0
      vertex -114.81173331290483 48.761480785906315 5
      vertex -114.21553724259138 48.89365427196026 5
    endloop
  endfacet
  facet normal -0.30070580157447224 0.9537169500954957 0
    outer loop
      vertex -115.3941410034895 48.577848345041275 0
      vertex -114.81173331290483 48.761480785906315 5
      vertex -114.81173331290483 48.761480785906315 0
    endloop
  endfacet
  facet normal -0.30070580157447224 0.9537169500954957 0
    outer loop
      vertex -115.3941410034895 48.577848345041275 0
      vertex -115.3941410034895 48.577848345041275 5
      vertex -114.81173331290483 48.761480785906315 5
    endloop
  endfacet
  facet normal -0.3826834364657549 0.9238795308127357 0
    outer loop
      vertex -115.9583278298378 48.34415450692177 0
      vertex -115.3941410034895 48.577848345041275 5
      vertex -115.3941410034895 48.577848345041275 0
    endloop
  endfacet
  facet normal -0.3826834364657549 0.9238795308127357 0
    outer loop
      vertex -115.9583278298378 48.34415450692177 0
      vertex -115.9583278298378 48.34415450692177 5
      vertex -115.3941410034895 48.577848345041275 5
    endloop
  endfacet
  facet normal -0.46174860484763514 0.8870108375444251 0
    outer loop
      vertex -116.5 48.06217782944441 0
      vertex -115.9583278298378 48.34415450692177 5
      vertex -115.9583278298378 48.34415450692177 0
    endloop
  endfacet
  facet normal -0.46174860484763514 0.8870108375444251 0
    outer loop
      vertex -116.5 48.06217782944441 0
      vertex -116.5 48.06217782944441 5
      vertex -115.9583278298378 48.34415450692177 5
    endloop
  endfacet
  facet normal -0.5372996100630123 0.843391444719553 0
    outer loop
      vertex -117.01503505557775 47.73406431078911 0
      vertex -116.5 48.06217782944441 5
      vertex -116.5 48.06217782944441 0
    endloop
  endfacet
  facet normal -0.5372996100630123 0.843391444719553 0
    outer loop
      vertex -117.01503505557775 47.73406431078911 0
      vertex -117.01503505557775 47.73406431078911 5
      vertex -116.5 48.06217782944441 5
    endloop
  endfacet
  facet normal -0.6087614295226117 0.7933533398969126 0
    outer loop
      vertex -117.49951326847076 47.362311102449894 0
      vertex -117.01503505557775 47.73406431078911 5
      vertex -117.01503505557775 47.73406431078911 0
    endloop
  endfacet
  facet normal -0.6087614295226117 0.7933533398969126 0
    outer loop
      vertex -117.49951326847076 47.362311102449894 0
      vertex -117.49951326847076 47.362311102449894 5
      vertex -117.01503505557775 47.73406431078911 5
    endloop
  endfacet
  facet normal -0.6755902134066439 0.737277331503665 0
    outer loop
      vertex -117.9497474655509 46.9497474655509 0
      vertex -117.49951326847076 47.362311102449894 5
      vertex -117.49951326847076 47.362311102449894 0
    endloop
  endfacet
  facet normal -0.6755902134066439 0.737277331503665 0
    outer loop
      vertex -117.9497474655509 46.9497474655509 0
      vertex -117.9497474655509 46.9497474655509 5
      vertex -117.49951326847076 47.362311102449894 5
    endloop
  endfacet
  facet normal -0.737277331503665 0.6755902134066439 0
    outer loop
      vertex -118.3623111024499 46.499513268470764 0
      vertex -117.9497474655509 46.9497474655509 5
      vertex -117.9497474655509 46.9497474655509 0
    endloop
  endfacet
  facet normal -0.737277331503665 0.6755902134066439 0
    outer loop
      vertex -118.3623111024499 46.499513268470764 0
      vertex -118.3623111024499 46.499513268470764 5
      vertex -117.9497474655509 46.9497474655509 5
    endloop
  endfacet
  facet normal -0.7933533398969126 0.6087614295226117 0
    outer loop
      vertex -118.73406431078911 46.015035055577755 0
      vertex -118.3623111024499 46.499513268470764 5
      vertex -118.3623111024499 46.499513268470764 0
    endloop
  endfacet
  facet normal -0.7933533398969126 0.6087614295226117 0
    outer loop
      vertex -118.73406431078911 46.015035055577755 0
      vertex -118.73406431078911 46.015035055577755 5
      vertex -118.3623111024499 46.499513268470764 5
    endloop
  endfacet
  facet normal -0.843391444719553 0.5372996100630123 0
    outer loop
      vertex -119.06217782944441 45.5 0
      vertex -118.73406431078911 46.015035055577755 5
      vertex -118.73406431078911 46.015035055577755 0
    endloop
  endfacet
  facet normal -0.843391444719553 0.5372996100630123 0
    outer loop
      vertex -119.06217782944441 45.5 0
      vertex -119.06217782944441 45.5 5
      vertex -118.73406431078911 46.015035055577755 5
    endloop
  endfacet
  facet normal -0.8870108375444251 0.46174860484763514 0
    outer loop
      vertex -119.34415450692177 44.9583278298378 0
      vertex -119.06217782944441 45.5 5
      vertex -119.06217782944441 45.5 0
    endloop
  endfacet
  facet normal -0.8870108375444251 0.46174860484763514 0
    outer loop
      vertex -119.34415450692177 44.9583278298378 0
      vertex -119.34415450692177 44.9583278298378 5
      vertex -119.06217782944441 45.5 5
    endloop
  endfacet
  facet normal -0.9238795308127357 0.3826834364657549 0
    outer loop
      vertex -119.57784834504128 44.394141003489494 0
      vertex -119.34415450692177 44.9583278298378 5
      vertex -119.34415450692177 44.9583278298378 0
    endloop
  endfacet
  facet normal -0.9238795308127357 0.3826834364657549 0
    outer loop
      vertex -119.57784834504128 44.394141003489494 0
      vertex -119.57784834504128 44.394141003489494 5
      vertex -119.34415450692177 44.9583278298378 5
    endloop
  endfacet
  facet normal -0.9537169500954957 0.30070580157447224 0
    outer loop
      vertex -119.76148078590631 43.811733312904835 0
      vertex -119.57784834504128 44.394141003489494 5
      vertex -119.57784834504128 44.394141003489494 0
    endloop
  endfacet
  facet normal -0.9537169500954957 0.30070580157447224 0
    outer loop
      vertex -119.76148078590631 43.811733312904835 0
      vertex -119.76148078590631 43.811733312904835 5
      vertex -119.57784834504128 44.394141003489494 5
    endloop
  endfacet
  facet normal -0.976296007335593 0.2164396129653254 0
    outer loop
      vertex -119.89365427196026 43.21553724259138 0
      vertex -119.76148078590631 43.811733312904835 5
      vertex -119.76148078590631 43.811733312904835 0
    endloop
  endfacet
  facet normal -0.976296007335593 0.2164396129653254 0
    outer loop
      vertex -119.89365427196026 43.21553724259138 0
      vertex -119.89365427196026 43.21553724259138 5
      vertex -119.76148078590631 43.811733312904835 5
    endloop
  endfacet
  facet normal -0.9914448618756018 0.13052618840856664 0
    outer loop
      vertex -119.97336288541555 42.61009019613266 0
      vertex -119.89365427196026 43.21553724259138 5
      vertex -119.89365427196026 43.21553724259138 0
    endloop
  endfacet
  facet normal -0.9914448618756018 0.13052618840856664 0
    outer loop
      vertex -119.97336288541555 42.61009019613266 0
      vertex -119.97336288541555 42.61009019613266 5
      vertex -119.89365427196026 43.21553724259138 5
    endloop
  endfacet
  facet normal -0.9990482214846607 0.04361938959151427 0
    outer loop
      vertex -120 42 0
      vertex -119.97336288541555 42.61009019613266 5
      vertex -119.97336288541555 42.61009019613266 0
    endloop
  endfacet
  facet normal -0.9990482214846607 0.04361938959151427 0
    outer loop
      vertex -120 42 0
      vertex -120 42 5
      vertex -119.97336288541555 42.61009019613266 5
    endloop
  endfacet
  facet normal -0.9990482214846607 -0.04361938959151427 0
    outer loop
      vertex -119.97336288541555 41.38990980386734 0
      vertex -120 42 5
      vertex -120 42 0
    endloop
  endfacet
  facet normal -0.9990482214846607 -0.04361938959151427 0
    outer loop
      vertex -119.97336288541555 41.38990980386734 0
      vertex -119.97336288541555 41.38990980386734 5
      vertex -120 42 5
    endloop
  endfacet
  facet normal -0.9914448618756018 -0.13052618840856664 0
    outer loop
      vertex -119.89365427196026 40.78446275740862 0
      vertex -119.97336288541555 41.38990980386734 5
      vertex -119.97336288541555 41.38990980386734 0
    endloop
  endfacet
  facet normal -0.9914448618756018 -0.13052618840856664 0
    outer loop
      vertex -119.89365427196026 40.78446275740862 0
      vertex -119.89365427196026 40.78446275740862 5
      vertex -119.97336288541555 41.38990980386734 5
    endloop
  endfacet
  facet normal -0.976296007335593 -0.2164396129653254 0
    outer loop
      vertex -119.76148078590631 40.188266687095165 0
      vertex -119.89365427196026 40.78446275740862 5
      vertex -119.89365427196026 40.78446275740862 0
    endloop
  endfacet
  facet normal -0.976296007335593 -0.2164396129653254 0
    outer loop
      vertex -119.76148078590631 40.188266687095165 0
      vertex -119.76148078590631 40.188266687095165 5
      vertex -119.89365427196026 40.78446275740862 5
    endloop
  endfacet
  facet normal -0.9537169500954957 -0.30070580157447224 0
    outer loop
      vertex -119.57784834504128 39.605858996510506 0
      vertex -119.76148078590631 40.188266687095165 5
      vertex -119.76148078590631 40.188266687095165 0
    endloop
  endfacet
  facet normal -0.9537169500954957 -0.30070580157447224 0
    outer loop
      vertex -119.57784834504128 39.605858996510506 0
      vertex -119.57784834504128 39.605858996510506 5
      vertex -119.76148078590631 40.188266687095165 5
    endloop
  endfacet
  facet normal -0.9238795308127357 -0.3826834364657549 0
    outer loop
      vertex -119.34415450692177 39.0416721701622 0
      vertex -119.57784834504128 39.605858996510506 5
      vertex -119.57784834504128 39.605858996510506 0
    endloop
  endfacet
  facet normal -0.9238795308127357 -0.3826834364657549 0
    outer loop
      vertex -119.34415450692177 39.0416721701622 0
      vertex -119.34415450692177 39.0416721701622 5
      vertex -119.57784834504128 39.605858996510506 5
    endloop
  endfacet
  facet normal -0.8870108375444251 -0.46174860484763514 0
    outer loop
      vertex -119.06217782944441 38.5 0
      vertex -119.34415450692177 39.0416721701622 5
      vertex -119.34415450692177 39.0416721701622 0
    endloop
  endfacet
  facet normal -0.8870108375444251 -0.46174860484763514 0
    outer loop
      vertex -119.06217782944441 38.5 0
      vertex -119.06217782944441 38.5 5
      vertex -119.34415450692177 39.0416721701622 5
    endloop
  endfacet
  facet normal -0.843391444719553 -0.5372996100630123 0
    outer loop
      vertex -118.73406431078911 37.984964944422245 0
      vertex -119.06217782944441 38.5 5
      vertex -119.06217782944441 38.5 0
    endloop
  endfacet
  facet normal -0.843391444719553 -0.5372996100630123 0
    outer loop
      vertex -118.73406431078911 37.984964944422245 0
      vertex -118.73406431078911 37.984964944422245 5
      vertex -119.06217782944441 38.5 5
    endloop
  endfacet
  facet normal -0.7933533398969126 -0.6087614295226117 0
    outer loop
      vertex -118.3623111024499 37.500486731529236 0
      vertex -118.73406431078911 37.984964944422245 5
      vertex -118.73406431078911 37.984964944422245 0
    endloop
  endfacet
  facet normal -0.7933533398969126 -0.6087614295226117 0
    outer loop
      vertex -118.3623111024499 37.500486731529236 0
      vertex -118.3623111024499 37.500486731529236 5
      vertex -118.73406431078911 37.984964944422245 5
    endloop
  endfacet
  facet normal -0.737277331503665 -0.6755902134066439 0
    outer loop
      vertex -117.9497474655509 37.0502525344491 0
      vertex -118.3623111024499 37.500486731529236 5
      vertex -118.3623111024499 37.500486731529236 0
    endloop
  endfacet
  facet normal -0.737277331503665 -0.6755902134066439 0
    outer loop
      vertex -117.9497474655509 37.0502525344491 0
      vertex -117.9497474655509 37.0502525344491 5
      vertex -118.3623111024499 37.500486731529236 5
    endloop
  endfacet
  facet normal -0.6755902134066439 -0.737277331503665 0
    outer loop
      vertex -117.49951326847076 36.637688897550106 0
      vertex -117.9497474655509 37.0502525344491 5
      vertex -117.9497474655509 37.0502525344491 0
    endloop
  endfacet
  facet normal -0.6755902134066439 -0.737277331503665 0
    outer loop
      vertex -117.49951326847076 36.637688897550106 0
      vertex -117.49951326847076 36.637688897550106 5
      vertex -117.9497474655509 37.0502525344491 5
    endloop
  endfacet
  facet normal -0.6087614295226117 -0.7933533398969126 0
    outer loop
      vertex -117.01503505557775 36.26593568921089 0
      vertex -117.49951326847076 36.637688897550106 5
      vertex -117.49951326847076 36.637688897550106 0
    endloop
  endfacet
  facet normal -0.6087614295226117 -0.7933533398969126 0
    outer loop
      vertex -117.01503505557775 36.26593568921089 0
      vertex -117.01503505557775 36.26593568921089 5
      vertex -117.49951326847076 36.637688897550106 5
    endloop
  endfacet
  facet normal -0.5372996100630123 -0.843391444719553 0
    outer loop
      vertex -116.5 35.93782217055559 0
      vertex -117.01503505557775 36.26593568921089 5
      vertex -117.01503505557775 36.26593568921089 0
    endloop
  endfacet
  facet normal -0.5372996100630123 -0.843391444719553 0
    outer loop
      vertex -116.5 35.93782217055559 0
      vertex -116.5 35.93782217055559 5
      vertex -117.01503505557775 36.26593568921089 5
    endloop
  endfacet
  facet normal -0.46174860484763514 -0.8870108375444251 0
    outer loop
      vertex -115.9583278298378 35.65584549307823 0
      vertex -116.5 35.93782217055559 5
      vertex -116.5 35.93782217055559 0
    endloop
  endfacet
  facet normal -0.46174860484763514 -0.8870108375444251 0
    outer loop
      vertex -115.9583278298378 35.65584549307823 0
      vertex -115.9583278298378 35.65584549307823 5
      vertex -116.5 35.93782217055559 5
    endloop
  endfacet
  facet normal -0.3826834364657549 -0.9238795308127357 0
    outer loop
      vertex -115.3941410034895 35.422151654958725 0
      vertex -115.9583278298378 35.65584549307823 5
      vertex -115.9583278298378 35.65584549307823 0
    endloop
  endfacet
  facet normal -0.3826834364657549 -0.9238795308127357 0
    outer loop
      vertex -115.3941410034895 35.422151654958725 0
      vertex -115.3941410034895 35.422151654958725 5
      vertex -115.9583278298378 35.65584549307823 5
    endloop
  endfacet
  facet normal -0.30070580157447224 -0.9537169500954957 0
    outer loop
      vertex -114.81173331290483 35.238519214093685 0
      vertex -115.3941410034895 35.422151654958725 5
      vertex -115.3941410034895 35.422151654958725 0
    endloop
  endfacet
  facet normal -0.30070580157447224 -0.9537169500954957 0
    outer loop
      vertex -114.81173331290483 35.238519214093685 0
      vertex -114.81173331290483 35.238519214093685 5
      vertex -115.3941410034895 35.422151654958725 5
    endloop
  endfacet
  facet normal -0.2164396129653254 -0.976296007335593 0
    outer loop
      vertex -114.21553724259138 35.10634572803974 0
      vertex -114.81173331290483 35.238519214093685 5
      vertex -114.81173331290483 35.238519214093685 0
    endloop
  endfacet
  facet normal -0.2164396129653254 -0.976296007335593 0
    outer loop
      vertex -114.21553724259138 35.10634572803974 0
      vertex -114.21553724259138 35.10634572803974 5
      vertex -114.81173331290483 35.238519214093685 5
    endloop
  endfacet
  facet normal -0.13052618840856664 -0.9914448618756018 0
    outer loop
      vertex -113.61009019613266 35.026637114584446 0
      vertex -114.21553724259138 35.10634572803974 5
      vertex -114.21553724259138 35.10634572803974 0
    endloop
  endfacet
  facet normal -0.13052618840856664 -0.9914448618756018 0
    outer loop
      vertex -113.61009019613266 35.026637114584446 0
      vertex -113.61009019613266 35.026637114584446 5
      vertex -114.21553724259138 35.10634572803974 5
    endloop
  endfacet
  facet normal -0.04361938959151427 -0.9990482214846607 0
    outer loop
      vertex -113 35 0
      vertex -113.61009019613266 35.026637114584446 5
      vertex -113.61009019613266 35.026637114584446 0
    endloop
  endfacet
  facet normal -0.04361938959151427 -0.9990482214846607 0
    outer loop
      vertex -113 35 0
      vertex -113 35 5
      vertex -113.61009019613266 35.026637114584446 5
    endloop
  endfacet
  facet normal 0 -1 0
    outer loop
      vertex -49 35 0
      vertex -113 35 5
      vertex -113 35 0
    endloop
  endfacet
  facet normal 0 -1 0
    outer loop
      vertex -49 35 0
      vertex -49 35 5
      vertex -113 35 5
    endloop
  endfacet
  facet normal -1 0 0
    outer loop
      vertex -49 -35 0
      vertex -49 35 5
      vertex -49 35 0
    endloop
  endfacet
  facet normal -1 0 0
    outer loop
      vertex -49 -35 0
      vertex -49 -35 5
      vertex -49 35 5
    endloop
  endfacet
  facet normal 0 1 0
    outer loop
      vertex -113 -35 0
      vertex -49 -35 5
      vertex -49 -35 0
    endloop
  endfacet
  facet normal 0 1 0
    outer loop
      vertex -113 -35 0
      vertex -113 -35 5
      vertex -49 -35 5
    endloop
  endfacet
  facet normal -0.04361938959151427 0.9990482214846607 0
    outer loop
      vertex -113.61009019613266 -35.026637114584446 0
      vertex -113 -35 5
      vertex -113 -35 0
    endloop
  endfacet
  facet normal -0.04361938959151427 0.9990482214846607 0
    outer loop
      vertex -113.61009019613266 -35.026637114584446 0
      vertex -113.61009019613266 -35.026637114584446 5
      vertex -113 -35 5
    endloop
  endfacet
  facet normal -0.13052618840856664 0.9914448618756018 0
    outer loop
      vertex -114.21553724259138 -35.10634572803974 0
      vertex -113.61009019613266 -35.026637114584446 5
      vertex -113.61009019613266 -35.026637114584446 0
    endloop
  endfacet
  facet normal -0.13052618840856664 0.9914448618756018 0
    outer loop
      vertex -114.21553724259138 -35.10634572803974 0
      vertex -114.21553724259138 -35.10634572803974 5
      vertex -113.61009019613266 -35.026637114584446 5
    endloop
  endfacet
  facet normal -0.2164396129653254 0.976296007335593 0
    outer loop
      vertex -114.81173331290483 -35.238519214093685 0
      vertex -114.21553724259138 -35.10634572803974 5
      vertex -114.21553724259138 -35.10634572803974 0
    endloop
  endfacet
  facet normal -0.2164396129653254 0.976296007335593 0
    outer loop
      vertex -114.81173331290483 -35.238519214093685 0
      vertex -114.81173331290483 -35.238519214093685 5
      vertex -114.21553724259138 -35.10634572803974 5
    endloop
  endfacet
  facet normal -0.30070580157447224 0.9537169500954957 0
    outer loop
      vertex -115.3941410034895 -35.422151654958725 0
      vertex -114.81173331290483 -35.238519214093685 5
      vertex -114.81173331290483 -35.238519214093685 0
    endloop
  endfacet
  facet normal -0.30070580157447224 0.9537169500954957 0
    outer loop
      vertex -115.3941410034895 -35.422151654958725 0
      vertex -115.3941410034895 -35.422151654958725 5
      vertex -114.81173331290483 -35.238519214093685 5
    endloop
  endfacet
  facet normal -0.3826834364657549 0.9238795308127357 0
    outer loop
      vertex -115.9583278298378 -35.65584549307823 0
      vertex -115.3941410034895 -35.422151654958725 5
      vertex -115.3941410034895 -35.422151654958725 0
    endloop
  endfacet
  facet normal -0.3826834364657549 0.9238795308127357 0
    outer loop
      vertex -115.9583278298378 -35.65584549307823 0
      vertex -115.9583278298378 -35.65584549307823 5
      vertex -115.3941410034895 -35.422151654958725 5
    endloop
  endfacet
  facet normal -0.46174860484763514 0.8870108375444251 0
    outer loop
      vertex -116.5 -35.93782217055559 0
      vertex -115.9583278298378 -35.65584549307823 5
      vertex -115.9583278298378 -35.65584549307823 0
    endloop
  endfacet
  facet normal -0.46174860484763514 0.8870108375444251 0
    outer loop
      vertex -116.5 -35.93782217055559 0
      vertex -116.5 -35.93782217055559 5
      vertex -115.9583278298378 -35.65584549307823 5
    endloop
  endfacet
  facet normal -0.5372996100630123 0.843391444719553 0
    outer loop
      vertex -117.01503505557775 -36.26593568921089 0
      vertex -116.5 -35.93782217055559 5
      vertex -116.5 -35.93782217055559 0
    endloop
  endfacet
  facet normal -0.5372996100630123 0.843391444719553 0
    outer loop
      vertex -117.01503505557775 -36.26593568921089 0
      vertex -117.01503505557775 -36.26593568921089 5
      vertex -116.5 -35.93782217055559 5
    endloop
  endfacet
  facet normal -0.6087614295226117 0.7933533398969126 0
    outer loop
      vertex -117.49951326847076 -36.637688897550106 0
      vertex -117.01503505557775 -36.26593568921089 5
      vertex -117.01503505557775 -36.26593568921089 0
    endloop
  endfacet
  facet normal -0.6087614295226117 0.7933533398969126 0
    outer loop
      vertex -117.49951326847076 -36.637688897550106 0
      vertex -117.49951326847076 -36.637688897550106 5
      vertex -117.01503505557775 -36.26593568921089 5
    endloop
  endfacet
  facet normal -0.6755902134066439 0.737277331503665 0
    outer loop
      vertex -117.9497474655509 -37.0502525344491 0
      vertex -117.49951326847076 -36.637688897550106 5
      vertex -117.49951326847076 -36.637688897550106 0
    endloop
  endfacet
  facet normal -0.6755902134066439 0.737277331503665 0
    outer loop
      vertex -117.9497474655509 -37.0502525344491 0
      vertex -117.9497474655509 -37.0502525344491 5
      vertex -117.49951326847076 -36.637688897550106 5
    endloop
  endfacet
  facet normal -0.737277331503665 0.6755902134066439 0
    outer loop
      vertex -118.3623111024499 -37.500486731529236 0
      vertex -117.9497474655509 -37.0502525344491 5
      vertex -117.9497474655509 -37.0502525344491 0
    endloop
  endfacet
  facet normal -0.737277331503665 0.6755902134066439 0
    outer loop
      vertex -118.3623111024499 -37.500486731529236 0
      vertex -118.3623111024499 -37.500486731529236 5
      vertex -117.9497474655509 -37.0502525344491 5
    endloop
  endfacet
  facet normal -0.7933533398969126 0.6087614295226117 0
    outer loop
      vertex -118.73406431078911 -37.984964944422245 0
      vertex -118.3623111024499 -37.500486731529236 5
      vertex -118.3623111024499 -37.500486731529236 0
    endloop
  endfacet
  facet normal -0.7933533398969126 0.6087614295226117 0
    outer loop
      vertex -118.73406431078911 -37.984964944422245 0
      vertex -118.73406431078911 -37.984964944422245 5
      vertex -118.3623111024499 -37.500486731529236 5
    endloop
  endfacet
  facet normal -0.843391444719553 0.5372996100630123 0
    outer loop
      vertex -119.06217782944441 -38.5 0
      vertex -118.73406431078911 -37.984964944422245 5
      vertex -118.73406431078911 -37.984964944422245 0
    endloop
  endfacet
  facet normal -0.843391444719553 0.5372996100630123 0
    outer loop
      vertex -119.06217782944441 -38.5 0
      vertex -119.06217782944441 -38.5 5
      vertex -118.73406431078911 -37.984964944422245 5
    endloop
  endfacet
  facet normal -0.8870108375444251 0.46174860484763514 0
    outer loop
      vertex -119.34415450692177 -39.0416721701622 0
      vertex -119.06217782944441 -38.5 5
      vertex -119.06217782944441 -38.5 0
    endloop
  endfacet
  facet normal -0.8870108375444251 0.46174860484763514 0
    outer loop
      vertex -119.34415450692177 -39.0416721701622 0
      vertex -119.34415450692177 -39.0416721701622 5
      vertex -119.06217782944441 -38.5 5
    endloop
  endfacet
  facet normal -0.9238795308127357 0.3826834364657549 0
    outer loop
      vertex -119.57784834504128 -39.605858996510506 0
      vertex -119.34415450692177 -39.0416721701622 5
      vertex -119.34415450692177 -39.0416721701622 0
    endloop
  endfacet
  facet normal -0.9238795308127357 0.3826834364657549 0
    outer loop
      vertex -119.57784834504128 -39.605858996510506 0
      vertex -119.57784834504128 -39.605858996510506 5
      vertex -119.34415450692177 -39.0416721701622 5
    endloop
  endfacet
  facet normal -0.9537169500954957 0.30070580157447224 0
    outer loop
      vertex -119.76148078590631 -40.188266687095165 0
      vertex -119.57784834504128 -39.605858996510506 5
      vertex -119.57784834504128 -39.605858996510506 0
    endloop
  endfacet
  facet normal -0.9537169500954957 0.30070580157447224 0
    outer loop
      vertex -119.76148078590631 -40.188266687095165 0
      vertex -119.76148078590631 -40.188266687095165 5
      vertex -119.57784834504128 -39.605858996510506 5
    endloop
  endfacet
  facet normal -0.976296007335593 0.2164396129653254 0
    outer loop
      vertex -119.89365427196026 -40.78446275740862 0
      vertex -119.76148078590631 -40.188266687095165 5
      vertex -119.76148078590631 -40.188266687095165 0
    endloop
  endfacet
  facet normal -0.976296007335593 0.2164396129653254 0
    outer loop
      vertex -119.89365427196026 -40.78446275740862 0
      vertex -119.89365427196026 -40.78446275740862 5
      vertex -119.76148078590631 -40.188266687095165 5
    endloop
  endfacet
  facet normal -0.9914448618756018 0.13052618840856664 0
    outer loop
      vertex -119.97336288541555 -41.38990980386734 0
      vertex -119.89365427196026 -40.78446275740862 5
      vertex -119.89365427196026 -40.78446275740862 0
    endloop
  endfacet
  facet normal -0.9914448618756018 0.13052618840856664 0
    outer loop
      vertex -119.97336288541555 -41.38990980386734 0
      vertex -119.97336288541555 -41.38990980386734 5
      vertex -119.89365427196026 -40.78446275740862 5
    endloop
  endfacet
  facet normal -0.9990482214846607 0.04361938959151427 0
    outer loop
      vertex -120 -42 0
      vertex -119.97336288541555 -41.38990980386734 5
      vertex -119.97336288541555 -41.38990980386734 0
    endloop
  endfacet
  facet normal -0.9990482214846607 0.04361938959151427 0
    outer loop
      vertex -120 -42 0
      vertex -120 -42 5
      vertex -119.97336288541555 -41.38990980386734 5
    endloop
  endfacet
  facet normal -0.9990482214846607 -0.04361938959151427 0
    outer loop
      vertex -119.97336288541555 -42.61009019613266 0
      vertex -120 -42 5
      vertex -120 -42 0
    endloop
  endfacet
  facet normal -0.9990482214846607 -0.04361938959151427 0
    outer loop
      vertex -119.97336288541555 -42.61009019613266 0
      vertex -119.97336288541555 -42.61009019613266 5
      vertex -120 -42 5
    endloop
  endfacet
  facet normal -0.9914448618756018 -0.13052618840856664 0
    outer loop
      vertex -119.89365427196026 -43.21553724259138 0
      vertex -119.97336288541555 -42.61009019613266 5
      vertex -119.97336288541555 -42.61009019613266 0
    endloop
  endfacet
  facet normal -0.9914448618756018 -0.13052618840856664 0
    outer loop
      vertex -119.89365427196026 -43.21553724259138 0
      vertex -119.89365427196026 -43.21553724259138 5
      vertex -119.97336288541555 -42.61009019613266 5
    endloop
  endfacet
  facet normal -0.976296007335593 -0.2164396129653254 0
    outer loop
      vertex -119.76148078590631 -43.811733312904835 0
      vertex -119.89365427196026 -43.21553724259138 5
      vertex -119.89365427196026 -43.21553724259138 0
    endloop
  endfacet
  facet normal -0.976296007335593 -0.2164396129653254 0
    outer loop
      vertex -119.76148078590631 -43.811733312904835 0
      vertex -119.76148078590631 -43.811733312904835 5
      vertex -119.89365427196026 -43.21553724259138 5
    endloop
  endfacet
  facet normal -0.9537169500954957 -0.30070580157447224 0
    outer loop
      vertex -119.57784834504128 -44.394141003489494 0
      vertex -119.76148078590631 -43.811733312904835 5
      vertex -119.76148078590631 -43.811733312904835 0
    endloop
  endfacet
  facet normal -0.9537169500954957 -0.30070580157447224 0
    outer loop
      vertex -119.57784834504128 -44.394141003489494 0
      vertex -119.57784834504128 -44.394141003489494 5
      vertex -119.76148078590631 -43.811733312904835 5
    endloop
  endfacet
  facet normal -0.9238795308127357 -0.3826834364657549 0
    outer loop
      vertex -119.34415450692177 -44.9583278298378 0
      vertex -119.57784834504128 -44.394141003489494 5
      vertex -119.57784834504128 -44.394141003489494 0
    endloop
  endfacet
  facet normal -0.9238795308127357 -0.3826834364657549 0
    outer loop
      vertex -119.34415450692177 -44.9583278298378 0
      vertex -119.34415450692177 -44.9583278298378 5
      vertex -119.57784834504128 -44.394141003489494 5
    endloop
  endfacet
  facet normal -0.8870108375444251 -0.46174860484763514 0
    outer loop
      vertex -119.06217782944441 -45.5 0
      vertex -119.34415450692177 -44.9583278298378 5
      vertex -119.34415450692177 -44.9583278298378 0
    endloop
  endfacet
  facet normal -0.8870108375444251 -0.46174860484763514 0
    outer loop
      vertex -119.06217782944441 -45.5 0
      vertex -119.06217782944441 -45.5 5
      vertex -119.34415450692177 -44.9583278298378 5
    endloop
  endfacet
  facet normal -0.843391444719553 -0.5372996100630123 0
    outer loop
      vertex -118.73406431078911 -46.015035055577755 0
      vertex -119.06217782944441 -45.5 5
      vertex -119.06217782944441 -45.5 0
    endloop
  endfacet
  facet normal -0.843391444719553 -0.5372996100630123 0
    outer loop
      vertex -118.73406431078911 -46.015035055577755 0
      vertex -118.73406431078911 -46.015035055577755 5
      vertex -119.06217782944441 -45.5 5
    endloop
  endfacet
  facet normal -0.7933533398969126 -0.6087614295226117 0
    outer loop
      vertex -118.3623111024499 -46.499513268470764 0
      vertex -118.73406431078911 -46.015035055577755 5
      vertex -118.73406431078911 -46.015035055577755 0
    endloop
  endfacet
  facet normal -0.7933533398969126 -0.6087614295226117 0
    outer loop
      vertex -118.3623111024499 -46.499513268470764 0
      vertex -118.3623111024499 -46.499513268470764 5
      vertex -118.73406431078911 -46.015035055577755 5
    endloop
  endfacet
  facet normal -0.737277331503665 -0.6755902134066439 0
    outer loop
      vertex -117.9497474655509 -46.9497474655509 0
      vertex -118.3623111024499 -46.499513268470764 5
      vertex -118.3623111024499 -46.499513268470764 0
    endloop
  endfacet
  facet normal -0.737277331503665 -0.6755902134066439 0
    outer loop
      vertex -117.9497474655509 -46.9497474655509 0
      vertex -117.9497474655509 -46.9497474655509 5
      vertex -118.3623111024499 -46.499513268470764 5
    endloop
  endfacet
  facet normal -0.6755902134066439 -0.737277331503665 0
    outer loop
      vertex -117.49951326847076 -47.362311102449894 0
      vertex -117.9497474655509 -46.9497474655509 5
      vertex -117.9497474655509 -46.9497474655509 0
    endloop
  endfacet
  facet normal -0.6755902134066439 -0.737277331503665 0
    outer loop
      vertex -117.49951326847076 -47.362311102449894 0
      vertex -117.49951326847076 -47.362311102449894 5
      vertex -117.9497474655509 -46.9497474655509 5
    endloop
  endfacet
  facet normal -0.6087614295226117 -0.7933533398969126 0
    outer loop
      vertex -117.01503505557775 -47.73406431078911 0
      vertex -117.49951326847076 -47.362311102449894 5
      vertex -117.49951326847076 -47.362311102449894 0
    endloop
  endfacet
  facet normal -0.6087614295226117 -0.7933533398969126 0
    outer loop
      vertex -117.01503505557775 -47.73406431078911 0
      vertex -117.01503505557775 -47.73406431078911 5
      vertex -117.49951326847076 -47.362311102449894 5
    endloop
  endfacet
  facet normal -0.5372996100630123 -0.843391444719553 0
    outer loop
      vertex -116.5 -48.06217782944441 0
      vertex -117.01503505557775 -47.73406431078911 5
      vertex -117.01503505557775 -47.73406431078911 0
    endloop
  endfacet
  facet normal -0.5372996100630123 -0.843391444719553 0
    outer loop
      vertex -116.5 -48.06217782944441 0
      vertex -116.5 -48.06217782944441 5
      vertex -117.01503505557775 -47.73406431078911 5
    endloop
  endfacet
  facet normal -0.46174860484763514 -0.8870108375444251 0
    outer loop
      vertex -115.9583278298378 -48.34415450692177 0
      vertex -116.5 -48.06217782944441 5
      vertex -116.5 -48.06217782944441 0
    endloop
  endfacet
  facet normal -0.46174860484763514 -0.8870108375444251 0
    outer loop
      vertex -115.9583278298378 -48.34415450692177 0
      vertex -115.9583278298378 -48.34415450692177 5
      vertex -116.5 -48.06217782944441 5
    endloop
  endfacet
  facet normal -0.3826834364657549 -0.9238795308127357 0
    outer loop
      vertex -115.3941410034895 -48.577848345041275 0
      vertex -115.9583278298378 -48.34415450692177 5
      vertex -115.9583278298378 -48.34415450692177 0
    endloop
  endfacet
  facet normal -0.3826834364657549 -0.9238795308127357 0
    outer loop
      vertex -115.3941410034895 -48.577848345041275 0
      vertex -115.3941410034895 -48.577848345041275 5
      vertex -115.9583278298378 -48.34415450692177 5
    endloop
  endfacet
  facet normal -0.30070580157447224 -0.9537169500954957 0
    outer loop
      vertex -114.81173331290483 -48.761480785906315 0
      vertex -115.3941410034895 -48.577848345041275 5
      vertex -115.3941410034895 -48.577848345041275 0
    endloop
  endfacet
  facet normal -0.30070580157447224 -0.9537169500954957 0
    outer loop
      vertex -114.81173331290483 -48.761480785906315 0
      vertex -114.81173331290483 -48.761480785906315 5
      vertex -115.3941410034895 -48.577848345041275 5
    endloop
  endfacet
  facet normal -0.2164396129653254 -0.976296007335593 0
    outer loop
      vertex -114.21553724259138 -48.89365427196026 0
      vertex -114.81173331290483 -48.761480785906315 5
      vertex -114.81173331290483 -48.761480785906315 0
    endloop
  endfacet
  facet normal -0.2164396129653254 -0.976296007335593 0
    outer loop
      vertex -114.21553724259138 -48.89365427196026 0
      vertex -114.21553724259138 -48.89365427196026 5
      vertex -114.81173331290483 -48.761480785906315 5
    endloop
  endfacet
  facet normal -0.13052618840856664 -0.9914448618756018 0
    outer loop
      vertex -113.61009019613266 -48.973362885415554 0
      vertex -114.21553724259138 -48.89365427196026 5
      vertex -114.21553724259138 -48.89365427196026 0
    endloop
  endfacet
  facet normal -0.13052618840856664 -0.9914448618756018 0
    outer loop
      vertex -113.61009019613266 -48.973362885415554 0
      vertex -113.61009019613266 -48.973362885415554 5
      vertex -114.21553724259138 -48.89365427196026 5
    endloop
  endfacet
  facet normal -0.04361938959151427 -0.9990482214846607 0
    outer loop
      vertex -113 -49 0
      vertex -113.61009019613266 -48.973362885415554 5
      vertex -113.61009019613266 -48.973362885415554 0
    endloop
  endfacet
  facet normal -0.04361938959151427 -0.9990482214846607 0
    outer loop
      vertex -113 -49 0
      vertex -113 -49 5
      vertex -113.61009019613266 -48.973362885415554 5
    endloop
  endfacet
  facet normal 0 -1 0
    outer loop
      vertex -49 -49 0
      vertex -113 -49 5
      vertex -113 -49 0
    endloop
  endfacet
  facet normal 0 -1 0
    outer loop
      vertex -49 -49 0
      vertex -49 -49 5
      vertex -113 -49 5
    endloop
  endfacet
  facet normal -1 0 0
    outer loop
      vertex -49 -113 0
      vertex -49 -49 5
      vertex -49 -49 0
    endloop
  endfacet
  facet normal -1 0 0
    outer loop
      vertex -49 -113 0
      vertex -49 -113 5
      vertex -49 -49 5
    endloop
  endfacet
  facet normal -0.9990482214846607 -0.04361938959151427 0
    outer loop
      vertex -48.973362885415554 -113.61009019613266 0
      vertex -49 -113 5
      vertex -49 -113 0
    endloop
  endfacet
  facet normal -0.9990482214846607 -0.04361938959151427 0
    outer loop
      vertex -48.973362885415554 -113.61009019613266 0
      vertex -48.973362885415554 -113.61009019613266 5
      vertex -49 -113 5
    endloop
  endfacet
  facet normal -0.9914448618756018 -0.13052618840856664 0
    outer loop
      vertex -48.89365427196026 -114.21553724259138 0
      vertex -48.973362885415554 -113.61009019613266 5
      vertex -48.973362885415554 -113.61009019613266 0
    endloop
  endfacet
  facet normal -0.9914448618756018 -0.13052618840856664 0
    outer loop
      vertex -48.89365427196026 -114.21553724259138 0
      vertex -48.89365427196026 -114.21553724259138 5
      vertex -48.973362885415554 -113.61009019613266 5
    endloop
  endfacet
  facet normal -0.976296007335593 -0.2164396129653254 0
    outer loop
      vertex -48.761480785906315 -114.81173331290483 0
      vertex -48.89365427196026 -114.21553724259138 5
      vertex -48.89365427196026 -114.21553724259138 0
    endloop
  endfacet
  facet normal -0.976296007335593 -0.2164396129653254 0
    outer loop
      vertex -48.761480785906315 -114.81173331290483 0
      vertex -48.761480785906315 -114.81173331290483 5
      vertex -48.89365427196026 -114.21553724259138 5
    endloop
  endfacet
  facet normal -0.9537169500954957 -0.30070580157447224 0
    outer loop
      vertex -48.577848345041275 -115.3941410034895 0
      vertex -48.761480785906315 -114.81173331290483 5
      vertex -48.761480785906315 -114.81173331290483 0
    endloop
  endfacet
  facet normal -0.9537169500954957 -0.30070580157447224 0
    outer loop
      vertex -48.577848345041275 -115.3941410034895 0
      vertex -48.577848345041275 -115.3941410034895 5
      vertex -48.761480785906315 -114.81173331290483 5
    endloop
  endfacet
  facet normal -0.9238795308127357 -0.3826834364657549 0
    outer loop
      vertex -48.34415450692177 -115.9583278298378 0
      vertex -48.577848345041275 -115.3941410034895 5
      vertex -48.577848345041275 -115.3941410034895 0
    endloop
  endfacet
  facet normal -0.9238795308127357 -0.3826834364657549 0
    outer loop
      vertex -48.34415450692177 -115.9583278298378 0
      vertex -48.34415450692177 -115.9583278298378 5
      vertex -48.577848345041275 -115.3941410034895 5
    endloop
  endfacet
  facet normal -0.8870108375444251 -0.46174860484763514 0
    outer loop
      vertex -48.06217782944441 -116.5 0
      vertex -48.34415450692177 -115.9583278298378 5
      vertex -48.34415450692177 -115.9583278298378 0
    endloop
  endfacet
  facet normal -0.8870108375444251 -0.46174860484763514 0
    outer loop
      vertex -48.06217782944441 -116.5 0
      vertex -48.06217782944441 -116.5 5
      vertex -48.34415450692177 -115.9583278298378 5
    endloop
  endfacet
  facet normal -0.843391444719553 -0.5372996100630123 0
    outer loop
      vertex -47.73406431078911 -117.01503505557775 0
      vertex -48.06217782944441 -116.5 5
      vertex -48.06217782944441 -116.5 0
    endloop
  endfacet
  facet normal -0.843391444719553 -0.5372996100630123 0
    outer loop
      vertex -47.73406431078911 -117.01503505557775 0
      vertex -47.73406431078911 -117.01503505557775 5
      vertex -48.06217782944441 -116.5 5
    endloop
  endfacet
  facet normal -0.7933533398969126 -0.6087614295226117 0
    outer loop
      vertex -47.362311102449894 -117.49951326847076 0
      vertex -47.73406431078911 -117.01503505557775 5
      vertex -47.73406431078911 -117.01503505557775 0
    endloop
  endfacet
  facet normal -0.7933533398969126 -0.6087614295226117 0
    outer loop
      vertex -47.362311102449894 -117.49951326847076 0
      vertex -47.362311102449894 -117.49951326847076 5
      vertex -47.73406431078911 -117.01503505557775 5
    endloop
  endfacet
  facet normal -0.737277331503665 -0.6755902134066439 0
    outer loop
      vertex -46.9497474655509 -117.9497474655509 0
      vertex -47.362311102449894 -117.49951326847076 5
      vertex -47.362311102449894 -117.49951326847076 0
    endloop
  endfacet
  facet normal -0.737277331503665 -0.6755902134066439 0
    outer loop
      vertex -46.9497474655509 -117.9497474655509 0
      vertex -46.9497474655509 -117.9497474655509 5
      vertex -47.362311102449894 -117.49951326847076 5
    endloop
  endfacet
  facet normal -0.6755902134066439 -0.737277331503665 0
    outer loop
      vertex -46.499513268470764 -118.3623111024499 0
      vertex -46.9497474655509 -117.9497474655509 5
      vertex -46.9497474655509 -117.9497474655509 0
    endloop
  endfacet
  facet normal -0.6755902134066439 -0.737277331503665 0
    outer loop
      vertex -46.499513268470764 -118.3623111024499 0
      vertex -46.499513268470764 -118.3623111024499 5
      vertex -46.9497474655509 -117.9497474655509 5
    endloop
  endfacet
  facet normal -0.6087614295226117 -0.7933533398969126 0
    outer loop
      vertex -46.015035055577755 -118.73406431078911 0
      vertex -46.499513268470764 -118.3623111024499 5
      vertex -46.499513268470764 -118.3623111024499 0
    endloop
  endfacet
  facet normal -0.6087614295226117 -0.7933533398969126 0
    outer loop
      vertex -46.015035055577755 -118.73406431078911 0
      vertex -46.015035055577755 -118.73406431078911 5
      vertex -46.499513268470764 -118.3623111024499 5
    endloop
  endfacet
  facet normal -0.5372996100630123 -0.843391444719553 0
    outer loop
      vertex -45.5 -119.06217782944441 0
      vertex -46.015035055577755 -118.73406431078911 5
      vertex -46.015035055577755 -118.73406431078911 0
    endloop
  endfacet
  facet normal -0.5372996100630123 -0.843391444719553 0
    outer loop
      vertex -45.5 -119.06217782944441 0
      vertex -45.5 -119.06217782944441 5
      vertex -46.015035055577755 -118.73406431078911 5
    endloop
  endfacet
  facet normal -0.46174860484763514 -0.8870108375444251 0
    outer loop
      vertex -44.9583278298378 -119.34415450692177 0
      vertex -45.5 -119.06217782944441 5
      vertex -45.5 -119.06217782944441 0
    endloop
  endfacet
  facet normal -0.46174860484763514 -0.8870108375444251 0
    outer loop
      vertex -44.9583278298378 -119.34415450692177 0
      vertex -44.9583278298378 -119.34415450692177 5
      vertex -45.5 -119.06217782944441 5
    endloop
  endfacet
  facet normal -0.3826834364657549 -0.9238795308127357 0
    outer loop
      vertex -44.394141003489494 -119.57784834504128 0
      vertex -44.9583278298378 -119.34415450692177 5
      vertex -44.9583278298378 -119.34415450692177 0
    endloop
  endfacet
  facet normal -0.3826834364657549 -0.9238795308127357 0
    outer loop
      vertex -44.394141003489494 -119.57784834504128 0
      vertex -44.394141003489494 -119.57784834504128 5
      vertex -44.9583278298378 -119.34415450692177 5
    endloop
  endfacet
  facet normal -0.30070580157447224 -0.9537169500954957 0
    outer loop
      vertex -43.811733312904835 -119.76148078590631 0
      vertex -44.394141003489494 -119.57784834504128 5
      vertex -44.394141003489494 -119.57784834504128 0
    endloop
  endfacet
  facet normal -0.30070580157447224 -0.9537169500954957 0
    outer loop
      vertex -43.811733312904835 -119.76148078590631 0
      vertex -43.811733312904835 -119.76148078590631 5
      vertex -44.394141003489494 -119.57784834504128 5
    endloop
  endfacet
  facet normal -0.2164396129653254 -0.976296007335593 0
    outer loop
      vertex -43.21553724259138 -119.89365427196026 0
      vertex -43.811733312904835 -119.76148078590631 5
      vertex -43.811733312904835 -119.76148078590631 0
    endloop
  endfacet
  facet normal -0.2164396129653254 -0.976296007335593 0
    outer loop
      vertex -43.21553724259138 -119.89365427196026 0
      vertex -43.21553724259138 -119.89365427196026 5
      vertex -43.811733312904835 -119.76148078590631 5
    endloop
  endfacet
  facet normal -0.13052618840856664 -0.9914448618756018 0
    outer loop
      vertex -42.61009019613266 -119.97336288541555 0
      vertex -43.21553724259138 -119.89365427196026 5
      vertex -43.21553724259138 -119.89365427196026 0
    endloop
  endfacet
  facet normal -0.13052618840856664 -0.9914448618756018 0
    outer loop
      vertex -42.61009019613266 -119.97336288541555 0
      vertex -42.61009019613266 -119.97336288541555 5
      vertex -43.21553724259138 -119.89365427196026 5
    endloop
  endfacet
  facet normal -0.04361938959151427 -0.9990482214846607 0
    outer loop
      vertex -42 -120 0
      vertex -42.61009019613266 -119.97336288541555 5
      vertex -42.61009019613266 -119.97336288541555 0
    endloop
  endfacet
  facet normal -0.04361938959151427 -0.9990482214846607 0
    outer loop
      vertex -42 -120 0
      vertex -42 -120 5
      vertex -42.61009019613266 -119.97336288541555 5
    endloop
  endfacet
  facet normal 0.04361938959151427 -0.9990482214846607 0
    outer loop
      vertex -41.38990980386734 -119.97336288541555 0
      vertex -42 -120 5
      vertex -42 -120 0
    endloop
  endfacet
  facet normal 0.04361938959151427 -0.9990482214846607 0
    outer loop
      vertex -41.38990980386734 -119.97336288541555 0
      vertex -41.38990980386734 -119.97336288541555 5
      vertex -42 -120 5
    endloop
  endfacet
  facet normal 0.13052618840856664 -0.9914448618756018 0
    outer loop
      vertex -40.78446275740862 -119.89365427196026 0
      vertex -41.38990980386734 -119.97336288541555 5
      vertex -41.38990980386734 -119.97336288541555 0
    endloop
  endfacet
  facet normal 0.13052618840856664 -0.9914448618756018 0
    outer loop
      vertex -40.78446275740862 -119.89365427196026 0
      vertex -40.78446275740862 -119.89365427196026 5
      vertex -41.38990980386734 -119.97336288541555 5
    endloop
  endfacet
  facet normal 0.2164396129653254 -0.976296007335593 0
    outer loop
      vertex -40.188266687095165 -119.76148078590631 0
      vertex -40.78446275740862 -119.89365427196026 5
      vertex -40.78446275740862 -119.89365427196026 0
    endloop
  endfacet
  facet normal 0.2164396129653254 -0.976296007335593 0
    outer loop
      vertex -40.188266687095165 -119.76148078590631 0
      vertex -40.188266687095165 -119.76148078590631 5
      vertex -40.78446275740862 -119.89365427196026 5
    endloop
  endfacet
  facet normal 0.30070580157447224 -0.9537169500954957 0
    outer loop
      vertex -39.605858996510506 -119.57784834504128 0
      vertex -40.188266687095165 -119.76148078590631 5
      vertex -40.188266687095165 -119.76148078590631 0
    endloop
  endfacet
  facet normal 0.30070580157447224 -0.9537169500954957 0
    outer loop
      vertex -39.605858996510506 -119.57784834504128 0
      vertex -39.605858996510506 -119.57784834504128 5
      vertex -40.188266687095165 -119.76148078590631 5
    endloop
  endfacet
  facet normal 0.3826834364657549 -0.9238795308127357 0
    outer loop
      vertex -39.0416721701622 -119.34415450692177 0
      vertex -39.605858996510506 -119.57784834504128 5
      vertex -39.605858996510506 -119.57784834504128 0
    endloop
  endfacet
  facet normal 0.3826834364657549 -0.9238795308127357 0
    outer loop
      vertex -39.0416721701622 -119.34415450692177 0
      vertex -39.0416721701622 -119.34415450692177 5
      vertex -39.605858996510506 -119.57784834504128 5
    endloop
  endfacet
  facet normal 0.46174860484763514 -0.8870108375444251 0
    outer loop
      vertex -38.5 -119.06217782944441 0
      vertex -39.0416721701622 -119.34415450692177 5
      vertex -39.0416721701622 -119.34415450692177 0
    endloop
  endfacet
  facet normal 0.46174860484763514 -0.8870108375444251 0
    outer loop
      vertex -38.5 -119.06217782944441 0
      vertex -38.5 -119.06217782944441 5
      vertex -39.0416721701622 -119.34415450692177 5
    endloop
  endfacet
  facet normal 0.5372996100630123 -0.843391444719553 0
    outer loop
      vertex -37.984964944422245 -118.73406431078911 0
      vertex -38.5 -119.06217782944441 5
      vertex -38.5 -119.06217782944441 0
    endloop
  endfacet
  facet normal 0.5372996100630123 -0.843391444719553 0
    outer loop
      vertex -37.984964944422245 -118.73406431078911 0
      vertex -37.984964944422245 -118.73406431078911 5
      vertex -38.5 -119.06217782944441 5
    endloop
  endfacet
  facet normal 0.6087614295226117 -0.7933533398969126 0
    outer loop
      vertex -37.500486731529236 -118.3623111024499 0
      vertex -37.984964944422245 -118.73406431078911 5
      vertex -37.984964944422245 -118.73406431078911 0
    endloop
  endfacet
  facet normal 0.6087614295226117 -0.7933533398969126 0
    outer loop
      vertex -37.500486731529236 -118.3623111024499 0
      vertex -37.500486731529236 -118.3623111024499 5
      vertex -37.984964944422245 -118.73406431078911 5
    endloop
  endfacet
  facet normal 0.6755902134066439 -0.737277331503665 0
    outer loop
      vertex -37.0502525344491 -117.9497474655509 0
      vertex -37.500486731529236 -118.3623111024499 5
      vertex -37.500486731529236 -118.3623111024499 0
    endloop
  endfacet
  facet normal 0.6755902134066439 -0.737277331503665 0
    outer loop
      vertex -37.0502525344491 -117.9497474655509 0
      vertex -37.0502525344491 -117.9497474655509 5
      vertex -37.500486731529236 -118.3623111024499 5
    endloop
  endfacet
  facet normal 0.737277331503665 -0.6755902134066439 0
    outer loop
      vertex -36.637688897550106 -117.49951326847076 0
      vertex -37.0502525344491 -117.9497474655509 5
      vertex -37.0502525344491 -117.9497474655509 0
    endloop
  endfacet
  facet normal 0.737277331503665 -0.6755902134066439 0
    outer loop
      vertex -36.637688897550106 -117.49951326847076 0
      vertex -36.637688897550106 -117.49951326847076 5
      vertex -37.0502525344491 -117.9497474655509 5
    endloop
  endfacet
  facet normal 0.7933533398969126 -0.6087614295226117 0
    outer loop
      vertex -36.26593568921089 -117.01503505557775 0
      vertex -36.637688897550106 -117.49951326847076 5
      vertex -36.637688897550106 -117.49951326847076 0
    endloop
  endfacet
  facet normal 0.7933533398969126 -0.6087614295226117 0
    outer loop
      vertex -36.26593568921089 -117.01503505557775 0
      vertex -36.26593568921089 -117.01503505557775 5
      vertex -36.637688897550106 -117.49951326847076 5
    endloop
  endfacet
  facet normal 0.843391444719553 -0.5372996100630123 0
    outer loop
      vertex -35.93782217055559 -116.5 0
      vertex -36.26593568921089 -117.01503505557775 5
      vertex -36.26593568921089 -117.01503505557775 0
    endloop
  endfacet
  facet normal 0.843391444719553 -0.5372996100630123 0
    outer loop
      vertex -35.93782217055559 -116.5 0
      vertex -35.93782217055559 -116.5 5
      vertex -36.26593568921089 -117.01503505557775 5
    endloop
  endfacet
  facet normal 0.8870108375444251 -0.46174860484763514 0
    outer loop
      vertex -35.65584549307823 -115.9583278298378 0
      vertex -35.93782217055559 -116.5 5
      vertex -35.93782217055559 -116.5 0
    endloop
  endfacet
  facet normal 0.8870108375444251 -0.46174860484763514 0
    outer loop
      vertex -35.65584549307823 -115.9583278298378 0
      vertex -35.65584549307823 -115.9583278298378 5
      vertex -35.93782217055559 -116.5 5
    endloop
  endfacet
  facet normal 0.9238795308127357 -0.3826834364657549 0
    outer loop
      vertex -35.422151654958725 -115.3941410034895 0
      vertex -35.65584549307823 -115.9583278298378 5
      vertex -35.65584549307823 -115.9583278298378 0
    endloop
  endfacet
  facet normal 0.9238795308127357 -0.3826834364657549 0
    outer loop
      vertex -35.422151654958725 -115.3941410034895 0
      vertex -35.422151654958725 -115.3941410034895 5
      vertex -35.65584549307823 -115.9583278298378 5
    endloop
  endfacet
  facet normal 0.9537169500954957 -0.30070580157447224 0
    outer loop
      vertex -35.238519214093685 -114.81173331290483 0
      vertex -35.422151654958725 -115.3941410034895 5
      vertex -35.422151654958725 -115.3941410034895 0
    endloop
  endfacet
  facet normal 0.9537169500954957 -0.30070580157447224 0
    outer loop
      vertex -35.238519214093685 -114.81173331290483 0
      vertex -35.238519214093685 -114.81173331290483 5
      vertex -35.422151654958725 -115.3941410034895 5
    endloop
  endfacet
  facet normal 0.976296007335593 -0.2164396129653254 0
    outer loop
      vertex -35.10634572803974 -114.21553724259138 0
      vertex -35.238519214093685 -114.81173331290483 5
      vertex -35.238519214093685 -114.81173331290483 0
    endloop
  endfacet
  facet normal 0.976296007335593 -0.2164396129653254 0
    outer loop
      vertex -35.10634572803974 -114.21553724259138 0
      vertex -35.10634572803974 -114.21553724259138 5
      vertex -35.238519214093685 -114.81173331290483 5
    endloop
  endfacet
  facet normal 0.9914448618756018 -0.13052618840856664 0
    outer loop
      vertex -35.026637114584446 -113.61009019613266 0
      vertex -35.10634572803974 -114.21553724259138 5
      vertex -35.10634572803974 -114.21553724259138 0
    endloop
  endfacet
  facet normal 0.9914448618756018 -0.13052618840856664 0
    outer loop
      vertex -35.026637114584446 -113.61009019613266 0
      vertex -35.026637114584446 -113.61009019613266 5
      vertex -35.10634572803974 -114.21553724259138 5
    endloop
  endfacet
  facet normal 0.9990482214846607 -0.04361938959151427 0
    outer loop
      vertex -35 -113 0
      vertex -35.026637114584446 -113.61009019613266 5
      vertex -35.026637114584446 -113.61009019613266 0
    endloop
  endfacet
  facet normal 0.9990482214846607 -0.04361938959151427 0
    outer loop
      vertex -35 -113 0
      vertex -35 -113 5
      vertex -35.026637114584446 -113.61009019613266 5
    endloop
  endfacet
  facet normal 1 0 0
    outer loop
      vertex -35 -49 0
      vertex -35 -113 5
      vertex -35 -113 0
    endloop
  endfacet
  facet normal 1 0 0
    outer loop
      vertex -35 -49 0
      vertex -35 -49 5
      vertex -35 -113 5
    endloop
  endfacet
  facet normal 0 -1 0
    outer loop
      vertex 35 -49 0
      vertex -35 -49 5
      vertex -35 -49 0
    endloop
  endfacet
  facet normal 0 -1 0
    outer loop
      vertex 35 -49 0
      vertex 35 -49 5
      vertex -35 -49 5
    endloop
  endfacet
  facet normal -1 0 0
    outer loop
      vertex 35 -113 0
      vertex 35 -49 5
      vertex 35 -49 0
    endloop
  endfacet
  facet normal -1 0 0
    outer loop
      vertex 35 -113 0
      vertex 35 -113 5
      vertex 35 -49 5
    endloop
  endfacet
  facet normal -0.9990482214846607 -0.04361938959151427 0
    outer loop
      vertex 35.026637114584446 -113.61009019613266 0
      vertex 35 -113 5
      vertex 35 -113 0
    endloop
  endfacet
  facet normal -0.9990482214846607 -0.04361938959151427 0
    outer loop
      vertex 35.026637114584446 -113.61009019613266 0
      vertex 35.026637114584446 -113.61009019613266 5
      vertex 35 -113 5
    endloop
  endfacet
  facet normal -0.9914448618756018 -0.13052618840856664 0
    outer loop
      vertex 35.10634572803974 -114.21553724259138 0
      vertex 35.026637114584446 -113.61009019613266 5
      vertex 35.026637114584446 -113.61009019613266 0
    endloop
  endfacet
  facet normal -0.9914448618756018 -0.13052618840856664 0
    outer loop
      vertex 35.10634572803974 -114.21553724259138 0
      vertex 35.10634572803974 -114.21553724259138 5
      vertex 35.026637114584446 -113.61009019613266 5
    endloop
  endfacet
  facet normal -0.976296007335593 -0.2164396129653254 0
    outer loop
      vertex 35.238519214093685 -114.81173331290483 0
      vertex 35.10634572803974 -114.21553724259138 5
      vertex 35.10634572803974 -114.21553724259138 0
    endloop
  endfacet
  facet normal -0.976296007335593 -0.2164396129653254 0
    outer loop
      vertex 35.238519214093685 -114.81173331290483 0
      vertex 35.238519214093685 -114.81173331290483 5
      vertex 35.10634572803974 -114.21553724259138 5
    endloop
  endfacet
  facet normal -0.9537169500954957 -0.30070580157447224 0
    outer loop
      vertex 35.422151654958725 -115.3941410034895 0
      vertex 35.238519214093685 -114.81173331290483 5
      vertex 35.238519214093685 -114.81173331290483 0
    endloop
  endfacet
  facet normal -0.9537169500954957 -0.30070580157447224 0
    outer loop
      vertex 35.422151654958725 -115.3941410034895 0
      vertex 35.422151654958725 -115.3941410034895 5
      vertex 35.238519214093685 -114.81173331290483 5
    endloop
  endfacet
  facet normal -0.9238795308127357 -0.3826834364657549 0
    outer loop
      vertex 35.65584549307823 -115.9583278298378 0
      vertex 35.422151654958725 -115.3941410034895 5
      vertex 35.422151654958725 -115.3941410034895 0
    endloop
  endfacet
  facet normal -0.9238795308127357 -0.3826834364657549 0
    outer loop
      vertex 35.65584549307823 -115.9583278298378 0
      vertex 35.65584549307823 -115.9583278298378 5
      vertex 35.422151654958725 -115.3941410034895 5
    endloop
  endfacet
  facet normal -0.8870108375444251 -0.46174860484763514 0
    outer loop
      vertex 35.93782217055559 -116.5 0
      vertex 35.65584549307823 -115.9583278298378 5
      vertex 35.65584549307823 -115.9583278298378 0
    endloop
  endfacet
  facet normal -0.8870108375444251 -0.46174860484763514 0
    outer loop
      vertex 35.93782217055559 -116.5 0
      vertex 35.93782217055559 -116.5 5
      vertex 35.65584549307823 -115.9583278298378 5
    endloop
  endfacet
  facet normal -0.843391444719553 -0.5372996100630123 0
    outer loop
      vertex 36.26593568921089 -117.01503505557775 0
      vertex 35.93782217055559 -116.5 5
      vertex 35.93782217055559 -116.5 0
    endloop
  endfacet
  facet normal -0.843391444719553 -0.5372996100630123 0
    outer loop
      vertex 36.26593568921089 -117.01503505557775 0
      vertex 36.26593568921089 -117.01503505557775 5
      vertex 35.93782217055559 -116.5 5
    endloop
  endfacet
  facet normal -0.7933533398969126 -0.6087614295226117 0
    outer loop
      vertex 36.637688897550106 -117.49951326847076 0
      vertex 36.26593568921089 -117.01503505557775 5
      vertex 36.26593568921089 -117.01503505557775 0
    endloop
  endfacet
  facet normal -0.7933533398969126 -0.6087614295226117 0
    outer loop
      vertex 36.637688897550106 -117.49951326847076 0
      vertex 36.637688897550106 -117.49951326847076 5
      vertex 36.26593568921089 -117.01503505557775 5
    endloop
  endfacet
  facet normal -0.737277331503665 -0.6755902134066439 0
    outer loop
      vertex 37.0502525344491 -117.9497474655509 0
      vertex 36.637688897550106 -117.49951326847076 5
      vertex 36.637688897550106 -117.49951326847076 0
    endloop
  endfacet
  facet normal -0.737277331503665 -0.6755902134066439 0
    outer loop
      vertex 37.0502525344491 -117.9497474655509 0
      vertex 37.0502525344491 -117.9497474655509 5
      vertex 36.637688897550106 -117.49951326847076 5
    endloop
  endfacet
  facet normal -0.6755902134066439 -0.737277331503665 0
    outer loop
      vertex 37.500486731529236 -118.3623111024499 0
      vertex 37.0502525344491 -117.9497474655509 5
      vertex 37.0502525344491 -117.9497474655509 0
    endloop
  endfacet
  facet normal -0.6755902134066439 -0.737277331503665 0
    outer loop
      vertex 37.500486731529236 -118.3623111024499 0
      vertex 37.500486731529236 -118.3623111024499 5
      vertex 37.0502525344491 -117.9497474655509 5
    endloop
  endfacet
  facet normal -0.6087614295226117 -0.7933533398969126 0
    outer loop
      vertex 37.984964944422245 -118.73406431078911 0
      vertex 37.500486731529236 -118.3623111024499 5
      vertex 37.500486731529236 -118.3623111024499 0
    endloop
  endfacet
  facet normal -0.6087614295226117 -0.7933533398969126 0
    outer loop
      vertex 37.984964944422245 -118.73406431078911 0
      vertex 37.984964944422245 -118.73406431078911 5
      vertex 37.500486731529236 -118.3623111024499 5
    endloop
  endfacet
  facet normal -0.5372996100630123 -0.843391444719553 0
    outer loop
      vertex 38.5 -119.06217782944441 0
      vertex 37.984964944422245 -118.73406431078911 5
      vertex 37.984964944422245 -118.73406431078911 0
    endloop
  endfacet
  facet normal -0.5372996100630123 -0.843391444719553 0
    outer loop
      vertex 38.5 -119.06217782944441 0
      vertex 38.5 -119.06217782944441 5
      vertex 37.984964944422245 -118.73406431078911 5
    endloop
  endfacet
  facet normal -0.46174860484763514 -0.8870108375444251 0
    outer loop
      vertex 39.0416721701622 -119.34415450692177 0
      vertex 38.5 -119.06217782944441 5
      vertex 38.5 -119.06217782944441 0
    endloop
  endfacet
  facet normal -0.46174860484763514 -0.8870108375444251 0
    outer loop
      vertex 39.0416721701622 -119.34415450692177 0
      vertex 39.0416721701622 -119.34415450692177 5
      vertex 38.5 -119.06217782944441 5
    endloop
  endfacet
  facet normal -0.3826834364657549 -0.9238795308127357 0
    outer loop
      vertex 39.605858996510506 -119.57784834504128 0
      vertex 39.0416721701622 -119.34415450692177 5
      vertex 39.0416721701622 -119.34415450692177 0
    endloop
  endfacet
  facet normal -0.3826834364657549 -0.9238795308127357 0
    outer loop
      vertex 39.605858996510506 -119.57784834504128 0
      vertex 39.605858996510506 -119.57784834504128 5
      vertex 39.0416721701622 -119.34415450692177 5
    endloop
  endfacet
  facet normal -0.30070580157447224 -0.9537169500954957 0
    outer loop
      vertex 40.188266687095165 -119.76148078590631 0
      vertex 39.605858996510506 -119.57784834504128 5
      vertex 39.605858996510506 -119.57784834504128 0
    endloop
  endfacet
  facet normal -0.30070580157447224 -0.9537169500954957 0
    outer loop
      vertex 40.188266687095165 -119.76148078590631 0
      vertex 40.188266687095165 -119.76148078590631 5
      vertex 39.605858996510506 -119.57784834504128 5
    endloop
  endfacet
  facet normal -0.2164396129653254 -0.976296007335593 0
    outer loop
      vertex 40.78446275740862 -119.89365427196026 0
      vertex 40.188266687095165 -119.76148078590631 5
      vertex 40.188266687095165 -119.76148078590631 0
    endloop
  endfacet
  facet normal -0.2164396129653254 -0.976296007335593 0
    outer loop
      vertex 40.78446275740862 -119.89365427196026 0
      vertex 40.78446275740862 -119.89365427196026 5
      vertex 40.188266687095165 -119.76148078590631 5
    endloop
  endfacet
  facet normal -0.13052618840856664 -0.9914448618756018 0
    outer loop
      vertex 41.38990980386734 -119.97336288541555 0
      vertex 40.78446275740862 -119.89365427196026 5
      vertex 40.78446275740862 -119.89365427196026 0
    endloop
  endfacet
  facet normal -0.13052618840856664 -0.9914448618756018 0
    outer loop
      vertex 41.38990980386734 -119.97336288541555 0
      vertex 41.38990980386734 -119.97336288541555 5
      vertex 40.78446275740862 -119.89365427196026 5
    endloop
  endfacet
  facet normal -0.04361938959151427 -0.9990482214846607 0
    outer loop
      vertex 42 -120 0
      vertex 41.38990980386734 -119.97336288541555 5
      vertex 41.38990980386734 -119.97336288541555 0
    endloop
  endfacet
  facet normal -0.04361938959151427 -0.9990482214846607 0
    outer loop
      vertex 42 -120 0
      vertex 42 -120 5
      vertex 41.38990980386734 -119.97336288541555 5
    endloop
  endfacet
  facet normal 0.04361938959151427 -0.9990482214846607 0
    outer loop
      vertex 42.61009019613266 -119.97336288541555 0
      vertex 42 -120 5
      vertex 42 -120 0
    endloop
  endfacet
  facet normal 0.04361938959151427 -0.9990482214846607 0
    outer loop
      vertex 42.61009019613266 -119.97336288541555 0
      vertex 42.61009019613266 -119.97336288541555 5
      vertex 42 -120 5
    endloop
  endfacet
  facet normal 1 0 0
    outer loop
      vertex -35 35 0
      vertex -35 35 5
      vertex -35 -35 0
    endloop
  endfacet
  facet normal 1 0 0
    outer loop
      vertex -35 -35 5
      vertex -35 -35 0
      vertex -35 35 5
    endloop
  endfacet
  facet normal 0 -1 0
    outer loop
      vertex 35 35 0
      vertex 35 35 5
      vertex -35 35 0
    endloop
  endfacet
  facet normal 0 -1 0
    outer loop
      vertex -35 35 5
      vertex -35 35 0
      vertex 35 35 5
    endloop
  endfacet
  facet normal -1 0 0
    outer loop
      vertex 35 -35 0
      vertex 35 -35 5
      vertex 35 35 0
    endloop
  endfacet
  facet normal -1 0 0
    outer loop
      vertex 35 35 5
      vertex 35 35 0
      vertex 35 -35 5
    endloop
  endfacet
  facet normal 0 1 0
    outer loop
      vertex -35 -35 0
      vertex -35 -35 5
      vertex 35 -35 0
    endloop
  endfacet
  facet normal 0 1 0
    outer loop
      vertex 35 -35 5
      vertex 35 -35 0
      vertex -35 -35 5
    endloop
  endfacet
  facet normal 0 0 1
    outer loop
      vertex 49 -35 5
      vertex 49 35 5
      vertex 35 35 5
    endloop
  endfacet
  facet normal 0 0 1
    outer loop
      vertex 49 -35 5
      vertex 35 35 5
      vertex 35 -35 5
    endloop
  endfacet
  facet normal 0 0 1
    outer loop
      vertex 115.9583278298378 -48.34415450692177 5
      vertex 116.5 -48.06217782944441 5
      vertex 117.01503505557775 -47.73406431078911 5
    endloop
  endfacet
  facet normal 0 0 1
    outer loop
      vertex 115.9583278298378 -48.34415450692177 5
      vertex 117.01503505557775 -47.73406431078911 5
      vertex 117.49951326847076 -47.362311102449894 5
    endloop
  endfacet
  facet normal 0 0 1
    outer loop
      vertex 115.9583278298378 -48.34415450692177 5
      vertex 117.49951326847076 -47.362311102449894 5
      vertex 117.9497474655509 -46.9497474655509 5
    endloop
  endfacet
  facet normal 0 0 1
    outer loop
      vertex 115.3941410034895 -48.577848345041275 5
      vertex 115.9583278298378 -48.34415450692177 5
      vertex 117.9497474655509 -46.9497474655509 5
    endloop
  endfacet
  facet normal 0 0 1
    outer loop
      vertex 114.81173331290483 -48.761480785906315 5
      vertex 115.3941410034895 -48.577848345041275 5
      vertex 117.9497474655509 -46.9497474655509 5
    endloop
  endfacet
  facet normal 0 0 1
    outer loop
      vertex 114.21553724259138 -48.89365427196026 5
      vertex 114.81173331290483 -48.761480785906315 5
      vertex 117.9497474655509 -46.9497474655509 5
    endloop
  endfacet
  facet normal 0 0 1
    outer loop
      vertex 113.61009019613266 -48.973362885415554 5
      vertex 114.21553724259138 -48.89365427196026 5
      vertex 117.9497474655509 -46.9497474655509 5
    endloop
  endfacet
  facet normal 0 0 1
    outer loop
      vertex 113 -49 5
      vertex 113.61009019613266 -48.973362885415554 5
      vertex 117.9497474655509 -46.9497474655509 5
    endloop
  endfacet
  facet normal 0 0 1
    outer loop
      vertex 113 -49 5
      vertex 117.9497474655509 -46.9497474655509 5
      vertex 118.3623111024499 -46.499513268470764 5
    endloop
  endfacet
  facet normal 0 0 1
    outer loop
      vertex 113 -49 5
      vertex 118.3623111024499 -46.499513268470764 5
      vertex 118.73406431078911 -46.015035055577755 5
    endloop
  endfacet
  facet normal 0 0 1
    outer loop
      vertex 113 -49 5
      vertex 118.73406431078911 -46.015035055577755 5
      vertex 119.06217782944441 -45.5 5
    endloop
  endfacet
  facet normal 0 0 1
    outer loop
      vertex 113 -49 5
      vertex 119.06217782944441 -45.5 5
      vertex 119.34415450692177 -44.9583278298378 5
    endloop
  endfacet
  facet normal 0 0 1
    outer loop
      vertex 113 -49 5
      vertex 119.34415450692177 -44.9583278298378 5
      vertex 119.57784834504128 -44.394141003489494 5
    endloop
  endfacet
  facet normal 0 0 1
    outer loop
      vertex 113 -49 5
      vertex 119.57784834504128 -44.394141003489494 5
      vertex 119.76148078590631 -43.811733312904835 5
    endloop
  endfacet
  facet normal 0 0 1
    outer loop
      vertex 113 -49 5
      vertex 119.76148078590631 -43.811733312904835 5
      vertex 119.89365427196026 -43.21553724259138 5
    endloop
  endfacet
  facet normal 0 0 1
    outer loop
      vertex 113 -49 5
      vertex 119.89365427196026 -43.21553724259138 5
      vertex 119.97336288541555 -42.61009019613266 5
    endloop
  endfacet
  facet normal 0 0 1
    outer loop
      vertex 113 -49 5
      vertex 119.97336288541555 -42.61009019613266 5
      vertex 120 -42 5
    endloop
  endfacet
  facet normal 0 0 1
    outer loop
      vertex 113 -49 5
      vertex 120 -42 5
      vertex 119.97336288541555 -41.38990980386734 5
    endloop
  endfacet
  facet normal 0 0 1
    outer loop
      vertex 113 -49 5
      vertex 119.97336288541555 -41.38990980386734 5
      vertex 119.89365427196026 -40.78446275740862 5
    endloop
  endfacet
  facet normal 0 0 1
    outer loop
      vertex 113 -49 5
      vertex 119.89365427196026 -40.78446275740862 5
      vertex 119.76148078590631 -40.188266687095165 5
    endloop
  endfacet
  facet normal 0 0 1
    outer loop
      vertex 113 -49 5
      vertex 119.76148078590631 -40.188266687095165 5
      vertex 119.57784834504128 -39.605858996510506 5
    endloop
  endfacet
  facet normal 0 0 1
    outer loop
      vertex 113 -49 5
      vertex 119.57784834504128 -39.605858996510506 5
      vertex 119.34415450692177 -39.0416721701622 5
    endloop
  endfacet
  facet normal 0 0 1
    outer loop
      vertex 113 -49 5
      vertex 119.34415450692177 -39.0416721701622 5
      vertex 119.06217782944441 -38.5 5
    endloop
  endfacet
  facet normal 0 0 1
    outer loop
      vertex 113 -49 5
      vertex 119.06217782944441 -38.5 5
      vertex 118.73406431078911 -37.984964944422245 5
    endloop
  endfacet
  facet normal 0 0 1
    outer loop
      vertex 113 -49 5
      vertex 118.73406431078911 -37.984964944422245 5
      vertex 118.3623111024499 -37.500486731529236 5
    endloop
  endfacet
  facet normal 0 0 1
    outer loop
      vertex 113 -49 5
      vertex 118.3623111024499 -37.500486731529236 5
      vertex 117.9497474655509 -37.0502525344491 5
    endloop
  endfacet
  facet normal 0 0 1
    outer loop
      vertex 113 -49 5
      vertex 117.9497474655509 -37.0502525344491 5
      vertex 117.49951326847076 -36.637688897550106 5
    endloop
  endfacet
  facet normal 0 0 1
    outer loop
      vertex 113 -49 5
      vertex 117.49951326847076 -36.637688897550106 5
      vertex 117.01503505557775 -36.26593568921089 5
    endloop
  endfacet
  facet normal 0 0 1
    outer loop
      vertex 113 -49 5
      vertex 117.01503505557775 -36.26593568921089 5
      vertex 116.5 -35.93782217055559 5
    endloop
  endfacet
  facet normal 0 0 1
    outer loop
      vertex 113 -49 5
      vertex 116.5 -35.93782217055559 5
      vertex 115.9583278298378 -35.65584549307823 5
    endloop
  endfacet
  facet normal 0 0 1
    outer loop
      vertex 113 -49 5
      vertex 115.9583278298378 -35.65584549307823 5
      vertex 115.3941410034895 -35.422151654958725 5
    endloop
  endfacet
  facet normal 0 0 1
    outer loop
      vertex 113 -49 5
      vertex 115.3941410034895 -35.422151654958725 5
      vertex 114.81173331290483 -35.238519214093685 5
    endloop
  endfacet
  facet normal 0 0 1
    outer loop
      vertex 113 -49 5
      vertex 114.81173331290483 -35.238519214093685 5
      vertex 114.21553724259138 -35.10634572803974 5
    endloop
  endfacet
  facet normal 0 0 1
    outer loop
      vertex 113 -49 5
      vertex 114.21553724259138 -35.10634572803974 5
      vertex 113.61009019613266 -35.026637114584446 5
    endloop
  endfacet
  facet normal 0 0 1
    outer loop
      vertex 113 -49 5
      vertex 113.61009019613266 -35.026637114584446 5
      vertex 113 -35 5
    endloop
  endfacet
  facet normal 0 0 1
    outer loop
      vertex 49 -49 5
      vertex 113 -49 5
      vertex 113 -35 5
    endloop
  endfacet
  facet normal 0 0 1
    outer loop
      vertex 49 -49 5
      vertex 113 -35 5
      vertex 49 -35 5
    endloop
  endfacet
  facet normal 0 0 1
    outer loop
      vertex 49 -49 5
      vertex 49 -35 5
      vertex 35 -35 5
    endloop
  endfacet
  facet normal 0 0 1
    outer loop
      vertex 49 -113 5
      vertex 49 -49 5
      vertex 35 -35 5
    endloop
  endfacet
  facet normal 0 0 1
    outer loop
      vertex 48.973362885415554 -113.61009019613266 5
      vertex 49 -113 5
      vertex 35 -35 5
    endloop
  endfacet
  facet normal 0 0 1
    outer loop
      vertex 48.89365427196026 -114.21553724259138 5
      vertex 48.973362885415554 -113.61009019613266 5
      vertex 35 -35 5
    endloop
  endfacet
  facet normal 0 0 1
    outer loop
      vertex 48.761480785906315 -114.81173331290483 5
      vertex 48.89365427196026 -114.21553724259138 5
      vertex 35 -35 5
    endloop
  endfacet
  facet normal 0 0 1
    outer loop
      vertex 48.577848345041275 -115.3941410034895 5
      vertex 48.761480785906315 -114.81173331290483 5
      vertex 35 -35 5
    endloop
  endfacet
  facet normal 0 0 1
    outer loop
      vertex 48.34415450692177 -115.9583278298378 5
      vertex 48.577848345041275 -115.3941410034895 5
      vertex 35 -35 5
    endloop
  endfacet
  facet normal 0 0 1
    outer loop
      vertex 48.06217782944441 -116.5 5
      vertex 48.34415450692177 -115.9583278298378 5
      vertex 35 -35 5
    endloop
  endfacet
  facet normal 0 0 1
    outer loop
      vertex 47.73406431078911 -117.01503505557775 5
      vertex 48.06217782944441 -116.5 5
      vertex 35 -35 5
    endloop
  endfacet
  facet normal 0 0 1
    outer loop
      vertex 47.362311102449894 -117.49951326847076 5
      vertex 47.73406431078911 -117.01503505557775 5
      vertex 35 -35 5
    endloop
  endfacet
  facet normal 0 0 1
    outer loop
      vertex 46.9497474655509 -117.9497474655509 5
      vertex 47.362311102449894 -117.49951326847076 5
      vertex 35 -35 5
    endloop
  endfacet
  facet normal 0 0 1
    outer loop
      vertex 46.499513268470764 -118.3623111024499 5
      vertex 46.9497474655509 -117.9497474655509 5
      vertex 35 -35 5
    endloop
  endfacet
  facet normal 0 0 1
    outer loop
      vertex 46.015035055577755 -118.73406431078911 5
      vertex 46.499513268470764 -118.3623111024499 5
      vertex 35 -35 5
    endloop
  endfacet
  facet normal 0 0 1
    outer loop
      vertex 45.5 -119.06217782944441 5
      vertex 46.015035055577755 -118.73406431078911 5
      vertex 35 -35 5
    endloop
  endfacet
  facet normal 0 0 1
    outer loop
      vertex 44.9583278298378 -119.34415450692177 5
      vertex 45.5 -119.06217782944441 5
      vertex 35 -35 5
    endloop
  endfacet
  facet normal 0 0 1
    outer loop
      vertex 44.394141003489494 -119.57784834504128 5
      vertex 44.9583278298378 -119.34415450692177 5
      vertex 35 -35 5
    endloop
  endfacet
  facet normal 0 0 1
    outer loop
      vertex 43.811733312904835 -119.76148078590631 5
      vertex 44.394141003489494 -119.57784834504128 5
      vertex 35 -35 5
    endloop
  endfacet
  facet normal 0 0 1
    outer loop
      vertex 43.21553724259138 -119.89365427196026 5
      vertex 43.811733312904835 -119.76148078590631 5
      vertex 35 -35 5
    endloop
  endfacet
  facet normal 0 0 1
    outer loop
      vertex 42.61009019613266 -119.97336288541555 5
      vertex 43.21553724259138 -119.89365427196026 5
      vertex 35 -35 5
    endloop
  endfacet
  facet normal 0 0 1
    outer loop
      vertex 42 -120 5
      vertex 42.61009019613266 -119.97336288541555 5
      vertex 35 -35 5
    endloop
  endfacet
  facet normal 0 0 1
    outer loop
      vertex 41.38990980386734 -119.97336288541555 5
      vertex 42 -120 5
      vertex 35 -35 5
    endloop
  endfacet
  facet normal 0 0 1
    outer loop
      vertex 40.78446275740862 -119.89365427196026 5
      vertex 41.38990980386734 -119.97336288541555 5
      vertex 35 -35 5
    endloop
  endfacet
  facet normal 0 0 1
    outer loop
      vertex 40.188266687095165 -119.76148078590631 5
      vertex 40.78446275740862 -119.89365427196026 5
      vertex 35 -35 5
    endloop
  endfacet
  facet normal 0 0 1
    outer loop
      vertex 39.605858996510506 -119.57784834504128 5
      vertex 40.188266687095165 -119.76148078590631 5
      vertex 35 -35 5
    endloop
  endfacet
  facet normal 0 0 1
    outer loop
      vertex 39.0416721701622 -119.34415450692177 5
      vertex 39.605858996510506 -119.57784834504128 5
      vertex 35 -35 5
    endloop
  endfacet
  facet normal 0 0 1
    outer loop
      vertex 38.5 -119.06217782944441 5
      vertex 39.0416721701622 -119.34415450692177 5
      vertex 35 -35 5
    endloop
  endfacet
  facet normal 0 0 1
    outer loop
      vertex 37.984964944422245 -118.73406431078911 5
      vertex 38.5 -119.06217782944441 5
      vertex 35 -35 5
    endloop
  endfacet
  facet normal 0 0 1
    outer loop
      vertex 37.500486731529236 -118.3623111024499 5
      vertex 37.984964944422245 -118.73406431078911 5
      vertex 35 -35 5
    endloop
  endfacet
  facet normal 0 0 1
    outer loop
      vertex 37.0502525344491 -117.9497474655509 5
      vertex 37.500486731529236 -118.3623111024499 5
      vertex 35 -35 5
    endloop
  endfacet
  facet normal 0 0 1
    outer loop
      vertex 36.637688897550106 -117.49951326847076 5
      vertex 37.0502525344491 -117.9497474655509 5
      vertex 35 -35 5
    endloop
  endfacet
  facet normal 0 0 1
    outer loop
      vertex 36.26593568921089 -117.01503505557775 5
      vertex 36.637688897550106 -117.49951326847076 5
      vertex 35 -35 5
    endloop
  endfacet
  facet normal 0 0 1
    outer loop
      vertex 35.93782217055559 -116.5 5
      vertex 36.26593568921089 -117.01503505557775 5
      vertex 35 -35 5
    endloop
  endfacet
  facet normal 0 0 1
    outer loop
      vertex 35.65584549307823 -115.9583278298378 5
      vertex 35.93782217055559 -116.5 5
      vertex 35 -35 5
    endloop
  endfacet
  facet normal 0 0 1
    outer loop
      vertex 35.422151654958725 -115.3941410034895 5
      vertex 35.65584549307823 -115.9583278298378 5
      vertex 35 -35 5
    endloop
  endfacet
  facet normal 0 0 1
    outer loop
      vertex 35.238519214093685 -114.81173331290483 5
      vertex 35.422151654958725 -115.3941410034895 5
      vertex 35 -35 5
    endloop
  endfacet
  facet normal 0 0 1
    outer loop
      vertex 35.10634572803974 -114.21553724259138 5
      vertex 35.238519214093685 -114.81173331290483 5
      vertex 35 -35 5
    endloop
  endfacet
  facet normal 0 0 1
    outer loop
      vertex 35.026637114584446 -113.61009019613266 5
      vertex 35.10634572803974 -114.21553724259138 5
      vertex 35 -35 5
    endloop
  endfacet
  facet normal 0 0 1
    outer loop
      vertex 115.9583278298378 35.65584549307823 5
      vertex 116.5 35.93782217055559 5
      vertex 117.01503505557775 36.26593568921089 5
    endloop
  endfacet
  facet normal 0 0 1
    outer loop
      vertex 115.9583278298378 35.65584549307823 5
      vertex 117.01503505557775 36.26593568921089 5
      vertex 117.49951326847076 36.637688897550106 5
    endloop
  endfacet
  facet normal 0 0 1
    outer loop
      vertex 115.9583278298378 35.65584549307823 5
      vertex 117.49951326847076 36.637688897550106 5
      vertex 117.9497474655509 37.0502525344491 5
    endloop
  endfacet
  facet normal 0 0 1
    outer loop
      vertex 115.3941410034895 35.422151654958725 5
      vertex 115.9583278298378 35.65584549307823 5
      vertex 117.9497474655509 37.0502525344491 5
    endloop
  endfacet
  facet normal 0 0 1
    outer loop
      vertex 114.81173331290483 35.238519214093685 5
      vertex 115.3941410034895 35.422151654958725 5
      vertex 117.9497474655509 37.0502525344491 5
    endloop
  endfacet
  facet normal 0 0 1
    outer loop
      vertex 114.21553724259138 35.10634572803974 5
      vertex 114.81173331290483 35.238519214093685 5
      vertex 117.9497474655509 37.0502525344491 5
    endloop
  endfacet
  facet normal 0 0 1
    outer loop
      vertex 113.61009019613266 35.026637114584446 5
      vertex 114.21553724259138 35.10634572803974 5
      vertex 117.9497474655509 37.0502525344491 5
    endloop
  endfacet
  facet normal 0 0 1
    outer loop
      vertex 113 35 5
      vertex 113.61009019613266 35.026637114584446 5
      vertex 117.9497474655509 37.0502525344491 5
    endloop
  endfacet
  facet normal 0 0 1
    outer loop
      vertex 113 35 5
      vertex 117.9497474655509 37.0502525344491 5
      vertex 118.3623111024499 37.500486731529236 5
    endloop
  endfacet
  facet normal 0 0 1
    outer loop
      vertex 113 35 5
      vertex 118.3623111024499 37.500486731529236 5
      vertex 118.73406431078911 37.984964944422245 5
    endloop
  endfacet
  facet normal 0 0 1
    outer loop
      vertex 113 35 5
      vertex 118.73406431078911 37.984964944422245 5
      vertex 119.06217782944441 38.5 5
    endloop
  endfacet
  facet normal 0 0 1
    outer loop
      vertex 113 35 5
      vertex 119.06217782944441 38.5 5
      vertex 119.34415450692177 39.0416721701622 5
    endloop
  endfacet
  facet normal 0 0 1
    outer loop
      vertex 113 35 5
      vertex 119.34415450692177 39.0416721701622 5
      vertex 119.57784834504128 39.605858996510506 5
    endloop
  endfacet
  facet normal 0 0 1
    outer loop
      vertex 113 35 5
      vertex 119.57784834504128 39.605858996510506 5
      vertex 119.76148078590631 40.188266687095165 5
    endloop
  endfacet
  facet normal 0 0 1
    outer loop
      vertex 113 35 5
      vertex 119.76148078590631 40.188266687095165 5
      vertex 119.89365427196026 40.78446275740862 5
    endloop
  endfacet
  facet normal 0 0 1
    outer loop
      vertex 113 35 5
      vertex 119.89365427196026 40.78446275740862 5
      vertex 119.97336288541555 41.38990980386734 5
    endloop
  endfacet
  facet normal 0 0 1
    outer loop
      vertex 113 35 5
      vertex 119.97336288541555 41.38990980386734 5
      vertex 120 42 5
    endloop
  endfacet
  facet normal 0 0 1
    outer loop
      vertex 113 35 5
      vertex 120 42 5
      vertex 119.97336288541555 42.61009019613266 5
    endloop
  endfacet
  facet normal 0 0 1
    outer loop
      vertex 113 35 5
      vertex 119.97336288541555 42.61009019613266 5
      vertex 119.89365427196026 43.21553724259138 5
    endloop
  endfacet
  facet normal 0 0 1
    outer loop
      vertex 113 35 5
      vertex 119.89365427196026 43.21553724259138 5
      vertex 119.76148078590631 43.811733312904835 5
    endloop
  endfacet
  facet normal 0 0 1
    outer loop
      vertex 113 35 5
      vertex 119.76148078590631 43.811733312904835 5
      vertex 119.57784834504128 44.394141003489494 5
    endloop
  endfacet
  facet normal 0 0 1
    outer loop
      vertex 113 35 5
      vertex 119.57784834504128 44.394141003489494 5
      vertex 119.34415450692177 44.9583278298378 5
    endloop
  endfacet
  facet normal 0 0 1
    outer loop
      vertex 113 35 5
      vertex 119.34415450692177 44.9583278298378 5
      vertex 119.06217782944441 45.5 5
    endloop
  endfacet
  facet normal 0 0 1
    outer loop
      vertex 113 35 5
      vertex 119.06217782944441 45.5 5
      vertex 118.73406431078911 46.015035055577755 5
    endloop
  endfacet
  facet normal 0 0 1
    outer loop
      vertex 113 35 5
      vertex 118.73406431078911 46.015035055577755 5
      vertex 118.3623111024499 46.499513268470764 5
    endloop
  endfacet
  facet normal 0 0 1
    outer loop
      vertex 113 35 5
      vertex 118.3623111024499 46.499513268470764 5
      vertex 117.9497474655509 46.9497474655509 5
    endloop
  endfacet
  facet normal 0 0 1
    outer loop
      vertex 113 35 5
      vertex 117.9497474655509 46.9497474655509 5
      vertex 117.49951326847076 47.362311102449894 5
    endloop
  endfacet
  facet normal 0 0 1
    outer loop
      vertex 113 35 5
      vertex 117.49951326847076 47.362311102449894 5
      vertex 117.01503505557775 47.73406431078911 5
    endloop
  endfacet
  facet normal 0 0 1
    outer loop
      vertex 113 35 5
      vertex 117.01503505557775 47.73406431078911 5
      vertex 116.5 48.06217782944441 5
    endloop
  endfacet
  facet normal 0 0 1
    outer loop
      vertex 113 35 5
      vertex 116.5 48.06217782944441 5
      vertex 115.9583278298378 48.34415450692177 5
    endloop
  endfacet
  facet normal 0 0 1
    outer loop
      vertex 113 35 5
      vertex 115.9583278298378 48.34415450692177 5
      vertex 115.3941410034895 48.577848345041275 5
    endloop
  endfacet
  facet normal 0 0 1
    outer loop
      vertex 113 35 5
      vertex 115.3941410034895 48.577848345041275 5
      vertex 114.81173331290483 48.761480785906315 5
    endloop
  endfacet
  facet normal 0 0 1
    outer loop
      vertex 113 35 5
      vertex 114.81173331290483 48.761480785906315 5
      vertex 114.21553724259138 48.89365427196026 5
    endloop
  endfacet
  facet normal 0 0 1
    outer loop
      vertex 113 35 5
      vertex 114.21553724259138 48.89365427196026 5
      vertex 113.61009019613266 48.973362885415554 5
    endloop
  endfacet
  facet normal 0 0 1
    outer loop
      vertex 113 35 5
      vertex 113.61009019613266 48.973362885415554 5
      vertex 113 49 5
    endloop
  endfacet
  facet normal 0 0 1
    outer loop
      vertex 49 35 5
      vertex 113 35 5
      vertex 113 49 5
    endloop
  endfacet
  facet normal 0 0 1
    outer loop
      vertex 49 35 5
      vertex 113 49 5
      vertex 49 49 5
    endloop
  endfacet
  facet normal 0 0 1
    outer loop
      vertex 35 35 5
      vertex 49 35 5
      vertex 49 49 5
    endloop
  endfacet
  facet normal 0 0 1
    outer loop
      vertex -35 35 5
      vertex 35 35 5
      vertex 49 49 5
    endloop
  endfacet
  facet normal 0 0 1
    outer loop
      vertex 48.34415450692177 115.9583278298378 5
      vertex 48.06217782944441 116.5 5
      vertex 47.73406431078911 117.01503505557775 5
    endloop
  endfacet
  facet normal 0 0 1
    outer loop
      vertex 48.34415450692177 115.9583278298378 5
      vertex 47.73406431078911 117.01503505557775 5
      vertex 47.362311102449894 117.49951326847076 5
    endloop
  endfacet
  facet normal 0 0 1
    outer loop
      vertex 48.34415450692177 115.9583278298378 5
      vertex 47.362311102449894 117.49951326847076 5
      vertex 46.9497474655509 117.9497474655509 5
    endloop
  endfacet
  facet normal 0 0 1
    outer loop
      vertex 48.577848345041275 115.3941410034895 5
      vertex 48.34415450692177 115.9583278298378 5
      vertex 46.9497474655509 117.9497474655509 5
    endloop
  endfacet
  facet normal 0 0 1
    outer loop
      vertex 48.761480785906315 114.81173331290483 5
      vertex 48.577848345041275 115.3941410034895 5
      vertex 46.9497474655509 117.9497474655509 5
    endloop
  endfacet
  facet normal 0 0 1
    outer loop
      vertex 48.89365427196026 114.21553724259138 5
      vertex 48.761480785906315 114.81173331290483 5
      vertex 46.9497474655509 117.9497474655509 5
    endloop
  endfacet
  facet normal 0 0 1
    outer loop
      vertex 48.973362885415554 113.61009019613266 5
      vertex 48.89365427196026 114.21553724259138 5
      vertex 46.9497474655509 117.9497474655509 5
    endloop
  endfacet
  facet normal 0 0 1
    outer loop
      vertex 49 113 5
      vertex 48.973362885415554 113.61009019613266 5
      vertex 46.9497474655509 117.9497474655509 5
    endloop
  endfacet
  facet normal 0 0 1
    outer loop
      vertex 49 113 5
      vertex 46.9497474655509 117.9497474655509 5
      vertex 46.499513268470764 118.3623111024499 5
    endloop
  endfacet
  facet normal 0 0 1
    outer loop
      vertex 49 113 5
      vertex 46.499513268470764 118.3623111024499 5
      vertex 46.015035055577755 118.73406431078911 5
    endloop
  endfacet
  facet normal 0 0 1
    outer loop
      vertex 49 113 5
      vertex 46.015035055577755 118.73406431078911 5
      vertex 45.5 119.06217782944441 5
    endloop
  endfacet
  facet normal 0 0 1
    outer loop
      vertex 49 113 5
      vertex 45.5 119.06217782944441 5
      vertex 44.9583278298378 119.34415450692177 5
    endloop
  endfacet
  facet normal 0 0 1
    outer loop
      vertex 49 113 5
      vertex 44.9583278298378 119.34415450692177 5
      vertex 44.394141003489494 119.57784834504128 5
    endloop
  endfacet
  facet normal 0 0 1
    outer loop
      vertex 49 113 5
      vertex 44.394141003489494 119.57784834504128 5
      vertex 43.811733312904835 119.76148078590631 5
    endloop
  endfacet
  facet normal 0 0 1
    outer loop
      vertex 49 113 5
      vertex 43.811733312904835 119.76148078590631 5
      vertex 43.21553724259138 119.89365427196026 5
    endloop
  endfacet
  facet normal 0 0 1
    outer loop
      vertex 49 113 5
      vertex 43.21553724259138 119.89365427196026 5
      vertex 42.61009019613266 119.97336288541555 5
    endloop
  endfacet
  facet normal 0 0 1
    outer loop
      vertex 49 113 5
      vertex 42.61009019613266 119.97336288541555 5
      vertex 42 120 5
    endloop
  endfacet
  facet normal 0 0 1
    outer loop
      vertex 49 113 5
      vertex 42 120 5
      vertex 41.38990980386734 119.97336288541555 5
    endloop
  endfacet
  facet normal 0 0 1
    outer loop
      vertex 49 113 5
      vertex 41.38990980386734 119.97336288541555 5
      vertex 40.78446275740862 119.89365427196026 5
    endloop
  endfacet
  facet normal 0 0 1
    outer loop
      vertex 49 113 5
      vertex 40.78446275740862 119.89365427196026 5
      vertex 40.188266687095165 119.76148078590631 5
    endloop
  endfacet
  facet normal 0 0 1
    outer loop
      vertex 49 113 5
      vertex 40.188266687095165 119.76148078590631 5
      vertex 39.605858996510506 119.57784834504128 5
    endloop
  endfacet
  facet normal 0 0 1
    outer loop
      vertex 49 113 5
      vertex 39.605858996510506 119.57784834504128 5
      vertex 39.0416721701622 119.34415450692177 5
    endloop
  endfacet
  facet normal 0 0 1
    outer loop
      vertex 49 113 5
      vertex 39.0416721701622 119.34415450692177 5
      vertex 38.5 119.06217782944441 5
    endloop
  endfacet
  facet normal 0 0 1
    outer loop
      vertex 49 113 5
      vertex 38.5 119.06217782944441 5
      vertex 37.984964944422245 118.73406431078911 5
    endloop
  endfacet
  facet normal 0 0 1
    outer loop
      vertex 49 113 5
      vertex 37.984964944422245 118.73406431078911 5
      vertex 37.500486731529236 118.3623111024499 5
    endloop
  endfacet
  facet normal 0 0 1
    outer loop
      vertex 49 113 5
      vertex 37.500486731529236 118.3623111024499 5
      vertex 37.0502525344491 117.9497474655509 5
    endloop
  endfacet
  facet normal 0 0 1
    outer loop
      vertex 49 113 5
      vertex 37.0502525344491 117.9497474655509 5
      vertex 36.637688897550106 117.49951326847076 5
    endloop
  endfacet
  facet normal 0 0 1
    outer loop
      vertex 49 113 5
      vertex 36.637688897550106 117.49951326847076 5
      vertex 36.26593568921089 117.01503505557775 5
    endloop
  endfacet
  facet normal 0 0 1
    outer loop
      vertex 49 113 5
      vertex 36.26593568921089 117.01503505557775 5
      vertex 35.93782217055559 116.5 5
    endloop
  endfacet
  facet normal 0 0 1
    outer loop
      vertex 49 113 5
      vertex 35.93782217055559 116.5 5
      vertex 35.65584549307823 115.9583278298378 5
    endloop
  endfacet
  facet normal 0 0 1
    outer loop
      vertex 49 113 5
      vertex 35.65584549307823 115.9583278298378 5
      vertex 35.422151654958725 115.3941410034895 5
    endloop
  endfacet
  facet normal 0 0 1
    outer loop
      vertex 49 113 5
      vertex 35.422151654958725 115.3941410034895 5
      vertex 35.238519214093685 114.81173331290483 5
    endloop
  endfacet
  facet normal 0 0 1
    outer loop
      vertex 49 113 5
      vertex 35.238519214093685 114.81173331290483 5
      vertex 35.10634572803974 114.21553724259138 5
    endloop
  endfacet
  facet normal 0 0 1
    outer loop
      vertex 49 113 5
      vertex 35.10634572803974 114.21553724259138 5
      vertex 35.026637114584446 113.61009019613266 5
    endloop
  endfacet
  facet normal 0 0 1
    outer loop
      vertex 49 113 5
      vertex 35.026637114584446 113.61009019613266 5
      vertex 35 113 5
    endloop
  endfacet
  facet normal 0 0 1
    outer loop
      vertex 49 49 5
      vertex 49 113 5
      vertex 35 113 5
    endloop
  endfacet
  facet normal 0 0 1
    outer loop
      vertex 49 49 5
      vertex 35 113 5
      vertex 35 49 5
    endloop
  endfacet
  facet normal 0 0 1
    outer loop
      vertex -35 35 5
      vertex 49 49 5
      vertex 35 49 5
    endloop
  endfacet
  facet normal 0 0 1
    outer loop
      vertex -35 35 5
      vertex 35 49 5
      vertex -35 49 5
    endloop
  endfacet
  facet normal 0 0 1
    outer loop
      vertex -35.65584549307823 115.9583278298378 5
      vertex -35.93782217055559 116.5 5
      vertex -36.26593568921089 117.01503505557775 5
    endloop
  endfacet
  facet normal 0 0 1
    outer loop
      vertex -35.65584549307823 115.9583278298378 5
      vertex -36.26593568921089 117.01503505557775 5
      vertex -36.637688897550106 117.49951326847076 5
    endloop
  endfacet
  facet normal 0 0 1
    outer loop
      vertex -35.65584549307823 115.9583278298378 5
      vertex -36.637688897550106 117.49951326847076 5
      vertex -37.0502525344491 117.9497474655509 5
    endloop
  endfacet
  facet normal 0 0 1
    outer loop
      vertex -35.422151654958725 115.3941410034895 5
      vertex -35.65584549307823 115.9583278298378 5
      vertex -37.0502525344491 117.9497474655509 5
    endloop
  endfacet
  facet normal 0 0 1
    outer loop
      vertex -35.238519214093685 114.81173331290483 5
      vertex -35.422151654958725 115.3941410034895 5
      vertex -37.0502525344491 117.9497474655509 5
    endloop
  endfacet
  facet normal 0 0 1
    outer loop
      vertex -35.10634572803974 114.21553724259138 5
      vertex -35.238519214093685 114.81173331290483 5
      vertex -37.0502525344491 117.9497474655509 5
    endloop
  endfacet
  facet normal 0 0 1
    outer loop
      vertex -35.026637114584446 113.61009019613266 5
      vertex -35.10634572803974 114.21553724259138 5
      vertex -37.0502525344491 117.9497474655509 5
    endloop
  endfacet
  facet normal 0 0 1
    outer loop
      vertex -35 113 5
      vertex -35.026637114584446 113.61009019613266 5
      vertex -37.0502525344491 117.9497474655509 5
    endloop
  endfacet
  facet normal 0 0 1
    outer loop
      vertex -35 113 5
      vertex -37.0502525344491 117.9497474655509 5
      vertex -37.500486731529236 118.3623111024499 5
    endloop
  endfacet
  facet normal 0 0 1
    outer loop
      vertex -35 113 5
      vertex -37.500486731529236 118.3623111024499 5
      vertex -37.984964944422245 118.73406431078911 5
    endloop
  endfacet
  facet normal 0 0 1
    outer loop
      vertex -35 113 5
      vertex -37.984964944422245 118.73406431078911 5
      vertex -38.5 119.06217782944441 5
    endloop
  endfacet
  facet normal 0 0 1
    outer loop
      vertex -35 113 5
      vertex -38.5 119.06217782944441 5
      vertex -39.0416721701622 119.34415450692177 5
    endloop
  endfacet
  facet normal 0 0 1
    outer loop
      vertex -35 113 5
      vertex -39.0416721701622 119.34415450692177 5
      vertex -39.605858996510506 119.57784834504128 5
    endloop
  endfacet
  facet normal 0 0 1
    outer loop
      vertex -35 113 5
      vertex -39.605858996510506 119.57784834504128 5
      vertex -40.188266687095165 119.76148078590631 5
    endloop
  endfacet
  facet normal 0 0 1
    outer loop
      vertex -35 113 5
      vertex -40.188266687095165 119.76148078590631 5
      vertex -40.78446275740862 119.89365427196026 5
    endloop
  endfacet
  facet normal 0 0 1
    outer loop
      vertex -35 113 5
      vertex -40.78446275740862 119.89365427196026 5
      vertex -41.38990980386734 119.97336288541555 5
    endloop
  endfacet
  facet normal 0 0 1
    outer loop
      vertex -35 113 5
      vertex -41.38990980386734 119.97336288541555 5
      vertex -42 120 5
    endloop
  endfacet
  facet normal 0 0 1
    outer loop
      vertex -35 113 5
      vertex -42 120 5
      vertex -42.61009019613266 119.97336288541555 5
    endloop
  endfacet
  facet normal 0 0 1
    outer loop
      vertex -35 113 5
      vertex -42.61009019613266 119.97336288541555 5
      vertex -43.21553724259138 119.89365427196026 5
    endloop
  endfacet
  facet normal 0 0 1
    outer loop
      vertex -35 113 5
      vertex -43.21553724259138 119.89365427196026 5
      vertex -43.811733312904835 119.76148078590631 5
    endloop
  endfacet
  facet normal 0 0 1
    outer loop
      vertex -35 113 5
      vertex -43.811733312904835 119.76148078590631 5
      vertex -44.394141003489494 119.57784834504128 5
    endloop
  endfacet
  facet normal 0 0 1
    outer loop
      vertex -35 113 5
      vertex -44.394141003489494 119.57784834504128 5
      vertex -44.9583278298378 119.34415450692177 5
    endloop
  endfacet
  facet normal 0 0 1
    outer loop
      vertex -35 113 5
      vertex -44.9583278298378 119.34415450692177 5
      vertex -45.5 119.06217782944441 5
    endloop
  endfacet
  facet normal 0 0 1
    outer loop
      vertex -35 113 5
      vertex -45.5 119.06217782944441 5
      vertex -46.015035055577755 118.73406431078911 5
    endloop
  endfacet
  facet normal 0 0 1
    outer loop
      vertex -35 113 5
      vertex -46.015035055577755 118.73406431078911 5
      vertex -46.499513268470764 118.3623111024499 5
    endloop
  endfacet
  facet normal 0 0 1
    outer loop
      vertex -35 113 5
      vertex -46.499513268470764 118.3623111024499 5
      vertex -46.9497474655509 117.9497474655509 5
    endloop
  endfacet
  facet normal 0 0 1
    outer loop
      vertex -35 113 5
      vertex -46.9497474655509 117.9497474655509 5
      vertex -47.362311102449894 117.49951326847076 5
    endloop
  endfacet
  facet normal 0 0 1
    outer loop
      vertex -35 113 5
      vertex -47.362311102449894 117.49951326847076 5
      vertex -47.73406431078911 117.01503505557775 5
    endloop
  endfacet
  facet normal 0 0 1
    outer loop
      vertex -35 113 5
      vertex -47.73406431078911 117.01503505557775 5
      vertex -48.06217782944441 116.5 5
    endloop
  endfacet
  facet normal 0 0 1
    outer loop
      vertex -35 113 5
      vertex -48.06217782944441 116.5 5
      vertex -48.34415450692177 115.9583278298378 5
    endloop
  endfacet
  facet normal 0 0 1
    outer loop
      vertex -35 113 5
      vertex -48.34415450692177 115.9583278298378 5
      vertex -48.577848345041275 115.3941410034895 5
    endloop
  endfacet
  facet normal 0 0 1
    outer loop
      vertex -35 113 5
      vertex -48.577848345041275 115.3941410034895 5
      vertex -48.761480785906315 114.81173331290483 5
    endloop
  endfacet
  facet normal 0 0 1
    outer loop
      vertex -35 113 5
      vertex -48.761480785906315 114.81173331290483 5
      vertex -48.89365427196026 114.21553724259138 5
    endloop
  endfacet
  facet normal 0 0 1
    outer loop
      vertex -35 113 5
      vertex -48.89365427196026 114.21553724259138 5
      vertex -48.973362885415554 113.61009019613266 5
    endloop
  endfacet
  facet normal 0 0 1
    outer loop
      vertex -35 113 5
      vertex -48.973362885415554 113.61009019613266 5
      vertex -49 113 5
    endloop
  endfacet
  facet normal 0 0 1
    outer loop
      vertex -35 49 5
      vertex -35 113 5
      vertex -49 113 5
    endloop
  endfacet
  facet normal 0 0 1
    outer loop
      vertex -35 49 5
      vertex -49 113 5
      vertex -49 49 5
    endloop
  endfacet
  facet normal 0 0 1
    outer loop
      vertex -35 35 5
      vertex -35 49 5
      vertex -49 49 5
    endloop
  endfacet
  facet normal 0 0 1
    outer loop
      vertex -35 -35 5
      vertex -35 35 5
      vertex -49 49 5
    endloop
  endfacet
  facet normal 0 0 1
    outer loop
      vertex -115.9583278298378 48.34415450692177 5
      vertex -116.5 48.06217782944441 5
      vertex -117.01503505557775 47.73406431078911 5
    endloop
  endfacet
  facet normal 0 0 1
    outer loop
      vertex -115.9583278298378 48.34415450692177 5
      vertex -117.01503505557775 47.73406431078911 5
      vertex -117.49951326847076 47.362311102449894 5
    endloop
  endfacet
  facet normal 0 0 1
    outer loop
      vertex -115.9583278298378 48.34415450692177 5
      vertex -117.49951326847076 47.362311102449894 5
      vertex -117.9497474655509 46.9497474655509 5
    endloop
  endfacet
  facet normal 0 0 1
    outer loop
      vertex -115.3941410034895 48.577848345041275 5
      vertex -115.9583278298378 48.34415450692177 5
      vertex -117.9497474655509 46.9497474655509 5
    endloop
  endfacet
  facet normal 0 0 1
    outer loop
      vertex -114.81173331290483 48.761480785906315 5
      vertex -115.3941410034895 48.577848345041275 5
      vertex -117.9497474655509 46.9497474655509 5
    endloop
  endfacet
  facet normal 0 0 1
    outer loop
      vertex -114.21553724259138 48.89365427196026 5
      vertex -114.81173331290483 48.761480785906315 5
      vertex -117.9497474655509 46.9497474655509 5
    endloop
  endfacet
  facet normal 0 0 1
    outer loop
      vertex -113.61009019613266 48.973362885415554 5
      vertex -114.21553724259138 48.89365427196026 5
      vertex -117.9497474655509 46.9497474655509 5
    endloop
  endfacet
  facet normal 0 0 1
    outer loop
      vertex -113 49 5
      vertex -113.61009019613266 48.973362885415554 5
      vertex -117.9497474655509 46.9497474655509 5
    endloop
  endfacet
  facet normal 0 0 1
    outer loop
      vertex -113 49 5
      vertex -117.9497474655509 46.9497474655509 5
      vertex -118.3623111024499 46.499513268470764 5
    endloop
  endfacet
  facet normal 0 0 1
    outer loop
      vertex -113 49 5
      vertex -118.3623111024499 46.499513268470764 5
      vertex -118.73406431078911 46.015035055577755 5
    endloop
  endfacet
  facet normal 0 0 1
    outer loop
      vertex -113 49 5
      vertex -118.73406431078911 46.015035055577755 5
      vertex -119.06217782944441 45.5 5
    endloop
  endfacet
  facet normal 0 0 1
    outer loop
      vertex -113 49 5
      vertex -119.06217782944441 45.5 5
      vertex -119.34415450692177 44.9583278298378 5
    endloop
  endfacet
  facet normal 0 0 1
    outer loop
      vertex -113 49 5
      vertex -119.34415450692177 44.9583278298378 5
      vertex -119.57784834504128 44.394141003489494 5
    endloop
  endfacet
  facet normal 0 0 1
    outer loop
      vertex -113 49 5
      vertex -119.57784834504128 44.394141003489494 5
      vertex -119.76148078590631 43.811733312904835 5
    endloop
  endfacet
  facet normal 0 0 1
    outer loop
      vertex -113 49 5
      vertex -119.76148078590631 43.811733312904835 5
      vertex -119.89365427196026 43.21553724259138 5
    endloop
  endfacet
  facet normal 0 0 1
    outer loop
      vertex -113 49 5
      vertex -119.89365427196026 43.21553724259138 5
      vertex -119.97336288541555 42.61009019613266 5
    endloop
  endfacet
  facet normal 0 0 1
    outer loop
      vertex -113 49 5
      vertex -119.97336288541555 42.61009019613266 5
      vertex -120 42 5
    endloop
  endfacet
  facet normal 0 0 1
    outer loop
      vertex -113 49 5
      vertex -120 42 5
      vertex -119.97336288541555 41.38990980386734 5
    endloop
  endfacet
  facet normal 0 0 1
    outer loop
      vertex -113 49 5
      vertex -119.97336288541555 41.38990980386734 5
      vertex -119.89365427196026 40.78446275740862 5
    endloop
  endfacet
  facet normal 0 0 1
    outer loop
      vertex -113 49 5
      vertex -119.89365427196026 40.78446275740862 5
      vertex -119.76148078590631 40.188266687095165 5
    endloop
  endfacet
  facet normal 0 0 1
    outer loop
      vertex -113 49 5
      vertex -119.76148078590631 40.188266687095165 5
      vertex -119.57784834504128 39.605858996510506 5
    endloop
  endfacet
  facet normal 0 0 1
    outer loop
      vertex -113 49 5
      vertex -119.57784834504128 39.605858996510506 5
      vertex -119.34415450692177 39.0416721701622 5
    endloop
  endfacet
  facet normal 0 0 1
    outer loop
      vertex -113 49 5
      vertex -119.34415450692177 39.0416721701622 5
      vertex -119.06217782944441 38.5 5
    endloop
  endfacet
  facet normal 0 0 1
    outer loop
      vertex -113 49 5
      vertex -119.06217782944441 38.5 5
      vertex -118.73406431078911 37.984964944422245 5
    endloop
  endfacet
  facet normal 0 0 1
    outer loop
      vertex -113 49 5
      vertex -118.73406431078911 37.984964944422245 5
      vertex -118.3623111024499 37.500486731529236 5
    endloop
  endfacet
  facet normal 0 0 1
    outer loop
      vertex -113 49 5
      vertex -118.3623111024499 37.500486731529236 5
      vertex -117.9497474655509 37.0502525344491 5
    endloop
  endfacet
  facet normal 0 0 1
    outer loop
      vertex -113 49 5
      vertex -117.9497474655509 37.0502525344491 5
      vertex -117.49951326847076 36.637688897550106 5
    endloop
  endfacet
  facet normal 0 0 1
    outer loop
      vertex -113 49 5
      vertex -117.49951326847076 36.637688897550106 5
      vertex -117.01503505557775 36.26593568921089 5
    endloop
  endfacet
  facet normal 0 0 1
    outer loop
      vertex -113 49 5
      vertex -117.01503505557775 36.26593568921089 5
      vertex -116.5 35.93782217055559 5
    endloop
  endfacet
  facet normal 0 0 1
    outer loop
      vertex -113 49 5
      vertex -116.5 35.93782217055559 5
      vertex -115.9583278298378 35.65584549307823 5
    endloop
  endfacet
  facet normal 0 0 1
    outer loop
      vertex -113 49 5
      vertex -115.9583278298378 35.65584549307823 5
      vertex -115.3941410034895 35.422151654958725 5
    endloop
  endfacet
  facet normal 0 0 1
    outer loop
      vertex -113 49 5
      vertex -115.3941410034895 35.422151654958725 5
      vertex -114.81173331290483 35.238519214093685 5
    endloop
  endfacet
  facet normal 0 0 1
    outer loop
      vertex -113 49 5
      vertex -114.81173331290483 35.238519214093685 5
      vertex -114.21553724259138 35.10634572803974 5
    endloop
  endfacet
  facet normal 0 0 1
    outer loop
      vertex -113 49 5
      vertex -114.21553724259138 35.10634572803974 5
      vertex -113.61009019613266 35.026637114584446 5
    endloop
  endfacet
  facet normal 0 0 1
    outer loop
      vertex -113 49 5
      vertex -113.61009019613266 35.026637114584446 5
      vertex -113 35 5
    endloop
  endfacet
  facet normal 0 0 1
    outer loop
      vertex -49 49 5
      vertex -113 49 5
      vertex -113 35 5
    endloop
  endfacet
  facet normal 0 0 1
    outer loop
      vertex -49 49 5
      vertex -113 35 5
      vertex -49 35 5
    endloop
  endfacet
  facet normal 0 0 1
    outer loop
      vertex -35 -35 5
      vertex -49 49 5
      vertex -49 35 5
    endloop
  endfacet
  facet normal 0 0 1
    outer loop
      vertex -35 -35 5
      vertex -49 35 5
      vertex -49 -35 5
    endloop
  endfacet
  facet normal 0 0 1
    outer loop
      vertex -115.9583278298378 -35.65584549307823 5
      vertex -116.5 -35.93782217055559 5
      vertex -117.01503505557775 -36.26593568921089 5
    endloop
  endfacet
  facet normal 0 0 1
    outer loop
      vertex -115.9583278298378 -35.65584549307823 5
      vertex -117.01503505557775 -36.26593568921089 5
      vertex -117.49951326847076 -36.637688897550106 5
    endloop
  endfacet
  facet normal 0 0 1
    outer loop
      vertex -115.9583278298378 -35.65584549307823 5
      vertex -117.49951326847076 -36.637688897550106 5
      vertex -117.9497474655509 -37.0502525344491 5
    endloop
  endfacet
  facet normal 0 0 1
    outer loop
      vertex -115.3941410034895 -35.422151654958725 5
      vertex -115.9583278298378 -35.65584549307823 5
      vertex -117.9497474655509 -37.0502525344491 5
    endloop
  endfacet
  facet normal 0 0 1
    outer loop
      vertex -114.81173331290483 -35.238519214093685 5
      vertex -115.3941410034895 -35.422151654958725 5
      vertex -117.9497474655509 -37.0502525344491 5
    endloop
  endfacet
  facet normal 0 0 1
    outer loop
      vertex -114.21553724259138 -35.10634572803974 5
      vertex -114.81173331290483 -35.238519214093685 5
      vertex -117.9497474655509 -37.0502525344491 5
    endloop
  endfacet
  facet normal 0 0 1
    outer loop
      vertex -113.61009019613266 -35.026637114584446 5
      vertex -114.21553724259138 -35.10634572803974 5
      vertex -117.9497474655509 -37.0502525344491 5
    endloop
  endfacet
  facet normal 0 0 1
    outer loop
      vertex -113 -35 5
      vertex -113.61009019613266 -35.026637114584446 5
      vertex -117.9497474655509 -37.0502525344491 5
    endloop
  endfacet
  facet normal 0 0 1
    outer loop
      vertex -113 -35 5
      vertex -117.9497474655509 -37.0502525344491 5
      vertex -118.3623111024499 -37.500486731529236 5
    endloop
  endfacet
  facet normal 0 0 1
    outer loop
      vertex -113 -35 5
      vertex -118.3623111024499 -37.500486731529236 5
      vertex -118.73406431078911 -37.984964944422245 5
    endloop
  endfacet
  facet normal 0 0 1
    outer loop
      vertex -113 -35 5
      vertex -118.73406431078911 -37.984964944422245 5
      vertex -119.06217782944441 -38.5 5
    endloop
  endfacet
  facet normal 0 0 1
    outer loop
      vertex -113 -35 5
      vertex -119.06217782944441 -38.5 5
      vertex -119.34415450692177 -39.0416721701622 5
    endloop
  endfacet
  facet normal 0 0 1
    outer loop
      vertex -113 -35 5
      vertex -119.34415450692177 -39.0416721701622 5
      vertex -119.57784834504128 -39.605858996510506 5
    endloop
  endfacet
  facet normal 0 0 1
    outer loop
      vertex -113 -35 5
      vertex -119.57784834504128 -39.605858996510506 5
      vertex -119.76148078590631 -40.188266687095165 5
    endloop
  endfacet
  facet normal 0 0 1
    outer loop
      vertex -113 -35 5
      vertex -119.76148078590631 -40.188266687095165 5
      vertex -119.89365427196026 -40.78446275740862 5
    endloop
  endfacet
  facet normal 0 0 1
    outer loop
      vertex -113 -35 5
      vertex -119.89365427196026 -40.78446275740862 5
      vertex -119.97336288541555 -41.38990980386734 5
    endloop
  endfacet
  facet normal 0 0 1
    outer loop
      vertex -113 -35 5
      vertex -119.97336288541555 -41.38990980386734 5
      vertex -120 -42 5
    endloop
  endfacet
  facet normal 0 0 1
    outer loop
      vertex -113 -35 5
      vertex -120 -42 5
      vertex -119.97336288541555 -42.61009019613266 5
    endloop
  endfacet
  facet normal 0 0 1
    outer loop
      vertex -113 -35 5
      vertex -119.97336288541555 -42.61009019613266 5
      vertex -119.89365427196026 -43.21553724259138 5
    endloop
  endfacet
  facet normal 0 0 1
    outer loop
      vertex -113 -35 5
      vertex -119.89365427196026 -43.21553724259138 5
      vertex -119.76148078590631 -43.811733312904835 5
    endloop
  endfacet
  facet normal 0 0 1
    outer loop
      vertex -113 -35 5
      vertex -119.76148078590631 -43.811733312904835 5
      vertex -119.57784834504128 -44.394141003489494 5
    endloop
  endfacet
  facet normal 0 0 1
    outer loop
      vertex -113 -35 5
      vertex -119.57784834504128 -44.394141003489494 5
      vertex -119.34415450692177 -44.9583278298378 5
    endloop
  endfacet
  facet normal 0 0 1
    outer loop
      vertex -113 -35 5
      vertex -119.34415450692177 -44.9583278298378 5
      vertex -119.06217782944441 -45.5 5
    endloop
  endfacet
  facet normal 0 0 1
    outer loop
      vertex -113 -35 5
      vertex -119.06217782944441 -45.5 5
      vertex -118.73406431078911 -46.015035055577755 5
    endloop
  endfacet
  facet normal 0 0 1
    outer loop
      vertex -113 -35 5
      vertex -118.73406431078911 -46.015035055577755 5
      vertex -118.3623111024499 -46.499513268470764 5
    endloop
  endfacet
  facet normal 0 0 1
    outer loop
      vertex -113 -35 5
      vertex -118.3623111024499 -46.499513268470764 5
      vertex -117.9497474655509 -46.9497474655509 5
    endloop
  endfacet
  facet normal 0 0 1
    outer loop
      vertex -113 -35 5
      vertex -117.9497474655509 -46.9497474655509 5
      vertex -117.49951326847076 -47.362311102449894 5
    endloop
  endfacet
  facet normal 0 0 1
    outer loop
      vertex -113 -35 5
      vertex -117.49951326847076 -47.362311102449894 5
      vertex -117.01503505557775 -47.73406431078911 5
    endloop
  endfacet
  facet normal 0 0 1
    outer loop
      vertex -113 -35 5
      vertex -117.01503505557775 -47.73406431078911 5
      vertex -116.5 -48.06217782944441 5
    endloop
  endfacet
  facet normal 0 0 1
    outer loop
      vertex -113 -35 5
      vertex -116.5 -48.06217782944441 5
      vertex -115.9583278298378 -48.34415450692177 5
    endloop
  endfacet
  facet normal 0 0 1
    outer loop
      vertex -113 -35 5
      vertex -115.9583278298378 -48.34415450692177 5
      vertex -115.3941410034895 -48.577848345041275 5
    endloop
  endfacet
  facet normal 0 0 1
    outer loop
      vertex -113 -35 5
      vertex -115.3941410034895 -48.577848345041275 5
      vertex -114.81173331290483 -48.761480785906315 5
    endloop
  endfacet
  facet normal 0 0 1
    outer loop
      vertex -113 -35 5
      vertex -114.81173331290483 -48.761480785906315 5
      vertex -114.21553724259138 -48.89365427196026 5
    endloop
  endfacet
  facet normal 0 0 1
    outer loop
      vertex -113 -35 5
      vertex -114.21553724259138 -48.89365427196026 5
      vertex -113.61009019613266 -48.973362885415554 5
    endloop
  endfacet
  facet normal 0 0 1
    outer loop
      vertex -113 -35 5
      vertex -113.61009019613266 -48.973362885415554 5
      vertex -113 -49 5
    endloop
  endfacet
  facet normal 0 0 1
    outer loop
      vertex -49 -35 5
      vertex -113 -35 5
      vertex -113 -49 5
    endloop
  endfacet
  facet normal 0 0 1
    outer loop
      vertex -49 -35 5
      vertex -113 -49 5
      vertex -49 -49 5
    endloop
  endfacet
  facet normal 0 0 1
    outer loop
      vertex -35 -35 5
      vertex -49 -35 5
      vertex -49 -49 5
    endloop
  endfacet
  facet normal 0 0 1
    outer loop
      vertex 35 -35 5
      vertex -35 -35 5
      vertex -49 -49 5
    endloop
  endfacet
  facet normal 0 0 1
    outer loop
      vertex -48.34415450692177 -115.9583278298378 5
      vertex -48.06217782944441 -116.5 5
      vertex -47.73406431078911 -117.01503505557775 5
    endloop
  endfacet
  facet normal 0 0 1
    outer loop
      vertex -48.34415450692177 -115.9583278298378 5
      vertex -47.73406431078911 -117.01503505557775 5
      vertex -47.362311102449894 -117.49951326847076 5
    endloop
  endfacet
  facet normal 0 0 1
    outer loop
      vertex -48.34415450692177 -115.9583278298378 5
      vertex -47.362311102449894 -117.49951326847076 5
      vertex -46.9497474655509 -117.9497474655509 5
    endloop
  endfacet
  facet normal 0 0 1
    outer loop
      vertex -48.577848345041275 -115.3941410034895 5
      vertex -48.34415450692177 -115.9583278298378 5
      vertex -46.9497474655509 -117.9497474655509 5
    endloop
  endfacet
  facet normal 0 0 1
    outer loop
      vertex -48.761480785906315 -114.81173331290483 5
      vertex -48.577848345041275 -115.3941410034895 5
      vertex -46.9497474655509 -117.9497474655509 5
    endloop
  endfacet
  facet normal 0 0 1
    outer loop
      vertex -48.89365427196026 -114.21553724259138 5
      vertex -48.761480785906315 -114.81173331290483 5
      vertex -46.9497474655509 -117.9497474655509 5
    endloop
  endfacet
  facet normal 0 0 1
    outer loop
      vertex -48.973362885415554 -113.61009019613266 5
      vertex -48.89365427196026 -114.21553724259138 5
      vertex -46.9497474655509 -117.9497474655509 5
    endloop
  endfacet
  facet normal 0 0 1
    outer loop
      vertex -49 -113 5
      vertex -48.973362885415554 -113.61009019613266 5
      vertex -46.9497474655509 -117.9497474655509 5
    endloop
  endfacet
  facet normal 0 0 1
    outer loop
      vertex -49 -113 5
      vertex -46.9497474655509 -117.9497474655509 5
      vertex -46.499513268470764 -118.3623111024499 5
    endloop
  endfacet
  facet normal 0 0 1
    outer loop
      vertex -49 -113 5
      vertex -46.499513268470764 -118.3623111024499 5
      vertex -46.015035055577755 -118.73406431078911 5
    endloop
  endfacet
  facet normal 0 0 1
    outer loop
      vertex -49 -113 5
      vertex -46.015035055577755 -118.73406431078911 5
      vertex -45.5 -119.06217782944441 5
    endloop
  endfacet
  facet normal 0 0 1
    outer loop
      vertex -49 -113 5
      vertex -45.5 -119.06217782944441 5
      vertex -44.9583278298378 -119.34415450692177 5
    endloop
  endfacet
  facet normal 0 0 1
    outer loop
      vertex -49 -113 5
      vertex -44.9583278298378 -119.34415450692177 5
      vertex -44.394141003489494 -119.57784834504128 5
    endloop
  endfacet
  facet normal 0 0 1
    outer loop
      vertex -49 -113 5
      vertex -44.394141003489494 -119.57784834504128 5
      vertex -43.811733312904835 -119.76148078590631 5
    endloop
  endfacet
  facet normal 0 0 1
    outer loop
      vertex -49 -113 5
      vertex -43.811733312904835 -119.76148078590631 5
      vertex -43.21553724259138 -119.89365427196026 5
    endloop
  endfacet
  facet normal 0 0 1
    outer loop
      vertex -49 -113 5
      vertex -43.21553724259138 -119.89365427196026 5
      vertex -42.61009019613266 -119.97336288541555 5
    endloop
  endfacet
  facet normal 0 0 1
    outer loop
      vertex -49 -113 5
      vertex -42.61009019613266 -119.97336288541555 5
      vertex -42 -120 5
    endloop
  endfacet
  facet normal 0 0 1
    outer loop
      vertex -49 -113 5
      vertex -42 -120 5
      vertex -41.38990980386734 -119.97336288541555 5
    endloop
  endfacet
  facet normal 0 0 1
    outer loop
      vertex -49 -113 5
      vertex -41.38990980386734 -119.97336288541555 5
      vertex -40.78446275740862 -119.89365427196026 5
    endloop
  endfacet
  facet normal 0 0 1
    outer loop
      vertex -49 -113 5
      vertex -40.78446275740862 -119.89365427196026 5
      vertex -40.188266687095165 -119.76148078590631 5
    endloop
  endfacet
  facet normal 0 0 1
    outer loop
      vertex -49 -113 5
      vertex -40.188266687095165 -119.76148078590631 5
      vertex -39.605858996510506 -119.57784834504128 5
    endloop
  endfacet
  facet normal 0 0 1
    outer loop
      vertex -49 -113 5
      vertex -39.605858996510506 -119.57784834504128 5
      vertex -39.0416721701622 -119.34415450692177 5
    endloop
  endfacet
  facet normal 0 0 1
    outer loop
      vertex -49 -113 5
      vertex -39.0416721701622 -119.34415450692177 5
      vertex -38.5 -119.06217782944441 5
    endloop
  endfacet
  facet normal 0 0 1
    outer loop
      vertex -49 -113 5
      vertex -38.5 -119.06217782944441 5
      vertex -37.984964944422245 -118.73406431078911 5
    endloop
  endfacet
  facet normal 0 0 1
    outer loop
      vertex -49 -113 5
      vertex -37.984964944422245 -118.73406431078911 5
      vertex -37.500486731529236 -118.3623111024499 5
    endloop
  endfacet
  facet normal 0 0 1
    outer loop
      vertex -49 -113 5
      vertex -37.500486731529236 -118.3623111024499 5
      vertex -37.0502525344491 -117.9497474655509 5
    endloop
  endfacet
  facet normal 0 0 1
    outer loop
      vertex -49 -113 5
      vertex -37.0502525344491 -117.9497474655509 5
      vertex -36.637688897550106 -117.49951326847076 5
    endloop
  endfacet
  facet normal 0 0 1
    outer loop
      vertex -49 -113 5
      vertex -36.637688897550106 -117.49951326847076 5
      vertex -36.26593568921089 -117.01503505557775 5
    endloop
  endfacet
  facet normal 0 0 1
    outer loop
      vertex -49 -113 5
      vertex -36.26593568921089 -117.01503505557775 5
      vertex -35.93782217055559 -116.5 5
    endloop
  endfacet
  facet normal 0 0 1
    outer loop
      vertex -49 -113 5
      vertex -35.93782217055559 -116.5 5
      vertex -35.65584549307823 -115.9583278298378 5
    endloop
  endfacet
  facet normal 0 0 1
    outer loop
      vertex -49 -113 5
      vertex -35.65584549307823 -115.9583278298378 5
      vertex -35.422151654958725 -115.3941410034895 5
    endloop
  endfacet
  facet normal 0 0 1
    outer loop
      vertex -49 -113 5
      vertex -35.422151654958725 -115.3941410034895 5
      vertex -35.238519214093685 -114.81173331290483 5
    endloop
  endfacet
  facet normal 0 0 1
    outer loop
      vertex -49 -113 5
      vertex -35.238519214093685 -114.81173331290483 5
      vertex -35.10634572803974 -114.21553724259138 5
    endloop
  endfacet
  facet normal 0 0 1
    outer loop
      vertex -49 -113 5
      vertex -35.10634572803974 -114.21553724259138 5
      vertex -35.026637114584446 -113.61009019613266 5
    endloop
  endfacet
  facet normal 0 0 1
    outer loop
      vertex -49 -113 5
      vertex -35.026637114584446 -113.61009019613266 5
      vertex -35 -113 5
    endloop
  endfacet
  facet normal 0 0 1
    outer loop
      vertex -49 -49 5
      vertex -49 -113 5
      vertex -35 -113 5
    endloop
  endfacet
  facet normal 0 0 1
    outer loop
      vertex -49 -49 5
      vertex -35 -113 5
      vertex -35 -49 5
    endloop
  endfacet
  facet normal 0 0 1
    outer loop
      vertex 35 -35 5
      vertex -49 -49 5
      vertex -35 -49 5
    endloop
  endfacet
  facet normal 0 0 1
    outer loop
      vertex 35 -35 5
      vertex -35 -49 5
      vertex 35 -49 5
    endloop
  endfacet
  facet normal 0 0 1
    outer loop
      vertex 35.026637114584446 -113.61009019613266 5
      vertex 35 -35 5
      vertex 35 -49 5
    endloop
  endfacet
  facet normal 0 0 1
    outer loop
      vertex 35.026637114584446 -113.61009019613266 5
      vertex 35 -49 5
      vertex 35 -113 5
    endloop
  endfacet
  facet normal 0 0 -1
    outer loop
      vertex 35 35 0
      vertex 49 35 0
      vertex 49 -35 0
    endloop
  endfacet
  facet normal 0 0 -1
    outer loop
      vertex 35 -35 0
      vertex 35 35 0
      vertex 49 -35 0
    endloop
  endfacet
  facet normal 0 0 -1
    outer loop
      vertex 117.01503505557775 -47.73406431078911 0
      vertex 116.5 -48.06217782944441 0
      vertex 115.9583278298378 -48.34415450692177 0
    endloop
  endfacet
  facet normal 0 0 -1
    outer loop
      vertex 117.49951326847076 -47.362311102449894 0
      vertex 117.01503505557775 -47.73406431078911 0
      vertex 115.9583278298378 -48.34415450692177 0
    endloop
  endfacet
  facet normal 0 0 -1
    outer loop
      vertex 117.9497474655509 -46.9497474655509 0
      vertex 117.49951326847076 -47.362311102449894 0
      vertex 115.9583278298378 -48.34415450692177 0
    endloop
  endfacet
  facet normal 0 0 -1
    outer loop
      vertex 117.9497474655509 -46.9497474655509 0
      vertex 115.9583278298378 -48.34415450692177 0
      vertex 115.3941410034895 -48.577848345041275 0
    endloop
  endfacet
  facet normal 0 0 -1
    outer loop
      vertex 117.9497474655509 -46.9497474655509 0
      vertex 115.3941410034895 -48.577848345041275 0
      vertex 114.81173331290483 -48.761480785906315 0
    endloop
  endfacet
  facet normal 0 0 -1
    outer loop
      vertex 117.9497474655509 -46.9497474655509 0
      vertex 114.81173331290483 -48.761480785906315 0
      vertex 114.21553724259138 -48.89365427196026 0
    endloop
  endfacet
  facet normal 0 0 -1
    outer loop
      vertex 117.9497474655509 -46.9497474655509 0
      vertex 114.21553724259138 -48.89365427196026 0
      vertex 113.61009019613266 -48.973362885415554 0
    endloop
  endfacet
  facet normal 0 0 -1
    outer loop
      vertex 117.9497474655509 -46.9497474655509 0
      vertex 113.61009019613266 -48.973362885415554 0
      vertex 113 -49 0
    endloop
  endfacet
  facet normal 0 0 -1
    outer loop
      vertex 118.3623111024499 -46.499513268470764 0
      vertex 117.9497474655509 -46.9497474655509 0
      vertex 113 -49 0
    endloop
  endfacet
  facet normal 0 0 -1
    outer loop
      vertex 118.73406431078911 -46.015035055577755 0
      vertex 118.3623111024499 -46.499513268470764 0
      vertex 113 -49 0
    endloop
  endfacet
  facet normal 0 0 -1
    outer loop
      vertex 119.06217782944441 -45.5 0
      vertex 118.73406431078911 -46.015035055577755 0
      vertex 113 -49 0
    endloop
  endfacet
  facet normal 0 0 -1
    outer loop
      vertex 119.34415450692177 -44.9583278298378 0
      vertex 119.06217782944441 -45.5 0
      vertex 113 -49 0
    endloop
  endfacet
  facet normal 0 0 -1
    outer loop
      vertex 119.57784834504128 -44.394141003489494 0
      vertex 119.34415450692177 -44.9583278298378 0
      vertex 113 -49 0
    endloop
  endfacet
  facet normal 0 0 -1
    outer loop
      vertex 119.76148078590631 -43.811733312904835 0
      vertex 119.57784834504128 -44.394141003489494 0
      vertex 113 -49 0
    endloop
  endfacet
  facet normal 0 0 -1
    outer loop
      vertex 119.89365427196026 -43.21553724259138 0
      vertex 119.76148078590631 -43.811733312904835 0
      vertex 113 -49 0
    endloop
  endfacet
  facet normal 0 0 -1
    outer loop
      vertex 119.97336288541555 -42.61009019613266 0
      vertex 119.89365427196026 -43.21553724259138 0
      vertex 113 -49 0
    endloop
  endfacet
  facet normal 0 0 -1
    outer loop
      vertex 120 -42 0
      vertex 119.97336288541555 -42.61009019613266 0
      vertex 113 -49 0
    endloop
  endfacet
  facet normal 0 0 -1
    outer loop
      vertex 119.97336288541555 -41.38990980386734 0
      vertex 120 -42 0
      vertex 113 -49 0
    endloop
  endfacet
  facet normal 0 0 -1
    outer loop
      vertex 119.89365427196026 -40.78446275740862 0
      vertex 119.97336288541555 -41.38990980386734 0
      vertex 113 -49 0
    endloop
  endfacet
  facet normal 0 0 -1
    outer loop
      vertex 119.76148078590631 -40.188266687095165 0
      vertex 119.89365427196026 -40.78446275740862 0
      vertex 113 -49 0
    endloop
  endfacet
  facet normal 0 0 -1
    outer loop
      vertex 119.57784834504128 -39.605858996510506 0
      vertex 119.76148078590631 -40.188266687095165 0
      vertex 113 -49 0
    endloop
  endfacet
  facet normal 0 0 -1
    outer loop
      vertex 119.34415450692177 -39.0416721701622 0
      vertex 119.57784834504128 -39.605858996510506 0
      vertex 113 -49 0
    endloop
  endfacet
  facet normal 0 0 -1
    outer loop
      vertex 119.06217782944441 -38.5 0
      vertex 119.34415450692177 -39.0416721701622 0
      vertex 113 -49 0
    endloop
  endfacet
  facet normal 0 0 -1
    outer loop
      vertex 118.73406431078911 -37.984964944422245 0
      vertex 119.06217782944441 -38.5 0
      vertex 113 -49 0
    endloop
  endfacet
  facet normal 0 0 -1
    outer loop
      vertex 118.3623111024499 -37.500486731529236 0
      vertex 118.73406431078911 -37.984964944422245 0
      vertex 113 -49 0
    endloop
  endfacet
  facet normal 0 0 -1
    outer loop
      vertex 117.9497474655509 -37.0502525344491 0
      vertex 118.3623111024499 -37.500486731529236 0
      vertex 113 -49 0
    endloop
  endfacet
  facet normal 0 0 -1
    outer loop
      vertex 117.49951326847076 -36.637688897550106 0
      vertex 117.9497474655509 -37.0502525344491 0
      vertex 113 -49 0
    endloop
  endfacet
  facet normal 0 0 -1
    outer loop
      vertex 117.01503505557775 -36.26593568921089 0
      vertex 117.49951326847076 -36.637688897550106 0
      vertex 113 -49 0
    endloop
  endfacet
  facet normal 0 0 -1
    outer loop
      vertex 116.5 -35.93782217055559 0
      vertex 117.01503505557775 -36.26593568921089 0
      vertex 113 -49 0
    endloop
  endfacet
  facet normal 0 0 -1
    outer loop
      vertex 115.9583278298378 -35.65584549307823 0
      vertex 116.5 -35.93782217055559 0
      vertex 113 -49 0
    endloop
  endfacet
  facet normal 0 0 -1
    outer loop
      vertex 115.3941410034895 -35.422151654958725 0
      vertex 115.9583278298378 -35.65584549307823 0
      vertex 113 -49 0
    endloop
  endfacet
  facet normal 0 0 -1
    outer loop
      vertex 114.81173331290483 -35.238519214093685 0
      vertex 115.3941410034895 -35.422151654958725 0
      vertex 113 -49 0
    endloop
  endfacet
  facet normal 0 0 -1
    outer loop
      vertex 114.21553724259138 -35.10634572803974 0
      vertex 114.81173331290483 -35.238519214093685 0
      vertex 113 -49 0
    endloop
  endfacet
  facet normal 0 0 -1
    outer loop
      vertex 113.61009019613266 -35.026637114584446 0
      vertex 114.21553724259138 -35.10634572803974 0
      vertex 113 -49 0
    endloop
  endfacet
  facet normal 0 0 -1
    outer loop
      vertex 113 -35 0
      vertex 113.61009019613266 -35.026637114584446 0
      vertex 113 -49 0
    endloop
  endfacet
  facet normal 0 0 -1
    outer loop
      vertex 113 -35 0
      vertex 113 -49 0
      vertex 49 -49 0
    endloop
  endfacet
  facet normal 0 0 -1
    outer loop
      vertex 49 -35 0
      vertex 113 -35 0
      vertex 49 -49 0
    endloop
  endfacet
  facet normal 0 0 -1
    outer loop
      vertex 35 -35 0
      vertex 49 -35 0
      vertex 49 -49 0
    endloop
  endfacet
  facet normal 0 0 -1
    outer loop
      vertex 35 -35 0
      vertex 49 -49 0
      vertex 49 -113 0
    endloop
  endfacet
  facet normal 0 0 -1
    outer loop
      vertex 35 -35 0
      vertex 49 -113 0
      vertex 48.973362885415554 -113.61009019613266 0
    endloop
  endfacet
  facet normal 0 0 -1
    outer loop
      vertex 35 -35 0
      vertex 48.973362885415554 -113.61009019613266 0
      vertex 48.89365427196026 -114.21553724259138 0
    endloop
  endfacet
  facet normal 0 0 -1
    outer loop
      vertex 35 -35 0
      vertex 48.89365427196026 -114.21553724259138 0
      vertex 48.761480785906315 -114.81173331290483 0
    endloop
  endfacet
  facet normal 0 0 -1
    outer loop
      vertex 35 -35 0
      vertex 48.761480785906315 -114.81173331290483 0
      vertex 48.577848345041275 -115.3941410034895 0
    endloop
  endfacet
  facet normal 0 0 -1
    outer loop
      vertex 35 -35 0
      vertex 48.577848345041275 -115.3941410034895 0
      vertex 48.34415450692177 -115.9583278298378 0
    endloop
  endfacet
  facet normal 0 0 -1
    outer loop
      vertex 35 -35 0
      vertex 48.34415450692177 -115.9583278298378 0
      vertex 48.06217782944441 -116.5 0
    endloop
  endfacet
  facet normal 0 0 -1
    outer loop
      vertex 35 -35 0
      vertex 48.06217782944441 -116.5 0
      vertex 47.73406431078911 -117.01503505557775 0
    endloop
  endfacet
  facet normal 0 0 -1
    outer loop
      vertex 35 -35 0
      vertex 47.73406431078911 -117.01503505557775 0
      vertex 47.362311102449894 -117.49951326847076 0
    endloop
  endfacet
  facet normal 0 0 -1
    outer loop
      vertex 35 -35 0
      vertex 47.362311102449894 -117.49951326847076 0
      vertex 46.9497474655509 -117.9497474655509 0
    endloop
  endfacet
  facet normal 0 0 -1
    outer loop
      vertex 35 -35 0
      vertex 46.9497474655509 -117.9497474655509 0
      vertex 46.499513268470764 -118.3623111024499 0
    endloop
  endfacet
  facet normal 0 0 -1
    outer loop
      vertex 35 -35 0
      vertex 46.499513268470764 -118.3623111024499 0
      vertex 46.015035055577755 -118.73406431078911 0
    endloop
  endfacet
  facet normal 0 0 -1
    outer loop
      vertex 35 -35 0
      vertex 46.015035055577755 -118.73406431078911 0
      vertex 45.5 -119.06217782944441 0
    endloop
  endfacet
  facet normal 0 0 -1
    outer loop
      vertex 35 -35 0
      vertex 45.5 -119.06217782944441 0
      vertex 44.9583278298378 -119.34415450692177 0
    endloop
  endfacet
  facet normal 0 0 -1
    outer loop
      vertex 35 -35 0
      vertex 44.9583278298378 -119.34415450692177 0
      vertex 44.394141003489494 -119.57784834504128 0
    endloop
  endfacet
  facet normal 0 0 -1
    outer loop
      vertex 35 -35 0
      vertex 44.394141003489494 -119.57784834504128 0
      vertex 43.811733312904835 -119.76148078590631 0
    endloop
  endfacet
  facet normal 0 0 -1
    outer loop
      vertex 35 -35 0
      vertex 43.811733312904835 -119.76148078590631 0
      vertex 43.21553724259138 -119.89365427196026 0
    endloop
  endfacet
  facet normal 0 0 -1
    outer loop
      vertex 35 -35 0
      vertex 43.21553724259138 -119.89365427196026 0
      vertex 42.61009019613266 -119.97336288541555 0
    endloop
  endfacet
  facet normal 0 0 -1
    outer loop
      vertex 35 -35 0
      vertex 42.61009019613266 -119.97336288541555 0
      vertex 42 -120 0
    endloop
  endfacet
  facet normal 0 0 -1
    outer loop
      vertex 35 -35 0
      vertex 42 -120 0
      vertex 41.38990980386734 -119.97336288541555 0
    endloop
  endfacet
  facet normal 0 0 -1
    outer loop
      vertex 35 -35 0
      vertex 41.38990980386734 -119.97336288541555 0
      vertex 40.78446275740862 -119.89365427196026 0
    endloop
  endfacet
  facet normal 0 0 -1
    outer loop
      vertex 35 -35 0
      vertex 40.78446275740862 -119.89365427196026 0
      vertex 40.188266687095165 -119.76148078590631 0
    endloop
  endfacet
  facet normal 0 0 -1
    outer loop
      vertex 35 -35 0
      vertex 40.188266687095165 -119.76148078590631 0
      vertex 39.605858996510506 -119.57784834504128 0
    endloop
  endfacet
  facet normal 0 0 -1
    outer loop
      vertex 35 -35 0
      vertex 39.605858996510506 -119.57784834504128 0
      vertex 39.0416721701622 -119.34415450692177 0
    endloop
  endfacet
  facet normal 0 0 -1
    outer loop
      vertex 35 -35 0
      vertex 39.0416721701622 -119.34415450692177 0
      vertex 38.5 -119.06217782944441 0
    endloop
  endfacet
  facet normal 0 0 -1
    outer loop
      vertex 35 -35 0
      vertex 38.5 -119.06217782944441 0
      vertex 37.984964944422245 -118.73406431078911 0
    endloop
  endfacet
  facet normal 0 0 -1
    outer loop
      vertex 35 -35 0
      vertex 37.984964944422245 -118.73406431078911 0
      vertex 37.500486731529236 -118.3623111024499 0
    endloop
  endfacet
  facet normal 0 0 -1
    outer loop
      vertex 35 -35 0
      vertex 37.500486731529236 -118.3623111024499 0
      vertex 37.0502525344491 -117.9497474655509 0
    endloop
  endfacet
  facet normal 0 0 -1
    outer loop
      vertex 35 -35 0
      vertex 37.0502525344491 -117.9497474655509 0
      vertex 36.637688897550106 -117.49951326847076 0
    endloop
  endfacet
  facet normal 0 0 -1
    outer loop
      vertex 35 -35 0
      vertex 36.637688897550106 -117.49951326847076 0
      vertex 36.26593568921089 -117.01503505557775 0
    endloop
  endfacet
  facet normal 0 0 -1
    outer loop
      vertex 35 -35 0
      vertex 36.26593568921089 -117.01503505557775 0
      vertex 35.93782217055559 -116.5 0
    endloop
  endfacet
  facet normal 0 0 -1
    outer loop
      vertex 35 -35 0
      vertex 35.93782217055559 -116.5 0
      vertex 35.65584549307823 -115.9583278298378 0
    endloop
  endfacet
  facet normal 0 0 -1
    outer loop
      vertex 35 -35 0
      vertex 35.65584549307823 -115.9583278298378 0
      vertex 35.422151654958725 -115.3941410034895 0
    endloop
  endfacet
  facet normal 0 0 -1
    outer loop
      vertex 35 -35 0
      vertex 35.422151654958725 -115.3941410034895 0
      vertex 35.238519214093685 -114.81173331290483 0
    endloop
  endfacet
  facet normal 0 0 -1
    outer loop
      vertex 35 -35 0
      vertex 35.238519214093685 -114.81173331290483 0
      vertex 35.10634572803974 -114.21553724259138 0
    endloop
  endfacet
  facet normal 0 0 -1
    outer loop
      vertex 35 -35 0
      vertex 35.10634572803974 -114.21553724259138 0
      vertex 35.026637114584446 -113.61009019613266 0
    endloop
  endfacet
  facet normal 0 0 -1
    outer loop
      vertex 117.01503505557775 36.26593568921089 0
      vertex 116.5 35.93782217055559 0
      vertex 115.9583278298378 35.65584549307823 0
    endloop
  endfacet
  facet normal 0 0 -1
    outer loop
      vertex 117.49951326847076 36.637688897550106 0
      vertex 117.01503505557775 36.26593568921089 0
      vertex 115.9583278298378 35.65584549307823 0
    endloop
  endfacet
  facet normal 0 0 -1
    outer loop
      vertex 117.9497474655509 37.0502525344491 0
      vertex 117.49951326847076 36.637688897550106 0
      vertex 115.9583278298378 35.65584549307823 0
    endloop
  endfacet
  facet normal 0 0 -1
    outer loop
      vertex 117.9497474655509 37.0502525344491 0
      vertex 115.9583278298378 35.65584549307823 0
      vertex 115.3941410034895 35.422151654958725 0
    endloop
  endfacet
  facet normal 0 0 -1
    outer loop
      vertex 117.9497474655509 37.0502525344491 0
      vertex 115.3941410034895 35.422151654958725 0
      vertex 114.81173331290483 35.238519214093685 0
    endloop
  endfacet
  facet normal 0 0 -1
    outer loop
      vertex 117.9497474655509 37.0502525344491 0
      vertex 114.81173331290483 35.238519214093685 0
      vertex 114.21553724259138 35.10634572803974 0
    endloop
  endfacet
  facet normal 0 0 -1
    outer loop
      vertex 117.9497474655509 37.0502525344491 0
      vertex 114.21553724259138 35.10634572803974 0
      vertex 113.61009019613266 35.026637114584446 0
    endloop
  endfacet
  facet normal 0 0 -1
    outer loop
      vertex 117.9497474655509 37.0502525344491 0
      vertex 113.61009019613266 35.026637114584446 0
      vertex 113 35 0
    endloop
  endfacet
  facet normal 0 0 -1
    outer loop
      vertex 118.3623111024499 37.500486731529236 0
      vertex 117.9497474655509 37.0502525344491 0
      vertex 113 35 0
    endloop
  endfacet
  facet normal 0 0 -1
    outer loop
      vertex 118.73406431078911 37.984964944422245 0
      vertex 118.3623111024499 37.500486731529236 0
      vertex 113 35 0
    endloop
  endfacet
  facet normal 0 0 -1
    outer loop
      vertex 119.06217782944441 38.5 0
      vertex 118.73406431078911 37.984964944422245 0
      vertex 113 35 0
    endloop
  endfacet
  facet normal 0 0 -1
    outer loop
      vertex 119.34415450692177 39.0416721701622 0
      vertex 119.06217782944441 38.5 0
      vertex 113 35 0
    endloop
  endfacet
  facet normal 0 0 -1
    outer loop
      vertex 119.57784834504128 39.605858996510506 0
      vertex 119.34415450692177 39.0416721701622 0
      vertex 113 35 0
    endloop
  endfacet
  facet normal 0 0 -1
    outer loop
      vertex 119.76148078590631 40.188266687095165 0
      vertex 119.57784834504128 39.605858996510506 0
      vertex 113 35 0
    endloop
  endfacet
  facet normal 0 0 -1
    outer loop
      vertex 119.89365427196026 40.78446275740862 0
      vertex 119.76148078590631 40.188266687095165 0
      vertex 113 35 0
    endloop
  endfacet
  facet normal 0 0 -1
    outer loop
      vertex 119.97336288541555 41.38990980386734 0
      vertex 119.89365427196026 40.78446275740862 0
      vertex 113 35 0
    endloop
  endfacet
  facet normal 0 0 -1
    outer loop
      vertex 120 42 0
      vertex 119.97336288541555 41.38990980386734 0
      vertex 113 35 0
    endloop
  endfacet
  facet normal 0 0 -1
    outer loop
      vertex 119.97336288541555 42.61009019613266 0
      vertex 120 42 0
      vertex 113 35 0
    endloop
  endfacet
  facet normal 0 0 -1
    outer loop
      vertex 119.89365427196026 43.21553724259138 0
      vertex 119.97336288541555 42.61009019613266 0
      vertex 113 35 0
    endloop
  endfacet
  facet normal 0 0 -1
    outer loop
      vertex 119.76148078590631 43.811733312904835 0
      vertex 119.89365427196026 43.21553724259138 0
      vertex 113 35 0
    endloop
  endfacet
  facet normal 0 0 -1
    outer loop
      vertex 119.57784834504128 44.394141003489494 0
      vertex 119.76148078590631 43.811733312904835 0
      vertex 113 35 0
    endloop
  endfacet
  facet normal 0 0 -1
    outer loop
      vertex 119.34415450692177 44.9583278298378 0
      vertex 119.57784834504128 44.394141003489494 0
      vertex 113 35 0
    endloop
  endfacet
  facet normal 0 0 -1
    outer loop
      vertex 119.06217782944441 45.5 0
      vertex 119.34415450692177 44.9583278298378 0
      vertex 113 35 0
    endloop
  endfacet
  facet normal 0 0 -1
    outer loop
      vertex 118.73406431078911 46.015035055577755 0
      vertex 119.06217782944441 45.5 0
      vertex 113 35 0
    endloop
  endfacet
  facet normal 0 0 -1
    outer loop
      vertex 118.3623111024499 46.499513268470764 0
      vertex 118.73406431078911 46.015035055577755 0
      vertex 113 35 0
    endloop
  endfacet
  facet normal 0 0 -1
    outer loop
      vertex 117.9497474655509 46.9497474655509 0
      vertex 118.3623111024499 46.499513268470764 0
      vertex 113 35 0
    endloop
  endfacet
  facet normal 0 0 -1
    outer loop
      vertex 117.49951326847076 47.362311102449894 0
      vertex 117.9497474655509 46.9497474655509 0
      vertex 113 35 0
    endloop
  endfacet
  facet normal 0 0 -1
    outer loop
      vertex 117.01503505557775 47.73406431078911 0
      vertex 117.49951326847076 47.362311102449894 0
      vertex 113 35 0
    endloop
  endfacet
  facet normal 0 0 -1
    outer loop
      vertex 116.5 48.06217782944441 0
      vertex 117.01503505557775 47.73406431078911 0
      vertex 113 35 0
    endloop
  endfacet
  facet normal 0 0 -1
    outer loop
      vertex 115.9583278298378 48.34415450692177 0
      vertex 116.5 48.06217782944441 0
      vertex 113 35 0
    endloop
  endfacet
  facet normal 0 0 -1
    outer loop
      vertex 115.3941410034895 48.577848345041275 0
      vertex 115.9583278298378 48.34415450692177 0
      vertex 113 35 0
    endloop
  endfacet
  facet normal 0 0 -1
    outer loop
      vertex 114.81173331290483 48.761480785906315 0
      vertex 115.3941410034895 48.577848345041275 0
      vertex 113 35 0
    endloop
  endfacet
  facet normal 0 0 -1
    outer loop
      vertex 114.21553724259138 48.89365427196026 0
      vertex 114.81173331290483 48.761480785906315 0
      vertex 113 35 0
    endloop
  endfacet
  facet normal 0 0 -1
    outer loop
      vertex 113.61009019613266 48.973362885415554 0
      vertex 114.21553724259138 48.89365427196026 0
      vertex 113 35 0
    endloop
  endfacet
  facet normal 0 0 -1
    outer loop
      vertex 113 49 0
      vertex 113.61009019613266 48.973362885415554 0
      vertex 113 35 0
    endloop
  endfacet
  facet normal 0 0 -1
    outer loop
      vertex 113 49 0
      vertex 113 35 0
      vertex 49 35 0
    endloop
  endfacet
  facet normal 0 0 -1
    outer loop
      vertex 49 49 0
      vertex 113 49 0
      vertex 49 35 0
    endloop
  endfacet
  facet normal 0 0 -1
    outer loop
      vertex 49 49 0
      vertex 49 35 0
      vertex 35 35 0
    endloop
  endfacet
  facet normal 0 0 -1
    outer loop
      vertex 49 49 0
      vertex 35 35 0
      vertex -35 35 0
    endloop
  endfacet
  facet normal 0 0 -1
    outer loop
      vertex 47.73406431078911 117.01503505557775 0
      vertex 48.06217782944441 116.5 0
      vertex 48.34415450692177 115.9583278298378 0
    endloop
  endfacet
  facet normal 0 0 -1
    outer loop
      vertex 47.362311102449894 117.49951326847076 0
      vertex 47.73406431078911 117.01503505557775 0
      vertex 48.34415450692177 115.9583278298378 0
    endloop
  endfacet
  facet normal 0 0 -1
    outer loop
      vertex 46.9497474655509 117.9497474655509 0
      vertex 47.362311102449894 117.49951326847076 0
      vertex 48.34415450692177 115.9583278298378 0
    endloop
  endfacet
  facet normal 0 0 -1
    outer loop
      vertex 46.9497474655509 117.9497474655509 0
      vertex 48.34415450692177 115.9583278298378 0
      vertex 48.577848345041275 115.3941410034895 0
    endloop
  endfacet
  facet normal 0 0 -1
    outer loop
      vertex 46.9497474655509 117.9497474655509 0
      vertex 48.577848345041275 115.3941410034895 0
      vertex 48.761480785906315 114.81173331290483 0
    endloop
  endfacet
  facet normal 0 0 -1
    outer loop
      vertex 46.9497474655509 117.9497474655509 0
      vertex 48.761480785906315 114.81173331290483 0
      vertex 48.89365427196026 114.21553724259138 0
    endloop
  endfacet
  facet normal 0 0 -1
    outer loop
      vertex 46.9497474655509 117.9497474655509 0
      vertex 48.89365427196026 114.21553724259138 0
      vertex 48.973362885415554 113.61009019613266 0
    endloop
  endfacet
  facet normal 0 0 -1
    outer loop
      vertex 46.9497474655509 117.9497474655509 0
      vertex 48.973362885415554 113.61009019613266 0
      vertex 49 113 0
    endloop
  endfacet
  facet normal 0 0 -1
    outer loop
      vertex 46.499513268470764 118.3623111024499 0
      vertex 46.9497474655509 117.9497474655509 0
      vertex 49 113 0
    endloop
  endfacet
  facet normal 0 0 -1
    outer loop
      vertex 46.015035055577755 118.73406431078911 0
      vertex 46.499513268470764 118.3623111024499 0
      vertex 49 113 0
    endloop
  endfacet
  facet normal 0 0 -1
    outer loop
      vertex 45.5 119.06217782944441 0
      vertex 46.015035055577755 118.73406431078911 0
      vertex 49 113 0
    endloop
  endfacet
  facet normal 0 0 -1
    outer loop
      vertex 44.9583278298378 119.34415450692177 0
      vertex 45.5 119.06217782944441 0
      vertex 49 113 0
    endloop
  endfacet
  facet normal 0 0 -1
    outer loop
      vertex 44.394141003489494 119.57784834504128 0
      vertex 44.9583278298378 119.34415450692177 0
      vertex 49 113 0
    endloop
  endfacet
  facet normal 0 0 -1
    outer loop
      vertex 43.811733312904835 119.76148078590631 0
      vertex 44.394141003489494 119.57784834504128 0
      vertex 49 113 0
    endloop
  endfacet
  facet normal 0 0 -1
    outer loop
      vertex 43.21553724259138 119.89365427196026 0
      vertex 43.811733312904835 119.76148078590631 0
      vertex 49 113 0
    endloop
  endfacet
  facet normal 0 0 -1
    outer loop
      vertex 42.61009019613266 119.97336288541555 0
      vertex 43.21553724259138 119.89365427196026 0
      vertex 49 113 0
    endloop
  endfacet
  facet normal 0 0 -1
    outer loop
      vertex 42 120 0
      vertex 42.61009019613266 119.97336288541555 0
      vertex 49 113 0
    endloop
  endfacet
  facet normal 0 0 -1
    outer loop
      vertex 41.38990980386734 119.97336288541555 0
      vertex 42 120 0
      vertex 49 113 0
    endloop
  endfacet
  facet normal 0 0 -1
    outer loop
      vertex 40.78446275740862 119.89365427196026 0
      vertex 41.38990980386734 119.97336288541555 0
      vertex 49 113 0
    endloop
  endfacet
  facet normal 0 0 -1
    outer loop
      vertex 40.188266687095165 119.76148078590631 0
      vertex 40.78446275740862 119.89365427196026 0
      vertex 49 113 0
    endloop
  endfacet
  facet normal 0 0 -1
    outer loop
      vertex 39.605858996510506 119.57784834504128 0
      vertex 40.188266687095165 119.76148078590631 0
      vertex 49 113 0
    endloop
  endfacet
  facet normal 0 0 -1
    outer loop
      vertex 39.0416721701622 119.34415450692177 0
      vertex 39.605858996510506 119.57784834504128 0
      vertex 49 113 0
    endloop
  endfacet
  facet normal 0 0 -1
    outer loop
      vertex 38.5 119.06217782944441 0
      vertex 39.0416721701622 119.34415450692177 0
      vertex 49 113 0
    endloop
  endfacet
  facet normal 0 0 -1
    outer loop
      vertex 37.984964944422245 118.73406431078911 0
      vertex 38.5 119.06217782944441 0
      vertex 49 113 0
    endloop
  endfacet
  facet normal 0 0 -1
    outer loop
      vertex 37.500486731529236 118.3623111024499 0
      vertex 37.984964944422245 118.73406431078911 0
      vertex 49 113 0
    endloop
  endfacet
  facet normal 0 0 -1
    outer loop
      vertex 37.0502525344491 117.9497474655509 0
      vertex 37.500486731529236 118.3623111024499 0
      vertex 49 113 0
    endloop
  endfacet
  facet normal 0 0 -1
    outer loop
      vertex 36.637688897550106 117.49951326847076 0
      vertex 37.0502525344491 117.9497474655509 0
      vertex 49 113 0
    endloop
  endfacet
  facet normal 0 0 -1
    outer loop
      vertex 36.26593568921089 117.01503505557775 0
      vertex 36.637688897550106 117.49951326847076 0
      vertex 49 113 0
    endloop
  endfacet
  facet normal 0 0 -1
    outer loop
      vertex 35.93782217055559 116.5 0
      vertex 36.26593568921089 117.01503505557775 0
      vertex 49 113 0
    endloop
  endfacet
  facet normal 0 0 -1
    outer loop
      vertex 35.65584549307823 115.9583278298378 0
      vertex 35.93782217055559 116.5 0
      vertex 49 113 0
    endloop
  endfacet
  facet normal 0 0 -1
    outer loop
      vertex 35.422151654958725 115.3941410034895 0
      vertex 35.65584549307823 115.9583278298378 0
      vertex 49 113 0
    endloop
  endfacet
  facet normal 0 0 -1
    outer loop
      vertex 35.238519214093685 114.81173331290483 0
      vertex 35.422151654958725 115.3941410034895 0
      vertex 49 113 0
    endloop
  endfacet
  facet normal 0 0 -1
    outer loop
      vertex 35.10634572803974 114.21553724259138 0
      vertex 35.238519214093685 114.81173331290483 0
      vertex 49 113 0
    endloop
  endfacet
  facet normal 0 0 -1
    outer loop
      vertex 35.026637114584446 113.61009019613266 0
      vertex 35.10634572803974 114.21553724259138 0
      vertex 49 113 0
    endloop
  endfacet
  facet normal 0 0 -1
    outer loop
      vertex 35 113 0
      vertex 35.026637114584446 113.61009019613266 0
      vertex 49 113 0
    endloop
  endfacet
  facet normal 0 0 -1
    outer loop
      vertex 35 113 0
      vertex 49 113 0
      vertex 49 49 0
    endloop
  endfacet
  facet normal 0 0 -1
    outer loop
      vertex 35 49 0
      vertex 35 113 0
      vertex 49 49 0
    endloop
  endfacet
  facet normal 0 0 -1
    outer loop
      vertex 35 49 0
      vertex 49 49 0
      vertex -35 35 0
    endloop
  endfacet
  facet normal 0 0 -1
    outer loop
      vertex -35 49 0
      vertex 35 49 0
      vertex -35 35 0
    endloop
  endfacet
  facet normal 0 0 -1
    outer loop
      vertex -36.26593568921089 117.01503505557775 0
      vertex -35.93782217055559 116.5 0
      vertex -35.65584549307823 115.9583278298378 0
    endloop
  endfacet
  facet normal 0 0 -1
    outer loop
      vertex -36.637688897550106 117.49951326847076 0
      vertex -36.26593568921089 117.01503505557775 0
      vertex -35.65584549307823 115.9583278298378 0
    endloop
  endfacet
  facet normal 0 0 -1
    outer loop
      vertex -37.0502525344491 117.9497474655509 0
      vertex -36.637688897550106 117.49951326847076 0
      vertex -35.65584549307823 115.9583278298378 0
    endloop
  endfacet
  facet normal 0 0 -1
    outer loop
      vertex -37.0502525344491 117.9497474655509 0
      vertex -35.65584549307823 115.9583278298378 0
      vertex -35.422151654958725 115.3941410034895 0
    endloop
  endfacet
  facet normal 0 0 -1
    outer loop
      vertex -37.0502525344491 117.9497474655509 0
      vertex -35.422151654958725 115.3941410034895 0
      vertex -35.238519214093685 114.81173331290483 0
    endloop
  endfacet
  facet normal 0 0 -1
    outer loop
      vertex -37.0502525344491 117.9497474655509 0
      vertex -35.238519214093685 114.81173331290483 0
      vertex -35.10634572803974 114.21553724259138 0
    endloop
  endfacet
  facet normal 0 0 -1
    outer loop
      vertex -37.0502525344491 117.9497474655509 0
      vertex -35.10634572803974 114.21553724259138 0
      vertex -35.026637114584446 113.61009019613266 0
    endloop
  endfacet
  facet normal 0 0 -1
    outer loop
      vertex -37.0502525344491 117.9497474655509 0
      vertex -35.026637114584446 113.61009019613266 0
      vertex -35 113 0
    endloop
  endfacet
  facet normal 0 0 -1
    outer loop
      vertex -37.500486731529236 118.3623111024499 0
      vertex -37.0502525344491 117.9497474655509 0
      vertex -35 113 0
    endloop
  endfacet
  facet normal 0 0 -1
    outer loop
      vertex -37.984964944422245 118.73406431078911 0
      vertex -37.500486731529236 118.3623111024499 0
      vertex -35 113 0
    endloop
  endfacet
  facet normal 0 0 -1
    outer loop
      vertex -38.5 119.06217782944441 0
      vertex -37.984964944422245 118.73406431078911 0
      vertex -35 113 0
    endloop
  endfacet
  facet normal 0 0 -1
    outer loop
      vertex -39.0416721701622 119.34415450692177 0
      vertex -38.5 119.06217782944441 0
      vertex -35 113 0
    endloop
  endfacet
  facet normal 0 0 -1
    outer loop
      vertex -39.605858996510506 119.57784834504128 0
      vertex -39.0416721701622 119.34415450692177 0
      vertex -35 113 0
    endloop
  endfacet
  facet normal 0 0 -1
    outer loop
      vertex -40.188266687095165 119.76148078590631 0
      vertex -39.605858996510506 119.57784834504128 0
      vertex -35 113 0
    endloop
  endfacet
  facet normal 0 0 -1
    outer loop
      vertex -40.78446275740862 119.89365427196026 0
      vertex -40.188266687095165 119.76148078590631 0
      vertex -35 113 0
    endloop
  endfacet
  facet normal 0 0 -1
    outer loop
      vertex -41.38990980386734 119.97336288541555 0
      vertex -40.78446275740862 119.89365427196026 0
      vertex -35 113 0
    endloop
  endfacet
  facet normal 0 0 -1
    outer loop
      vertex -42 120 0
      vertex -41.38990980386734 119.97336288541555 0
      vertex -35 113 0
    endloop
  endfacet
  facet normal 0 0 -1
    outer loop
      vertex -42.61009019613266 119.97336288541555 0
      vertex -42 120 0
      vertex -35 113 0
    endloop
  endfacet
  facet normal 0 0 -1
    outer loop
      vertex -43.21553724259138 119.89365427196026 0
      vertex -42.61009019613266 119.97336288541555 0
      vertex -35 113 0
    endloop
  endfacet
  facet normal 0 0 -1
    outer loop
      vertex -43.811733312904835 119.76148078590631 0
      vertex -43.21553724259138 119.89365427196026 0
      vertex -35 113 0
    endloop
  endfacet
  facet normal 0 0 -1
    outer loop
      vertex -44.394141003489494 119.57784834504128 0
      vertex -43.811733312904835 119.76148078590631 0
      vertex -35 113 0
    endloop
  endfacet
  facet normal 0 0 -1
    outer loop
      vertex -44.9583278298378 119.34415450692177 0
      vertex -44.394141003489494 119.57784834504128 0
      vertex -35 113 0
    endloop
  endfacet
  facet normal 0 0 -1
    outer loop
      vertex -45.5 119.06217782944441 0
      vertex -44.9583278298378 119.34415450692177 0
      vertex -35 113 0
    endloop
  endfacet
  facet normal 0 0 -1
    outer loop
      vertex -46.015035055577755 118.73406431078911 0
      vertex -45.5 119.06217782944441 0
      vertex -35 113 0
    endloop
  endfacet
  facet normal 0 0 -1
    outer loop
      vertex -46.499513268470764 118.3623111024499 0
      vertex -46.015035055577755 118.73406431078911 0
      vertex -35 113 0
    endloop
  endfacet
  facet normal 0 0 -1
    outer loop
      vertex -46.9497474655509 117.9497474655509 0
      vertex -46.499513268470764 118.3623111024499 0
      vertex -35 113 0
    endloop
  endfacet
  facet normal 0 0 -1
    outer loop
      vertex -47.362311102449894 117.49951326847076 0
      vertex -46.9497474655509 117.9497474655509 0
      vertex -35 113 0
    endloop
  endfacet
  facet normal 0 0 -1
    outer loop
      vertex -47.73406431078911 117.01503505557775 0
      vertex -47.362311102449894 117.49951326847076 0
      vertex -35 113 0
    endloop
  endfacet
  facet normal 0 0 -1
    outer loop
      vertex -48.06217782944441 116.5 0
      vertex -47.73406431078911 117.01503505557775 0
      vertex -35 113 0
    endloop
  endfacet
  facet normal 0 0 -1
    outer loop
      vertex -48.34415450692177 115.9583278298378 0
      vertex -48.06217782944441 116.5 0
      vertex -35 113 0
    endloop
  endfacet
  facet normal 0 0 -1
    outer loop
      vertex -48.577848345041275 115.3941410034895 0
      vertex -48.34415450692177 115.9583278298378 0
      vertex -35 113 0
    endloop
  endfacet
  facet normal 0 0 -1
    outer loop
      vertex -48.761480785906315 114.81173331290483 0
      vertex -48.577848345041275 115.3941410034895 0
      vertex -35 113 0
    endloop
  endfacet
  facet normal 0 0 -1
    outer loop
      vertex -48.89365427196026 114.21553724259138 0
      vertex -48.761480785906315 114.81173331290483 0
      vertex -35 113 0
    endloop
  endfacet
  facet normal 0 0 -1
    outer loop
      vertex -48.973362885415554 113.61009019613266 0
      vertex -48.89365427196026 114.21553724259138 0
      vertex -35 113 0
    endloop
  endfacet
  facet normal 0 0 -1
    outer loop
      vertex -49 113 0
      vertex -48.973362885415554 113.61009019613266 0
      vertex -35 113 0
    endloop
  endfacet
  facet normal 0 0 -1
    outer loop
      vertex -49 113 0
      vertex -35 113 0
      vertex -35 49 0
    endloop
  endfacet
  facet normal 0 0 -1
    outer loop
      vertex -49 49 0
      vertex -49 113 0
      vertex -35 49 0
    endloop
  endfacet
  facet normal 0 0 -1
    outer loop
      vertex -49 49 0
      vertex -35 49 0
      vertex -35 35 0
    endloop
  endfacet
  facet normal 0 0 -1
    outer loop
      vertex -49 49 0
      vertex -35 35 0
      vertex -35 -35 0
    endloop
  endfacet
  facet normal 0 0 -1
    outer loop
      vertex -117.01503505557775 47.73406431078911 0
      vertex -116.5 48.06217782944441 0
      vertex -115.9583278298378 48.34415450692177 0
    endloop
  endfacet
  facet normal 0 0 -1
    outer loop
      vertex -117.49951326847076 47.362311102449894 0
      vertex -117.01503505557775 47.73406431078911 0
      vertex -115.9583278298378 48.34415450692177 0
    endloop
  endfacet
  facet normal 0 0 -1
    outer loop
      vertex -117.9497474655509 46.9497474655509 0
      vertex -117.49951326847076 47.362311102449894 0
      vertex -115.9583278298378 48.34415450692177 0
    endloop
  endfacet
  facet normal 0 0 -1
    outer loop
      vertex -117.9497474655509 46.9497474655509 0
      vertex -115.9583278298378 48.34415450692177 0
      vertex -115.3941410034895 48.577848345041275 0
    endloop
  endfacet
  facet normal 0 0 -1
    outer loop
      vertex -117.9497474655509 46.9497474655509 0
      vertex -115.3941410034895 48.577848345041275 0
      vertex -114.81173331290483 48.761480785906315 0
    endloop
  endfacet
  facet normal 0 0 -1
    outer loop
      vertex -117.9497474655509 46.9497474655509 0
      vertex -114.81173331290483 48.761480785906315 0
      vertex -114.21553724259138 48.89365427196026 0
    endloop
  endfacet
  facet normal 0 0 -1
    outer loop
      vertex -117.9497474655509 46.9497474655509 0
      vertex -114.21553724259138 48.89365427196026 0
      vertex -113.61009019613266 48.973362885415554 0
    endloop
  endfacet
  facet normal 0 0 -1
    outer loop
      vertex -117.9497474655509 46.9497474655509 0
      vertex -113.61009019613266 48.973362885415554 0
      vertex -113 49 0
    endloop
  endfacet
  facet normal 0 0 -1
    outer loop
      vertex -118.3623111024499 46.499513268470764 0
      vertex -117.9497474655509 46.9497474655509 0
      vertex -113 49 0
    endloop
  endfacet
  facet normal 0 0 -1
    outer loop
      vertex -118.73406431078911 46.015035055577755 0
      vertex -118.3623111024499 46.499513268470764 0
      vertex -113 49 0
    endloop
  endfacet
  facet normal 0 0 -1
    outer loop
      vertex -119.06217782944441 45.5 0
      vertex -118.73406431078911 46.015035055577755 0
      vertex -113 49 0
    endloop
  endfacet
  facet normal 0 0 -1
    outer loop
      vertex -119.34415450692177 44.9583278298378 0
      vertex -119.06217782944441 45.5 0
      vertex -113 49 0
    endloop
  endfacet
  facet normal 0 0 -1
    outer loop
      vertex -119.57784834504128 44.394141003489494 0
      vertex -119.34415450692177 44.9583278298378 0
      vertex -113 49 0
    endloop
  endfacet
  facet normal 0 0 -1
    outer loop
      vertex -119.76148078590631 43.811733312904835 0
      vertex -119.57784834504128 44.394141003489494 0
      vertex -113 49 0
    endloop
  endfacet
  facet normal 0 0 -1
    outer loop
      vertex -119.89365427196026 43.21553724259138 0
      vertex -119.76148078590631 43.811733312904835 0
      vertex -113 49 0
    endloop
  endfacet
  facet normal 0 0 -1
    outer loop
      vertex -119.97336288541555 42.61009019613266 0
      vertex -119.89365427196026 43.21553724259138 0
      vertex -113 49 0
    endloop
  endfacet
  facet normal 0 0 -1
    outer loop
      vertex -120 42 0
      vertex -119.97336288541555 42.61009019613266 0
      vertex -113 49 0
    endloop
  endfacet
  facet normal 0 0 -1
    outer loop
      vertex -119.97336288541555 41.38990980386734 0
      vertex -120 42 0
      vertex -113 49 0
    endloop
  endfacet
  facet normal 0 0 -1
    outer loop
      vertex -119.89365427196026 40.78446275740862 0
      vertex -119.97336288541555 41.38990980386734 0
      vertex -113 49 0
    endloop
  endfacet
  facet normal 0 0 -1
    outer loop
      vertex -119.76148078590631 40.188266687095165 0
      vertex -119.89365427196026 40.78446275740862 0
      vertex -113 49 0
    endloop
  endfacet
  facet normal 0 0 -1
    outer loop
      vertex -119.57784834504128 39.605858996510506 0
      vertex -119.76148078590631 40.188266687095165 0
      vertex -113 49 0
    endloop
  endfacet
  facet normal 0 0 -1
    outer loop
      vertex -119.34415450692177 39.0416721701622 0
      vertex -119.57784834504128 39.605858996510506 0
      vertex -113 49 0
    endloop
  endfacet
  facet normal 0 0 -1
    outer loop
      vertex -119.06217782944441 38.5 0
      vertex -119.34415450692177 39.0416721701622 0
      vertex -113 49 0
    endloop
  endfacet
  facet normal 0 0 -1
    outer loop
      vertex -118.73406431078911 37.984964944422245 0
      vertex -119.06217782944441 38.5 0
      vertex -113 49 0
    endloop
  endfacet
  facet normal 0 0 -1
    outer loop
      vertex -118.3623111024499 37.500486731529236 0
      vertex -118.73406431078911 37.984964944422245 0
      vertex -113 49 0
    endloop
  endfacet
  facet normal 0 0 -1
    outer loop
      vertex -117.9497474655509 37.0502525344491 0
      vertex -118.3623111024499 37.500486731529236 0
      vertex -113 49 0
    endloop
  endfacet
  facet normal 0 0 -1
    outer loop
      vertex -117.49951326847076 36.637688897550106 0
      vertex -117.9497474655509 37.0502525344491 0
      vertex -113 49 0
    endloop
  endfacet
  facet normal 0 0 -1
    outer loop
      vertex -117.01503505557775 36.26593568921089 0
      vertex -117.49951326847076 36.637688897550106 0
      vertex -113 49 0
    endloop
  endfacet
  facet normal 0 0 -1
    outer loop
      vertex -116.5 35.93782217055559 0
      vertex -117.01503505557775 36.26593568921089 0
      vertex -113 49 0
    endloop
  endfacet
  facet normal 0 0 -1
    outer loop
      vertex -115.9583278298378 35.65584549307823 0
      vertex -116.5 35.93782217055559 0
      vertex -113 49 0
    endloop
  endfacet
  facet normal 0 0 -1
    outer loop
      vertex -115.3941410034895 35.422151654958725 0
      vertex -115.9583278298378 35.65584549307823 0
      vertex -113 49 0
    endloop
  endfacet
  facet normal 0 0 -1
    outer loop
      vertex -114.81173331290483 35.238519214093685 0
      vertex -115.3941410034895 35.422151654958725 0
      vertex -113 49 0
    endloop
  endfacet
  facet normal 0 0 -1
    outer loop
      vertex -114.21553724259138 35.10634572803974 0
      vertex -114.81173331290483 35.238519214093685 0
      vertex -113 49 0
    endloop
  endfacet
  facet normal 0 0 -1
    outer loop
      vertex -113.61009019613266 35.026637114584446 0
      vertex -114.21553724259138 35.10634572803974 0
      vertex -113 49 0
    endloop
  endfacet
  facet normal 0 0 -1
    outer loop
      vertex -113 35 0
      vertex -113.61009019613266 35.026637114584446 0
      vertex -113 49 0
    endloop
  endfacet
  facet normal 0 0 -1
    outer loop
      vertex -113 35 0
      vertex -113 49 0
      vertex -49 49 0
    endloop
  endfacet
  facet normal 0 0 -1
    outer loop
      vertex -49 35 0
      vertex -113 35 0
      vertex -49 49 0
    endloop
  endfacet
  facet normal 0 0 -1
    outer loop
      vertex -49 35 0
      vertex -49 49 0
      vertex -35 -35 0
    endloop
  endfacet
  facet normal 0 0 -1
    outer loop
      vertex -49 -35 0
      vertex -49 35 0
      vertex -35 -35 0
    endloop
  endfacet
  facet normal 0 0 -1
    outer loop
      vertex -117.01503505557775 -36.26593568921089 0
      vertex -116.5 -35.93782217055559 0
      vertex -115.9583278298378 -35.65584549307823 0
    endloop
  endfacet
  facet normal 0 0 -1
    outer loop
      vertex -117.49951326847076 -36.637688897550106 0
      vertex -117.01503505557775 -36.26593568921089 0
      vertex -115.9583278298378 -35.65584549307823 0
    endloop
  endfacet
  facet normal 0 0 -1
    outer loop
      vertex -117.9497474655509 -37.0502525344491 0
      vertex -117.49951326847076 -36.637688897550106 0
      vertex -115.9583278298378 -35.65584549307823 0
    endloop
  endfacet
  facet normal 0 0 -1
    outer loop
      vertex -117.9497474655509 -37.0502525344491 0
      vertex -115.9583278298378 -35.65584549307823 0
      vertex -115.3941410034895 -35.422151654958725 0
    endloop
  endfacet
  facet normal 0 0 -1
    outer loop
      vertex -117.9497474655509 -37.0502525344491 0
      vertex -115.3941410034895 -35.422151654958725 0
      vertex -114.81173331290483 -35.238519214093685 0
    endloop
  endfacet
  facet normal 0 0 -1
    outer loop
      vertex -117.9497474655509 -37.0502525344491 0
      vertex -114.81173331290483 -35.238519214093685 0
      vertex -114.21553724259138 -35.10634572803974 0
    endloop
  endfacet
  facet normal 0 0 -1
    outer loop
      vertex -117.9497474655509 -37.0502525344491 0
      vertex -114.21553724259138 -35.10634572803974 0
      vertex -113.61009019613266 -35.026637114584446 0
    endloop
  endfacet
  facet normal 0 0 -1
    outer loop
      vertex -117.9497474655509 -37.0502525344491 0
      vertex -113.61009019613266 -35.026637114584446 0
      vertex -113 -35 0
    endloop
  endfacet
  facet normal 0 0 -1
    outer loop
      vertex -118.3623111024499 -37.500486731529236 0
      vertex -117.9497474655509 -37.0502525344491 0
      vertex -113 -35 0
    endloop
  endfacet
  facet normal 0 0 -1
    outer loop
      vertex -118.73406431078911 -37.984964944422245 0
      vertex -118.3623111024499 -37.500486731529236 0
      vertex -113 -35 0
    endloop
  endfacet
  facet normal 0 0 -1
    outer loop
      vertex -119.06217782944441 -38.5 0
      vertex -118.73406431078911 -37.984964944422245 0
      vertex -113 -35 0
    endloop
  endfacet
  facet normal 0 0 -1
    outer loop
      vertex -119.34415450692177 -39.0416721701622 0
      vertex -119.06217782944441 -38.5 0
      vertex -113 -35 0
    endloop
  endfacet
  facet normal 0 0 -1
    outer loop
      vertex -119.57784834504128 -39.605858996510506 0
      vertex -119.34415450692177 -39.0416721701622 0
      vertex -113 -35 0
    endloop
  endfacet
  facet normal 0 0 -1
    outer loop
      vertex -119.76148078590631 -40.188266687095165 0
      vertex -119.57784834504128 -39.605858996510506 0
      vertex -113 -35 0
    endloop
  endfacet
  facet normal 0 0 -1
    outer loop
      vertex -119.89365427196026 -40.78446275740862 0
      vertex -119.76148078590631 -40.188266687095165 0
      vertex -113 -35 0
    endloop
  endfacet
  facet normal 0 0 -1
    outer loop
      vertex -119.97336288541555 -41.38990980386734 0
      vertex -119.89365427196026 -40.78446275740862 0
      vertex -113 -35 0
    endloop
  endfacet
  facet normal 0 0 -1
    outer loop
      vertex -120 -42 0
      vertex -119.97336288541555 -41.38990980386734 0
      vertex -113 -35 0
    endloop
  endfacet
  facet normal 0 0 -1
    outer loop
      vertex -119.97336288541555 -42.61009019613266 0
      vertex -120 -42 0
      vertex -113 -35 0
    endloop
  endfacet
  facet normal 0 0 -1
    outer loop
      vertex -119.89365427196026 -43.21553724259138 0
      vertex -119.97336288541555 -42.61009019613266 0
      vertex -113 -35 0
    endloop
  endfacet
  facet normal 0 0 -1
    outer loop
      vertex -119.76148078590631 -43.811733312904835 0
      vertex -119.89365427196026 -43.21553724259138 0
      vertex -113 -35 0
    endloop
  endfacet
  facet normal 0 0 -1
    outer loop
      vertex -119.57784834504128 -44.394141003489494 0
      vertex -119.76148078590631 -43.811733312904835 0
      vertex -113 -35 0
    endloop
  endfacet
  facet normal 0 0 -1
    outer loop
      vertex -119.34415450692177 -44.9583278298378 0
      vertex -119.57784834504128 -44.394141003489494 0
      vertex -113 -35 0
    endloop
  endfacet
  facet normal 0 0 -1
    outer loop
      vertex -119.06217782944441 -45.5 0
      vertex -119.34415450692177 -44.9583278298378 0
      vertex -113 -35 0
    endloop
  endfacet
  facet normal 0 0 -1
    outer loop
      vertex -118.73406431078911 -46.015035055577755 0
      vertex -119.06217782944441 -45.5 0
      vertex -113 -35 0
    endloop
  endfacet
  facet normal 0 0 -1
    outer loop
      vertex -118.3623111024499 -46.499513268470764 0
      vertex -118.73406431078911 -46.015035055577755 0
      vertex -113 -35 0
    endloop
  endfacet
  facet normal 0 0 -1
    outer loop
      vertex -117.9497474655509 -46.9497474655509 0
      vertex -118.3623111024499 -46.499513268470764 0
      vertex -113 -35 0
    endloop
  endfacet
  facet normal 0 0 -1
    outer loop
      vertex -117.49951326847076 -47.362311102449894 0
      vertex -117.9497474655509 -46.9497474655509 0
      vertex -113 -35 0
    endloop
  endfacet
  facet normal 0 0 -1
    outer loop
      vertex -117.01503505557775 -47.73406431078911 0
      vertex -117.49951326847076 -47.362311102449894 0
      vertex -113 -35 0
    endloop
  endfacet
  facet normal 0 0 -1
    outer loop
      vertex -116.5 -48.06217782944441 0
      vertex -117.01503505557775 -47.73406431078911 0
      vertex -113 -35 0
    endloop
  endfacet
  facet normal 0 0 -1
    outer loop
      vertex -115.9583278298378 -48.34415450692177 0
      vertex -116.5 -48.06217782944441 0
      vertex -113 -35 0
    endloop
  endfacet
  facet normal 0 0 -1
    outer loop
      vertex -115.3941410034895 -48.577848345041275 0
      vertex -115.9583278298378 -48.34415450692177 0
      vertex -113 -35 0
    endloop
  endfacet
  facet normal 0 0 -1
    outer loop
      vertex -114.81173331290483 -48.761480785906315 0
      vertex -115.3941410034895 -48.577848345041275 0
      vertex -113 -35 0
    endloop
  endfacet
  facet normal 0 0 -1
    outer loop
      vertex -114.21553724259138 -48.89365427196026 0
      vertex -114.81173331290483 -48.761480785906315 0
      vertex -113 -35 0
    endloop
  endfacet
  facet normal 0 0 -1
    outer loop
      vertex -113.61009019613266 -48.973362885415554 0
      vertex -114.21553724259138 -48.89365427196026 0
      vertex -113 -35 0
    endloop
  endfacet
  facet normal 0 0 -1
    outer loop
      vertex -113 -49 0
      vertex -113.61009019613266 -48.973362885415554 0
      vertex -113 -35 0
    endloop
  endfacet
  facet normal 0 0 -1
    outer loop
      vertex -113 -49 0
      vertex -113 -35 0
      vertex -49 -35 0
    endloop
  endfacet
  facet normal 0 0 -1
    outer loop
      vertex -49 -49 0
      vertex -113 -49 0
      vertex -49 -35 0
    endloop
  endfacet
  facet normal 0 0 -1
    outer loop
      vertex -49 -49 0
      vertex -49 -35 0
      vertex -35 -35 0
    endloop
  endfacet
  facet normal 0 0 -1
    outer loop
      vertex -49 -49 0
      vertex -35 -35 0
      vertex 35 -35 0
    endloop
  endfacet
  facet normal 0 0 -1
    outer loop
      vertex -47.73406431078911 -117.01503505557775 0
      vertex -48.06217782944441 -116.5 0
      vertex -48.34415450692177 -115.9583278298378 0
    endloop
  endfacet
  facet normal 0 0 -1
    outer loop
      vertex -47.362311102449894 -117.49951326847076 0
      vertex -47.73406431078911 -117.01503505557775 0
      vertex -48.34415450692177 -115.9583278298378 0
    endloop
  endfacet
  facet normal 0 0 -1
    outer loop
      vertex -46.9497474655509 -117.9497474655509 0
      vertex -47.362311102449894 -117.49951326847076 0
      vertex -48.34415450692177 -115.9583278298378 0
    endloop
  endfacet
  facet normal 0 0 -1
    outer loop
      vertex -46.9497474655509 -117.9497474655509 0
      vertex -48.34415450692177 -115.9583278298378 0
      vertex -48.577848345041275 -115.3941410034895 0
    endloop
  endfacet
  facet normal 0 0 -1
    outer loop
      vertex -46.9497474655509 -117.9497474655509 0
      vertex -48.577848345041275 -115.3941410034895 0
      vertex -48.761480785906315 -114.81173331290483 0
    endloop
  endfacet
  facet normal 0 0 -1
    outer loop
      vertex -46.9497474655509 -117.9497474655509 0
      vertex -48.761480785906315 -114.81173331290483 0
      vertex -48.89365427196026 -114.21553724259138 0
    endloop
  endfacet
  facet normal 0 0 -1
    outer loop
      vertex -46.9497474655509 -117.9497474655509 0
      vertex -48.89365427196026 -114.21553724259138 0
      vertex -48.973362885415554 -113.61009019613266 0
    endloop
  endfacet
  facet normal 0 0 -1
    outer loop
      vertex -46.9497474655509 -117.9497474655509 0
      vertex -48.973362885415554 -113.61009019613266 0
      vertex -49 -113 0
    endloop
  endfacet
  facet normal 0 0 -1
    outer loop
      vertex -46.499513268470764 -118.3623111024499 0
      vertex -46.9497474655509 -117.9497474655509 0
      vertex -49 -113 0
    endloop
  endfacet
  facet normal 0 0 -1
    outer loop
      vertex -46.015035055577755 -118.73406431078911 0
      vertex -46.499513268470764 -118.3623111024499 0
      vertex -49 -113 0
    endloop
  endfacet
  facet normal 0 0 -1
    outer loop
      vertex -45.5 -119.06217782944441 0
      vertex -46.015035055577755 -118.73406431078911 0
      vertex -49 -113 0
    endloop
  endfacet
  facet normal 0 0 -1
    outer loop
      vertex -44.9583278298378 -119.34415450692177 0
      vertex -45.5 -119.06217782944441 0
      vertex -49 -113 0
    endloop
  endfacet
  facet normal 0 0 -1
    outer loop
      vertex -44.394141003489494 -119.57784834504128 0
      vertex -44.9583278298378 -119.34415450692177 0
      vertex -49 -113 0
    endloop
  endfacet
  facet normal 0 0 -1
    outer loop
      vertex -43.811733312904835 -119.76148078590631 0
      vertex -44.394141003489494 -119.57784834504128 0
      vertex -49 -113 0
    endloop
  endfacet
  facet normal 0 0 -1
    outer loop
      vertex -43.21553724259138 -119.89365427196026 0
      vertex -43.811733312904835 -119.76148078590631 0
      vertex -49 -113 0
    endloop
  endfacet
  facet normal 0 0 -1
    outer loop
      vertex -42.61009019613266 -119.97336288541555 0
      vertex -43.21553724259138 -119.89365427196026 0
      vertex -49 -113 0
    endloop
  endfacet
  facet normal 0 0 -1
    outer loop
      vertex -42 -120 0
      vertex -42.61009019613266 -119.97336288541555 0
      vertex -49 -113 0
    endloop
  endfacet
  facet normal 0 0 -1
    outer loop
      vertex -41.38990980386734 -119.97336288541555 0
      vertex -42 -120 0
      vertex -49 -113 0
    endloop
  endfacet
  facet normal 0 0 -1
    outer loop
      vertex -40.78446275740862 -119.89365427196026 0
      vertex -41.38990980386734 -119.97336288541555 0
      vertex -49 -113 0
    endloop
  endfacet
  facet normal 0 0 -1
    outer loop
      vertex -40.188266687095165 -119.76148078590631 0
      vertex -40.78446275740862 -119.89365427196026 0
      vertex -49 -113 0
    endloop
  endfacet
  facet normal 0 0 -1
    outer loop
      vertex -39.605858996510506 -119.57784834504128 0
      vertex -40.188266687095165 -119.76148078590631 0
      vertex -49 -113 0
    endloop
  endfacet
  facet normal 0 0 -1
    outer loop
      vertex -39.0416721701622 -119.34415450692177 0
      vertex -39.605858996510506 -119.57784834504128 0
      vertex -49 -113 0
    endloop
  endfacet
  facet normal 0 0 -1
    outer loop
      vertex -38.5 -119.06217782944441 0
      vertex -39.0416721701622 -119.34415450692177 0
      vertex -49 -113 0
    endloop
  endfacet
  facet normal 0 0 -1
    outer loop
      vertex -37.984964944422245 -118.73406431078911 0
      vertex -38.5 -119.06217782944441 0
      vertex -49 -113 0
    endloop
  endfacet
  facet normal 0 0 -1
    outer loop
      vertex -37.500486731529236 -118.3623111024499 0
      vertex -37.984964944422245 -118.73406431078911 0
      vertex -49 -113 0
    endloop
  endfacet
  facet normal 0 0 -1
    outer loop
      vertex -37.0502525344491 -117.9497474655509 0
      vertex -37.500486731529236 -118.3623111024499 0
      vertex -49 -113 0
    endloop
  endfacet
  facet normal 0 0 -1
    outer loop
      vertex -36.637688897550106 -117.49951326847076 0
      vertex -37.0502525344491 -117.9497474655509 0
      vertex -49 -113 0
    endloop
  endfacet
  facet normal 0 0 -1
    outer loop
      vertex -36.26593568921089 -117.01503505557775 0
      vertex -36.637688897550106 -117.49951326847076 0
      vertex -49 -113 0
    endloop
  endfacet
  facet normal 0 0 -1
    outer loop
      vertex -35.93782217055559 -116.5 0
      vertex -36.26593568921089 -117.01503505557775 0
      vertex -49 -113 0
    endloop
  endfacet
  facet normal 0 0 -1
    outer loop
      vertex -35.65584549307823 -115.9583278298378 0
      vertex -35.93782217055559 -116.5 0
      vertex -49 -113 0
    endloop
  endfacet
  facet normal 0 0 -1
    outer loop
      vertex -35.422151654958725 -115.3941410034895 0
      vertex -35.65584549307823 -115.9583278298378 0
      vertex -49 -113 0
    endloop
  endfacet
  facet normal 0 0 -1
    outer loop
      vertex -35.238519214093685 -114.81173331290483 0
      vertex -35.422151654958725 -115.3941410034895 0
      vertex -49 -113 0
    endloop
  endfacet
  facet normal 0 0 -1
    outer loop
      vertex -35.10634572803974 -114.21553724259138 0
      vertex -35.238519214093685 -114.81173331290483 0
      vertex -49 -113 0
    endloop
  endfacet
  facet normal 0 0 -1
    outer loop
      vertex -35.026637114584446 -113.61009019613266 0
      vertex -35.10634572803974 -114.21553724259138 0
      vertex -49 -113 0
    endloop
  endfacet
  facet normal 0 0 -1
    outer loop
      vertex -35 -113 0
      vertex -35.026637114584446 -113.61009019613266 0
      vertex -49 -113 0
    endloop
  endfacet
  facet normal 0 0 -1
    outer loop
      vertex -35 -113 0
      vertex -49 -113 0
      vertex -49 -49 0
    endloop
  endfacet
  facet normal 0 0 -1
    outer loop
      vertex -35 -49 0
      vertex -35 -113 0
      vertex -49 -49 0
    endloop
  endfacet
  facet normal 0 0 -1
    outer loop
      vertex -35 -49 0
      vertex -49 -49 0
      vertex 35 -35 0
    endloop
  endfacet
  facet normal 0 0 -1
    outer loop
      vertex 35 -49 0
      vertex -35 -49 0
      vertex 35 -35 0
    endloop
  endfacet
  facet normal 0 0 -1
    outer loop
      vertex 35 -49 0
      vertex 35 -35 0
      vertex 35.026637114584446 -113.61009019613266 0
    endloop
  endfacet
  facet normal 0 0 -1
    outer loop
      vertex 35 -113 0
      vertex 35 -49 0
      vertex 35.026637114584446 -113.61009019613266 0
    endloop
  endfacet
endsolid OpenSCAD_Model
