solid OpenSCAD_Model
  facet normal 0.0980171401680856 -0.9951847266881009 0
    outer loop
      vertex 3.3936809971928596 -25.777566395699978 0
      vertex 1.7004813626408577 -25.944332003593445 8
      vertex 1.7004813626408577 -25.944332003593445 0
    endloop
  endfacet
  facet normal 0.0980171401680856 -0.9951847266881009 0
    outer loop
      vertex 3.3936809971928596 -25.777566395699978 0
      vertex 3.3936809971928596 -25.777566395699978 8
      vertex 1.7004813626408577 -25.944332003593445 8
    endloop
  endfacet
  facet normal 0.16289547251887465 -0.98664333222946 0
    outer loop
      vertex 5.072348371148109 -25.500417292118073 0
      vertex 3.3936809971928596 -25.777566395699978 8
      vertex 3.3936809971928596 -25.777566395699978 0
    endloop
  endfacet
  facet normal 0.16289547251887465 -0.98664333222946 0
    outer loop
      vertex 5.072348371148109 -25.500417292118073 0
      vertex 5.072348371148109 -25.500417292118073 8
      vertex 3.3936809971928596 -25.777566395699978 8
    endloop
  endfacet
  facet normal 0.22707626533442676 -0.9738769787410364 -4.0783620984658245e-18
    outer loop
      vertex 6.7292951717972755 -25.11407148092985 0
      vertex 5.072348371148109 -25.500417292118073 8
      vertex 5.072348371148109 -25.500417292118073 0
    endloop
  endfacet
  facet normal 0.22707626533442676 -0.9738769787410364 0
    outer loop
      vertex 6.7292951717972755 -25.11407148092985 0
      vertex 6.7292951717972755 -25.11407148092985 8
      vertex 5.072348371148109 -25.500417292118073 8
    endloop
  endfacet
  facet normal 0.29028467724484563 -0.956940335735126 0
    outer loop
      vertex 8.357426099479198 -24.620183363556862 0
      vertex 6.7292951717972755 -25.11407148092985 8
      vertex 6.7292951717972755 -25.11407148092985 0
    endloop
  endfacet
  facet normal 0.29028467724484563 -0.956940335735126 0
    outer loop
      vertex 8.357426099479198 -24.620183363556862 0
      vertex 8.357426099479198 -24.620183363556862 8
      vertex 6.7292951717972755 -25.11407148092985 8
    endloop
  endfacet
  facet normal 0.3522500452852977 -0.9359059277494217 4.078362104723987e-18
    outer loop
      vertex 9.949769243597984 -24.020867846906185 0
      vertex 8.357426099479198 -24.620183363556862 8
      vertex 8.357426099479198 -24.620183363556862 0
    endloop
  endfacet
  facet normal 0.3522500452852977 -0.9359059277494217 0
    outer loop
      vertex 9.949769243597984 -24.020867846906185 0
      vertex 9.949769243597984 -24.020867846906185 8
      vertex 8.357426099479198 -24.620183363556862 8
    endloop
  endfacet
  facet normal 0.412707029546231 -0.9108638250381483 4.078362110779212e-18
    outer loop
      vertex 11.499505944550037 -23.31869128346443 0
      vertex 9.949769243597984 -24.020867846906185 8
      vertex 9.949769243597984 -24.020867846906185 0
    endloop
  endfacet
  facet normal 0.412707029546231 -0.9108638250381483 0
    outer loop
      vertex 11.499505944550037 -23.31869128346443 0
      vertex 11.499505944550037 -23.31869128346443 8
      vertex 9.949769243597984 -24.020867846906185 8
    endloop
  endfacet
  facet normal 0.4713967390230153 -0.8819212631740247 8.156724186327138e-18
    outer loop
      vertex 13 -22.51666049659252 0
      vertex 11.499505944550037 -23.31869128346443 8
      vertex 11.499505944550037 -23.31869128346443 0
    endloop
  endfacet
  facet normal 0.4713967390230153 -0.8819212631740247 0
    outer loop
      vertex 13 -22.51666049659252 0
      vertex 13 -22.51666049659252 8
      vertex 11.499505944550037 -23.31869128346443 8
    endloop
  endfacet
  facet normal 0.5280678493397274 -0.8492021823415876 4.0783621041110564e-18
    outer loop
      vertex 14.444826059043407 -21.618209920823574 0
      vertex 13 -22.51666049659252 8
      vertex 13 -22.51666049659252 0
    endloop
  endfacet
  facet normal 0.5280678493397274 -0.8492021823415876 0
    outer loop
      vertex 14.444826059043407 -21.618209920823574 0
      vertex 14.444826059043407 -21.618209920823574 8
      vertex 13 -22.51666049659252 8
    endloop
  endfacet
  facet normal 0.5824776971478872 -0.8128466843909091 -8.156724217072767e-18
    outer loop
      vertex 15.827797152101994 -20.627186849713326 0
      vertex 14.444826059043407 -21.618209920823574 8
      vertex 14.444826059043407 -21.618209920823574 0
    endloop
  endfacet
  facet normal 0.5824776971478872 -0.8128466843909091 0
    outer loop
      vertex 15.827797152101994 -20.627186849713326 0
      vertex 15.827797152101994 -20.627186849713326 8
      vertex 14.444826059043407 -21.618209920823574 8
    endloop
  endfacet
  facet normal 0.6343932850106595 -0.7730104526676105 0
    outer loop
      vertex 17.142991192638874 -19.547834992408752 0
      vertex 15.827797152101994 -20.627186849713326 8
      vertex 15.827797152101994 -20.627186849713326 0
    endloop
  endfacet
  facet normal 0.6343932850106595 -0.7730104526676105 0
    outer loop
      vertex 17.142991192638874 -19.547834992408752 0
      vertex 17.142991192638874 -19.547834992408752 8
      vertex 15.827797152101994 -20.627186849713326 8
    endloop
  endfacet
  facet normal 0.6835923024350629 -0.7298640723117762 -8.156724210618728e-18
    outer loop
      vertex 18.384776309132576 -18.384776309132576 0
      vertex 17.142991192638874 -19.547834992408752 8
      vertex 17.142991192638874 -19.547834992408752 0
    endloop
  endfacet
  facet normal 0.6835923024350629 -0.7298640723117762 0
    outer loop
      vertex 18.384776309132576 -18.384776309132576 0
      vertex 18.384776309132576 -18.384776309132576 8
      vertex 17.142991192638874 -19.547834992408752 8
    endloop
  endfacet
  facet normal 0.7298640723117762 -0.6835923024350629 -8.156724210618728e-18
    outer loop
      vertex 19.547834992408752 -17.142991192638874 0
      vertex 18.384776309132576 -18.384776309132576 8
      vertex 18.384776309132576 -18.384776309132576 0
    endloop
  endfacet
  facet normal 0.7298640723117762 -0.6835923024350629 0
    outer loop
      vertex 19.547834992408752 -17.142991192638874 0
      vertex 19.547834992408752 -17.142991192638874 8
      vertex 18.384776309132576 -18.384776309132576 8
    endloop
  endfacet
  facet normal 0.7730104526676105 -0.6343932850106595 0
    outer loop
      vertex 20.627186849713326 -15.827797152101994 0
      vertex 19.547834992408752 -17.142991192638874 8
      vertex 19.547834992408752 -17.142991192638874 0
    endloop
  endfacet
  facet normal 0.7730104526676105 -0.6343932850106595 0
    outer loop
      vertex 20.627186849713326 -15.827797152101994 0
      vertex 20.627186849713326 -15.827797152101994 8
      vertex 19.547834992408752 -17.142991192638874 8
    endloop
  endfacet
  facet normal 0.8128466843909091 -0.5824776971478872 -8.156724217072767e-18
    outer loop
      vertex 21.618209920823574 -14.444826059043407 0
      vertex 20.627186849713326 -15.827797152101994 8
      vertex 20.627186849713326 -15.827797152101994 0
    endloop
  endfacet
  facet normal 0.8128466843909091 -0.5824776971478872 0
    outer loop
      vertex 21.618209920823574 -14.444826059043407 0
      vertex 21.618209920823574 -14.444826059043407 8
      vertex 20.627186849713326 -15.827797152101994 8
    endloop
  endfacet
  facet normal 0.8492021823415876 -0.5280678493397274 4.0783621041110564e-18
    outer loop
      vertex 22.51666049659252 -13 0
      vertex 21.618209920823574 -14.444826059043407 8
      vertex 21.618209920823574 -14.444826059043407 0
    endloop
  endfacet
  facet normal 0.8492021823415876 -0.5280678493397274 0
    outer loop
      vertex 22.51666049659252 -13 0
      vertex 22.51666049659252 -13 8
      vertex 21.618209920823574 -14.444826059043407 8
    endloop
  endfacet
  facet normal 0.8819212631740247 -0.4713967390230153 8.156724186327138e-18
    outer loop
      vertex 23.31869128346443 -11.499505944550037 0
      vertex 22.51666049659252 -13 8
      vertex 22.51666049659252 -13 0
    endloop
  endfacet
  facet normal 0.8819212631740247 -0.4713967390230153 0
    outer loop
      vertex 23.31869128346443 -11.499505944550037 0
      vertex 23.31869128346443 -11.499505944550037 8
      vertex 22.51666049659252 -13 8
    endloop
  endfacet
  facet normal 0.9108638250381483 -0.412707029546231 4.078362110779212e-18
    outer loop
      vertex 24.020867846906185 -9.949769243597984 0
      vertex 23.31869128346443 -11.499505944550037 8
      vertex 23.31869128346443 -11.499505944550037 0
    endloop
  endfacet
  facet normal 0.9108638250381483 -0.412707029546231 0
    outer loop
      vertex 24.020867846906185 -9.949769243597984 0
      vertex 24.020867846906185 -9.949769243597984 8
      vertex 23.31869128346443 -11.499505944550037 8
    endloop
  endfacet
  facet normal 0.9359059277494217 -0.3522500452852977 4.078362104723987e-18
    outer loop
      vertex 24.620183363556862 -8.357426099479198 0
      vertex 24.020867846906185 -9.949769243597984 8
      vertex 24.020867846906185 -9.949769243597984 0
    endloop
  endfacet
  facet normal 0.9359059277494217 -0.3522500452852977 0
    outer loop
      vertex 24.620183363556862 -8.357426099479198 0
      vertex 24.620183363556862 -8.357426099479198 8
      vertex 24.020867846906185 -9.949769243597984 8
    endloop
  endfacet
  facet normal 0.956940335735126 -0.29028467724484563 0
    outer loop
      vertex 25.11407148092985 -6.7292951717972755 0
      vertex 24.620183363556862 -8.357426099479198 8
      vertex 24.620183363556862 -8.357426099479198 0
    endloop
  endfacet
  facet normal 0.956940335735126 -0.29028467724484563 0
    outer loop
      vertex 25.11407148092985 -6.7292951717972755 0
      vertex 25.11407148092985 -6.7292951717972755 8
      vertex 24.620183363556862 -8.357426099479198 8
    endloop
  endfacet
  facet normal 0.9738769787410364 -0.22707626533442676 -4.0783620984658245e-18
    outer loop
      vertex 25.500417292118073 -5.072348371148109 0
      vertex 25.11407148092985 -6.7292951717972755 8
      vertex 25.11407148092985 -6.7292951717972755 0
    endloop
  endfacet
  facet normal 0.9738769787410364 -0.22707626533442676 0
    outer loop
      vertex 25.500417292118073 -5.072348371148109 0
      vertex 25.500417292118073 -5.072348371148109 8
      vertex 25.11407148092985 -6.7292951717972755 8
    endloop
  endfacet
  facet normal 0.98664333222946 -0.16289547251887465 0
    outer loop
      vertex 25.777566395699978 -3.3936809971928596 0
      vertex 25.500417292118073 -5.072348371148109 8
      vertex 25.500417292118073 -5.072348371148109 0
    endloop
  endfacet
  facet normal 0.98664333222946 -0.16289547251887465 0
    outer loop
      vertex 25.777566395699978 -3.3936809971928596 0
      vertex 25.777566395699978 -3.3936809971928596 8
      vertex 25.500417292118073 -5.072348371148109 8
    endloop
  endfacet
  facet normal 0.9951847266881009 -0.0980171401680856 0
    outer loop
      vertex 25.944332003593445 -1.7004813626408577 0
      vertex 25.777566395699978 -3.3936809971928596 8
      vertex 25.777566395699978 -3.3936809971928596 0
    endloop
  endfacet
  facet normal 0.9951847266881009 -0.0980171401680856 0
    outer loop
      vertex 25.944332003593445 -1.7004813626408577 0
      vertex 25.944332003593445 -1.7004813626408577 8
      vertex 25.777566395699978 -3.3936809971928596 8
    endloop
  endfacet
  facet normal 0.9994645874663083 -0.0327190831289954 0
    outer loop
      vertex 26 0 0
      vertex 25.944332003593445 -1.7004813626408577 8
      vertex 25.944332003593445 -1.7004813626408577 0
    endloop
  endfacet
  facet normal 0.9994645874663083 -0.0327190831289954 0
    outer loop
      vertex 26 0 0
      vertex 26 0 8
      vertex 25.944332003593445 -1.7004813626408577 8
    endloop
  endfacet
  facet normal 0.9994645874663083 0.0327190831289954 0
    outer loop
      vertex 25.944332003593445 1.7004813626408577 0
      vertex 26 0 8
      vertex 26 0 0
    endloop
  endfacet
  facet normal 0.9994645874663083 0.0327190831289954 0
    outer loop
      vertex 25.944332003593445 1.7004813626408577 0
      vertex 25.944332003593445 1.7004813626408577 8
      vertex 26 0 8
    endloop
  endfacet
  facet normal 0.9951847266881009 0.0980171401680856 0
    outer loop
      vertex 25.777566395699978 3.3936809971928596 0
      vertex 25.944332003593445 1.7004813626408577 8
      vertex 25.944332003593445 1.7004813626408577 0
    endloop
  endfacet
  facet normal 0.9951847266881009 0.0980171401680856 0
    outer loop
      vertex 25.777566395699978 3.3936809971928596 0
      vertex 25.777566395699978 3.3936809971928596 8
      vertex 25.944332003593445 1.7004813626408577 8
    endloop
  endfacet
  facet normal 0.98664333222946 0.16289547251887465 0
    outer loop
      vertex 25.500417292118073 5.072348371148109 0
      vertex 25.777566395699978 3.3936809971928596 8
      vertex 25.777566395699978 3.3936809971928596 0
    endloop
  endfacet
  facet normal 0.98664333222946 0.16289547251887465 0
    outer loop
      vertex 25.500417292118073 5.072348371148109 0
      vertex 25.500417292118073 5.072348371148109 8
      vertex 25.777566395699978 3.3936809971928596 8
    endloop
  endfacet
  facet normal 0.9738769787410364 0.22707626533442676 4.0783620984658245e-18
    outer loop
      vertex 25.11407148092985 6.7292951717972755 0
      vertex 25.500417292118073 5.072348371148109 8
      vertex 25.500417292118073 5.072348371148109 0
    endloop
  endfacet
  facet normal 0.9738769787410364 0.22707626533442676 0
    outer loop
      vertex 25.11407148092985 6.7292951717972755 0
      vertex 25.11407148092985 6.7292951717972755 8
      vertex 25.500417292118073 5.072348371148109 8
    endloop
  endfacet
  facet normal 0.956940335735126 0.29028467724484563 0
    outer loop
      vertex 24.620183363556862 8.357426099479198 0
      vertex 25.11407148092985 6.7292951717972755 8
      vertex 25.11407148092985 6.7292951717972755 0
    endloop
  endfacet
  facet normal 0.956940335735126 0.29028467724484563 0
    outer loop
      vertex 24.620183363556862 8.357426099479198 0
      vertex 24.620183363556862 8.357426099479198 8
      vertex 25.11407148092985 6.7292951717972755 8
    endloop
  endfacet
  facet normal 0.9359059277494217 0.3522500452852977 -4.078362104723987e-18
    outer loop
      vertex 24.020867846906185 9.949769243597984 0
      vertex 24.620183363556862 8.357426099479198 8
      vertex 24.620183363556862 8.357426099479198 0
    endloop
  endfacet
  facet normal 0.9359059277494217 0.3522500452852977 0
    outer loop
      vertex 24.020867846906185 9.949769243597984 0
      vertex 24.020867846906185 9.949769243597984 8
      vertex 24.620183363556862 8.357426099479198 8
    endloop
  endfacet
  facet normal 0.9108638250381483 0.412707029546231 -4.078362110779212e-18
    outer loop
      vertex 23.31869128346443 11.499505944550037 0
      vertex 24.020867846906185 9.949769243597984 8
      vertex 24.020867846906185 9.949769243597984 0
    endloop
  endfacet
  facet normal 0.9108638250381483 0.412707029546231 0
    outer loop
      vertex 23.31869128346443 11.499505944550037 0
      vertex 23.31869128346443 11.499505944550037 8
      vertex 24.020867846906185 9.949769243597984 8
    endloop
  endfacet
  facet normal 0.8819212631740247 0.4713967390230153 -8.156724186327138e-18
    outer loop
      vertex 22.51666049659252 13 0
      vertex 23.31869128346443 11.499505944550037 8
      vertex 23.31869128346443 11.499505944550037 0
    endloop
  endfacet
  facet normal 0.8819212631740247 0.4713967390230153 0
    outer loop
      vertex 22.51666049659252 13 0
      vertex 22.51666049659252 13 8
      vertex 23.31869128346443 11.499505944550037 8
    endloop
  endfacet
  facet normal 0.8492021823415876 0.5280678493397274 -4.0783621041110564e-18
    outer loop
      vertex 21.618209920823574 14.444826059043407 0
      vertex 22.51666049659252 13 8
      vertex 22.51666049659252 13 0
    endloop
  endfacet
  facet normal 0.8492021823415876 0.5280678493397274 0
    outer loop
      vertex 21.618209920823574 14.444826059043407 0
      vertex 21.618209920823574 14.444826059043407 8
      vertex 22.51666049659252 13 8
    endloop
  endfacet
  facet normal 0.8128466843909091 0.5824776971478872 8.156724217072767e-18
    outer loop
      vertex 20.627186849713326 15.827797152101994 0
      vertex 21.618209920823574 14.444826059043407 8
      vertex 21.618209920823574 14.444826059043407 0
    endloop
  endfacet
  facet normal 0.8128466843909091 0.5824776971478872 0
    outer loop
      vertex 20.627186849713326 15.827797152101994 0
      vertex 20.627186849713326 15.827797152101994 8
      vertex 21.618209920823574 14.444826059043407 8
    endloop
  endfacet
  facet normal 0.7730104526676105 0.6343932850106595 0
    outer loop
      vertex 19.547834992408752 17.142991192638874 0
      vertex 20.627186849713326 15.827797152101994 8
      vertex 20.627186849713326 15.827797152101994 0
    endloop
  endfacet
  facet normal 0.7730104526676105 0.6343932850106595 0
    outer loop
      vertex 19.547834992408752 17.142991192638874 0
      vertex 19.547834992408752 17.142991192638874 8
      vertex 20.627186849713326 15.827797152101994 8
    endloop
  endfacet
  facet normal 0.7298640723117762 0.6835923024350629 8.156724210618728e-18
    outer loop
      vertex 18.384776309132576 18.384776309132576 0
      vertex 19.547834992408752 17.142991192638874 8
      vertex 19.547834992408752 17.142991192638874 0
    endloop
  endfacet
  facet normal 0.7298640723117762 0.6835923024350629 0
    outer loop
      vertex 18.384776309132576 18.384776309132576 0
      vertex 18.384776309132576 18.384776309132576 8
      vertex 19.547834992408752 17.142991192638874 8
    endloop
  endfacet
  facet normal 0.6835923024350629 0.7298640723117762 8.156724210618728e-18
    outer loop
      vertex 17.142991192638874 19.547834992408752 0
      vertex 18.384776309132576 18.384776309132576 8
      vertex 18.384776309132576 18.384776309132576 0
    endloop
  endfacet
  facet normal 0.6835923024350629 0.7298640723117762 0
    outer loop
      vertex 17.142991192638874 19.547834992408752 0
      vertex 17.142991192638874 19.547834992408752 8
      vertex 18.384776309132576 18.384776309132576 8
    endloop
  endfacet
  facet normal 0.6343932850106595 0.7730104526676105 0
    outer loop
      vertex 15.827797152101994 20.627186849713326 0
      vertex 17.142991192638874 19.547834992408752 8
      vertex 17.142991192638874 19.547834992408752 0
    endloop
  endfacet
  facet normal 0.6343932850106595 0.7730104526676105 0
    outer loop
      vertex 15.827797152101994 20.627186849713326 0
      vertex 15.827797152101994 20.627186849713326 8
      vertex 17.142991192638874 19.547834992408752 8
    endloop
  endfacet
  facet normal 0.5824776971478872 0.8128466843909091 8.156724217072767e-18
    outer loop
      vertex 14.444826059043407 21.618209920823574 0
      vertex 15.827797152101994 20.627186849713326 8
      vertex 15.827797152101994 20.627186849713326 0
    endloop
  endfacet
  facet normal 0.5824776971478872 0.8128466843909091 0
    outer loop
      vertex 14.444826059043407 21.618209920823574 0
      vertex 14.444826059043407 21.618209920823574 8
      vertex 15.827797152101994 20.627186849713326 8
    endloop
  endfacet
  facet normal 0.5280678493397274 0.8492021823415876 -4.0783621041110564e-18
    outer loop
      vertex 13 22.51666049659252 0
      vertex 14.444826059043407 21.618209920823574 8
      vertex 14.444826059043407 21.618209920823574 0
    endloop
  endfacet
  facet normal 0.5280678493397274 0.8492021823415876 0
    outer loop
      vertex 13 22.51666049659252 0
      vertex 13 22.51666049659252 8
      vertex 14.444826059043407 21.618209920823574 8
    endloop
  endfacet
  facet normal 0.4713967390230153 0.8819212631740247 -8.156724186327138e-18
    outer loop
      vertex 11.499505944550037 23.31869128346443 0
      vertex 13 22.51666049659252 8
      vertex 13 22.51666049659252 0
    endloop
  endfacet
  facet normal 0.4713967390230153 0.8819212631740247 0
    outer loop
      vertex 11.499505944550037 23.31869128346443 0
      vertex 11.499505944550037 23.31869128346443 8
      vertex 13 22.51666049659252 8
    endloop
  endfacet
  facet normal 0.412707029546231 0.9108638250381483 -4.078362110779212e-18
    outer loop
      vertex 9.949769243597984 24.020867846906185 0
      vertex 11.499505944550037 23.31869128346443 8
      vertex 11.499505944550037 23.31869128346443 0
    endloop
  endfacet
  facet normal 0.412707029546231 0.9108638250381483 0
    outer loop
      vertex 9.949769243597984 24.020867846906185 0
      vertex 9.949769243597984 24.020867846906185 8
      vertex 11.499505944550037 23.31869128346443 8
    endloop
  endfacet
  facet normal 0.3522500452852977 0.9359059277494217 -4.078362104723987e-18
    outer loop
      vertex 8.357426099479198 24.620183363556862 0
      vertex 9.949769243597984 24.020867846906185 8
      vertex 9.949769243597984 24.020867846906185 0
    endloop
  endfacet
  facet normal 0.3522500452852977 0.9359059277494217 0
    outer loop
      vertex 8.357426099479198 24.620183363556862 0
      vertex 8.357426099479198 24.620183363556862 8
      vertex 9.949769243597984 24.020867846906185 8
    endloop
  endfacet
  facet normal 0.29028467724484563 0.956940335735126 0
    outer loop
      vertex 6.7292951717972755 25.11407148092985 0
      vertex 8.357426099479198 24.620183363556862 8
      vertex 8.357426099479198 24.620183363556862 0
    endloop
  endfacet
  facet normal 0.29028467724484563 0.956940335735126 0
    outer loop
      vertex 6.7292951717972755 25.11407148092985 0
      vertex 6.7292951717972755 25.11407148092985 8
      vertex 8.357426099479198 24.620183363556862 8
    endloop
  endfacet
  facet normal 0.22707626533442676 0.9738769787410364 4.0783620984658245e-18
    outer loop
      vertex 5.072348371148109 25.500417292118073 0
      vertex 6.7292951717972755 25.11407148092985 8
      vertex 6.7292951717972755 25.11407148092985 0
    endloop
  endfacet
  facet normal 0.22707626533442676 0.9738769787410364 0
    outer loop
      vertex 5.072348371148109 25.500417292118073 0
      vertex 5.072348371148109 25.500417292118073 8
      vertex 6.7292951717972755 25.11407148092985 8
    endloop
  endfacet
  facet normal 0.16289547251887465 0.98664333222946 0
    outer loop
      vertex 3.3936809971928596 25.777566395699978 0
      vertex 5.072348371148109 25.500417292118073 8
      vertex 5.072348371148109 25.500417292118073 0
    endloop
  endfacet
  facet normal 0.16289547251887465 0.98664333222946 0
    outer loop
      vertex 3.3936809971928596 25.777566395699978 0
      vertex 3.3936809971928596 25.777566395699978 8
      vertex 5.072348371148109 25.500417292118073 8
    endloop
  endfacet
  facet normal 0.0980171401680856 0.9951847266881009 0
    outer loop
      vertex 1.7004813626408577 25.944332003593445 0
      vertex 3.3936809971928596 25.777566395699978 8
      vertex 3.3936809971928596 25.777566395699978 0
    endloop
  endfacet
  facet normal 0.0980171401680856 0.9951847266881009 0
    outer loop
      vertex 1.7004813626408577 25.944332003593445 0
      vertex 1.7004813626408577 25.944332003593445 8
      vertex 3.3936809971928596 25.777566395699978 8
    endloop
  endfacet
  facet normal 0.0327190831289954 0.9994645874663083 0
    outer loop
      vertex 0 26 0
      vertex 1.7004813626408577 25.944332003593445 8
      vertex 1.7004813626408577 25.944332003593445 0
    endloop
  endfacet
  facet normal 0.0327190831289954 0.9994645874663083 0
    outer loop
      vertex 0 26 0
      vertex 0 26 8
      vertex 1.7004813626408577 25.944332003593445 8
    endloop
  endfacet
  facet normal -0.0327190831289954 0.9994645874663083 0
    outer loop
      vertex -1.7004813626408577 25.944332003593445 0
      vertex 0 26 8
      vertex 0 26 0
    endloop
  endfacet
  facet normal -0.0327190831289954 0.9994645874663083 0
    outer loop
      vertex -1.7004813626408577 25.944332003593445 0
      vertex -1.7004813626408577 25.944332003593445 8
      vertex 0 26 8
    endloop
  endfacet
  facet normal -0.0980171401680856 0.9951847266881009 0
    outer loop
      vertex -3.3936809971928596 25.777566395699978 0
      vertex -1.7004813626408577 25.944332003593445 8
      vertex -1.7004813626408577 25.944332003593445 0
    endloop
  endfacet
  facet normal -0.0980171401680856 0.9951847266881009 0
    outer loop
      vertex -3.3936809971928596 25.777566395699978 0
      vertex -3.3936809971928596 25.777566395699978 8
      vertex -1.7004813626408577 25.944332003593445 8
    endloop
  endfacet
  facet normal -0.16289547251887465 0.98664333222946 0
    outer loop
      vertex -5.072348371148109 25.500417292118073 0
      vertex -3.3936809971928596 25.777566395699978 8
      vertex -3.3936809971928596 25.777566395699978 0
    endloop
  endfacet
  facet normal -0.16289547251887465 0.98664333222946 0
    outer loop
      vertex -5.072348371148109 25.500417292118073 0
      vertex -5.072348371148109 25.500417292118073 8
      vertex -3.3936809971928596 25.777566395699978 8
    endloop
  endfacet
  facet normal -0.22707626533442676 0.9738769787410364 -4.0783620984658245e-18
    outer loop
      vertex -6.7292951717972755 25.11407148092985 0
      vertex -5.072348371148109 25.500417292118073 8
      vertex -5.072348371148109 25.500417292118073 0
    endloop
  endfacet
  facet normal -0.22707626533442676 0.9738769787410364 0
    outer loop
      vertex -6.7292951717972755 25.11407148092985 0
      vertex -6.7292951717972755 25.11407148092985 8
      vertex -5.072348371148109 25.500417292118073 8
    endloop
  endfacet
  facet normal -0.29028467724484563 0.956940335735126 0
    outer loop
      vertex -8.357426099479198 24.620183363556862 0
      vertex -6.7292951717972755 25.11407148092985 8
      vertex -6.7292951717972755 25.11407148092985 0
    endloop
  endfacet
  facet normal -0.29028467724484563 0.956940335735126 0
    outer loop
      vertex -8.357426099479198 24.620183363556862 0
      vertex -8.357426099479198 24.620183363556862 8
      vertex -6.7292951717972755 25.11407148092985 8
    endloop
  endfacet
  facet normal -0.3522500452852977 0.9359059277494217 4.078362104723987e-18
    outer loop
      vertex -9.949769243597984 24.020867846906185 0
      vertex -8.357426099479198 24.620183363556862 8
      vertex -8.357426099479198 24.620183363556862 0
    endloop
  endfacet
  facet normal -0.3522500452852977 0.9359059277494217 0
    outer loop
      vertex -9.949769243597984 24.020867846906185 0
      vertex -9.949769243597984 24.020867846906185 8
      vertex -8.357426099479198 24.620183363556862 8
    endloop
  endfacet
  facet normal -0.412707029546231 0.9108638250381483 4.078362110779212e-18
    outer loop
      vertex -11.499505944550037 23.31869128346443 0
      vertex -9.949769243597984 24.020867846906185 8
      vertex -9.949769243597984 24.020867846906185 0
    endloop
  endfacet
  facet normal -0.412707029546231 0.9108638250381483 0
    outer loop
      vertex -11.499505944550037 23.31869128346443 0
      vertex -11.499505944550037 23.31869128346443 8
      vertex -9.949769243597984 24.020867846906185 8
    endloop
  endfacet
  facet normal -0.4713967390230153 0.8819212631740247 8.156724186327138e-18
    outer loop
      vertex -13 22.51666049659252 0
      vertex -11.499505944550037 23.31869128346443 8
      vertex -11.499505944550037 23.31869128346443 0
    endloop
  endfacet
  facet normal -0.4713967390230153 0.8819212631740247 0
    outer loop
      vertex -13 22.51666049659252 0
      vertex -13 22.51666049659252 8
      vertex -11.499505944550037 23.31869128346443 8
    endloop
  endfacet
  facet normal -0.5280678493397274 0.8492021823415876 4.0783621041110564e-18
    outer loop
      vertex -14.444826059043407 21.618209920823574 0
      vertex -13 22.51666049659252 8
      vertex -13 22.51666049659252 0
    endloop
  endfacet
  facet normal -0.5280678493397274 0.8492021823415876 0
    outer loop
      vertex -14.444826059043407 21.618209920823574 0
      vertex -14.444826059043407 21.618209920823574 8
      vertex -13 22.51666049659252 8
    endloop
  endfacet
  facet normal -0.5824776971478872 0.8128466843909091 -8.156724217072767e-18
    outer loop
      vertex -15.827797152101994 20.627186849713326 0
      vertex -14.444826059043407 21.618209920823574 8
      vertex -14.444826059043407 21.618209920823574 0
    endloop
  endfacet
  facet normal -0.5824776971478872 0.8128466843909091 0
    outer loop
      vertex -15.827797152101994 20.627186849713326 0
      vertex -15.827797152101994 20.627186849713326 8
      vertex -14.444826059043407 21.618209920823574 8
    endloop
  endfacet
  facet normal -0.6343932850106595 0.7730104526676105 0
    outer loop
      vertex -17.142991192638874 19.547834992408752 0
      vertex -15.827797152101994 20.627186849713326 8
      vertex -15.827797152101994 20.627186849713326 0
    endloop
  endfacet
  facet normal -0.6343932850106595 0.7730104526676105 0
    outer loop
      vertex -17.142991192638874 19.547834992408752 0
      vertex -17.142991192638874 19.547834992408752 8
      vertex -15.827797152101994 20.627186849713326 8
    endloop
  endfacet
  facet normal -0.6835923024350629 0.7298640723117762 -8.156724210618728e-18
    outer loop
      vertex -18.384776309132576 18.384776309132576 0
      vertex -17.142991192638874 19.547834992408752 8
      vertex -17.142991192638874 19.547834992408752 0
    endloop
  endfacet
  facet normal -0.6835923024350629 0.7298640723117762 0
    outer loop
      vertex -18.384776309132576 18.384776309132576 0
      vertex -18.384776309132576 18.384776309132576 8
      vertex -17.142991192638874 19.547834992408752 8
    endloop
  endfacet
  facet normal -0.7298640723117762 0.6835923024350629 -8.156724210618728e-18
    outer loop
      vertex -19.547834992408752 17.142991192638874 0
      vertex -18.384776309132576 18.384776309132576 8
      vertex -18.384776309132576 18.384776309132576 0
    endloop
  endfacet
  facet normal -0.7298640723117762 0.6835923024350629 0
    outer loop
      vertex -19.547834992408752 17.142991192638874 0
      vertex -19.547834992408752 17.142991192638874 8
      vertex -18.384776309132576 18.384776309132576 8
    endloop
  endfacet
  facet normal -0.7730104526676105 0.6343932850106595 0
    outer loop
      vertex -20.627186849713326 15.827797152101994 0
      vertex -19.547834992408752 17.142991192638874 8
      vertex -19.547834992408752 17.142991192638874 0
    endloop
  endfacet
  facet normal -0.7730104526676105 0.6343932850106595 0
    outer loop
      vertex -20.627186849713326 15.827797152101994 0
      vertex -20.627186849713326 15.827797152101994 8
      vertex -19.547834992408752 17.142991192638874 8
    endloop
  endfacet
  facet normal -0.8128466843909091 0.5824776971478872 -8.156724217072767e-18
    outer loop
      vertex -21.618209920823574 14.444826059043407 0
      vertex -20.627186849713326 15.827797152101994 8
      vertex -20.627186849713326 15.827797152101994 0
    endloop
  endfacet
  facet normal -0.8128466843909091 0.5824776971478872 0
    outer loop
      vertex -21.618209920823574 14.444826059043407 0
      vertex -21.618209920823574 14.444826059043407 8
      vertex -20.627186849713326 15.827797152101994 8
    endloop
  endfacet
  facet normal -0.8492021823415876 0.5280678493397274 4.0783621041110564e-18
    outer loop
      vertex -22.51666049659252 13 0
      vertex -21.618209920823574 14.444826059043407 8
      vertex -21.618209920823574 14.444826059043407 0
    endloop
  endfacet
  facet normal -0.8492021823415876 0.5280678493397274 0
    outer loop
      vertex -22.51666049659252 13 0
      vertex -22.51666049659252 13 8
      vertex -21.618209920823574 14.444826059043407 8
    endloop
  endfacet
  facet normal -0.8819212631740247 0.4713967390230153 8.156724186327138e-18
    outer loop
      vertex -23.31869128346443 11.499505944550037 0
      vertex -22.51666049659252 13 8
      vertex -22.51666049659252 13 0
    endloop
  endfacet
  facet normal -0.8819212631740247 0.4713967390230153 0
    outer loop
      vertex -23.31869128346443 11.499505944550037 0
      vertex -23.31869128346443 11.499505944550037 8
      vertex -22.51666049659252 13 8
    endloop
  endfacet
  facet normal -0.9108638250381483 0.412707029546231 4.078362110779212e-18
    outer loop
      vertex -24.020867846906185 9.949769243597984 0
      vertex -23.31869128346443 11.499505944550037 8
      vertex -23.31869128346443 11.499505944550037 0
    endloop
  endfacet
  facet normal -0.9108638250381483 0.412707029546231 0
    outer loop
      vertex -24.020867846906185 9.949769243597984 0
      vertex -24.020867846906185 9.949769243597984 8
      vertex -23.31869128346443 11.499505944550037 8
    endloop
  endfacet
  facet normal -0.9359059277494217 0.3522500452852977 4.078362104723987e-18
    outer loop
      vertex -24.620183363556862 8.357426099479198 0
      vertex -24.020867846906185 9.949769243597984 8
      vertex -24.020867846906185 9.949769243597984 0
    endloop
  endfacet
  facet normal -0.9359059277494217 0.3522500452852977 0
    outer loop
      vertex -24.620183363556862 8.357426099479198 0
      vertex -24.620183363556862 8.357426099479198 8
      vertex -24.020867846906185 9.949769243597984 8
    endloop
  endfacet
  facet normal -0.956940335735126 0.29028467724484563 0
    outer loop
      vertex -25.11407148092985 6.7292951717972755 0
      vertex -24.620183363556862 8.357426099479198 8
      vertex -24.620183363556862 8.357426099479198 0
    endloop
  endfacet
  facet normal -0.956940335735126 0.29028467724484563 0
    outer loop
      vertex -25.11407148092985 6.7292951717972755 0
      vertex -25.11407148092985 6.7292951717972755 8
      vertex -24.620183363556862 8.357426099479198 8
    endloop
  endfacet
  facet normal -0.9738769787410364 0.22707626533442676 -4.0783620984658245e-18
    outer loop
      vertex -25.500417292118073 5.072348371148109 0
      vertex -25.11407148092985 6.7292951717972755 8
      vertex -25.11407148092985 6.7292951717972755 0
    endloop
  endfacet
  facet normal -0.9738769787410364 0.22707626533442676 0
    outer loop
      vertex -25.500417292118073 5.072348371148109 0
      vertex -25.500417292118073 5.072348371148109 8
      vertex -25.11407148092985 6.7292951717972755 8
    endloop
  endfacet
  facet normal -0.98664333222946 0.16289547251887465 0
    outer loop
      vertex -25.777566395699978 3.3936809971928596 0
      vertex -25.500417292118073 5.072348371148109 8
      vertex -25.500417292118073 5.072348371148109 0
    endloop
  endfacet
  facet normal -0.98664333222946 0.16289547251887465 0
    outer loop
      vertex -25.777566395699978 3.3936809971928596 0
      vertex -25.777566395699978 3.3936809971928596 8
      vertex -25.500417292118073 5.072348371148109 8
    endloop
  endfacet
  facet normal -0.9951847266881009 0.0980171401680856 0
    outer loop
      vertex -25.944332003593445 1.7004813626408577 0
      vertex -25.777566395699978 3.3936809971928596 8
      vertex -25.777566395699978 3.3936809971928596 0
    endloop
  endfacet
  facet normal -0.9951847266881009 0.0980171401680856 0
    outer loop
      vertex -25.944332003593445 1.7004813626408577 0
      vertex -25.944332003593445 1.7004813626408577 8
      vertex -25.777566395699978 3.3936809971928596 8
    endloop
  endfacet
  facet normal -0.9994645874663083 0.0327190831289954 0
    outer loop
      vertex -26 0 0
      vertex -25.944332003593445 1.7004813626408577 8
      vertex -25.944332003593445 1.7004813626408577 0
    endloop
  endfacet
  facet normal -0.9994645874663083 0.0327190831289954 0
    outer loop
      vertex -26 0 0
      vertex -26 0 8
      vertex -25.944332003593445 1.7004813626408577 8
    endloop
  endfacet
  facet normal -0.9994645874663083 -0.0327190831289954 0
    outer loop
      vertex -25.944332003593445 -1.7004813626408577 0
      vertex -26 0 8
      vertex -26 0 0
    endloop
  endfacet
  facet normal -0.9994645874663083 -0.0327190831289954 0
    outer loop
      vertex -25.944332003593445 -1.7004813626408577 0
      vertex -25.944332003593445 -1.7004813626408577 8
      vertex -26 0 8
    endloop
  endfacet
  facet normal -0.9951847266881009 -0.0980171401680856 0
    outer loop
      vertex -25.777566395699978 -3.3936809971928596 0
      vertex -25.944332003593445 -1.7004813626408577 8
      vertex -25.944332003593445 -1.7004813626408577 0
    endloop
  endfacet
  facet normal -0.9951847266881009 -0.0980171401680856 0
    outer loop
      vertex -25.777566395699978 -3.3936809971928596 0
      vertex -25.777566395699978 -3.3936809971928596 8
      vertex -25.944332003593445 -1.7004813626408577 8
    endloop
  endfacet
  facet normal -0.98664333222946 -0.16289547251887465 0
    outer loop
      vertex -25.500417292118073 -5.072348371148109 0
      vertex -25.777566395699978 -3.3936809971928596 8
      vertex -25.777566395699978 -3.3936809971928596 0
    endloop
  endfacet
  facet normal -0.98664333222946 -0.16289547251887465 0
    outer loop
      vertex -25.500417292118073 -5.072348371148109 0
      vertex -25.500417292118073 -5.072348371148109 8
      vertex -25.777566395699978 -3.3936809971928596 8
    endloop
  endfacet
  facet normal -0.9738769787410364 -0.22707626533442676 4.0783620984658245e-18
    outer loop
      vertex -25.11407148092985 -6.7292951717972755 0
      vertex -25.500417292118073 -5.072348371148109 8
      vertex -25.500417292118073 -5.072348371148109 0
    endloop
  endfacet
  facet normal -0.9738769787410364 -0.22707626533442676 0
    outer loop
      vertex -25.11407148092985 -6.7292951717972755 0
      vertex -25.11407148092985 -6.7292951717972755 8
      vertex -25.500417292118073 -5.072348371148109 8
    endloop
  endfacet
  facet normal -0.956940335735126 -0.29028467724484563 0
    outer loop
      vertex -24.620183363556862 -8.357426099479198 0
      vertex -25.11407148092985 -6.7292951717972755 8
      vertex -25.11407148092985 -6.7292951717972755 0
    endloop
  endfacet
  facet normal -0.956940335735126 -0.29028467724484563 0
    outer loop
      vertex -24.620183363556862 -8.357426099479198 0
      vertex -24.620183363556862 -8.357426099479198 8
      vertex -25.11407148092985 -6.7292951717972755 8
    endloop
  endfacet
  facet normal -0.9359059277494217 -0.3522500452852977 -4.078362104723987e-18
    outer loop
      vertex -24.020867846906185 -9.949769243597984 0
      vertex -24.620183363556862 -8.357426099479198 8
      vertex -24.620183363556862 -8.357426099479198 0
    endloop
  endfacet
  facet normal -0.9359059277494217 -0.3522500452852977 0
    outer loop
      vertex -24.020867846906185 -9.949769243597984 0
      vertex -24.020867846906185 -9.949769243597984 8
      vertex -24.620183363556862 -8.357426099479198 8
    endloop
  endfacet
  facet normal -0.9108638250381483 -0.412707029546231 -4.078362110779212e-18
    outer loop
      vertex -23.31869128346443 -11.499505944550037 0
      vertex -24.020867846906185 -9.949769243597984 8
      vertex -24.020867846906185 -9.949769243597984 0
    endloop
  endfacet
  facet normal -0.9108638250381483 -0.412707029546231 0
    outer loop
      vertex -23.31869128346443 -11.499505944550037 0
      vertex -23.31869128346443 -11.499505944550037 8
      vertex -24.020867846906185 -9.949769243597984 8
    endloop
  endfacet
  facet normal -0.8819212631740247 -0.4713967390230153 -8.156724186327138e-18
    outer loop
      vertex -22.51666049659252 -13 0
      vertex -23.31869128346443 -11.499505944550037 8
      vertex -23.31869128346443 -11.499505944550037 0
    endloop
  endfacet
  facet normal -0.8819212631740247 -0.4713967390230153 0
    outer loop
      vertex -22.51666049659252 -13 0
      vertex -22.51666049659252 -13 8
      vertex -23.31869128346443 -11.499505944550037 8
    endloop
  endfacet
  facet normal -0.8492021823415876 -0.5280678493397274 -4.0783621041110564e-18
    outer loop
      vertex -21.618209920823574 -14.444826059043407 0
      vertex -22.51666049659252 -13 8
      vertex -22.51666049659252 -13 0
    endloop
  endfacet
  facet normal -0.8492021823415876 -0.5280678493397274 0
    outer loop
      vertex -21.618209920823574 -14.444826059043407 0
      vertex -21.618209920823574 -14.444826059043407 8
      vertex -22.51666049659252 -13 8
    endloop
  endfacet
  facet normal -0.8128466843909091 -0.5824776971478872 8.156724217072767e-18
    outer loop
      vertex -20.627186849713326 -15.827797152101994 0
      vertex -21.618209920823574 -14.444826059043407 8
      vertex -21.618209920823574 -14.444826059043407 0
    endloop
  endfacet
  facet normal -0.8128466843909091 -0.5824776971478872 0
    outer loop
      vertex -20.627186849713326 -15.827797152101994 0
      vertex -20.627186849713326 -15.827797152101994 8
      vertex -21.618209920823574 -14.444826059043407 8
    endloop
  endfacet
  facet normal -0.7730104526676105 -0.6343932850106595 0
    outer loop
      vertex -19.547834992408752 -17.142991192638874 0
      vertex -20.627186849713326 -15.827797152101994 8
      vertex -20.627186849713326 -15.827797152101994 0
    endloop
  endfacet
  facet normal -0.7730104526676105 -0.6343932850106595 0
    outer loop
      vertex -19.547834992408752 -17.142991192638874 0
      vertex -19.547834992408752 -17.142991192638874 8
      vertex -20.627186849713326 -15.827797152101994 8
    endloop
  endfacet
  facet normal -0.7298640723117762 -0.6835923024350629 8.156724210618728e-18
    outer loop
      vertex -18.384776309132576 -18.384776309132576 0
      vertex -19.547834992408752 -17.142991192638874 8
      vertex -19.547834992408752 -17.142991192638874 0
    endloop
  endfacet
  facet normal -0.7298640723117762 -0.6835923024350629 0
    outer loop
      vertex -18.384776309132576 -18.384776309132576 0
      vertex -18.384776309132576 -18.384776309132576 8
      vertex -19.547834992408752 -17.142991192638874 8
    endloop
  endfacet
  facet normal -0.6835923024350629 -0.7298640723117762 8.156724210618728e-18
    outer loop
      vertex -17.142991192638874 -19.547834992408752 0
      vertex -18.384776309132576 -18.384776309132576 8
      vertex -18.384776309132576 -18.384776309132576 0
    endloop
  endfacet
  facet normal -0.6835923024350629 -0.7298640723117762 0
    outer loop
      vertex -17.142991192638874 -19.547834992408752 0
      vertex -17.142991192638874 -19.547834992408752 8
      vertex -18.384776309132576 -18.384776309132576 8
    endloop
  endfacet
  facet normal -0.6343932850106595 -0.7730104526676105 0
    outer loop
      vertex -15.827797152101994 -20.627186849713326 0
      vertex -17.142991192638874 -19.547834992408752 8
      vertex -17.142991192638874 -19.547834992408752 0
    endloop
  endfacet
  facet normal -0.6343932850106595 -0.7730104526676105 0
    outer loop
      vertex -15.827797152101994 -20.627186849713326 0
      vertex -15.827797152101994 -20.627186849713326 8
      vertex -17.142991192638874 -19.547834992408752 8
    endloop
  endfacet
  facet normal -0.5824776971478872 -0.8128466843909091 8.156724217072767e-18
    outer loop
      vertex -14.444826059043407 -21.618209920823574 0
      vertex -15.827797152101994 -20.627186849713326 8
      vertex -15.827797152101994 -20.627186849713326 0
    endloop
  endfacet
  facet normal -0.5824776971478872 -0.8128466843909091 0
    outer loop
      vertex -14.444826059043407 -21.618209920823574 0
      vertex -14.444826059043407 -21.618209920823574 8
      vertex -15.827797152101994 -20.627186849713326 8
    endloop
  endfacet
  facet normal -0.5280678493397274 -0.8492021823415876 -4.0783621041110564e-18
    outer loop
      vertex -13 -22.51666049659252 0
      vertex -14.444826059043407 -21.618209920823574 8
      vertex -14.444826059043407 -21.618209920823574 0
    endloop
  endfacet
  facet normal -0.5280678493397274 -0.8492021823415876 0
    outer loop
      vertex -13 -22.51666049659252 0
      vertex -13 -22.51666049659252 8
      vertex -14.444826059043407 -21.618209920823574 8
    endloop
  endfacet
  facet normal -0.4713967390230153 -0.8819212631740247 -8.156724186327138e-18
    outer loop
      vertex -11.499505944550037 -23.31869128346443 0
      vertex -13 -22.51666049659252 8
      vertex -13 -22.51666049659252 0
    endloop
  endfacet
  facet normal -0.4713967390230153 -0.8819212631740247 0
    outer loop
      vertex -11.499505944550037 -23.31869128346443 0
      vertex -11.499505944550037 -23.31869128346443 8
      vertex -13 -22.51666049659252 8
    endloop
  endfacet
  facet normal -0.412707029546231 -0.9108638250381483 -4.078362110779212e-18
    outer loop
      vertex -9.949769243597984 -24.020867846906185 0
      vertex -11.499505944550037 -23.31869128346443 8
      vertex -11.499505944550037 -23.31869128346443 0
    endloop
  endfacet
  facet normal -0.412707029546231 -0.9108638250381483 0
    outer loop
      vertex -9.949769243597984 -24.020867846906185 0
      vertex -9.949769243597984 -24.020867846906185 8
      vertex -11.499505944550037 -23.31869128346443 8
    endloop
  endfacet
  facet normal -0.3522500452852977 -0.9359059277494217 -4.078362104723987e-18
    outer loop
      vertex -8.357426099479198 -24.620183363556862 0
      vertex -9.949769243597984 -24.020867846906185 8
      vertex -9.949769243597984 -24.020867846906185 0
    endloop
  endfacet
  facet normal -0.3522500452852977 -0.9359059277494217 0
    outer loop
      vertex -8.357426099479198 -24.620183363556862 0
      vertex -8.357426099479198 -24.620183363556862 8
      vertex -9.949769243597984 -24.020867846906185 8
    endloop
  endfacet
  facet normal -0.29028467724484563 -0.956940335735126 0
    outer loop
      vertex -6.7292951717972755 -25.11407148092985 0
      vertex -8.357426099479198 -24.620183363556862 8
      vertex -8.357426099479198 -24.620183363556862 0
    endloop
  endfacet
  facet normal -0.29028467724484563 -0.956940335735126 0
    outer loop
      vertex -6.7292951717972755 -25.11407148092985 0
      vertex -6.7292951717972755 -25.11407148092985 8
      vertex -8.357426099479198 -24.620183363556862 8
    endloop
  endfacet
  facet normal -0.22707626533442676 -0.9738769787410364 4.0783620984658245e-18
    outer loop
      vertex -5.072348371148109 -25.500417292118073 0
      vertex -6.7292951717972755 -25.11407148092985 8
      vertex -6.7292951717972755 -25.11407148092985 0
    endloop
  endfacet
  facet normal -0.22707626533442676 -0.9738769787410364 0
    outer loop
      vertex -5.072348371148109 -25.500417292118073 0
      vertex -5.072348371148109 -25.500417292118073 8
      vertex -6.7292951717972755 -25.11407148092985 8
    endloop
  endfacet
  facet normal -0.16289547251887465 -0.98664333222946 0
    outer loop
      vertex -3.3936809971928596 -25.777566395699978 0
      vertex -5.072348371148109 -25.500417292118073 8
      vertex -5.072348371148109 -25.500417292118073 0
    endloop
  endfacet
  facet normal -0.16289547251887465 -0.98664333222946 0
    outer loop
      vertex -3.3936809971928596 -25.777566395699978 0
      vertex -3.3936809971928596 -25.777566395699978 8
      vertex -5.072348371148109 -25.500417292118073 8
    endloop
  endfacet
  facet normal -0.0980171401680856 -0.9951847266881009 0
    outer loop
      vertex -1.7004813626408577 -25.944332003593445 0
      vertex -3.3936809971928596 -25.777566395699978 8
      vertex -3.3936809971928596 -25.777566395699978 0
    endloop
  endfacet
  facet normal -0.0980171401680856 -0.9951847266881009 0
    outer loop
      vertex -1.7004813626408577 -25.944332003593445 0
      vertex -1.7004813626408577 -25.944332003593445 8
      vertex -3.3936809971928596 -25.777566395699978 8
    endloop
  endfacet
  facet normal -0.0327190831289954 -0.9994645874663083 0
    outer loop
      vertex 0 -26 0
      vertex -1.7004813626408577 -25.944332003593445 8
      vertex -1.7004813626408577 -25.944332003593445 0
    endloop
  endfacet
  facet normal -0.0327190831289954 -0.9994645874663083 0
    outer loop
      vertex 0 -26 0
      vertex 0 -26 8
      vertex -1.7004813626408577 -25.944332003593445 8
    endloop
  endfacet
  facet normal 0.0327190831289954 -0.9994645874663083 0
    outer loop
      vertex 1.7004813626408577 -25.944332003593445 0
      vertex 0 -26 8
      vertex 0 -26 0
    endloop
  endfacet
  facet normal 0.0327190831289954 -0.9994645874663083 0
    outer loop
      vertex 1.7004813626408577 -25.944332003593445 0
      vertex 1.7004813626408577 -25.944332003593445 8
      vertex 0 -26 8
    endloop
  endfacet
  facet normal 0.09801713824859287 0.9951847268771544 0
    outer loop
      vertex -2.4799976497888565 -18.837452366948128 0
      vertex -2.4799976497888565 -18.837452366948128 8
      vertex -1.2426594570279121 -18.959319539368153 0
    endloop
  endfacet
  facet normal 0.09801713824859287 0.9951847268771544 0
    outer loop
      vertex -1.2426594570279121 -18.959319539368153 8
      vertex -1.2426594570279121 -18.959319539368153 0
      vertex -2.4799976497888565 -18.837452366948128 8
    endloop
  endfacet
  facet normal 0.1628954725622416 0.9866433322223 0
    outer loop
      vertex -3.7067161202430725 -18.634920328855515 0
      vertex -3.7067161202430725 -18.634920328855515 8
      vertex -2.4799976497888565 -18.837452366948128 0
    endloop
  endfacet
  facet normal 0.1628954725622416 0.9866433322223 0
    outer loop
      vertex -2.4799976497888565 -18.837452366948128 8
      vertex -2.4799976497888565 -18.837452366948128 0
      vertex -3.7067161202430725 -18.634920328855515 8
    endloop
  endfacet
  facet normal 0.22707626166928074 0.9738769795956287 0
    outer loop
      vertex -4.917561858892441 -18.352590702474117 0
      vertex -4.917561858892441 -18.352590702474117 8
      vertex -3.7067161202430725 -18.634920328855515 0
    endloop
  endfacet
  facet normal 0.22707626166928074 0.9738769795956287 0
    outer loop
      vertex -3.7067161202430725 -18.634920328855515 8
      vertex -3.7067161202430725 -18.634920328855515 0
      vertex -4.917561858892441 -18.352590702474117 8
    endloop
  endfacet
  facet normal 0.2902846769958141 0.956940335810669 0
    outer loop
      vertex -6.107349842786789 -17.991672463715076 0
      vertex -6.107349842786789 -17.991672463715076 8
      vertex -4.917561858892441 -18.352590702474117 0
    endloop
  endfacet
  facet normal 0.2902846769958141 0.956940335810669 0
    outer loop
      vertex -4.917561858892441 -18.352590702474117 8
      vertex -4.917561858892441 -18.352590702474117 0
      vertex -6.107349842786789 -17.991672463715076 8
    endloop
  endfacet
  facet normal 0.3522500515197741 0.9359059254029309 0
    outer loop
      vertex -7.2709852159023285 -17.553711116313934 0
      vertex -7.2709852159023285 -17.553711116313934 8
      vertex -6.107349842786789 -17.991672463715076 0
    endloop
  endfacet
  facet normal 0.3522500515197741 0.9359059254029309 0
    outer loop
      vertex -6.107349842786789 -17.991672463715076 8
      vertex -6.107349842786789 -17.991672463715076 0
      vertex -7.2709852159023285 -17.553711116313934 8
    endloop
  endfacet
  facet normal 0.4127070288500439 0.9108638253535866 0
    outer loop
      vertex -8.403485111892223 -17.040582090616226 0
      vertex -8.403485111892223 -17.040582090616226 8
      vertex -7.2709852159023285 -17.553711116313934 0
    endloop
  endfacet
  facet normal 0.4127070288500439 0.9108638253535866 0
    outer loop
      vertex -7.2709852159023285 -17.553711116313934 8
      vertex -7.2709852159023285 -17.553711116313934 0
      vertex -8.403485111892223 -17.040582090616226 8
    endloop
  endfacet
  facet normal 0.4713967353171823 0.8819212651548337 0
    outer loop
      vertex -9.5 -16.454482674598694 0
      vertex -9.5 -16.454482674598694 8
      vertex -8.403485111892223 -17.040582090616226 0
    endloop
  endfacet
  facet normal 0.4713967353171823 0.8819212651548337 0
    outer loop
      vertex -8.403485111892223 -17.040582090616226 8
      vertex -8.403485111892223 -17.040582090616226 0
      vertex -9.5 -16.454482674598694 8
    endloop
  endfacet
  facet normal 0.528067852268634 0.8492021805202765 0
    outer loop
      vertex -10.55583442747593 -15.797922633588314 0
      vertex -10.55583442747593 -15.797922633588314 8
      vertex -9.5 -16.454482674598694 0
    endloop
  endfacet
  facet normal 0.528067852268634 0.8492021805202765 0
    outer loop
      vertex -9.5 -16.454482674598694 8
      vertex -9.5 -16.454482674598694 0
      vertex -10.55583442747593 -15.797922633588314 8
    endloop
  endfacet
  facet normal 0.5824776963408614 0.8128466849692156 0
    outer loop
      vertex -11.5664671510458 -15.073713466525078 0
      vertex -11.5664671510458 -15.073713466525078 8
      vertex -10.55583442747593 -15.797922633588314 0
    endloop
  endfacet
  facet normal 0.5824776963408614 0.8128466849692156 0
    outer loop
      vertex -10.55583442747593 -15.797922633588314 8
      vertex -10.55583442747593 -15.797922633588314 0
      vertex -11.5664671510458 -15.073713466525078 8
    endloop
  endfacet
  facet normal 0.6343932842622007 0.7730104532818548 0
    outer loop
      vertex -12.527570486068726 -14.284956343472004 0
      vertex -12.527570486068726 -14.284956343472004 8
      vertex -11.5664671510458 -15.073713466525078 0
    endloop
  endfacet
  facet normal 0.6343932842622007 0.7730104532818548 0
    outer loop
      vertex -11.5664671510458 -15.073713466525078 8
      vertex -11.5664671510458 -15.073713466525078 0
      vertex -12.527570486068726 -14.284956343472004 8
    endloop
  endfacet
  facet normal 0.6835923014156938 0.7298640732665194 0
    outer loop
      vertex -13.435028843581676 -13.435028843581676 0
      vertex -13.435028843581676 -13.435028843581676 8
      vertex -12.527570486068726 -14.284956343472004 0
    endloop
  endfacet
  facet normal 0.6835923014156938 0.7298640732665194 0
    outer loop
      vertex -12.527570486068726 -14.284956343472004 8
      vertex -12.527570486068726 -14.284956343472004 0
      vertex -13.435028843581676 -13.435028843581676 8
    endloop
  endfacet
  facet normal 0.7298640732665194 0.6835923014156938 0
    outer loop
      vertex -14.284956343472004 -12.527570486068726 0
      vertex -14.284956343472004 -12.527570486068726 8
      vertex -13.435028843581676 -13.435028843581676 0
    endloop
  endfacet
  facet normal 0.7298640732665194 0.6835923014156938 0
    outer loop
      vertex -13.435028843581676 -13.435028843581676 8
      vertex -13.435028843581676 -13.435028843581676 0
      vertex -14.284956343472004 -12.527570486068726 8
    endloop
  endfacet
  facet normal 0.7730104532818548 0.6343932842622007 0
    outer loop
      vertex -15.073713466525078 -11.5664671510458 0
      vertex -15.073713466525078 -11.5664671510458 8
      vertex -14.284956343472004 -12.527570486068726 0
    endloop
  endfacet
  facet normal 0.7730104532818548 0.6343932842622007 0
    outer loop
      vertex -14.284956343472004 -12.527570486068726 8
      vertex -14.284956343472004 -12.527570486068726 0
      vertex -15.073713466525078 -11.5664671510458 8
    endloop
  endfacet
  facet normal 0.8128466849692156 0.5824776963408614 0
    outer loop
      vertex -15.797922633588314 -10.55583442747593 0
      vertex -15.797922633588314 -10.55583442747593 8
      vertex -15.073713466525078 -11.5664671510458 0
    endloop
  endfacet
  facet normal 0.8128466849692156 0.5824776963408614 0
    outer loop
      vertex -15.073713466525078 -11.5664671510458 8
      vertex -15.073713466525078 -11.5664671510458 0
      vertex -15.797922633588314 -10.55583442747593 8
    endloop
  endfacet
  facet normal 0.8492021805202765 0.528067852268634 0
    outer loop
      vertex -16.454482674598694 -9.5 0
      vertex -16.454482674598694 -9.5 8
      vertex -15.797922633588314 -10.55583442747593 0
    endloop
  endfacet
  facet normal 0.8492021805202765 0.528067852268634 0
    outer loop
      vertex -15.797922633588314 -10.55583442747593 8
      vertex -15.797922633588314 -10.55583442747593 0
      vertex -16.454482674598694 -9.5 8
    endloop
  endfacet
  facet normal 0.8819212651548337 0.4713967353171823 0
    outer loop
      vertex -17.040582090616226 -8.403485111892223 0
      vertex -17.040582090616226 -8.403485111892223 8
      vertex -16.454482674598694 -9.5 0
    endloop
  endfacet
  facet normal 0.8819212651548337 0.4713967353171823 0
    outer loop
      vertex -16.454482674598694 -9.5 8
      vertex -16.454482674598694 -9.5 0
      vertex -17.040582090616226 -8.403485111892223 8
    endloop
  endfacet
  facet normal 0.9108638253535866 0.4127070288500439 0
    outer loop
      vertex -17.553711116313934 -7.2709852159023285 0
      vertex -17.553711116313934 -7.2709852159023285 8
      vertex -17.040582090616226 -8.403485111892223 0
    endloop
  endfacet
  facet normal 0.9108638253535866 0.4127070288500439 0
    outer loop
      vertex -17.040582090616226 -8.403485111892223 8
      vertex -17.040582090616226 -8.403485111892223 0
      vertex -17.553711116313934 -7.2709852159023285 8
    endloop
  endfacet
  facet normal 0.9359059254029309 0.3522500515197741 0
    outer loop
      vertex -17.991672463715076 -6.107349842786789 0
      vertex -17.991672463715076 -6.107349842786789 8
      vertex -17.553711116313934 -7.2709852159023285 0
    endloop
  endfacet
  facet normal 0.9359059254029309 0.3522500515197741 0
    outer loop
      vertex -17.553711116313934 -7.2709852159023285 8
      vertex -17.553711116313934 -7.2709852159023285 0
      vertex -17.991672463715076 -6.107349842786789 8
    endloop
  endfacet
  facet normal 0.956940335810669 0.2902846769958141 0
    outer loop
      vertex -18.352590702474117 -4.917561858892441 0
      vertex -18.352590702474117 -4.917561858892441 8
      vertex -17.991672463715076 -6.107349842786789 0
    endloop
  endfacet
  facet normal 0.956940335810669 0.2902846769958141 0
    outer loop
      vertex -17.991672463715076 -6.107349842786789 8
      vertex -17.991672463715076 -6.107349842786789 0
      vertex -18.352590702474117 -4.917561858892441 8
    endloop
  endfacet
  facet normal 0.9738769795956287 0.22707626166928074 0
    outer loop
      vertex -18.634920328855515 -3.7067161202430725 0
      vertex -18.634920328855515 -3.7067161202430725 8
      vertex -18.352590702474117 -4.917561858892441 0
    endloop
  endfacet
  facet normal 0.9738769795956287 0.22707626166928074 0
    outer loop
      vertex -18.352590702474117 -4.917561858892441 8
      vertex -18.352590702474117 -4.917561858892441 0
      vertex -18.634920328855515 -3.7067161202430725 8
    endloop
  endfacet
  facet normal 0.9866433322223 0.1628954725622416 0
    outer loop
      vertex -18.837452366948128 -2.4799976497888565 0
      vertex -18.837452366948128 -2.4799976497888565 8
      vertex -18.634920328855515 -3.7067161202430725 0
    endloop
  endfacet
  facet normal 0.9866433322223 0.1628954725622416 0
    outer loop
      vertex -18.634920328855515 -3.7067161202430725 8
      vertex -18.634920328855515 -3.7067161202430725 0
      vertex -18.837452366948128 -2.4799976497888565 8
    endloop
  endfacet
  facet normal 0.9951847268771544 0.09801713824859287 0
    outer loop
      vertex -18.959319539368153 -1.2426594570279121 0
      vertex -18.959319539368153 -1.2426594570279121 8
      vertex -18.837452366948128 -2.4799976497888565 0
    endloop
  endfacet
  facet normal 0.9951847268771544 0.09801713824859287 0
    outer loop
      vertex -18.837452366948128 -2.4799976497888565 8
      vertex -18.837452366948128 -2.4799976497888565 0
      vertex -18.959319539368153 -1.2426594570279121 8
    endloop
  endfacet
  facet normal 0.9994645874208394 0.03271908451792822 0
    outer loop
      vertex -19 0 0
      vertex -19 0 8
      vertex -18.959319539368153 -1.2426594570279121 0
    endloop
  endfacet
  facet normal 0.9994645874208394 0.03271908451792822 0
    outer loop
      vertex -18.959319539368153 -1.2426594570279121 8
      vertex -18.959319539368153 -1.2426594570279121 0
      vertex -19 0 8
    endloop
  endfacet
  facet normal 0.9994645874208394 -0.03271908451792822 0
    outer loop
      vertex -18.959319539368153 1.2426594570279121 0
      vertex -18.959319539368153 1.2426594570279121 8
      vertex -19 0 0
    endloop
  endfacet
  facet normal 0.9994645874208394 -0.03271908451792822 0
    outer loop
      vertex -19 0 8
      vertex -19 0 0
      vertex -18.959319539368153 1.2426594570279121 8
    endloop
  endfacet
  facet normal 0.9951847268771544 -0.09801713824859287 0
    outer loop
      vertex -18.837452366948128 2.4799976497888565 0
      vertex -18.837452366948128 2.4799976497888565 8
      vertex -18.959319539368153 1.2426594570279121 0
    endloop
  endfacet
  facet normal 0.9951847268771544 -0.09801713824859287 0
    outer loop
      vertex -18.959319539368153 1.2426594570279121 8
      vertex -18.959319539368153 1.2426594570279121 0
      vertex -18.837452366948128 2.4799976497888565 8
    endloop
  endfacet
  facet normal 0.9866433322223 -0.1628954725622416 0
    outer loop
      vertex -18.634920328855515 3.7067161202430725 0
      vertex -18.634920328855515 3.7067161202430725 8
      vertex -18.837452366948128 2.4799976497888565 0
    endloop
  endfacet
  facet normal 0.9866433322223 -0.1628954725622416 0
    outer loop
      vertex -18.837452366948128 2.4799976497888565 8
      vertex -18.837452366948128 2.4799976497888565 0
      vertex -18.634920328855515 3.7067161202430725 8
    endloop
  endfacet
  facet normal 0.9738769795956287 -0.22707626166928074 0
    outer loop
      vertex -18.352590702474117 4.917561858892441 0
      vertex -18.352590702474117 4.917561858892441 8
      vertex -18.634920328855515 3.7067161202430725 0
    endloop
  endfacet
  facet normal 0.9738769795956287 -0.22707626166928074 0
    outer loop
      vertex -18.634920328855515 3.7067161202430725 8
      vertex -18.634920328855515 3.7067161202430725 0
      vertex -18.352590702474117 4.917561858892441 8
    endloop
  endfacet
  facet normal 0.956940335810669 -0.2902846769958141 0
    outer loop
      vertex -17.991672463715076 6.107349842786789 0
      vertex -17.991672463715076 6.107349842786789 8
      vertex -18.352590702474117 4.917561858892441 0
    endloop
  endfacet
  facet normal 0.956940335810669 -0.2902846769958141 0
    outer loop
      vertex -18.352590702474117 4.917561858892441 8
      vertex -18.352590702474117 4.917561858892441 0
      vertex -17.991672463715076 6.107349842786789 8
    endloop
  endfacet
  facet normal 0.9359059254029309 -0.3522500515197741 0
    outer loop
      vertex -17.553711116313934 7.2709852159023285 0
      vertex -17.553711116313934 7.2709852159023285 8
      vertex -17.991672463715076 6.107349842786789 0
    endloop
  endfacet
  facet normal 0.9359059254029309 -0.3522500515197741 0
    outer loop
      vertex -17.991672463715076 6.107349842786789 8
      vertex -17.991672463715076 6.107349842786789 0
      vertex -17.553711116313934 7.2709852159023285 8
    endloop
  endfacet
  facet normal 0.9108638253535866 -0.4127070288500439 0
    outer loop
      vertex -17.040582090616226 8.403485111892223 0
      vertex -17.040582090616226 8.403485111892223 8
      vertex -17.553711116313934 7.2709852159023285 0
    endloop
  endfacet
  facet normal 0.9108638253535866 -0.4127070288500439 0
    outer loop
      vertex -17.553711116313934 7.2709852159023285 8
      vertex -17.553711116313934 7.2709852159023285 0
      vertex -17.040582090616226 8.403485111892223 8
    endloop
  endfacet
  facet normal 0.8819212651548337 -0.4713967353171823 0
    outer loop
      vertex -16.454482674598694 9.5 0
      vertex -16.454482674598694 9.5 8
      vertex -17.040582090616226 8.403485111892223 0
    endloop
  endfacet
  facet normal 0.8819212651548337 -0.4713967353171823 0
    outer loop
      vertex -17.040582090616226 8.403485111892223 8
      vertex -17.040582090616226 8.403485111892223 0
      vertex -16.454482674598694 9.5 8
    endloop
  endfacet
  facet normal 0.8492021805202765 -0.528067852268634 0
    outer loop
      vertex -15.797922633588314 10.55583442747593 0
      vertex -15.797922633588314 10.55583442747593 8
      vertex -16.454482674598694 9.5 0
    endloop
  endfacet
  facet normal 0.8492021805202765 -0.528067852268634 0
    outer loop
      vertex -16.454482674598694 9.5 8
      vertex -16.454482674598694 9.5 0
      vertex -15.797922633588314 10.55583442747593 8
    endloop
  endfacet
  facet normal 0.8128466849692156 -0.5824776963408614 0
    outer loop
      vertex -15.073713466525078 11.5664671510458 0
      vertex -15.073713466525078 11.5664671510458 8
      vertex -15.797922633588314 10.55583442747593 0
    endloop
  endfacet
  facet normal 0.8128466849692156 -0.5824776963408614 0
    outer loop
      vertex -15.797922633588314 10.55583442747593 8
      vertex -15.797922633588314 10.55583442747593 0
      vertex -15.073713466525078 11.5664671510458 8
    endloop
  endfacet
  facet normal 0.7730104532818548 -0.6343932842622007 0
    outer loop
      vertex -14.284956343472004 12.527570486068726 0
      vertex -14.284956343472004 12.527570486068726 8
      vertex -15.073713466525078 11.5664671510458 0
    endloop
  endfacet
  facet normal 0.7730104532818548 -0.6343932842622007 0
    outer loop
      vertex -15.073713466525078 11.5664671510458 8
      vertex -15.073713466525078 11.5664671510458 0
      vertex -14.284956343472004 12.527570486068726 8
    endloop
  endfacet
  facet normal 0.7298640732665194 -0.6835923014156938 0
    outer loop
      vertex -13.435028843581676 13.435028843581676 0
      vertex -13.435028843581676 13.435028843581676 8
      vertex -14.284956343472004 12.527570486068726 0
    endloop
  endfacet
  facet normal 0.7298640732665194 -0.6835923014156938 0
    outer loop
      vertex -14.284956343472004 12.527570486068726 8
      vertex -14.284956343472004 12.527570486068726 0
      vertex -13.435028843581676 13.435028843581676 8
    endloop
  endfacet
  facet normal 0.6835923014156938 -0.7298640732665194 0
    outer loop
      vertex -12.527570486068726 14.284956343472004 0
      vertex -12.527570486068726 14.284956343472004 8
      vertex -13.435028843581676 13.435028843581676 0
    endloop
  endfacet
  facet normal 0.6835923014156938 -0.7298640732665194 0
    outer loop
      vertex -13.435028843581676 13.435028843581676 8
      vertex -13.435028843581676 13.435028843581676 0
      vertex -12.527570486068726 14.284956343472004 8
    endloop
  endfacet
  facet normal 0.6343932842622007 -0.7730104532818548 0
    outer loop
      vertex -11.5664671510458 15.073713466525078 0
      vertex -11.5664671510458 15.073713466525078 8
      vertex -12.527570486068726 14.284956343472004 0
    endloop
  endfacet
  facet normal 0.6343932842622007 -0.7730104532818548 0
    outer loop
      vertex -12.527570486068726 14.284956343472004 8
      vertex -12.527570486068726 14.284956343472004 0
      vertex -11.5664671510458 15.073713466525078 8
    endloop
  endfacet
  facet normal 0.5824776963408614 -0.8128466849692156 0
    outer loop
      vertex -10.55583442747593 15.797922633588314 0
      vertex -10.55583442747593 15.797922633588314 8
      vertex -11.5664671510458 15.073713466525078 0
    endloop
  endfacet
  facet normal 0.5824776963408614 -0.8128466849692156 0
    outer loop
      vertex -11.5664671510458 15.073713466525078 8
      vertex -11.5664671510458 15.073713466525078 0
      vertex -10.55583442747593 15.797922633588314 8
    endloop
  endfacet
  facet normal 0.528067852268634 -0.8492021805202765 0
    outer loop
      vertex -9.5 16.454482674598694 0
      vertex -9.5 16.454482674598694 8
      vertex -10.55583442747593 15.797922633588314 0
    endloop
  endfacet
  facet normal 0.528067852268634 -0.8492021805202765 0
    outer loop
      vertex -10.55583442747593 15.797922633588314 8
      vertex -10.55583442747593 15.797922633588314 0
      vertex -9.5 16.454482674598694 8
    endloop
  endfacet
  facet normal 0.4713967353171823 -0.8819212651548337 0
    outer loop
      vertex -8.403485111892223 17.040582090616226 0
      vertex -8.403485111892223 17.040582090616226 8
      vertex -9.5 16.454482674598694 0
    endloop
  endfacet
  facet normal 0.4713967353171823 -0.8819212651548337 0
    outer loop
      vertex -9.5 16.454482674598694 8
      vertex -9.5 16.454482674598694 0
      vertex -8.403485111892223 17.040582090616226 8
    endloop
  endfacet
  facet normal 0.4127070288500439 -0.9108638253535866 0
    outer loop
      vertex -7.2709852159023285 17.553711116313934 0
      vertex -7.2709852159023285 17.553711116313934 8
      vertex -8.403485111892223 17.040582090616226 0
    endloop
  endfacet
  facet normal 0.4127070288500439 -0.9108638253535866 0
    outer loop
      vertex -8.403485111892223 17.040582090616226 8
      vertex -8.403485111892223 17.040582090616226 0
      vertex -7.2709852159023285 17.553711116313934 8
    endloop
  endfacet
  facet normal 0.3522500515197741 -0.9359059254029309 0
    outer loop
      vertex -6.107349842786789 17.991672463715076 0
      vertex -6.107349842786789 17.991672463715076 8
      vertex -7.2709852159023285 17.553711116313934 0
    endloop
  endfacet
  facet normal 0.3522500515197741 -0.9359059254029309 0
    outer loop
      vertex -7.2709852159023285 17.553711116313934 8
      vertex -7.2709852159023285 17.553711116313934 0
      vertex -6.107349842786789 17.991672463715076 8
    endloop
  endfacet
  facet normal 0.2902846769958141 -0.956940335810669 0
    outer loop
      vertex -4.917561858892441 18.352590702474117 0
      vertex -4.917561858892441 18.352590702474117 8
      vertex -6.107349842786789 17.991672463715076 0
    endloop
  endfacet
  facet normal 0.2902846769958141 -0.956940335810669 0
    outer loop
      vertex -6.107349842786789 17.991672463715076 8
      vertex -6.107349842786789 17.991672463715076 0
      vertex -4.917561858892441 18.352590702474117 8
    endloop
  endfacet
  facet normal 0.22707626166928074 -0.9738769795956287 0
    outer loop
      vertex -3.7067161202430725 18.634920328855515 0
      vertex -3.7067161202430725 18.634920328855515 8
      vertex -4.917561858892441 18.352590702474117 0
    endloop
  endfacet
  facet normal 0.22707626166928074 -0.9738769795956287 0
    outer loop
      vertex -4.917561858892441 18.352590702474117 8
      vertex -4.917561858892441 18.352590702474117 0
      vertex -3.7067161202430725 18.634920328855515 8
    endloop
  endfacet
  facet normal 0.1628954725622416 -0.9866433322223 0
    outer loop
      vertex -2.4799976497888565 18.837452366948128 0
      vertex -2.4799976497888565 18.837452366948128 8
      vertex -3.7067161202430725 18.634920328855515 0
    endloop
  endfacet
  facet normal 0.1628954725622416 -0.9866433322223 0
    outer loop
      vertex -3.7067161202430725 18.634920328855515 8
      vertex -3.7067161202430725 18.634920328855515 0
      vertex -2.4799976497888565 18.837452366948128 8
    endloop
  endfacet
  facet normal 0.09801713824859287 -0.9951847268771544 0
    outer loop
      vertex -1.2426594570279121 18.959319539368153 0
      vertex -1.2426594570279121 18.959319539368153 8
      vertex -2.4799976497888565 18.837452366948128 0
    endloop
  endfacet
  facet normal 0.09801713824859287 -0.9951847268771544 0
    outer loop
      vertex -2.4799976497888565 18.837452366948128 8
      vertex -2.4799976497888565 18.837452366948128 0
      vertex -1.2426594570279121 18.959319539368153 8
    endloop
  endfacet
  facet normal 0.03271908451792822 -0.9994645874208394 0
    outer loop
      vertex 0 19 0
      vertex 0 19 8
      vertex -1.2426594570279121 18.959319539368153 0
    endloop
  endfacet
  facet normal 0.03271908451792822 -0.9994645874208394 0
    outer loop
      vertex -1.2426594570279121 18.959319539368153 8
      vertex -1.2426594570279121 18.959319539368153 0
      vertex 0 19 8
    endloop
  endfacet
  facet normal -0.03271908451792822 -0.9994645874208394 0
    outer loop
      vertex 1.2426594570279121 18.959319539368153 0
      vertex 1.2426594570279121 18.959319539368153 8
      vertex 0 19 0
    endloop
  endfacet
  facet normal -0.03271908451792822 -0.9994645874208394 0
    outer loop
      vertex 0 19 8
      vertex 0 19 0
      vertex 1.2426594570279121 18.959319539368153 8
    endloop
  endfacet
  facet normal -0.09801713824859287 -0.9951847268771544 0
    outer loop
      vertex 2.4799976497888565 18.837452366948128 0
      vertex 2.4799976497888565 18.837452366948128 8
      vertex 1.2426594570279121 18.959319539368153 0
    endloop
  endfacet
  facet normal -0.09801713824859287 -0.9951847268771544 0
    outer loop
      vertex 1.2426594570279121 18.959319539368153 8
      vertex 1.2426594570279121 18.959319539368153 0
      vertex 2.4799976497888565 18.837452366948128 8
    endloop
  endfacet
  facet normal -0.1628954725622416 -0.9866433322223 0
    outer loop
      vertex 3.7067161202430725 18.634920328855515 0
      vertex 3.7067161202430725 18.634920328855515 8
      vertex 2.4799976497888565 18.837452366948128 0
    endloop
  endfacet
  facet normal -0.1628954725622416 -0.9866433322223 0
    outer loop
      vertex 2.4799976497888565 18.837452366948128 8
      vertex 2.4799976497888565 18.837452366948128 0
      vertex 3.7067161202430725 18.634920328855515 8
    endloop
  endfacet
  facet normal -0.22707626166928074 -0.9738769795956287 0
    outer loop
      vertex 4.917561858892441 18.352590702474117 0
      vertex 4.917561858892441 18.352590702474117 8
      vertex 3.7067161202430725 18.634920328855515 0
    endloop
  endfacet
  facet normal -0.22707626166928074 -0.9738769795956287 0
    outer loop
      vertex 3.7067161202430725 18.634920328855515 8
      vertex 3.7067161202430725 18.634920328855515 0
      vertex 4.917561858892441 18.352590702474117 8
    endloop
  endfacet
  facet normal -0.2902846769958141 -0.956940335810669 0
    outer loop
      vertex 6.107349842786789 17.991672463715076 0
      vertex 6.107349842786789 17.991672463715076 8
      vertex 4.917561858892441 18.352590702474117 0
    endloop
  endfacet
  facet normal -0.2902846769958141 -0.956940335810669 0
    outer loop
      vertex 4.917561858892441 18.352590702474117 8
      vertex 4.917561858892441 18.352590702474117 0
      vertex 6.107349842786789 17.991672463715076 8
    endloop
  endfacet
  facet normal -0.3522500515197741 -0.9359059254029309 0
    outer loop
      vertex 7.2709852159023285 17.553711116313934 0
      vertex 7.2709852159023285 17.553711116313934 8
      vertex 6.107349842786789 17.991672463715076 0
    endloop
  endfacet
  facet normal -0.3522500515197741 -0.9359059254029309 0
    outer loop
      vertex 6.107349842786789 17.991672463715076 8
      vertex 6.107349842786789 17.991672463715076 0
      vertex 7.2709852159023285 17.553711116313934 8
    endloop
  endfacet
  facet normal -0.4127070288500439 -0.9108638253535866 0
    outer loop
      vertex 8.403485111892223 17.040582090616226 0
      vertex 8.403485111892223 17.040582090616226 8
      vertex 7.2709852159023285 17.553711116313934 0
    endloop
  endfacet
  facet normal -0.4127070288500439 -0.9108638253535866 0
    outer loop
      vertex 7.2709852159023285 17.553711116313934 8
      vertex 7.2709852159023285 17.553711116313934 0
      vertex 8.403485111892223 17.040582090616226 8
    endloop
  endfacet
  facet normal -0.4713967353171823 -0.8819212651548337 0
    outer loop
      vertex 9.5 16.454482674598694 0
      vertex 9.5 16.454482674598694 8
      vertex 8.403485111892223 17.040582090616226 0
    endloop
  endfacet
  facet normal -0.4713967353171823 -0.8819212651548337 0
    outer loop
      vertex 8.403485111892223 17.040582090616226 8
      vertex 8.403485111892223 17.040582090616226 0
      vertex 9.5 16.454482674598694 8
    endloop
  endfacet
  facet normal -0.528067852268634 -0.8492021805202765 0
    outer loop
      vertex 10.55583442747593 15.797922633588314 0
      vertex 10.55583442747593 15.797922633588314 8
      vertex 9.5 16.454482674598694 0
    endloop
  endfacet
  facet normal -0.528067852268634 -0.8492021805202765 0
    outer loop
      vertex 9.5 16.454482674598694 8
      vertex 9.5 16.454482674598694 0
      vertex 10.55583442747593 15.797922633588314 8
    endloop
  endfacet
  facet normal -0.5824776963408614 -0.8128466849692156 0
    outer loop
      vertex 11.5664671510458 15.073713466525078 0
      vertex 11.5664671510458 15.073713466525078 8
      vertex 10.55583442747593 15.797922633588314 0
    endloop
  endfacet
  facet normal -0.5824776963408614 -0.8128466849692156 0
    outer loop
      vertex 10.55583442747593 15.797922633588314 8
      vertex 10.55583442747593 15.797922633588314 0
      vertex 11.5664671510458 15.073713466525078 8
    endloop
  endfacet
  facet normal -0.6343932842622007 -0.7730104532818548 0
    outer loop
      vertex 12.527570486068726 14.284956343472004 0
      vertex 12.527570486068726 14.284956343472004 8
      vertex 11.5664671510458 15.073713466525078 0
    endloop
  endfacet
  facet normal -0.6343932842622007 -0.7730104532818548 0
    outer loop
      vertex 11.5664671510458 15.073713466525078 8
      vertex 11.5664671510458 15.073713466525078 0
      vertex 12.527570486068726 14.284956343472004 8
    endloop
  endfacet
  facet normal -0.6835923014156938 -0.7298640732665194 0
    outer loop
      vertex 13.435028843581676 13.435028843581676 0
      vertex 13.435028843581676 13.435028843581676 8
      vertex 12.527570486068726 14.284956343472004 0
    endloop
  endfacet
  facet normal -0.6835923014156938 -0.7298640732665194 0
    outer loop
      vertex 12.527570486068726 14.284956343472004 8
      vertex 12.527570486068726 14.284956343472004 0
      vertex 13.435028843581676 13.435028843581676 8
    endloop
  endfacet
  facet normal -0.7298640732665194 -0.6835923014156938 0
    outer loop
      vertex 14.284956343472004 12.527570486068726 0
      vertex 14.284956343472004 12.527570486068726 8
      vertex 13.435028843581676 13.435028843581676 0
    endloop
  endfacet
  facet normal -0.7298640732665194 -0.6835923014156938 0
    outer loop
      vertex 13.435028843581676 13.435028843581676 8
      vertex 13.435028843581676 13.435028843581676 0
      vertex 14.284956343472004 12.527570486068726 8
    endloop
  endfacet
  facet normal -0.7730104532818548 -0.6343932842622007 0
    outer loop
      vertex 15.073713466525078 11.5664671510458 0
      vertex 15.073713466525078 11.5664671510458 8
      vertex 14.284956343472004 12.527570486068726 0
    endloop
  endfacet
  facet normal -0.7730104532818548 -0.6343932842622007 0
    outer loop
      vertex 14.284956343472004 12.527570486068726 8
      vertex 14.284956343472004 12.527570486068726 0
      vertex 15.073713466525078 11.5664671510458 8
    endloop
  endfacet
  facet normal -0.8128466849692156 -0.5824776963408614 0
    outer loop
      vertex 15.797922633588314 10.55583442747593 0
      vertex 15.797922633588314 10.55583442747593 8
      vertex 15.073713466525078 11.5664671510458 0
    endloop
  endfacet
  facet normal -0.8128466849692156 -0.5824776963408614 0
    outer loop
      vertex 15.073713466525078 11.5664671510458 8
      vertex 15.073713466525078 11.5664671510458 0
      vertex 15.797922633588314 10.55583442747593 8
    endloop
  endfacet
  facet normal -0.8492021805202765 -0.528067852268634 0
    outer loop
      vertex 16.454482674598694 9.5 0
      vertex 16.454482674598694 9.5 8
      vertex 15.797922633588314 10.55583442747593 0
    endloop
  endfacet
  facet normal -0.8492021805202765 -0.528067852268634 0
    outer loop
      vertex 15.797922633588314 10.55583442747593 8
      vertex 15.797922633588314 10.55583442747593 0
      vertex 16.454482674598694 9.5 8
    endloop
  endfacet
  facet normal -0.8819212651548337 -0.4713967353171823 0
    outer loop
      vertex 17.040582090616226 8.403485111892223 0
      vertex 17.040582090616226 8.403485111892223 8
      vertex 16.454482674598694 9.5 0
    endloop
  endfacet
  facet normal -0.8819212651548337 -0.4713967353171823 0
    outer loop
      vertex 16.454482674598694 9.5 8
      vertex 16.454482674598694 9.5 0
      vertex 17.040582090616226 8.403485111892223 8
    endloop
  endfacet
  facet normal -0.9108638253535866 -0.4127070288500439 0
    outer loop
      vertex 17.553711116313934 7.2709852159023285 0
      vertex 17.553711116313934 7.2709852159023285 8
      vertex 17.040582090616226 8.403485111892223 0
    endloop
  endfacet
  facet normal -0.9108638253535866 -0.4127070288500439 0
    outer loop
      vertex 17.040582090616226 8.403485111892223 8
      vertex 17.040582090616226 8.403485111892223 0
      vertex 17.553711116313934 7.2709852159023285 8
    endloop
  endfacet
  facet normal -0.9359059254029309 -0.3522500515197741 0
    outer loop
      vertex 17.991672463715076 6.107349842786789 0
      vertex 17.991672463715076 6.107349842786789 8
      vertex 17.553711116313934 7.2709852159023285 0
    endloop
  endfacet
  facet normal -0.9359059254029309 -0.3522500515197741 0
    outer loop
      vertex 17.553711116313934 7.2709852159023285 8
      vertex 17.553711116313934 7.2709852159023285 0
      vertex 17.991672463715076 6.107349842786789 8
    endloop
  endfacet
  facet normal -0.956940335810669 -0.2902846769958141 0
    outer loop
      vertex 18.352590702474117 4.917561858892441 0
      vertex 18.352590702474117 4.917561858892441 8
      vertex 17.991672463715076 6.107349842786789 0
    endloop
  endfacet
  facet normal -0.956940335810669 -0.2902846769958141 0
    outer loop
      vertex 17.991672463715076 6.107349842786789 8
      vertex 17.991672463715076 6.107349842786789 0
      vertex 18.352590702474117 4.917561858892441 8
    endloop
  endfacet
  facet normal -0.9738769795956287 -0.22707626166928074 0
    outer loop
      vertex 18.634920328855515 3.7067161202430725 0
      vertex 18.634920328855515 3.7067161202430725 8
      vertex 18.352590702474117 4.917561858892441 0
    endloop
  endfacet
  facet normal -0.9738769795956287 -0.22707626166928074 0
    outer loop
      vertex 18.352590702474117 4.917561858892441 8
      vertex 18.352590702474117 4.917561858892441 0
      vertex 18.634920328855515 3.7067161202430725 8
    endloop
  endfacet
  facet normal -0.9866433322223 -0.1628954725622416 0
    outer loop
      vertex 18.837452366948128 2.4799976497888565 0
      vertex 18.837452366948128 2.4799976497888565 8
      vertex 18.634920328855515 3.7067161202430725 0
    endloop
  endfacet
  facet normal -0.9866433322223 -0.1628954725622416 0
    outer loop
      vertex 18.634920328855515 3.7067161202430725 8
      vertex 18.634920328855515 3.7067161202430725 0
      vertex 18.837452366948128 2.4799976497888565 8
    endloop
  endfacet
  facet normal -0.9951847268771544 -0.09801713824859287 0
    outer loop
      vertex 18.959319539368153 1.2426594570279121 0
      vertex 18.959319539368153 1.2426594570279121 8
      vertex 18.837452366948128 2.4799976497888565 0
    endloop
  endfacet
  facet normal -0.9951847268771544 -0.09801713824859287 0
    outer loop
      vertex 18.837452366948128 2.4799976497888565 8
      vertex 18.837452366948128 2.4799976497888565 0
      vertex 18.959319539368153 1.2426594570279121 8
    endloop
  endfacet
  facet normal -0.9994645874208394 -0.03271908451792822 0
    outer loop
      vertex 19 0 0
      vertex 19 0 8
      vertex 18.959319539368153 1.2426594570279121 0
    endloop
  endfacet
  facet normal -0.9994645874208394 -0.03271908451792822 0
    outer loop
      vertex 18.959319539368153 1.2426594570279121 8
      vertex 18.959319539368153 1.2426594570279121 0
      vertex 19 0 8
    endloop
  endfacet
  facet normal -0.9994645874208394 0.03271908451792822 0
    outer loop
      vertex 18.959319539368153 -1.2426594570279121 0
      vertex 18.959319539368153 -1.2426594570279121 8
      vertex 19 0 0
    endloop
  endfacet
  facet normal -0.9994645874208394 0.03271908451792822 0
    outer loop
      vertex 19 0 8
      vertex 19 0 0
      vertex 18.959319539368153 -1.2426594570279121 8
    endloop
  endfacet
  facet normal -0.9951847268771544 0.09801713824859287 0
    outer loop
      vertex 18.837452366948128 -2.4799976497888565 0
      vertex 18.837452366948128 -2.4799976497888565 8
      vertex 18.959319539368153 -1.2426594570279121 0
    endloop
  endfacet
  facet normal -0.9951847268771544 0.09801713824859287 0
    outer loop
      vertex 18.959319539368153 -1.2426594570279121 8
      vertex 18.959319539368153 -1.2426594570279121 0
      vertex 18.837452366948128 -2.4799976497888565 8
    endloop
  endfacet
  facet normal -0.9866433322223 0.1628954725622416 0
    outer loop
      vertex 18.634920328855515 -3.7067161202430725 0
      vertex 18.634920328855515 -3.7067161202430725 8
      vertex 18.837452366948128 -2.4799976497888565 0
    endloop
  endfacet
  facet normal -0.9866433322223 0.1628954725622416 0
    outer loop
      vertex 18.837452366948128 -2.4799976497888565 8
      vertex 18.837452366948128 -2.4799976497888565 0
      vertex 18.634920328855515 -3.7067161202430725 8
    endloop
  endfacet
  facet normal -0.9738769795956287 0.22707626166928074 0
    outer loop
      vertex 18.352590702474117 -4.917561858892441 0
      vertex 18.352590702474117 -4.917561858892441 8
      vertex 18.634920328855515 -3.7067161202430725 0
    endloop
  endfacet
  facet normal -0.9738769795956287 0.22707626166928074 0
    outer loop
      vertex 18.634920328855515 -3.7067161202430725 8
      vertex 18.634920328855515 -3.7067161202430725 0
      vertex 18.352590702474117 -4.917561858892441 8
    endloop
  endfacet
  facet normal -0.956940335810669 0.2902846769958141 0
    outer loop
      vertex 17.991672463715076 -6.107349842786789 0
      vertex 17.991672463715076 -6.107349842786789 8
      vertex 18.352590702474117 -4.917561858892441 0
    endloop
  endfacet
  facet normal -0.956940335810669 0.2902846769958141 0
    outer loop
      vertex 18.352590702474117 -4.917561858892441 8
      vertex 18.352590702474117 -4.917561858892441 0
      vertex 17.991672463715076 -6.107349842786789 8
    endloop
  endfacet
  facet normal -0.9359059254029309 0.3522500515197741 0
    outer loop
      vertex 17.553711116313934 -7.2709852159023285 0
      vertex 17.553711116313934 -7.2709852159023285 8
      vertex 17.991672463715076 -6.107349842786789 0
    endloop
  endfacet
  facet normal -0.9359059254029309 0.3522500515197741 0
    outer loop
      vertex 17.991672463715076 -6.107349842786789 8
      vertex 17.991672463715076 -6.107349842786789 0
      vertex 17.553711116313934 -7.2709852159023285 8
    endloop
  endfacet
  facet normal -0.9108638253535866 0.4127070288500439 0
    outer loop
      vertex 17.040582090616226 -8.403485111892223 0
      vertex 17.040582090616226 -8.403485111892223 8
      vertex 17.553711116313934 -7.2709852159023285 0
    endloop
  endfacet
  facet normal -0.9108638253535866 0.4127070288500439 0
    outer loop
      vertex 17.553711116313934 -7.2709852159023285 8
      vertex 17.553711116313934 -7.2709852159023285 0
      vertex 17.040582090616226 -8.403485111892223 8
    endloop
  endfacet
  facet normal -0.8819212651548337 0.4713967353171823 0
    outer loop
      vertex 16.454482674598694 -9.5 0
      vertex 16.454482674598694 -9.5 8
      vertex 17.040582090616226 -8.403485111892223 0
    endloop
  endfacet
  facet normal -0.8819212651548337 0.4713967353171823 0
    outer loop
      vertex 17.040582090616226 -8.403485111892223 8
      vertex 17.040582090616226 -8.403485111892223 0
      vertex 16.454482674598694 -9.5 8
    endloop
  endfacet
  facet normal -0.8492021805202765 0.528067852268634 0
    outer loop
      vertex 15.797922633588314 -10.55583442747593 0
      vertex 15.797922633588314 -10.55583442747593 8
      vertex 16.454482674598694 -9.5 0
    endloop
  endfacet
  facet normal -0.8492021805202765 0.528067852268634 0
    outer loop
      vertex 16.454482674598694 -9.5 8
      vertex 16.454482674598694 -9.5 0
      vertex 15.797922633588314 -10.55583442747593 8
    endloop
  endfacet
  facet normal -0.8128466849692156 0.5824776963408614 0
    outer loop
      vertex 15.073713466525078 -11.5664671510458 0
      vertex 15.073713466525078 -11.5664671510458 8
      vertex 15.797922633588314 -10.55583442747593 0
    endloop
  endfacet
  facet normal -0.8128466849692156 0.5824776963408614 0
    outer loop
      vertex 15.797922633588314 -10.55583442747593 8
      vertex 15.797922633588314 -10.55583442747593 0
      vertex 15.073713466525078 -11.5664671510458 8
    endloop
  endfacet
  facet normal -0.7730104532818548 0.6343932842622007 0
    outer loop
      vertex 14.284956343472004 -12.527570486068726 0
      vertex 14.284956343472004 -12.527570486068726 8
      vertex 15.073713466525078 -11.5664671510458 0
    endloop
  endfacet
  facet normal -0.7730104532818548 0.6343932842622007 0
    outer loop
      vertex 15.073713466525078 -11.5664671510458 8
      vertex 15.073713466525078 -11.5664671510458 0
      vertex 14.284956343472004 -12.527570486068726 8
    endloop
  endfacet
  facet normal -0.7298640732665194 0.6835923014156938 0
    outer loop
      vertex 13.435028843581676 -13.435028843581676 0
      vertex 13.435028843581676 -13.435028843581676 8
      vertex 14.284956343472004 -12.527570486068726 0
    endloop
  endfacet
  facet normal -0.7298640732665194 0.6835923014156938 0
    outer loop
      vertex 14.284956343472004 -12.527570486068726 8
      vertex 14.284956343472004 -12.527570486068726 0
      vertex 13.435028843581676 -13.435028843581676 8
    endloop
  endfacet
  facet normal -0.6835923014156938 0.7298640732665194 0
    outer loop
      vertex 12.527570486068726 -14.284956343472004 0
      vertex 12.527570486068726 -14.284956343472004 8
      vertex 13.435028843581676 -13.435028843581676 0
    endloop
  endfacet
  facet normal -0.6835923014156938 0.7298640732665194 0
    outer loop
      vertex 13.435028843581676 -13.435028843581676 8
      vertex 13.435028843581676 -13.435028843581676 0
      vertex 12.527570486068726 -14.284956343472004 8
    endloop
  endfacet
  facet normal -0.6343932842622007 0.7730104532818548 0
    outer loop
      vertex 11.5664671510458 -15.073713466525078 0
      vertex 11.5664671510458 -15.073713466525078 8
      vertex 12.527570486068726 -14.284956343472004 0
    endloop
  endfacet
  facet normal -0.6343932842622007 0.7730104532818548 0
    outer loop
      vertex 12.527570486068726 -14.284956343472004 8
      vertex 12.527570486068726 -14.284956343472004 0
      vertex 11.5664671510458 -15.073713466525078 8
    endloop
  endfacet
  facet normal -0.5824776963408614 0.8128466849692156 0
    outer loop
      vertex 10.55583442747593 -15.797922633588314 0
      vertex 10.55583442747593 -15.797922633588314 8
      vertex 11.5664671510458 -15.073713466525078 0
    endloop
  endfacet
  facet normal -0.5824776963408614 0.8128466849692156 0
    outer loop
      vertex 11.5664671510458 -15.073713466525078 8
      vertex 11.5664671510458 -15.073713466525078 0
      vertex 10.55583442747593 -15.797922633588314 8
    endloop
  endfacet
  facet normal -0.528067852268634 0.8492021805202765 0
    outer loop
      vertex 9.5 -16.454482674598694 0
      vertex 9.5 -16.454482674598694 8
      vertex 10.55583442747593 -15.797922633588314 0
    endloop
  endfacet
  facet normal -0.528067852268634 0.8492021805202765 0
    outer loop
      vertex 10.55583442747593 -15.797922633588314 8
      vertex 10.55583442747593 -15.797922633588314 0
      vertex 9.5 -16.454482674598694 8
    endloop
  endfacet
  facet normal -0.4713967353171823 0.8819212651548337 0
    outer loop
      vertex 8.403485111892223 -17.040582090616226 0
      vertex 8.403485111892223 -17.040582090616226 8
      vertex 9.5 -16.454482674598694 0
    endloop
  endfacet
  facet normal -0.4713967353171823 0.8819212651548337 0
    outer loop
      vertex 9.5 -16.454482674598694 8
      vertex 9.5 -16.454482674598694 0
      vertex 8.403485111892223 -17.040582090616226 8
    endloop
  endfacet
  facet normal -0.4127070288500439 0.9108638253535866 0
    outer loop
      vertex 7.2709852159023285 -17.553711116313934 0
      vertex 7.2709852159023285 -17.553711116313934 8
      vertex 8.403485111892223 -17.040582090616226 0
    endloop
  endfacet
  facet normal -0.4127070288500439 0.9108638253535866 0
    outer loop
      vertex 8.403485111892223 -17.040582090616226 8
      vertex 8.403485111892223 -17.040582090616226 0
      vertex 7.2709852159023285 -17.553711116313934 8
    endloop
  endfacet
  facet normal -0.3522500515197741 0.9359059254029309 0
    outer loop
      vertex 6.107349842786789 -17.991672463715076 0
      vertex 6.107349842786789 -17.991672463715076 8
      vertex 7.2709852159023285 -17.553711116313934 0
    endloop
  endfacet
  facet normal -0.3522500515197741 0.9359059254029309 0
    outer loop
      vertex 7.2709852159023285 -17.553711116313934 8
      vertex 7.2709852159023285 -17.553711116313934 0
      vertex 6.107349842786789 -17.991672463715076 8
    endloop
  endfacet
  facet normal -0.2902846769958141 0.956940335810669 0
    outer loop
      vertex 4.917561858892441 -18.352590702474117 0
      vertex 4.917561858892441 -18.352590702474117 8
      vertex 6.107349842786789 -17.991672463715076 0
    endloop
  endfacet
  facet normal -0.2902846769958141 0.956940335810669 0
    outer loop
      vertex 6.107349842786789 -17.991672463715076 8
      vertex 6.107349842786789 -17.991672463715076 0
      vertex 4.917561858892441 -18.352590702474117 8
    endloop
  endfacet
  facet normal -0.22707626166928074 0.9738769795956287 0
    outer loop
      vertex 3.7067161202430725 -18.634920328855515 0
      vertex 3.7067161202430725 -18.634920328855515 8
      vertex 4.917561858892441 -18.352590702474117 0
    endloop
  endfacet
  facet normal -0.22707626166928074 0.9738769795956287 0
    outer loop
      vertex 4.917561858892441 -18.352590702474117 8
      vertex 4.917561858892441 -18.352590702474117 0
      vertex 3.7067161202430725 -18.634920328855515 8
    endloop
  endfacet
  facet normal -0.1628954725622416 0.9866433322223 0
    outer loop
      vertex 2.4799976497888565 -18.837452366948128 0
      vertex 2.4799976497888565 -18.837452366948128 8
      vertex 3.7067161202430725 -18.634920328855515 0
    endloop
  endfacet
  facet normal -0.1628954725622416 0.9866433322223 0
    outer loop
      vertex 3.7067161202430725 -18.634920328855515 8
      vertex 3.7067161202430725 -18.634920328855515 0
      vertex 2.4799976497888565 -18.837452366948128 8
    endloop
  endfacet
  facet normal -0.09801713824859287 0.9951847268771544 0
    outer loop
      vertex 1.2426594570279121 -18.959319539368153 0
      vertex 1.2426594570279121 -18.959319539368153 8
      vertex 2.4799976497888565 -18.837452366948128 0
    endloop
  endfacet
  facet normal -0.09801713824859287 0.9951847268771544 0
    outer loop
      vertex 2.4799976497888565 -18.837452366948128 8
      vertex 2.4799976497888565 -18.837452366948128 0
      vertex 1.2426594570279121 -18.959319539368153 8
    endloop
  endfacet
  facet normal -0.03271908451792822 0.9994645874208394 0
    outer loop
      vertex 0 -19 0
      vertex 0 -19 8
      vertex 1.2426594570279121 -18.959319539368153 0
    endloop
  endfacet
  facet normal -0.03271908451792822 0.9994645874208394 0
    outer loop
      vertex 1.2426594570279121 -18.959319539368153 8
      vertex 1.2426594570279121 -18.959319539368153 0
      vertex 0 -19 8
    endloop
  endfacet
  facet normal 0.03271908451792822 0.9994645874208394 0
    outer loop
      vertex -1.2426594570279121 -18.959319539368153 0
      vertex -1.2426594570279121 -18.959319539368153 8
      vertex 0 -19 0
    endloop
  endfacet
  facet normal 0.03271908451792822 0.9994645874208394 0
    outer loop
      vertex 0 -19 8
      vertex 0 -19 0
      vertex -1.2426594570279121 -18.959319539368153 8
    endloop
  endfacet
  facet normal 0 0 1
    outer loop
      vertex 25.944332003593445 -1.7004813626408577 8
      vertex 26 0 8
      vertex 19 0 8
    endloop
  endfacet
  facet normal 0 0 1
    outer loop
      vertex 25.944332003593445 -1.7004813626408577 8
      vertex 19 0 8
      vertex 18.959319539368153 -1.2426594570279121 8
    endloop
  endfacet
  facet normal 0 0 1
    outer loop
      vertex 19 0 8
      vertex 26 0 8
      vertex 25.944332003593445 1.7004813626408577 8
    endloop
  endfacet
  facet normal 0 0 1
    outer loop
      vertex 18.959319539368153 1.2426594570279121 8
      vertex 19 0 8
      vertex 25.944332003593445 1.7004813626408577 8
    endloop
  endfacet
  facet normal 0 0 1
    outer loop
      vertex 25.777566395699978 -3.3936809971928596 8
      vertex 25.944332003593445 -1.7004813626408577 8
      vertex 18.959319539368153 -1.2426594570279121 8
    endloop
  endfacet
  facet normal 0 0 1
    outer loop
      vertex 25.777566395699978 -3.3936809971928596 8
      vertex 18.959319539368153 -1.2426594570279121 8
      vertex 18.837452366948128 -2.4799976497888565 8
    endloop
  endfacet
  facet normal 0 0 1
    outer loop
      vertex 25.500417292118073 -5.072348371148109 8
      vertex 25.777566395699978 -3.3936809971928596 8
      vertex 18.837452366948128 -2.4799976497888565 8
    endloop
  endfacet
  facet normal 0 0 1
    outer loop
      vertex 25.500417292118073 -5.072348371148109 8
      vertex 18.837452366948128 -2.4799976497888565 8
      vertex 18.634920328855515 -3.7067161202430725 8
    endloop
  endfacet
  facet normal 0 0 1
    outer loop
      vertex 25.11407148092985 -6.7292951717972755 8
      vertex 25.500417292118073 -5.072348371148109 8
      vertex 18.634920328855515 -3.7067161202430725 8
    endloop
  endfacet
  facet normal 0 0 1
    outer loop
      vertex 25.11407148092985 -6.7292951717972755 8
      vertex 18.634920328855515 -3.7067161202430725 8
      vertex 18.352590702474117 -4.917561858892441 8
    endloop
  endfacet
  facet normal 0 0 1
    outer loop
      vertex 24.620183363556862 -8.357426099479198 8
      vertex 25.11407148092985 -6.7292951717972755 8
      vertex 18.352590702474117 -4.917561858892441 8
    endloop
  endfacet
  facet normal 0 0 1
    outer loop
      vertex 24.620183363556862 -8.357426099479198 8
      vertex 18.352590702474117 -4.917561858892441 8
      vertex 17.991672463715076 -6.107349842786789 8
    endloop
  endfacet
  facet normal 0 0 1
    outer loop
      vertex 24.020867846906185 -9.949769243597984 8
      vertex 24.620183363556862 -8.357426099479198 8
      vertex 17.991672463715076 -6.107349842786789 8
    endloop
  endfacet
  facet normal 0 0 1
    outer loop
      vertex 24.020867846906185 -9.949769243597984 8
      vertex 17.991672463715076 -6.107349842786789 8
      vertex 17.553711116313934 -7.2709852159023285 8
    endloop
  endfacet
  facet normal 0 0 1
    outer loop
      vertex 23.31869128346443 -11.499505944550037 8
      vertex 24.020867846906185 -9.949769243597984 8
      vertex 17.553711116313934 -7.2709852159023285 8
    endloop
  endfacet
  facet normal 0 0 1
    outer loop
      vertex 23.31869128346443 -11.499505944550037 8
      vertex 17.553711116313934 -7.2709852159023285 8
      vertex 17.040582090616226 -8.403485111892223 8
    endloop
  endfacet
  facet normal 0 0 1
    outer loop
      vertex 22.51666049659252 -13 8
      vertex 23.31869128346443 -11.499505944550037 8
      vertex 17.040582090616226 -8.403485111892223 8
    endloop
  endfacet
  facet normal 0 0 1
    outer loop
      vertex 22.51666049659252 -13 8
      vertex 17.040582090616226 -8.403485111892223 8
      vertex 16.454482674598694 -9.5 8
    endloop
  endfacet
  facet normal 0 0 1
    outer loop
      vertex 21.618209920823574 -14.444826059043407 8
      vertex 22.51666049659252 -13 8
      vertex 16.454482674598694 -9.5 8
    endloop
  endfacet
  facet normal 0 0 1
    outer loop
      vertex 21.618209920823574 -14.444826059043407 8
      vertex 16.454482674598694 -9.5 8
      vertex 15.797922633588314 -10.55583442747593 8
    endloop
  endfacet
  facet normal 0 0 1
    outer loop
      vertex 20.627186849713326 -15.827797152101994 8
      vertex 21.618209920823574 -14.444826059043407 8
      vertex 15.797922633588314 -10.55583442747593 8
    endloop
  endfacet
  facet normal 0 0 1
    outer loop
      vertex 20.627186849713326 -15.827797152101994 8
      vertex 15.797922633588314 -10.55583442747593 8
      vertex 15.073713466525078 -11.5664671510458 8
    endloop
  endfacet
  facet normal 0 0 1
    outer loop
      vertex 19.547834992408752 -17.142991192638874 8
      vertex 20.627186849713326 -15.827797152101994 8
      vertex 15.073713466525078 -11.5664671510458 8
    endloop
  endfacet
  facet normal 0 0 1
    outer loop
      vertex 19.547834992408752 -17.142991192638874 8
      vertex 15.073713466525078 -11.5664671510458 8
      vertex 14.284956343472004 -12.527570486068726 8
    endloop
  endfacet
  facet normal 0 0 1
    outer loop
      vertex 18.384776309132576 -18.384776309132576 8
      vertex 19.547834992408752 -17.142991192638874 8
      vertex 14.284956343472004 -12.527570486068726 8
    endloop
  endfacet
  facet normal 0 0 1
    outer loop
      vertex 18.384776309132576 -18.384776309132576 8
      vertex 14.284956343472004 -12.527570486068726 8
      vertex 13.435028843581676 -13.435028843581676 8
    endloop
  endfacet
  facet normal 0 0 1
    outer loop
      vertex 17.142991192638874 -19.547834992408752 8
      vertex 18.384776309132576 -18.384776309132576 8
      vertex 13.435028843581676 -13.435028843581676 8
    endloop
  endfacet
  facet normal 0 0 1
    outer loop
      vertex 17.142991192638874 -19.547834992408752 8
      vertex 13.435028843581676 -13.435028843581676 8
      vertex 12.527570486068726 -14.284956343472004 8
    endloop
  endfacet
  facet normal 0 0 1
    outer loop
      vertex 15.827797152101994 -20.627186849713326 8
      vertex 17.142991192638874 -19.547834992408752 8
      vertex 12.527570486068726 -14.284956343472004 8
    endloop
  endfacet
  facet normal 0 0 1
    outer loop
      vertex 15.827797152101994 -20.627186849713326 8
      vertex 12.527570486068726 -14.284956343472004 8
      vertex 11.5664671510458 -15.073713466525078 8
    endloop
  endfacet
  facet normal 0 0 1
    outer loop
      vertex 14.444826059043407 -21.618209920823574 8
      vertex 15.827797152101994 -20.627186849713326 8
      vertex 11.5664671510458 -15.073713466525078 8
    endloop
  endfacet
  facet normal 0 0 1
    outer loop
      vertex 14.444826059043407 -21.618209920823574 8
      vertex 11.5664671510458 -15.073713466525078 8
      vertex 10.55583442747593 -15.797922633588314 8
    endloop
  endfacet
  facet normal 0 0 1
    outer loop
      vertex 13 -22.51666049659252 8
      vertex 14.444826059043407 -21.618209920823574 8
      vertex 10.55583442747593 -15.797922633588314 8
    endloop
  endfacet
  facet normal 0 0 1
    outer loop
      vertex 13 -22.51666049659252 8
      vertex 10.55583442747593 -15.797922633588314 8
      vertex 9.5 -16.454482674598694 8
    endloop
  endfacet
  facet normal 0 0 1
    outer loop
      vertex 11.499505944550037 -23.31869128346443 8
      vertex 13 -22.51666049659252 8
      vertex 9.5 -16.454482674598694 8
    endloop
  endfacet
  facet normal 0 0 1
    outer loop
      vertex 11.499505944550037 -23.31869128346443 8
      vertex 9.5 -16.454482674598694 8
      vertex 8.403485111892223 -17.040582090616226 8
    endloop
  endfacet
  facet normal 0 0 1
    outer loop
      vertex 9.949769243597984 -24.020867846906185 8
      vertex 11.499505944550037 -23.31869128346443 8
      vertex 8.403485111892223 -17.040582090616226 8
    endloop
  endfacet
  facet normal 0 0 1
    outer loop
      vertex 9.949769243597984 -24.020867846906185 8
      vertex 8.403485111892223 -17.040582090616226 8
      vertex 7.2709852159023285 -17.553711116313934 8
    endloop
  endfacet
  facet normal 0 0 1
    outer loop
      vertex 18.959319539368153 1.2426594570279121 8
      vertex 25.944332003593445 1.7004813626408577 8
      vertex 25.777566395699978 3.3936809971928596 8
    endloop
  endfacet
  facet normal 0 0 1
    outer loop
      vertex 18.837452366948128 2.4799976497888565 8
      vertex 18.959319539368153 1.2426594570279121 8
      vertex 25.777566395699978 3.3936809971928596 8
    endloop
  endfacet
  facet normal 0 0 1
    outer loop
      vertex 18.837452366948128 2.4799976497888565 8
      vertex 25.777566395699978 3.3936809971928596 8
      vertex 25.500417292118073 5.072348371148109 8
    endloop
  endfacet
  facet normal 0 0 1
    outer loop
      vertex 18.634920328855515 3.7067161202430725 8
      vertex 18.837452366948128 2.4799976497888565 8
      vertex 25.500417292118073 5.072348371148109 8
    endloop
  endfacet
  facet normal 0 0 1
    outer loop
      vertex 18.634920328855515 3.7067161202430725 8
      vertex 25.500417292118073 5.072348371148109 8
      vertex 25.11407148092985 6.7292951717972755 8
    endloop
  endfacet
  facet normal 0 0 1
    outer loop
      vertex 18.352590702474117 4.917561858892441 8
      vertex 18.634920328855515 3.7067161202430725 8
      vertex 25.11407148092985 6.7292951717972755 8
    endloop
  endfacet
  facet normal 0 0 1
    outer loop
      vertex 18.352590702474117 4.917561858892441 8
      vertex 25.11407148092985 6.7292951717972755 8
      vertex 24.620183363556862 8.357426099479198 8
    endloop
  endfacet
  facet normal 0 0 1
    outer loop
      vertex 17.991672463715076 6.107349842786789 8
      vertex 18.352590702474117 4.917561858892441 8
      vertex 24.620183363556862 8.357426099479198 8
    endloop
  endfacet
  facet normal 0 0 1
    outer loop
      vertex 17.991672463715076 6.107349842786789 8
      vertex 24.620183363556862 8.357426099479198 8
      vertex 24.020867846906185 9.949769243597984 8
    endloop
  endfacet
  facet normal 0 0 1
    outer loop
      vertex 17.553711116313934 7.2709852159023285 8
      vertex 17.991672463715076 6.107349842786789 8
      vertex 24.020867846906185 9.949769243597984 8
    endloop
  endfacet
  facet normal 0 0 1
    outer loop
      vertex 17.553711116313934 7.2709852159023285 8
      vertex 24.020867846906185 9.949769243597984 8
      vertex 23.31869128346443 11.499505944550037 8
    endloop
  endfacet
  facet normal 0 0 1
    outer loop
      vertex 17.040582090616226 8.403485111892223 8
      vertex 17.553711116313934 7.2709852159023285 8
      vertex 23.31869128346443 11.499505944550037 8
    endloop
  endfacet
  facet normal 0 0 1
    outer loop
      vertex 17.040582090616226 8.403485111892223 8
      vertex 23.31869128346443 11.499505944550037 8
      vertex 22.51666049659252 13 8
    endloop
  endfacet
  facet normal 0 0 1
    outer loop
      vertex 16.454482674598694 9.5 8
      vertex 17.040582090616226 8.403485111892223 8
      vertex 22.51666049659252 13 8
    endloop
  endfacet
  facet normal 0 0 1
    outer loop
      vertex 16.454482674598694 9.5 8
      vertex 22.51666049659252 13 8
      vertex 21.618209920823574 14.444826059043407 8
    endloop
  endfacet
  facet normal 0 0 1
    outer loop
      vertex 15.797922633588314 10.55583442747593 8
      vertex 16.454482674598694 9.5 8
      vertex 21.618209920823574 14.444826059043407 8
    endloop
  endfacet
  facet normal 0 0 1
    outer loop
      vertex 15.797922633588314 10.55583442747593 8
      vertex 21.618209920823574 14.444826059043407 8
      vertex 20.627186849713326 15.827797152101994 8
    endloop
  endfacet
  facet normal 0 0 1
    outer loop
      vertex 15.073713466525078 11.5664671510458 8
      vertex 15.797922633588314 10.55583442747593 8
      vertex 20.627186849713326 15.827797152101994 8
    endloop
  endfacet
  facet normal 0 0 1
    outer loop
      vertex 15.073713466525078 11.5664671510458 8
      vertex 20.627186849713326 15.827797152101994 8
      vertex 19.547834992408752 17.142991192638874 8
    endloop
  endfacet
  facet normal 0 0 1
    outer loop
      vertex 14.284956343472004 12.527570486068726 8
      vertex 15.073713466525078 11.5664671510458 8
      vertex 19.547834992408752 17.142991192638874 8
    endloop
  endfacet
  facet normal 0 0 1
    outer loop
      vertex 14.284956343472004 12.527570486068726 8
      vertex 19.547834992408752 17.142991192638874 8
      vertex 18.384776309132576 18.384776309132576 8
    endloop
  endfacet
  facet normal 0 0 1
    outer loop
      vertex 13.435028843581676 13.435028843581676 8
      vertex 14.284956343472004 12.527570486068726 8
      vertex 18.384776309132576 18.384776309132576 8
    endloop
  endfacet
  facet normal 0 0 1
    outer loop
      vertex 13.435028843581676 13.435028843581676 8
      vertex 18.384776309132576 18.384776309132576 8
      vertex 17.142991192638874 19.547834992408752 8
    endloop
  endfacet
  facet normal 0 0 1
    outer loop
      vertex 12.527570486068726 14.284956343472004 8
      vertex 13.435028843581676 13.435028843581676 8
      vertex 17.142991192638874 19.547834992408752 8
    endloop
  endfacet
  facet normal 0 0 1
    outer loop
      vertex 12.527570486068726 14.284956343472004 8
      vertex 17.142991192638874 19.547834992408752 8
      vertex 15.827797152101994 20.627186849713326 8
    endloop
  endfacet
  facet normal 0 0 1
    outer loop
      vertex 11.5664671510458 15.073713466525078 8
      vertex 12.527570486068726 14.284956343472004 8
      vertex 15.827797152101994 20.627186849713326 8
    endloop
  endfacet
  facet normal 0 0 1
    outer loop
      vertex 11.5664671510458 15.073713466525078 8
      vertex 15.827797152101994 20.627186849713326 8
      vertex 14.444826059043407 21.618209920823574 8
    endloop
  endfacet
  facet normal 0 0 1
    outer loop
      vertex 10.55583442747593 15.797922633588314 8
      vertex 11.5664671510458 15.073713466525078 8
      vertex 14.444826059043407 21.618209920823574 8
    endloop
  endfacet
  facet normal 0 0 1
    outer loop
      vertex 10.55583442747593 15.797922633588314 8
      vertex 14.444826059043407 21.618209920823574 8
      vertex 13 22.51666049659252 8
    endloop
  endfacet
  facet normal 0 0 1
    outer loop
      vertex 9.5 16.454482674598694 8
      vertex 10.55583442747593 15.797922633588314 8
      vertex 13 22.51666049659252 8
    endloop
  endfacet
  facet normal 0 0 1
    outer loop
      vertex 9.5 16.454482674598694 8
      vertex 13 22.51666049659252 8
      vertex 11.499505944550037 23.31869128346443 8
    endloop
  endfacet
  facet normal 0 0 1
    outer loop
      vertex 8.403485111892223 17.040582090616226 8
      vertex 9.5 16.454482674598694 8
      vertex 11.499505944550037 23.31869128346443 8
    endloop
  endfacet
  facet normal 0 0 1
    outer loop
      vertex 8.403485111892223 17.040582090616226 8
      vertex 11.499505944550037 23.31869128346443 8
      vertex 9.949769243597984 24.020867846906185 8
    endloop
  endfacet
  facet normal 0 0 1
    outer loop
      vertex 7.2709852159023285 17.553711116313934 8
      vertex 8.403485111892223 17.040582090616226 8
      vertex 9.949769243597984 24.020867846906185 8
    endloop
  endfacet
  facet normal 0 0 1
    outer loop
      vertex 8.357426099479198 -24.620183363556862 8
      vertex 9.949769243597984 -24.020867846906185 8
      vertex 7.2709852159023285 -17.553711116313934 8
    endloop
  endfacet
  facet normal 0 0 1
    outer loop
      vertex 8.357426099479198 -24.620183363556862 8
      vertex 7.2709852159023285 -17.553711116313934 8
      vertex 6.107349842786789 -17.991672463715076 8
    endloop
  endfacet
  facet normal 0 0 1
    outer loop
      vertex 6.7292951717972755 -25.11407148092985 8
      vertex 8.357426099479198 -24.620183363556862 8
      vertex 6.107349842786789 -17.991672463715076 8
    endloop
  endfacet
  facet normal 0 0 1
    outer loop
      vertex 6.7292951717972755 -25.11407148092985 8
      vertex 6.107349842786789 -17.991672463715076 8
      vertex 4.917561858892441 -18.352590702474117 8
    endloop
  endfacet
  facet normal 0 0 1
    outer loop
      vertex 5.072348371148109 -25.500417292118073 8
      vertex 6.7292951717972755 -25.11407148092985 8
      vertex 4.917561858892441 -18.352590702474117 8
    endloop
  endfacet
  facet normal 0 0 1
    outer loop
      vertex 5.072348371148109 -25.500417292118073 8
      vertex 4.917561858892441 -18.352590702474117 8
      vertex 3.7067161202430725 -18.634920328855515 8
    endloop
  endfacet
  facet normal 0 0 1
    outer loop
      vertex 3.3936809971928596 -25.777566395699978 8
      vertex 5.072348371148109 -25.500417292118073 8
      vertex 3.7067161202430725 -18.634920328855515 8
    endloop
  endfacet
  facet normal 0 0 1
    outer loop
      vertex 3.3936809971928596 -25.777566395699978 8
      vertex 3.7067161202430725 -18.634920328855515 8
      vertex 2.4799976497888565 -18.837452366948128 8
    endloop
  endfacet
  facet normal 0 0 1
    outer loop
      vertex 1.7004813626408577 -25.944332003593445 8
      vertex 3.3936809971928596 -25.777566395699978 8
      vertex 2.4799976497888565 -18.837452366948128 8
    endloop
  endfacet
  facet normal 0 0 1
    outer loop
      vertex 1.7004813626408577 -25.944332003593445 8
      vertex 2.4799976497888565 -18.837452366948128 8
      vertex 1.2426594570279121 -18.959319539368153 8
    endloop
  endfacet
  facet normal 0 0 1
    outer loop
      vertex 0 -26 8
      vertex 1.7004813626408577 -25.944332003593445 8
      vertex 1.2426594570279121 -18.959319539368153 8
    endloop
  endfacet
  facet normal 0 0 1
    outer loop
      vertex 0 -26 8
      vertex 1.2426594570279121 -18.959319539368153 8
      vertex 0 -19 8
    endloop
  endfacet
  facet normal 0 0 1
    outer loop
      vertex -1.7004813626408577 -25.944332003593445 8
      vertex 0 -26 8
      vertex 0 -19 8
    endloop
  endfacet
  facet normal 0 0 1
    outer loop
      vertex -1.7004813626408577 -25.944332003593445 8
      vertex 0 -19 8
      vertex -1.2426594570279121 -18.959319539368153 8
    endloop
  endfacet
  facet normal 0 0 1
    outer loop
      vertex -3.3936809971928596 -25.777566395699978 8
      vertex -1.7004813626408577 -25.944332003593445 8
      vertex -1.2426594570279121 -18.959319539368153 8
    endloop
  endfacet
  facet normal 0 0 1
    outer loop
      vertex -3.3936809971928596 -25.777566395699978 8
      vertex -1.2426594570279121 -18.959319539368153 8
      vertex -2.4799976497888565 -18.837452366948128 8
    endloop
  endfacet
  facet normal 0 0 1
    outer loop
      vertex -5.072348371148109 -25.500417292118073 8
      vertex -3.3936809971928596 -25.777566395699978 8
      vertex -2.4799976497888565 -18.837452366948128 8
    endloop
  endfacet
  facet normal 0 0 1
    outer loop
      vertex -5.072348371148109 -25.500417292118073 8
      vertex -2.4799976497888565 -18.837452366948128 8
      vertex -3.7067161202430725 -18.634920328855515 8
    endloop
  endfacet
  facet normal 0 0 1
    outer loop
      vertex -6.7292951717972755 -25.11407148092985 8
      vertex -5.072348371148109 -25.500417292118073 8
      vertex -3.7067161202430725 -18.634920328855515 8
    endloop
  endfacet
  facet normal 0 0 1
    outer loop
      vertex -6.7292951717972755 -25.11407148092985 8
      vertex -3.7067161202430725 -18.634920328855515 8
      vertex -4.917561858892441 -18.352590702474117 8
    endloop
  endfacet
  facet normal 0 0 1
    outer loop
      vertex -8.357426099479198 -24.620183363556862 8
      vertex -6.7292951717972755 -25.11407148092985 8
      vertex -4.917561858892441 -18.352590702474117 8
    endloop
  endfacet
  facet normal 0 0 1
    outer loop
      vertex -8.357426099479198 -24.620183363556862 8
      vertex -4.917561858892441 -18.352590702474117 8
      vertex -6.107349842786789 -17.991672463715076 8
    endloop
  endfacet
  facet normal 0 0 1
    outer loop
      vertex -9.949769243597984 -24.020867846906185 8
      vertex -8.357426099479198 -24.620183363556862 8
      vertex -6.107349842786789 -17.991672463715076 8
    endloop
  endfacet
  facet normal 0 0 1
    outer loop
      vertex -9.949769243597984 -24.020867846906185 8
      vertex -6.107349842786789 -17.991672463715076 8
      vertex -7.2709852159023285 -17.553711116313934 8
    endloop
  endfacet
  facet normal 0 0 1
    outer loop
      vertex -11.499505944550037 -23.31869128346443 8
      vertex -9.949769243597984 -24.020867846906185 8
      vertex -7.2709852159023285 -17.553711116313934 8
    endloop
  endfacet
  facet normal 0 0 1
    outer loop
      vertex -11.499505944550037 -23.31869128346443 8
      vertex -7.2709852159023285 -17.553711116313934 8
      vertex -8.403485111892223 -17.040582090616226 8
    endloop
  endfacet
  facet normal 0 0 1
    outer loop
      vertex -13 -22.51666049659252 8
      vertex -11.499505944550037 -23.31869128346443 8
      vertex -8.403485111892223 -17.040582090616226 8
    endloop
  endfacet
  facet normal 0 0 1
    outer loop
      vertex -13 -22.51666049659252 8
      vertex -8.403485111892223 -17.040582090616226 8
      vertex -9.5 -16.454482674598694 8
    endloop
  endfacet
  facet normal 0 0 1
    outer loop
      vertex -14.444826059043407 -21.618209920823574 8
      vertex -13 -22.51666049659252 8
      vertex -9.5 -16.454482674598694 8
    endloop
  endfacet
  facet normal 0 0 1
    outer loop
      vertex -14.444826059043407 -21.618209920823574 8
      vertex -9.5 -16.454482674598694 8
      vertex -10.55583442747593 -15.797922633588314 8
    endloop
  endfacet
  facet normal 0 0 1
    outer loop
      vertex -15.827797152101994 -20.627186849713326 8
      vertex -14.444826059043407 -21.618209920823574 8
      vertex -10.55583442747593 -15.797922633588314 8
    endloop
  endfacet
  facet normal 0 0 1
    outer loop
      vertex -15.827797152101994 -20.627186849713326 8
      vertex -10.55583442747593 -15.797922633588314 8
      vertex -11.5664671510458 -15.073713466525078 8
    endloop
  endfacet
  facet normal 0 0 1
    outer loop
      vertex -17.142991192638874 -19.547834992408752 8
      vertex -15.827797152101994 -20.627186849713326 8
      vertex -11.5664671510458 -15.073713466525078 8
    endloop
  endfacet
  facet normal 0 0 1
    outer loop
      vertex -17.142991192638874 -19.547834992408752 8
      vertex -11.5664671510458 -15.073713466525078 8
      vertex -12.527570486068726 -14.284956343472004 8
    endloop
  endfacet
  facet normal 0 0 1
    outer loop
      vertex -18.384776309132576 -18.384776309132576 8
      vertex -17.142991192638874 -19.547834992408752 8
      vertex -12.527570486068726 -14.284956343472004 8
    endloop
  endfacet
  facet normal 0 0 1
    outer loop
      vertex -18.384776309132576 -18.384776309132576 8
      vertex -12.527570486068726 -14.284956343472004 8
      vertex -13.435028843581676 -13.435028843581676 8
    endloop
  endfacet
  facet normal 0 0 1
    outer loop
      vertex -19.547834992408752 -17.142991192638874 8
      vertex -18.384776309132576 -18.384776309132576 8
      vertex -13.435028843581676 -13.435028843581676 8
    endloop
  endfacet
  facet normal 0 0 1
    outer loop
      vertex -19.547834992408752 -17.142991192638874 8
      vertex -13.435028843581676 -13.435028843581676 8
      vertex -14.284956343472004 -12.527570486068726 8
    endloop
  endfacet
  facet normal 0 0 1
    outer loop
      vertex -20.627186849713326 -15.827797152101994 8
      vertex -19.547834992408752 -17.142991192638874 8
      vertex -14.284956343472004 -12.527570486068726 8
    endloop
  endfacet
  facet normal 0 0 1
    outer loop
      vertex -20.627186849713326 -15.827797152101994 8
      vertex -14.284956343472004 -12.527570486068726 8
      vertex -15.073713466525078 -11.5664671510458 8
    endloop
  endfacet
  facet normal 0 0 1
    outer loop
      vertex -21.618209920823574 -14.444826059043407 8
      vertex -20.627186849713326 -15.827797152101994 8
      vertex -15.073713466525078 -11.5664671510458 8
    endloop
  endfacet
  facet normal 0 0 1
    outer loop
      vertex -21.618209920823574 -14.444826059043407 8
      vertex -15.073713466525078 -11.5664671510458 8
      vertex -15.797922633588314 -10.55583442747593 8
    endloop
  endfacet
  facet normal 0 0 1
    outer loop
      vertex -22.51666049659252 -13 8
      vertex -21.618209920823574 -14.444826059043407 8
      vertex -15.797922633588314 -10.55583442747593 8
    endloop
  endfacet
  facet normal 0 0 1
    outer loop
      vertex -22.51666049659252 -13 8
      vertex -15.797922633588314 -10.55583442747593 8
      vertex -16.454482674598694 -9.5 8
    endloop
  endfacet
  facet normal 0 0 1
    outer loop
      vertex -23.31869128346443 -11.499505944550037 8
      vertex -22.51666049659252 -13 8
      vertex -16.454482674598694 -9.5 8
    endloop
  endfacet
  facet normal 0 0 1
    outer loop
      vertex -23.31869128346443 -11.499505944550037 8
      vertex -16.454482674598694 -9.5 8
      vertex -17.040582090616226 -8.403485111892223 8
    endloop
  endfacet
  facet normal 0 0 1
    outer loop
      vertex -24.020867846906185 -9.949769243597984 8
      vertex -23.31869128346443 -11.499505944550037 8
      vertex -17.040582090616226 -8.403485111892223 8
    endloop
  endfacet
  facet normal 0 0 1
    outer loop
      vertex -24.020867846906185 -9.949769243597984 8
      vertex -17.040582090616226 -8.403485111892223 8
      vertex -17.553711116313934 -7.2709852159023285 8
    endloop
  endfacet
  facet normal 0 0 1
    outer loop
      vertex 7.2709852159023285 17.553711116313934 8
      vertex 9.949769243597984 24.020867846906185 8
      vertex 8.357426099479198 24.620183363556862 8
    endloop
  endfacet
  facet normal 0 0 1
    outer loop
      vertex 6.107349842786789 17.991672463715076 8
      vertex 7.2709852159023285 17.553711116313934 8
      vertex 8.357426099479198 24.620183363556862 8
    endloop
  endfacet
  facet normal 0 0 1
    outer loop
      vertex 6.107349842786789 17.991672463715076 8
      vertex 8.357426099479198 24.620183363556862 8
      vertex 6.7292951717972755 25.11407148092985 8
    endloop
  endfacet
  facet normal 0 0 1
    outer loop
      vertex 4.917561858892441 18.352590702474117 8
      vertex 6.107349842786789 17.991672463715076 8
      vertex 6.7292951717972755 25.11407148092985 8
    endloop
  endfacet
  facet normal 0 0 1
    outer loop
      vertex 4.917561858892441 18.352590702474117 8
      vertex 6.7292951717972755 25.11407148092985 8
      vertex 5.072348371148109 25.500417292118073 8
    endloop
  endfacet
  facet normal 0 0 1
    outer loop
      vertex 3.7067161202430725 18.634920328855515 8
      vertex 4.917561858892441 18.352590702474117 8
      vertex 5.072348371148109 25.500417292118073 8
    endloop
  endfacet
  facet normal 0 0 1
    outer loop
      vertex 3.7067161202430725 18.634920328855515 8
      vertex 5.072348371148109 25.500417292118073 8
      vertex 3.3936809971928596 25.777566395699978 8
    endloop
  endfacet
  facet normal 0 0 1
    outer loop
      vertex 2.4799976497888565 18.837452366948128 8
      vertex 3.7067161202430725 18.634920328855515 8
      vertex 3.3936809971928596 25.777566395699978 8
    endloop
  endfacet
  facet normal 0 0 1
    outer loop
      vertex 2.4799976497888565 18.837452366948128 8
      vertex 3.3936809971928596 25.777566395699978 8
      vertex 1.7004813626408577 25.944332003593445 8
    endloop
  endfacet
  facet normal 0 0 1
    outer loop
      vertex 1.2426594570279121 18.959319539368153 8
      vertex 2.4799976497888565 18.837452366948128 8
      vertex 1.7004813626408577 25.944332003593445 8
    endloop
  endfacet
  facet normal 0 0 1
    outer loop
      vertex 1.2426594570279121 18.959319539368153 8
      vertex 1.7004813626408577 25.944332003593445 8
      vertex 0 26 8
    endloop
  endfacet
  facet normal 0 0 1
    outer loop
      vertex 0 19 8
      vertex 1.2426594570279121 18.959319539368153 8
      vertex 0 26 8
    endloop
  endfacet
  facet normal 0 0 1
    outer loop
      vertex 0 19 8
      vertex 0 26 8
      vertex -1.7004813626408577 25.944332003593445 8
    endloop
  endfacet
  facet normal 0 0 1
    outer loop
      vertex -1.2426594570279121 18.959319539368153 8
      vertex 0 19 8
      vertex -1.7004813626408577 25.944332003593445 8
    endloop
  endfacet
  facet normal 0 0 1
    outer loop
      vertex -1.2426594570279121 18.959319539368153 8
      vertex -1.7004813626408577 25.944332003593445 8
      vertex -3.3936809971928596 25.777566395699978 8
    endloop
  endfacet
  facet normal 0 0 1
    outer loop
      vertex -2.4799976497888565 18.837452366948128 8
      vertex -1.2426594570279121 18.959319539368153 8
      vertex -3.3936809971928596 25.777566395699978 8
    endloop
  endfacet
  facet normal 0 0 1
    outer loop
      vertex -2.4799976497888565 18.837452366948128 8
      vertex -3.3936809971928596 25.777566395699978 8
      vertex -5.072348371148109 25.500417292118073 8
    endloop
  endfacet
  facet normal 0 0 1
    outer loop
      vertex -3.7067161202430725 18.634920328855515 8
      vertex -2.4799976497888565 18.837452366948128 8
      vertex -5.072348371148109 25.500417292118073 8
    endloop
  endfacet
  facet normal 0 0 1
    outer loop
      vertex -3.7067161202430725 18.634920328855515 8
      vertex -5.072348371148109 25.500417292118073 8
      vertex -6.7292951717972755 25.11407148092985 8
    endloop
  endfacet
  facet normal 0 0 1
    outer loop
      vertex -4.917561858892441 18.352590702474117 8
      vertex -3.7067161202430725 18.634920328855515 8
      vertex -6.7292951717972755 25.11407148092985 8
    endloop
  endfacet
  facet normal 0 0 1
    outer loop
      vertex -4.917561858892441 18.352590702474117 8
      vertex -6.7292951717972755 25.11407148092985 8
      vertex -8.357426099479198 24.620183363556862 8
    endloop
  endfacet
  facet normal 0 0 1
    outer loop
      vertex -6.107349842786789 17.991672463715076 8
      vertex -4.917561858892441 18.352590702474117 8
      vertex -8.357426099479198 24.620183363556862 8
    endloop
  endfacet
  facet normal 0 0 1
    outer loop
      vertex -6.107349842786789 17.991672463715076 8
      vertex -8.357426099479198 24.620183363556862 8
      vertex -9.949769243597984 24.020867846906185 8
    endloop
  endfacet
  facet normal 0 0 1
    outer loop
      vertex -7.2709852159023285 17.553711116313934 8
      vertex -6.107349842786789 17.991672463715076 8
      vertex -9.949769243597984 24.020867846906185 8
    endloop
  endfacet
  facet normal 0 0 1
    outer loop
      vertex -7.2709852159023285 17.553711116313934 8
      vertex -9.949769243597984 24.020867846906185 8
      vertex -11.499505944550037 23.31869128346443 8
    endloop
  endfacet
  facet normal 0 0 1
    outer loop
      vertex -8.403485111892223 17.040582090616226 8
      vertex -7.2709852159023285 17.553711116313934 8
      vertex -11.499505944550037 23.31869128346443 8
    endloop
  endfacet
  facet normal 0 0 1
    outer loop
      vertex -8.403485111892223 17.040582090616226 8
      vertex -11.499505944550037 23.31869128346443 8
      vertex -13 22.51666049659252 8
    endloop
  endfacet
  facet normal 0 0 1
    outer loop
      vertex -9.5 16.454482674598694 8
      vertex -8.403485111892223 17.040582090616226 8
      vertex -13 22.51666049659252 8
    endloop
  endfacet
  facet normal 0 0 1
    outer loop
      vertex -9.5 16.454482674598694 8
      vertex -13 22.51666049659252 8
      vertex -14.444826059043407 21.618209920823574 8
    endloop
  endfacet
  facet normal 0 0 1
    outer loop
      vertex -10.55583442747593 15.797922633588314 8
      vertex -9.5 16.454482674598694 8
      vertex -14.444826059043407 21.618209920823574 8
    endloop
  endfacet
  facet normal 0 0 1
    outer loop
      vertex -10.55583442747593 15.797922633588314 8
      vertex -14.444826059043407 21.618209920823574 8
      vertex -15.827797152101994 20.627186849713326 8
    endloop
  endfacet
  facet normal 0 0 1
    outer loop
      vertex -11.5664671510458 15.073713466525078 8
      vertex -10.55583442747593 15.797922633588314 8
      vertex -15.827797152101994 20.627186849713326 8
    endloop
  endfacet
  facet normal 0 0 1
    outer loop
      vertex -11.5664671510458 15.073713466525078 8
      vertex -15.827797152101994 20.627186849713326 8
      vertex -17.142991192638874 19.547834992408752 8
    endloop
  endfacet
  facet normal 0 0 1
    outer loop
      vertex -12.527570486068726 14.284956343472004 8
      vertex -11.5664671510458 15.073713466525078 8
      vertex -17.142991192638874 19.547834992408752 8
    endloop
  endfacet
  facet normal 0 0 1
    outer loop
      vertex -12.527570486068726 14.284956343472004 8
      vertex -17.142991192638874 19.547834992408752 8
      vertex -18.384776309132576 18.384776309132576 8
    endloop
  endfacet
  facet normal 0 0 1
    outer loop
      vertex -13.435028843581676 13.435028843581676 8
      vertex -12.527570486068726 14.284956343472004 8
      vertex -18.384776309132576 18.384776309132576 8
    endloop
  endfacet
  facet normal 0 0 1
    outer loop
      vertex -13.435028843581676 13.435028843581676 8
      vertex -18.384776309132576 18.384776309132576 8
      vertex -19.547834992408752 17.142991192638874 8
    endloop
  endfacet
  facet normal 0 0 1
    outer loop
      vertex -14.284956343472004 12.527570486068726 8
      vertex -13.435028843581676 13.435028843581676 8
      vertex -19.547834992408752 17.142991192638874 8
    endloop
  endfacet
  facet normal 0 0 1
    outer loop
      vertex -14.284956343472004 12.527570486068726 8
      vertex -19.547834992408752 17.142991192638874 8
      vertex -20.627186849713326 15.827797152101994 8
    endloop
  endfacet
  facet normal 0 0 1
    outer loop
      vertex -15.073713466525078 11.5664671510458 8
      vertex -14.284956343472004 12.527570486068726 8
      vertex -20.627186849713326 15.827797152101994 8
    endloop
  endfacet
  facet normal 0 0 1
    outer loop
      vertex -15.073713466525078 11.5664671510458 8
      vertex -20.627186849713326 15.827797152101994 8
      vertex -21.618209920823574 14.444826059043407 8
    endloop
  endfacet
  facet normal 0 0 1
    outer loop
      vertex -15.797922633588314 10.55583442747593 8
      vertex -15.073713466525078 11.5664671510458 8
      vertex -21.618209920823574 14.444826059043407 8
    endloop
  endfacet
  facet normal 0 0 1
    outer loop
      vertex -15.797922633588314 10.55583442747593 8
      vertex -21.618209920823574 14.444826059043407 8
      vertex -22.51666049659252 13 8
    endloop
  endfacet
  facet normal 0 0 1
    outer loop
      vertex -16.454482674598694 9.5 8
      vertex -15.797922633588314 10.55583442747593 8
      vertex -22.51666049659252 13 8
    endloop
  endfacet
  facet normal 0 0 1
    outer loop
      vertex -16.454482674598694 9.5 8
      vertex -22.51666049659252 13 8
      vertex -23.31869128346443 11.499505944550037 8
    endloop
  endfacet
  facet normal 0 0 1
    outer loop
      vertex -17.040582090616226 8.403485111892223 8
      vertex -16.454482674598694 9.5 8
      vertex -23.31869128346443 11.499505944550037 8
    endloop
  endfacet
  facet normal 0 0 1
    outer loop
      vertex -17.040582090616226 8.403485111892223 8
      vertex -23.31869128346443 11.499505944550037 8
      vertex -24.020867846906185 9.949769243597984 8
    endloop
  endfacet
  facet normal 0 0 1
    outer loop
      vertex -17.553711116313934 7.2709852159023285 8
      vertex -17.040582090616226 8.403485111892223 8
      vertex -24.020867846906185 9.949769243597984 8
    endloop
  endfacet
  facet normal 0 0 1
    outer loop
      vertex -24.620183363556862 -8.357426099479198 8
      vertex -24.020867846906185 -9.949769243597984 8
      vertex -17.553711116313934 -7.2709852159023285 8
    endloop
  endfacet
  facet normal 0 0 1
    outer loop
      vertex -24.620183363556862 -8.357426099479198 8
      vertex -17.553711116313934 -7.2709852159023285 8
      vertex -17.991672463715076 -6.107349842786789 8
    endloop
  endfacet
  facet normal 0 0 1
    outer loop
      vertex -25.11407148092985 -6.7292951717972755 8
      vertex -24.620183363556862 -8.357426099479198 8
      vertex -17.991672463715076 -6.107349842786789 8
    endloop
  endfacet
  facet normal 0 0 1
    outer loop
      vertex -25.11407148092985 -6.7292951717972755 8
      vertex -17.991672463715076 -6.107349842786789 8
      vertex -18.352590702474117 -4.917561858892441 8
    endloop
  endfacet
  facet normal 0 0 1
    outer loop
      vertex -25.500417292118073 -5.072348371148109 8
      vertex -25.11407148092985 -6.7292951717972755 8
      vertex -18.352590702474117 -4.917561858892441 8
    endloop
  endfacet
  facet normal 0 0 1
    outer loop
      vertex -25.500417292118073 -5.072348371148109 8
      vertex -18.352590702474117 -4.917561858892441 8
      vertex -18.634920328855515 -3.7067161202430725 8
    endloop
  endfacet
  facet normal 0 0 1
    outer loop
      vertex -25.777566395699978 -3.3936809971928596 8
      vertex -25.500417292118073 -5.072348371148109 8
      vertex -18.634920328855515 -3.7067161202430725 8
    endloop
  endfacet
  facet normal 0 0 1
    outer loop
      vertex -25.777566395699978 -3.3936809971928596 8
      vertex -18.634920328855515 -3.7067161202430725 8
      vertex -18.837452366948128 -2.4799976497888565 8
    endloop
  endfacet
  facet normal 0 0 1
    outer loop
      vertex -25.944332003593445 -1.7004813626408577 8
      vertex -25.777566395699978 -3.3936809971928596 8
      vertex -18.837452366948128 -2.4799976497888565 8
    endloop
  endfacet
  facet normal 0 0 1
    outer loop
      vertex -25.944332003593445 -1.7004813626408577 8
      vertex -18.837452366948128 -2.4799976497888565 8
      vertex -18.959319539368153 -1.2426594570279121 8
    endloop
  endfacet
  facet normal 0 0 1
    outer loop
      vertex -26 0 8
      vertex -25.944332003593445 -1.7004813626408577 8
      vertex -18.959319539368153 -1.2426594570279121 8
    endloop
  endfacet
  facet normal 0 0 1
    outer loop
      vertex -26 0 8
      vertex -18.959319539368153 -1.2426594570279121 8
      vertex -19 0 8
    endloop
  endfacet
  facet normal 0 0 1
    outer loop
      vertex -25.944332003593445 1.7004813626408577 8
      vertex -26 0 8
      vertex -19 0 8
    endloop
  endfacet
  facet normal 0 0 1
    outer loop
      vertex -25.944332003593445 1.7004813626408577 8
      vertex -19 0 8
      vertex -18.959319539368153 1.2426594570279121 8
    endloop
  endfacet
  facet normal 0 0 1
    outer loop
      vertex -25.777566395699978 3.3936809971928596 8
      vertex -25.944332003593445 1.7004813626408577 8
      vertex -18.959319539368153 1.2426594570279121 8
    endloop
  endfacet
  facet normal 0 0 1
    outer loop
      vertex -25.777566395699978 3.3936809971928596 8
      vertex -18.959319539368153 1.2426594570279121 8
      vertex -18.837452366948128 2.4799976497888565 8
    endloop
  endfacet
  facet normal 0 0 1
    outer loop
      vertex -25.500417292118073 5.072348371148109 8
      vertex -25.777566395699978 3.3936809971928596 8
      vertex -18.837452366948128 2.4799976497888565 8
    endloop
  endfacet
  facet normal 0 0 1
    outer loop
      vertex -25.500417292118073 5.072348371148109 8
      vertex -18.837452366948128 2.4799976497888565 8
      vertex -18.634920328855515 3.7067161202430725 8
    endloop
  endfacet
  facet normal 0 0 1
    outer loop
      vertex -25.11407148092985 6.7292951717972755 8
      vertex -25.500417292118073 5.072348371148109 8
      vertex -18.634920328855515 3.7067161202430725 8
    endloop
  endfacet
  facet normal 0 0 1
    outer loop
      vertex -25.11407148092985 6.7292951717972755 8
      vertex -18.634920328855515 3.7067161202430725 8
      vertex -18.352590702474117 4.917561858892441 8
    endloop
  endfacet
  facet normal 0 0 1
    outer loop
      vertex -24.620183363556862 8.357426099479198 8
      vertex -25.11407148092985 6.7292951717972755 8
      vertex -18.352590702474117 4.917561858892441 8
    endloop
  endfacet
  facet normal 0 0 1
    outer loop
      vertex -24.620183363556862 8.357426099479198 8
      vertex -18.352590702474117 4.917561858892441 8
      vertex -17.991672463715076 6.107349842786789 8
    endloop
  endfacet
  facet normal 0 0 1
    outer loop
      vertex -24.020867846906185 9.949769243597984 8
      vertex -24.620183363556862 8.357426099479198 8
      vertex -17.991672463715076 6.107349842786789 8
    endloop
  endfacet
  facet normal 0 0 1
    outer loop
      vertex -17.553711116313934 7.2709852159023285 8
      vertex -24.020867846906185 9.949769243597984 8
      vertex -17.991672463715076 6.107349842786789 8
    endloop
  endfacet
  facet normal 0 0 -1
    outer loop
      vertex 19 0 0
      vertex 26 0 0
      vertex 25.944332003593445 -1.7004813626408577 0
    endloop
  endfacet
  facet normal 0 0 -1
    outer loop
      vertex 18.959319539368153 -1.2426594570279121 0
      vertex 19 0 0
      vertex 25.944332003593445 -1.7004813626408577 0
    endloop
  endfacet
  facet normal 0 0 -1
    outer loop
      vertex 25.944332003593445 1.7004813626408577 0
      vertex 26 0 0
      vertex 19 0 0
    endloop
  endfacet
  facet normal 0 0 -1
    outer loop
      vertex 25.944332003593445 1.7004813626408577 0
      vertex 19 0 0
      vertex 18.959319539368153 1.2426594570279121 0
    endloop
  endfacet
  facet normal 0 0 -1
    outer loop
      vertex 18.959319539368153 -1.2426594570279121 0
      vertex 25.944332003593445 -1.7004813626408577 0
      vertex 25.777566395699978 -3.3936809971928596 0
    endloop
  endfacet
  facet normal 0 0 -1
    outer loop
      vertex 18.837452366948128 -2.4799976497888565 0
      vertex 18.959319539368153 -1.2426594570279121 0
      vertex 25.777566395699978 -3.3936809971928596 0
    endloop
  endfacet
  facet normal 0 0 -1
    outer loop
      vertex 18.837452366948128 -2.4799976497888565 0
      vertex 25.777566395699978 -3.3936809971928596 0
      vertex 25.500417292118073 -5.072348371148109 0
    endloop
  endfacet
  facet normal 0 0 -1
    outer loop
      vertex 18.634920328855515 -3.7067161202430725 0
      vertex 18.837452366948128 -2.4799976497888565 0
      vertex 25.500417292118073 -5.072348371148109 0
    endloop
  endfacet
  facet normal 0 0 -1
    outer loop
      vertex 18.634920328855515 -3.7067161202430725 0
      vertex 25.500417292118073 -5.072348371148109 0
      vertex 25.11407148092985 -6.7292951717972755 0
    endloop
  endfacet
  facet normal 0 0 -1
    outer loop
      vertex 18.352590702474117 -4.917561858892441 0
      vertex 18.634920328855515 -3.7067161202430725 0
      vertex 25.11407148092985 -6.7292951717972755 0
    endloop
  endfacet
  facet normal 0 0 -1
    outer loop
      vertex 18.352590702474117 -4.917561858892441 0
      vertex 25.11407148092985 -6.7292951717972755 0
      vertex 24.620183363556862 -8.357426099479198 0
    endloop
  endfacet
  facet normal 0 0 -1
    outer loop
      vertex 17.991672463715076 -6.107349842786789 0
      vertex 18.352590702474117 -4.917561858892441 0
      vertex 24.620183363556862 -8.357426099479198 0
    endloop
  endfacet
  facet normal 0 0 -1
    outer loop
      vertex 17.991672463715076 -6.107349842786789 0
      vertex 24.620183363556862 -8.357426099479198 0
      vertex 24.020867846906185 -9.949769243597984 0
    endloop
  endfacet
  facet normal 0 0 -1
    outer loop
      vertex 17.553711116313934 -7.2709852159023285 0
      vertex 17.991672463715076 -6.107349842786789 0
      vertex 24.020867846906185 -9.949769243597984 0
    endloop
  endfacet
  facet normal 0 0 -1
    outer loop
      vertex 17.553711116313934 -7.2709852159023285 0
      vertex 24.020867846906185 -9.949769243597984 0
      vertex 23.31869128346443 -11.499505944550037 0
    endloop
  endfacet
  facet normal 0 0 -1
    outer loop
      vertex 17.040582090616226 -8.403485111892223 0
      vertex 17.553711116313934 -7.2709852159023285 0
      vertex 23.31869128346443 -11.499505944550037 0
    endloop
  endfacet
  facet normal 0 0 -1
    outer loop
      vertex 17.040582090616226 -8.403485111892223 0
      vertex 23.31869128346443 -11.499505944550037 0
      vertex 22.51666049659252 -13 0
    endloop
  endfacet
  facet normal 0 0 -1
    outer loop
      vertex 16.454482674598694 -9.5 0
      vertex 17.040582090616226 -8.403485111892223 0
      vertex 22.51666049659252 -13 0
    endloop
  endfacet
  facet normal 0 0 -1
    outer loop
      vertex 16.454482674598694 -9.5 0
      vertex 22.51666049659252 -13 0
      vertex 21.618209920823574 -14.444826059043407 0
    endloop
  endfacet
  facet normal 0 0 -1
    outer loop
      vertex 15.797922633588314 -10.55583442747593 0
      vertex 16.454482674598694 -9.5 0
      vertex 21.618209920823574 -14.444826059043407 0
    endloop
  endfacet
  facet normal 0 0 -1
    outer loop
      vertex 15.797922633588314 -10.55583442747593 0
      vertex 21.618209920823574 -14.444826059043407 0
      vertex 20.627186849713326 -15.827797152101994 0
    endloop
  endfacet
  facet normal 0 0 -1
    outer loop
      vertex 15.073713466525078 -11.5664671510458 0
      vertex 15.797922633588314 -10.55583442747593 0
      vertex 20.627186849713326 -15.827797152101994 0
    endloop
  endfacet
  facet normal 0 0 -1
    outer loop
      vertex 15.073713466525078 -11.5664671510458 0
      vertex 20.627186849713326 -15.827797152101994 0
      vertex 19.547834992408752 -17.142991192638874 0
    endloop
  endfacet
  facet normal 0 0 -1
    outer loop
      vertex 14.284956343472004 -12.527570486068726 0
      vertex 15.073713466525078 -11.5664671510458 0
      vertex 19.547834992408752 -17.142991192638874 0
    endloop
  endfacet
  facet normal 0 0 -1
    outer loop
      vertex 14.284956343472004 -12.527570486068726 0
      vertex 19.547834992408752 -17.142991192638874 0
      vertex 18.384776309132576 -18.384776309132576 0
    endloop
  endfacet
  facet normal 0 0 -1
    outer loop
      vertex 13.435028843581676 -13.435028843581676 0
      vertex 14.284956343472004 -12.527570486068726 0
      vertex 18.384776309132576 -18.384776309132576 0
    endloop
  endfacet
  facet normal 0 0 -1
    outer loop
      vertex 13.435028843581676 -13.435028843581676 0
      vertex 18.384776309132576 -18.384776309132576 0
      vertex 17.142991192638874 -19.547834992408752 0
    endloop
  endfacet
  facet normal 0 0 -1
    outer loop
      vertex 12.527570486068726 -14.284956343472004 0
      vertex 13.435028843581676 -13.435028843581676 0
      vertex 17.142991192638874 -19.547834992408752 0
    endloop
  endfacet
  facet normal 0 0 -1
    outer loop
      vertex 12.527570486068726 -14.284956343472004 0
      vertex 17.142991192638874 -19.547834992408752 0
      vertex 15.827797152101994 -20.627186849713326 0
    endloop
  endfacet
  facet normal 0 0 -1
    outer loop
      vertex 11.5664671510458 -15.073713466525078 0
      vertex 12.527570486068726 -14.284956343472004 0
      vertex 15.827797152101994 -20.627186849713326 0
    endloop
  endfacet
  facet normal 0 0 -1
    outer loop
      vertex 11.5664671510458 -15.073713466525078 0
      vertex 15.827797152101994 -20.627186849713326 0
      vertex 14.444826059043407 -21.618209920823574 0
    endloop
  endfacet
  facet normal 0 0 -1
    outer loop
      vertex 10.55583442747593 -15.797922633588314 0
      vertex 11.5664671510458 -15.073713466525078 0
      vertex 14.444826059043407 -21.618209920823574 0
    endloop
  endfacet
  facet normal 0 0 -1
    outer loop
      vertex 10.55583442747593 -15.797922633588314 0
      vertex 14.444826059043407 -21.618209920823574 0
      vertex 13 -22.51666049659252 0
    endloop
  endfacet
  facet normal 0 0 -1
    outer loop
      vertex 9.5 -16.454482674598694 0
      vertex 10.55583442747593 -15.797922633588314 0
      vertex 13 -22.51666049659252 0
    endloop
  endfacet
  facet normal 0 0 -1
    outer loop
      vertex 9.5 -16.454482674598694 0
      vertex 13 -22.51666049659252 0
      vertex 11.499505944550037 -23.31869128346443 0
    endloop
  endfacet
  facet normal 0 0 -1
    outer loop
      vertex 8.403485111892223 -17.040582090616226 0
      vertex 9.5 -16.454482674598694 0
      vertex 11.499505944550037 -23.31869128346443 0
    endloop
  endfacet
  facet normal 0 0 -1
    outer loop
      vertex 8.403485111892223 -17.040582090616226 0
      vertex 11.499505944550037 -23.31869128346443 0
      vertex 9.949769243597984 -24.020867846906185 0
    endloop
  endfacet
  facet normal 0 0 -1
    outer loop
      vertex 7.2709852159023285 -17.553711116313934 0
      vertex 8.403485111892223 -17.040582090616226 0
      vertex 9.949769243597984 -24.020867846906185 0
    endloop
  endfacet
  facet normal 0 0 -1
    outer loop
      vertex 25.777566395699978 3.3936809971928596 0
      vertex 25.944332003593445 1.7004813626408577 0
      vertex 18.959319539368153 1.2426594570279121 0
    endloop
  endfacet
  facet normal 0 0 -1
    outer loop
      vertex 25.777566395699978 3.3936809971928596 0
      vertex 18.959319539368153 1.2426594570279121 0
      vertex 18.837452366948128 2.4799976497888565 0
    endloop
  endfacet
  facet normal 0 0 -1
    outer loop
      vertex 25.500417292118073 5.072348371148109 0
      vertex 25.777566395699978 3.3936809971928596 0
      vertex 18.837452366948128 2.4799976497888565 0
    endloop
  endfacet
  facet normal 0 0 -1
    outer loop
      vertex 25.500417292118073 5.072348371148109 0
      vertex 18.837452366948128 2.4799976497888565 0
      vertex 18.634920328855515 3.7067161202430725 0
    endloop
  endfacet
  facet normal 0 0 -1
    outer loop
      vertex 25.11407148092985 6.7292951717972755 0
      vertex 25.500417292118073 5.072348371148109 0
      vertex 18.634920328855515 3.7067161202430725 0
    endloop
  endfacet
  facet normal 0 0 -1
    outer loop
      vertex 25.11407148092985 6.7292951717972755 0
      vertex 18.634920328855515 3.7067161202430725 0
      vertex 18.352590702474117 4.917561858892441 0
    endloop
  endfacet
  facet normal 0 0 -1
    outer loop
      vertex 24.620183363556862 8.357426099479198 0
      vertex 25.11407148092985 6.7292951717972755 0
      vertex 18.352590702474117 4.917561858892441 0
    endloop
  endfacet
  facet normal 0 0 -1
    outer loop
      vertex 24.620183363556862 8.357426099479198 0
      vertex 18.352590702474117 4.917561858892441 0
      vertex 17.991672463715076 6.107349842786789 0
    endloop
  endfacet
  facet normal 0 0 -1
    outer loop
      vertex 24.020867846906185 9.949769243597984 0
      vertex 24.620183363556862 8.357426099479198 0
      vertex 17.991672463715076 6.107349842786789 0
    endloop
  endfacet
  facet normal 0 0 -1
    outer loop
      vertex 24.020867846906185 9.949769243597984 0
      vertex 17.991672463715076 6.107349842786789 0
      vertex 17.553711116313934 7.2709852159023285 0
    endloop
  endfacet
  facet normal 0 0 -1
    outer loop
      vertex 23.31869128346443 11.499505944550037 0
      vertex 24.020867846906185 9.949769243597984 0
      vertex 17.553711116313934 7.2709852159023285 0
    endloop
  endfacet
  facet normal 0 0 -1
    outer loop
      vertex 23.31869128346443 11.499505944550037 0
      vertex 17.553711116313934 7.2709852159023285 0
      vertex 17.040582090616226 8.403485111892223 0
    endloop
  endfacet
  facet normal 0 0 -1
    outer loop
      vertex 22.51666049659252 13 0
      vertex 23.31869128346443 11.499505944550037 0
      vertex 17.040582090616226 8.403485111892223 0
    endloop
  endfacet
  facet normal 0 0 -1
    outer loop
      vertex 22.51666049659252 13 0
      vertex 17.040582090616226 8.403485111892223 0
      vertex 16.454482674598694 9.5 0
    endloop
  endfacet
  facet normal 0 0 -1
    outer loop
      vertex 21.618209920823574 14.444826059043407 0
      vertex 22.51666049659252 13 0
      vertex 16.454482674598694 9.5 0
    endloop
  endfacet
  facet normal 0 0 -1
    outer loop
      vertex 21.618209920823574 14.444826059043407 0
      vertex 16.454482674598694 9.5 0
      vertex 15.797922633588314 10.55583442747593 0
    endloop
  endfacet
  facet normal 0 0 -1
    outer loop
      vertex 20.627186849713326 15.827797152101994 0
      vertex 21.618209920823574 14.444826059043407 0
      vertex 15.797922633588314 10.55583442747593 0
    endloop
  endfacet
  facet normal 0 0 -1
    outer loop
      vertex 20.627186849713326 15.827797152101994 0
      vertex 15.797922633588314 10.55583442747593 0
      vertex 15.073713466525078 11.5664671510458 0
    endloop
  endfacet
  facet normal 0 0 -1
    outer loop
      vertex 19.547834992408752 17.142991192638874 0
      vertex 20.627186849713326 15.827797152101994 0
      vertex 15.073713466525078 11.5664671510458 0
    endloop
  endfacet
  facet normal 0 0 -1
    outer loop
      vertex 19.547834992408752 17.142991192638874 0
      vertex 15.073713466525078 11.5664671510458 0
      vertex 14.284956343472004 12.527570486068726 0
    endloop
  endfacet
  facet normal 0 0 -1
    outer loop
      vertex 18.384776309132576 18.384776309132576 0
      vertex 19.547834992408752 17.142991192638874 0
      vertex 14.284956343472004 12.527570486068726 0
    endloop
  endfacet
  facet normal 0 0 -1
    outer loop
      vertex 18.384776309132576 18.384776309132576 0
      vertex 14.284956343472004 12.527570486068726 0
      vertex 13.435028843581676 13.435028843581676 0
    endloop
  endfacet
  facet normal 0 0 -1
    outer loop
      vertex 17.142991192638874 19.547834992408752 0
      vertex 18.384776309132576 18.384776309132576 0
      vertex 13.435028843581676 13.435028843581676 0
    endloop
  endfacet
  facet normal 0 0 -1
    outer loop
      vertex 17.142991192638874 19.547834992408752 0
      vertex 13.435028843581676 13.435028843581676 0
      vertex 12.527570486068726 14.284956343472004 0
    endloop
  endfacet
  facet normal 0 0 -1
    outer loop
      vertex 15.827797152101994 20.627186849713326 0
      vertex 17.142991192638874 19.547834992408752 0
      vertex 12.527570486068726 14.284956343472004 0
    endloop
  endfacet
  facet normal 0 0 -1
    outer loop
      vertex 15.827797152101994 20.627186849713326 0
      vertex 12.527570486068726 14.284956343472004 0
      vertex 11.5664671510458 15.073713466525078 0
    endloop
  endfacet
  facet normal 0 0 -1
    outer loop
      vertex 14.444826059043407 21.618209920823574 0
      vertex 15.827797152101994 20.627186849713326 0
      vertex 11.5664671510458 15.073713466525078 0
    endloop
  endfacet
  facet normal 0 0 -1
    outer loop
      vertex 14.444826059043407 21.618209920823574 0
      vertex 11.5664671510458 15.073713466525078 0
      vertex 10.55583442747593 15.797922633588314 0
    endloop
  endfacet
  facet normal 0 0 -1
    outer loop
      vertex 13 22.51666049659252 0
      vertex 14.444826059043407 21.618209920823574 0
      vertex 10.55583442747593 15.797922633588314 0
    endloop
  endfacet
  facet normal 0 0 -1
    outer loop
      vertex 13 22.51666049659252 0
      vertex 10.55583442747593 15.797922633588314 0
      vertex 9.5 16.454482674598694 0
    endloop
  endfacet
  facet normal 0 0 -1
    outer loop
      vertex 11.499505944550037 23.31869128346443 0
      vertex 13 22.51666049659252 0
      vertex 9.5 16.454482674598694 0
    endloop
  endfacet
  facet normal 0 0 -1
    outer loop
      vertex 11.499505944550037 23.31869128346443 0
      vertex 9.5 16.454482674598694 0
      vertex 8.403485111892223 17.040582090616226 0
    endloop
  endfacet
  facet normal 0 0 -1
    outer loop
      vertex 9.949769243597984 24.020867846906185 0
      vertex 11.499505944550037 23.31869128346443 0
      vertex 8.403485111892223 17.040582090616226 0
    endloop
  endfacet
  facet normal 0 0 -1
    outer loop
      vertex 9.949769243597984 24.020867846906185 0
      vertex 8.403485111892223 17.040582090616226 0
      vertex 7.2709852159023285 17.553711116313934 0
    endloop
  endfacet
  facet normal 0 0 -1
    outer loop
      vertex 7.2709852159023285 -17.553711116313934 0
      vertex 9.949769243597984 -24.020867846906185 0
      vertex 8.357426099479198 -24.620183363556862 0
    endloop
  endfacet
  facet normal 0 0 -1
    outer loop
      vertex 6.107349842786789 -17.991672463715076 0
      vertex 7.2709852159023285 -17.553711116313934 0
      vertex 8.357426099479198 -24.620183363556862 0
    endloop
  endfacet
  facet normal 0 0 -1
    outer loop
      vertex 6.107349842786789 -17.991672463715076 0
      vertex 8.357426099479198 -24.620183363556862 0
      vertex 6.7292951717972755 -25.11407148092985 0
    endloop
  endfacet
  facet normal 0 0 -1
    outer loop
      vertex 4.917561858892441 -18.352590702474117 0
      vertex 6.107349842786789 -17.991672463715076 0
      vertex 6.7292951717972755 -25.11407148092985 0
    endloop
  endfacet
  facet normal 0 0 -1
    outer loop
      vertex 4.917561858892441 -18.352590702474117 0
      vertex 6.7292951717972755 -25.11407148092985 0
      vertex 5.072348371148109 -25.500417292118073 0
    endloop
  endfacet
  facet normal 0 0 -1
    outer loop
      vertex 3.7067161202430725 -18.634920328855515 0
      vertex 4.917561858892441 -18.352590702474117 0
      vertex 5.072348371148109 -25.500417292118073 0
    endloop
  endfacet
  facet normal 0 0 -1
    outer loop
      vertex 3.7067161202430725 -18.634920328855515 0
      vertex 5.072348371148109 -25.500417292118073 0
      vertex 3.3936809971928596 -25.777566395699978 0
    endloop
  endfacet
  facet normal 0 0 -1
    outer loop
      vertex 2.4799976497888565 -18.837452366948128 0
      vertex 3.7067161202430725 -18.634920328855515 0
      vertex 3.3936809971928596 -25.777566395699978 0
    endloop
  endfacet
  facet normal 0 0 -1
    outer loop
      vertex 2.4799976497888565 -18.837452366948128 0
      vertex 3.3936809971928596 -25.777566395699978 0
      vertex 1.7004813626408577 -25.944332003593445 0
    endloop
  endfacet
  facet normal 0 0 -1
    outer loop
      vertex 1.2426594570279121 -18.959319539368153 0
      vertex 2.4799976497888565 -18.837452366948128 0
      vertex 1.7004813626408577 -25.944332003593445 0
    endloop
  endfacet
  facet normal 0 0 -1
    outer loop
      vertex 1.2426594570279121 -18.959319539368153 0
      vertex 1.7004813626408577 -25.944332003593445 0
      vertex 0 -26 0
    endloop
  endfacet
  facet normal 0 0 -1
    outer loop
      vertex 0 -19 0
      vertex 1.2426594570279121 -18.959319539368153 0
      vertex 0 -26 0
    endloop
  endfacet
  facet normal 0 0 -1
    outer loop
      vertex 0 -19 0
      vertex 0 -26 0
      vertex -1.7004813626408577 -25.944332003593445 0
    endloop
  endfacet
  facet normal 0 0 -1
    outer loop
      vertex -1.2426594570279121 -18.959319539368153 0
      vertex 0 -19 0
      vertex -1.7004813626408577 -25.944332003593445 0
    endloop
  endfacet
  facet normal 0 0 -1
    outer loop
      vertex -1.2426594570279121 -18.959319539368153 0
      vertex -1.7004813626408577 -25.944332003593445 0
      vertex -3.3936809971928596 -25.777566395699978 0
    endloop
  endfacet
  facet normal 0 0 -1
    outer loop
      vertex -2.4799976497888565 -18.837452366948128 0
      vertex -1.2426594570279121 -18.959319539368153 0
      vertex -3.3936809971928596 -25.777566395699978 0
    endloop
  endfacet
  facet normal 0 0 -1
    outer loop
      vertex -2.4799976497888565 -18.837452366948128 0
      vertex -3.3936809971928596 -25.777566395699978 0
      vertex -5.072348371148109 -25.500417292118073 0
    endloop
  endfacet
  facet normal 0 0 -1
    outer loop
      vertex -3.7067161202430725 -18.634920328855515 0
      vertex -2.4799976497888565 -18.837452366948128 0
      vertex -5.072348371148109 -25.500417292118073 0
    endloop
  endfacet
  facet normal 0 0 -1
    outer loop
      vertex -3.7067161202430725 -18.634920328855515 0
      vertex -5.072348371148109 -25.500417292118073 0
      vertex -6.7292951717972755 -25.11407148092985 0
    endloop
  endfacet
  facet normal 0 0 -1
    outer loop
      vertex -4.917561858892441 -18.352590702474117 0
      vertex -3.7067161202430725 -18.634920328855515 0
      vertex -6.7292951717972755 -25.11407148092985 0
    endloop
  endfacet
  facet normal 0 0 -1
    outer loop
      vertex -4.917561858892441 -18.352590702474117 0
      vertex -6.7292951717972755 -25.11407148092985 0
      vertex -8.357426099479198 -24.620183363556862 0
    endloop
  endfacet
  facet normal 0 0 -1
    outer loop
      vertex -6.107349842786789 -17.991672463715076 0
      vertex -4.917561858892441 -18.352590702474117 0
      vertex -8.357426099479198 -24.620183363556862 0
    endloop
  endfacet
  facet normal 0 0 -1
    outer loop
      vertex -6.107349842786789 -17.991672463715076 0
      vertex -8.357426099479198 -24.620183363556862 0
      vertex -9.949769243597984 -24.020867846906185 0
    endloop
  endfacet
  facet normal 0 0 -1
    outer loop
      vertex -7.2709852159023285 -17.553711116313934 0
      vertex -6.107349842786789 -17.991672463715076 0
      vertex -9.949769243597984 -24.020867846906185 0
    endloop
  endfacet
  facet normal 0 0 -1
    outer loop
      vertex -7.2709852159023285 -17.553711116313934 0
      vertex -9.949769243597984 -24.020867846906185 0
      vertex -11.499505944550037 -23.31869128346443 0
    endloop
  endfacet
  facet normal 0 0 -1
    outer loop
      vertex -8.403485111892223 -17.040582090616226 0
      vertex -7.2709852159023285 -17.553711116313934 0
      vertex -11.499505944550037 -23.31869128346443 0
    endloop
  endfacet
  facet normal 0 0 -1
    outer loop
      vertex -8.403485111892223 -17.040582090616226 0
      vertex -11.499505944550037 -23.31869128346443 0
      vertex -13 -22.51666049659252 0
    endloop
  endfacet
  facet normal 0 0 -1
    outer loop
      vertex -9.5 -16.454482674598694 0
      vertex -8.403485111892223 -17.040582090616226 0
      vertex -13 -22.51666049659252 0
    endloop
  endfacet
  facet normal 0 0 -1
    outer loop
      vertex -9.5 -16.454482674598694 0
      vertex -13 -22.51666049659252 0
      vertex -14.444826059043407 -21.618209920823574 0
    endloop
  endfacet
  facet normal 0 0 -1
    outer loop
      vertex -10.55583442747593 -15.797922633588314 0
      vertex -9.5 -16.454482674598694 0
      vertex -14.444826059043407 -21.618209920823574 0
    endloop
  endfacet
  facet normal 0 0 -1
    outer loop
      vertex -10.55583442747593 -15.797922633588314 0
      vertex -14.444826059043407 -21.618209920823574 0
      vertex -15.827797152101994 -20.627186849713326 0
    endloop
  endfacet
  facet normal 0 0 -1
    outer loop
      vertex -11.5664671510458 -15.073713466525078 0
      vertex -10.55583442747593 -15.797922633588314 0
      vertex -15.827797152101994 -20.627186849713326 0
    endloop
  endfacet
  facet normal 0 0 -1
    outer loop
      vertex -11.5664671510458 -15.073713466525078 0
      vertex -15.827797152101994 -20.627186849713326 0
      vertex -17.142991192638874 -19.547834992408752 0
    endloop
  endfacet
  facet normal 0 0 -1
    outer loop
      vertex -12.527570486068726 -14.284956343472004 0
      vertex -11.5664671510458 -15.073713466525078 0
      vertex -17.142991192638874 -19.547834992408752 0
    endloop
  endfacet
  facet normal 0 0 -1
    outer loop
      vertex -12.527570486068726 -14.284956343472004 0
      vertex -17.142991192638874 -19.547834992408752 0
      vertex -18.384776309132576 -18.384776309132576 0
    endloop
  endfacet
  facet normal 0 0 -1
    outer loop
      vertex -13.435028843581676 -13.435028843581676 0
      vertex -12.527570486068726 -14.284956343472004 0
      vertex -18.384776309132576 -18.384776309132576 0
    endloop
  endfacet
  facet normal 0 0 -1
    outer loop
      vertex -13.435028843581676 -13.435028843581676 0
      vertex -18.384776309132576 -18.384776309132576 0
      vertex -19.547834992408752 -17.142991192638874 0
    endloop
  endfacet
  facet normal 0 0 -1
    outer loop
      vertex -14.284956343472004 -12.527570486068726 0
      vertex -13.435028843581676 -13.435028843581676 0
      vertex -19.547834992408752 -17.142991192638874 0
    endloop
  endfacet
  facet normal 0 0 -1
    outer loop
      vertex -14.284956343472004 -12.527570486068726 0
      vertex -19.547834992408752 -17.142991192638874 0
      vertex -20.627186849713326 -15.827797152101994 0
    endloop
  endfacet
  facet normal 0 0 -1
    outer loop
      vertex -15.073713466525078 -11.5664671510458 0
      vertex -14.284956343472004 -12.527570486068726 0
      vertex -20.627186849713326 -15.827797152101994 0
    endloop
  endfacet
  facet normal 0 0 -1
    outer loop
      vertex -15.073713466525078 -11.5664671510458 0
      vertex -20.627186849713326 -15.827797152101994 0
      vertex -21.618209920823574 -14.444826059043407 0
    endloop
  endfacet
  facet normal 0 0 -1
    outer loop
      vertex -15.797922633588314 -10.55583442747593 0
      vertex -15.073713466525078 -11.5664671510458 0
      vertex -21.618209920823574 -14.444826059043407 0
    endloop
  endfacet
  facet normal 0 0 -1
    outer loop
      vertex -15.797922633588314 -10.55583442747593 0
      vertex -21.618209920823574 -14.444826059043407 0
      vertex -22.51666049659252 -13 0
    endloop
  endfacet
  facet normal 0 0 -1
    outer loop
      vertex -16.454482674598694 -9.5 0
      vertex -15.797922633588314 -10.55583442747593 0
      vertex -22.51666049659252 -13 0
    endloop
  endfacet
  facet normal 0 0 -1
    outer loop
      vertex -16.454482674598694 -9.5 0
      vertex -22.51666049659252 -13 0
      vertex -23.31869128346443 -11.499505944550037 0
    endloop
  endfacet
  facet normal 0 0 -1
    outer loop
      vertex -17.040582090616226 -8.403485111892223 0
      vertex -16.454482674598694 -9.5 0
      vertex -23.31869128346443 -11.499505944550037 0
    endloop
  endfacet
  facet normal 0 0 -1
    outer loop
      vertex -17.040582090616226 -8.403485111892223 0
      vertex -23.31869128346443 -11.499505944550037 0
      vertex -24.020867846906185 -9.949769243597984 0
    endloop
  endfacet
  facet normal 0 0 -1
    outer loop
      vertex -17.553711116313934 -7.2709852159023285 0
      vertex -17.040582090616226 -8.403485111892223 0
      vertex -24.020867846906185 -9.949769243597984 0
    endloop
  endfacet
  facet normal 0 0 -1
    outer loop
      vertex 8.357426099479198 24.620183363556862 0
      vertex 9.949769243597984 24.020867846906185 0
      vertex 7.2709852159023285 17.553711116313934 0
    endloop
  endfacet
  facet normal 0 0 -1
    outer loop
      vertex 8.357426099479198 24.620183363556862 0
      vertex 7.2709852159023285 17.553711116313934 0
      vertex 6.107349842786789 17.991672463715076 0
    endloop
  endfacet
  facet normal 0 0 -1
    outer loop
      vertex 6.7292951717972755 25.11407148092985 0
      vertex 8.357426099479198 24.620183363556862 0
      vertex 6.107349842786789 17.991672463715076 0
    endloop
  endfacet
  facet normal 0 0 -1
    outer loop
      vertex 6.7292951717972755 25.11407148092985 0
      vertex 6.107349842786789 17.991672463715076 0
      vertex 4.917561858892441 18.352590702474117 0
    endloop
  endfacet
  facet normal 0 0 -1
    outer loop
      vertex 5.072348371148109 25.500417292118073 0
      vertex 6.7292951717972755 25.11407148092985 0
      vertex 4.917561858892441 18.352590702474117 0
    endloop
  endfacet
  facet normal 0 0 -1
    outer loop
      vertex 5.072348371148109 25.500417292118073 0
      vertex 4.917561858892441 18.352590702474117 0
      vertex 3.7067161202430725 18.634920328855515 0
    endloop
  endfacet
  facet normal 0 0 -1
    outer loop
      vertex 3.3936809971928596 25.777566395699978 0
      vertex 5.072348371148109 25.500417292118073 0
      vertex 3.7067161202430725 18.634920328855515 0
    endloop
  endfacet
  facet normal 0 0 -1
    outer loop
      vertex 3.3936809971928596 25.777566395699978 0
      vertex 3.7067161202430725 18.634920328855515 0
      vertex 2.4799976497888565 18.837452366948128 0
    endloop
  endfacet
  facet normal 0 0 -1
    outer loop
      vertex 1.7004813626408577 25.944332003593445 0
      vertex 3.3936809971928596 25.777566395699978 0
      vertex 2.4799976497888565 18.837452366948128 0
    endloop
  endfacet
  facet normal 0 0 -1
    outer loop
      vertex 1.7004813626408577 25.944332003593445 0
      vertex 2.4799976497888565 18.837452366948128 0
      vertex 1.2426594570279121 18.959319539368153 0
    endloop
  endfacet
  facet normal 0 0 -1
    outer loop
      vertex 0 26 0
      vertex 1.7004813626408577 25.944332003593445 0
      vertex 1.2426594570279121 18.959319539368153 0
    endloop
  endfacet
  facet normal 0 0 -1
    outer loop
      vertex 0 26 0
      vertex 1.2426594570279121 18.959319539368153 0
      vertex 0 19 0
    endloop
  endfacet
  facet normal 0 0 -1
    outer loop
      vertex -1.7004813626408577 25.944332003593445 0
      vertex 0 26 0
      vertex 0 19 0
    endloop
  endfacet
  facet normal 0 0 -1
    outer loop
      vertex -1.7004813626408577 25.944332003593445 0
      vertex 0 19 0
      vertex -1.2426594570279121 18.959319539368153 0
    endloop
  endfacet
  facet normal 0 0 -1
    outer loop
      vertex -3.3936809971928596 25.777566395699978 0
      vertex -1.7004813626408577 25.944332003593445 0
      vertex -1.2426594570279121 18.959319539368153 0
    endloop
  endfacet
  facet normal 0 0 -1
    outer loop
      vertex -3.3936809971928596 25.777566395699978 0
      vertex -1.2426594570279121 18.959319539368153 0
      vertex -2.4799976497888565 18.837452366948128 0
    endloop
  endfacet
  facet normal 0 0 -1
    outer loop
      vertex -5.072348371148109 25.500417292118073 0
      vertex -3.3936809971928596 25.777566395699978 0
      vertex -2.4799976497888565 18.837452366948128 0
    endloop
  endfacet
  facet normal 0 0 -1
    outer loop
      vertex -5.072348371148109 25.500417292118073 0
      vertex -2.4799976497888565 18.837452366948128 0
      vertex -3.7067161202430725 18.634920328855515 0
    endloop
  endfacet
  facet normal 0 0 -1
    outer loop
      vertex -6.7292951717972755 25.11407148092985 0
      vertex -5.072348371148109 25.500417292118073 0
      vertex -3.7067161202430725 18.634920328855515 0
    endloop
  endfacet
  facet normal 0 0 -1
    outer loop
      vertex -6.7292951717972755 25.11407148092985 0
      vertex -3.7067161202430725 18.634920328855515 0
      vertex -4.917561858892441 18.352590702474117 0
    endloop
  endfacet
  facet normal 0 0 -1
    outer loop
      vertex -8.357426099479198 24.620183363556862 0
      vertex -6.7292951717972755 25.11407148092985 0
      vertex -4.917561858892441 18.352590702474117 0
    endloop
  endfacet
  facet normal 0 0 -1
    outer loop
      vertex -8.357426099479198 24.620183363556862 0
      vertex -4.917561858892441 18.352590702474117 0
      vertex -6.107349842786789 17.991672463715076 0
    endloop
  endfacet
  facet normal 0 0 -1
    outer loop
      vertex -9.949769243597984 24.020867846906185 0
      vertex -8.357426099479198 24.620183363556862 0
      vertex -6.107349842786789 17.991672463715076 0
    endloop
  endfacet
  facet normal 0 0 -1
    outer loop
      vertex -9.949769243597984 24.020867846906185 0
      vertex -6.107349842786789 17.991672463715076 0
      vertex -7.2709852159023285 17.553711116313934 0
    endloop
  endfacet
  facet normal 0 0 -1
    outer loop
      vertex -11.499505944550037 23.31869128346443 0
      vertex -9.949769243597984 24.020867846906185 0
      vertex -7.2709852159023285 17.553711116313934 0
    endloop
  endfacet
  facet normal 0 0 -1
    outer loop
      vertex -11.499505944550037 23.31869128346443 0
      vertex -7.2709852159023285 17.553711116313934 0
      vertex -8.403485111892223 17.040582090616226 0
    endloop
  endfacet
  facet normal 0 0 -1
    outer loop
      vertex -13 22.51666049659252 0
      vertex -11.499505944550037 23.31869128346443 0
      vertex -8.403485111892223 17.040582090616226 0
    endloop
  endfacet
  facet normal 0 0 -1
    outer loop
      vertex -13 22.51666049659252 0
      vertex -8.403485111892223 17.040582090616226 0
      vertex -9.5 16.454482674598694 0
    endloop
  endfacet
  facet normal 0 0 -1
    outer loop
      vertex -14.444826059043407 21.618209920823574 0
      vertex -13 22.51666049659252 0
      vertex -9.5 16.454482674598694 0
    endloop
  endfacet
  facet normal 0 0 -1
    outer loop
      vertex -14.444826059043407 21.618209920823574 0
      vertex -9.5 16.454482674598694 0
      vertex -10.55583442747593 15.797922633588314 0
    endloop
  endfacet
  facet normal 0 0 -1
    outer loop
      vertex -15.827797152101994 20.627186849713326 0
      vertex -14.444826059043407 21.618209920823574 0
      vertex -10.55583442747593 15.797922633588314 0
    endloop
  endfacet
  facet normal 0 0 -1
    outer loop
      vertex -15.827797152101994 20.627186849713326 0
      vertex -10.55583442747593 15.797922633588314 0
      vertex -11.5664671510458 15.073713466525078 0
    endloop
  endfacet
  facet normal 0 0 -1
    outer loop
      vertex -17.142991192638874 19.547834992408752 0
      vertex -15.827797152101994 20.627186849713326 0
      vertex -11.5664671510458 15.073713466525078 0
    endloop
  endfacet
  facet normal 0 0 -1
    outer loop
      vertex -17.142991192638874 19.547834992408752 0
      vertex -11.5664671510458 15.073713466525078 0
      vertex -12.527570486068726 14.284956343472004 0
    endloop
  endfacet
  facet normal 0 0 -1
    outer loop
      vertex -18.384776309132576 18.384776309132576 0
      vertex -17.142991192638874 19.547834992408752 0
      vertex -12.527570486068726 14.284956343472004 0
    endloop
  endfacet
  facet normal 0 0 -1
    outer loop
      vertex -18.384776309132576 18.384776309132576 0
      vertex -12.527570486068726 14.284956343472004 0
      vertex -13.435028843581676 13.435028843581676 0
    endloop
  endfacet
  facet normal 0 0 -1
    outer loop
      vertex -19.547834992408752 17.142991192638874 0
      vertex -18.384776309132576 18.384776309132576 0
      vertex -13.435028843581676 13.435028843581676 0
    endloop
  endfacet
  facet normal 0 0 -1
    outer loop
      vertex -19.547834992408752 17.142991192638874 0
      vertex -13.435028843581676 13.435028843581676 0
      vertex -14.284956343472004 12.527570486068726 0
    endloop
  endfacet
  facet normal 0 0 -1
    outer loop
      vertex -20.627186849713326 15.827797152101994 0
      vertex -19.547834992408752 17.142991192638874 0
      vertex -14.284956343472004 12.527570486068726 0
    endloop
  endfacet
  facet normal 0 0 -1
    outer loop
      vertex -20.627186849713326 15.827797152101994 0
      vertex -14.284956343472004 12.527570486068726 0
      vertex -15.073713466525078 11.5664671510458 0
    endloop
  endfacet
  facet normal 0 0 -1
    outer loop
      vertex -21.618209920823574 14.444826059043407 0
      vertex -20.627186849713326 15.827797152101994 0
      vertex -15.073713466525078 11.5664671510458 0
    endloop
  endfacet
  facet normal 0 0 -1
    outer loop
      vertex -21.618209920823574 14.444826059043407 0
      vertex -15.073713466525078 11.5664671510458 0
      vertex -15.797922633588314 10.55583442747593 0
    endloop
  endfacet
  facet normal 0 0 -1
    outer loop
      vertex -22.51666049659252 13 0
      vertex -21.618209920823574 14.444826059043407 0
      vertex -15.797922633588314 10.55583442747593 0
    endloop
  endfacet
  facet normal 0 0 -1
    outer loop
      vertex -22.51666049659252 13 0
      vertex -15.797922633588314 10.55583442747593 0
      vertex -16.454482674598694 9.5 0
    endloop
  endfacet
  facet normal 0 0 -1
    outer loop
      vertex -23.31869128346443 11.499505944550037 0
      vertex -22.51666049659252 13 0
      vertex -16.454482674598694 9.5 0
    endloop
  endfacet
  facet normal 0 0 -1
    outer loop
      vertex -23.31869128346443 11.499505944550037 0
      vertex -16.454482674598694 9.5 0
      vertex -17.040582090616226 8.403485111892223 0
    endloop
  endfacet
  facet normal 0 0 -1
    outer loop
      vertex -24.020867846906185 9.949769243597984 0
      vertex -23.31869128346443 11.499505944550037 0
      vertex -17.040582090616226 8.403485111892223 0
    endloop
  endfacet
  facet normal 0 0 -1
    outer loop
      vertex -24.020867846906185 9.949769243597984 0
      vertex -17.040582090616226 8.403485111892223 0
      vertex -17.553711116313934 7.2709852159023285 0
    endloop
  endfacet
  facet normal 0 0 -1
    outer loop
      vertex -17.553711116313934 -7.2709852159023285 0
      vertex -24.020867846906185 -9.949769243597984 0
      vertex -24.620183363556862 -8.357426099479198 0
    endloop
  endfacet
  facet normal 0 0 -1
    outer loop
      vertex -17.991672463715076 -6.107349842786789 0
      vertex -17.553711116313934 -7.2709852159023285 0
      vertex -24.620183363556862 -8.357426099479198 0
    endloop
  endfacet
  facet normal 0 0 -1
    outer loop
      vertex -17.991672463715076 -6.107349842786789 0
      vertex -24.620183363556862 -8.357426099479198 0
      vertex -25.11407148092985 -6.7292951717972755 0
    endloop
  endfacet
  facet normal 0 0 -1
    outer loop
      vertex -18.352590702474117 -4.917561858892441 0
      vertex -17.991672463715076 -6.107349842786789 0
      vertex -25.11407148092985 -6.7292951717972755 0
    endloop
  endfacet
  facet normal 0 0 -1
    outer loop
      vertex -18.352590702474117 -4.917561858892441 0
      vertex -25.11407148092985 -6.7292951717972755 0
      vertex -25.500417292118073 -5.072348371148109 0
    endloop
  endfacet
  facet normal 0 0 -1
    outer loop
      vertex -18.634920328855515 -3.7067161202430725 0
      vertex -18.352590702474117 -4.917561858892441 0
      vertex -25.500417292118073 -5.072348371148109 0
    endloop
  endfacet
  facet normal 0 0 -1
    outer loop
      vertex -18.634920328855515 -3.7067161202430725 0
      vertex -25.500417292118073 -5.072348371148109 0
      vertex -25.777566395699978 -3.3936809971928596 0
    endloop
  endfacet
  facet normal 0 0 -1
    outer loop
      vertex -18.837452366948128 -2.4799976497888565 0
      vertex -18.634920328855515 -3.7067161202430725 0
      vertex -25.777566395699978 -3.3936809971928596 0
    endloop
  endfacet
  facet normal 0 0 -1
    outer loop
      vertex -18.837452366948128 -2.4799976497888565 0
      vertex -25.777566395699978 -3.3936809971928596 0
      vertex -25.944332003593445 -1.7004813626408577 0
    endloop
  endfacet
  facet normal 0 0 -1
    outer loop
      vertex -18.959319539368153 -1.2426594570279121 0
      vertex -18.837452366948128 -2.4799976497888565 0
      vertex -25.944332003593445 -1.7004813626408577 0
    endloop
  endfacet
  facet normal 0 0 -1
    outer loop
      vertex -18.959319539368153 -1.2426594570279121 0
      vertex -25.944332003593445 -1.7004813626408577 0
      vertex -26 0 0
    endloop
  endfacet
  facet normal 0 0 -1
    outer loop
      vertex -19 0 0
      vertex -18.959319539368153 -1.2426594570279121 0
      vertex -26 0 0
    endloop
  endfacet
  facet normal 0 0 -1
    outer loop
      vertex -19 0 0
      vertex -26 0 0
      vertex -25.944332003593445 1.7004813626408577 0
    endloop
  endfacet
  facet normal 0 0 -1
    outer loop
      vertex -18.959319539368153 1.2426594570279121 0
      vertex -19 0 0
      vertex -25.944332003593445 1.7004813626408577 0
    endloop
  endfacet
  facet normal 0 0 -1
    outer loop
      vertex -18.959319539368153 1.2426594570279121 0
      vertex -25.944332003593445 1.7004813626408577 0
      vertex -25.777566395699978 3.3936809971928596 0
    endloop
  endfacet
  facet normal 0 0 -1
    outer loop
      vertex -18.837452366948128 2.4799976497888565 0
      vertex -18.959319539368153 1.2426594570279121 0
      vertex -25.777566395699978 3.3936809971928596 0
    endloop
  endfacet
  facet normal 0 0 -1
    outer loop
      vertex -18.837452366948128 2.4799976497888565 0
      vertex -25.777566395699978 3.3936809971928596 0
      vertex -25.500417292118073 5.072348371148109 0
    endloop
  endfacet
  facet normal 0 0 -1
    outer loop
      vertex -18.634920328855515 3.7067161202430725 0
      vertex -18.837452366948128 2.4799976497888565 0
      vertex -25.500417292118073 5.072348371148109 0
    endloop
  endfacet
  facet normal 0 0 -1
    outer loop
      vertex -18.634920328855515 3.7067161202430725 0
      vertex -25.500417292118073 5.072348371148109 0
      vertex -25.11407148092985 6.7292951717972755 0
    endloop
  endfacet
  facet normal 0 0 -1
    outer loop
      vertex -18.352590702474117 4.917561858892441 0
      vertex -18.634920328855515 3.7067161202430725 0
      vertex -25.11407148092985 6.7292951717972755 0
    endloop
  endfacet
  facet normal 0 0 -1
    outer loop
      vertex -18.352590702474117 4.917561858892441 0
      vertex -25.11407148092985 6.7292951717972755 0
      vertex -24.620183363556862 8.357426099479198 0
    endloop
  endfacet
  facet normal 0 0 -1
    outer loop
      vertex -17.991672463715076 6.107349842786789 0
      vertex -18.352590702474117 4.917561858892441 0
      vertex -24.620183363556862 8.357426099479198 0
    endloop
  endfacet
  facet normal 0 0 -1
    outer loop
      vertex -17.991672463715076 6.107349842786789 0
      vertex -24.620183363556862 8.357426099479198 0
      vertex -24.020867846906185 9.949769243597984 0
    endloop
  endfacet
  facet normal 0 0 -1
    outer loop
      vertex -17.991672463715076 6.107349842786789 0
      vertex -24.020867846906185 9.949769243597984 0
      vertex -17.553711116313934 7.2709852159023285 0
    endloop
  endfacet
endsolid OpenSCAD_Model
